solid OpenSCAD_Model
  facet normal -0.707107 -0.707107 0
    outer loop
      vertex 57.9828 67.8822 0
      vertex 59.397 66.468 4
      vertex 57.9828 67.8822 4
    endloop
  endfacet
  facet normal -0.707107 -0.707107 -0
    outer loop
      vertex 59.397 66.468 4
      vertex 57.9828 67.8822 0
      vertex 59.397 66.468 0
    endloop
  endfacet
  facet normal -0.707107 -0.707107 0
    outer loop
      vertex 67.8822 57.9828 0
      vertex 66.468 59.397 4
      vertex 66.468 59.397 0
    endloop
  endfacet
  facet normal -0.707107 -0.707107 0
    outer loop
      vertex 66.468 59.397 4
      vertex 67.8822 57.9828 0
      vertex 67.8822 57.9828 4
    endloop
  endfacet
  facet normal 0 0 -1
    outer loop
      vertex 67.8822 -57.9828 4
      vertex 68.4 -57.4 4
      vertex 71.5243 -61.6248 4
    endloop
  endfacet
  facet normal 0 0 -1
    outer loop
      vertex 64.4711 -57.4 4
      vertex 67.8822 -57.9828 4
      vertex 66.468 -59.397 4
    endloop
  endfacet
  facet normal 0 0 -1
    outer loop
      vertex 67.8822 -57.9828 4
      vertex 64.4711 -57.4 4
      vertex 68.4 -57.4 4
    endloop
  endfacet
  facet normal -0 0 -1
    outer loop
      vertex 75.6604 -62.9325 4
      vertex 72.4784 -63.9932 4
      vertex 72.7543 -62.2515 4
    endloop
  endfacet
  facet normal 0 0 -1
    outer loop
      vertex 70.7368 -64.269 4
      vertex 70.3571 -63.9932 4
      vertex 70.5155 -63.8348 4
    endloop
  endfacet
  facet normal -0 0 -1
    outer loop
      vertex 70.7368 -64.269 4
      vertex 64.269 -70.7368 4
      vertex 70.3571 -63.9932 4
    endloop
  endfacet
  facet normal 0 0 -1
    outer loop
      vertex 72.4784 -63.9932 4
      vertex 64.269 -70.7368 4
      vertex 70.7368 -64.269 4
    endloop
  endfacet
  facet normal 0 0 -1
    outer loop
      vertex 63.9932 -72.4784 4
      vertex 72.4784 -63.9932 4
      vertex 75.6604 -62.9325 4
    endloop
  endfacet
  facet normal 0 0 -1
    outer loop
      vertex 72.4784 -63.9932 4
      vertex 63.9932 -72.4784 4
      vertex 64.269 -70.7368 4
    endloop
  endfacet
  facet normal 0 0 -1
    outer loop
      vertex 62.9325 -75.6604 4
      vertex 63.9932 -72.4784 4
      vertex 75.6604 -62.9325 4
    endloop
  endfacet
  facet normal 0 0 -1
    outer loop
      vertex 62.9325 -75.6604 4
      vertex 62.2515 -72.7543 4
      vertex 63.9932 -72.4784 4
    endloop
  endfacet
  facet normal 0 0 -1
    outer loop
      vertex 62.9325 -75.6604 4
      vertex 61.6248 -71.5243 4
      vertex 62.2515 -72.7543 4
    endloop
  endfacet
  facet normal 0 0 -1
    outer loop
      vertex 62.9325 -75.6604 4
      vertex 57.9828 -67.8822 4
      vertex 61.6248 -71.5243 4
    endloop
  endfacet
  facet normal 0 0 -1
    outer loop
      vertex 57.9828 -67.8822 4
      vertex 55.8876 -64.269 4
      vertex 57.0188 -64.0898 4
    endloop
  endfacet
  facet normal 0 0 -1
    outer loop
      vertex 55.8876 -64.269 4
      vertex 55.5079 -63.9932 4
      vertex 55.5646 -63.6351 4
    endloop
  endfacet
  facet normal 0 0 -1
    outer loop
      vertex 53.7662 -64.269 4
      vertex 55.8876 -64.269 4
      vertex 57.9828 -67.8822 4
    endloop
  endfacet
  facet normal 0 0 -1
    outer loop
      vertex 50.2046 -62.9325 4
      vertex 57.9828 -67.8822 4
      vertex 62.9325 -75.6604 4
    endloop
  endfacet
  facet normal 0 0 -1
    outer loop
      vertex 55.8876 -64.269 4
      vertex 53.7662 -64.269 4
      vertex 55.5079 -63.9932 4
    endloop
  endfacet
  facet normal 0 0 -1
    outer loop
      vertex 53.7662 -64.269 4
      vertex 50.2046 -62.9325 4
      vertex 52.9657 -62.6979 4
    endloop
  endfacet
  facet normal 0 0 -1
    outer loop
      vertex 57.9828 -67.8822 4
      vertex 50.2046 -62.9325 4
      vertex 53.7662 -64.269 4
    endloop
  endfacet
  facet normal 0 0 -1
    outer loop
      vertex 68.4 -55.6721 4
      vertex 72.7543 -62.2515 4
      vertex 71.5243 -61.6248 4
    endloop
  endfacet
  facet normal 0 0 -1
    outer loop
      vertex 68.4 -55.6721 4
      vertex 71.5243 -61.6248 4
      vertex 68.4 -57.4 4
    endloop
  endfacet
  facet normal 0 0 -1
    outer loop
      vertex 72.7543 -62.2515 4
      vertex 68.4 -55.6721 4
      vertex 75.6604 -62.9325 4
    endloop
  endfacet
  facet normal 0 0 -1
    outer loop
      vertex 64.269 -70.7368 4
      vertex 63.9932 -70.3571 4
      vertex 70.3571 -63.9932 4
    endloop
  endfacet
  facet normal 0 -0 -1
    outer loop
      vertex 63.9932 -70.3571 4
      vertex 64.269 -70.7368 4
      vertex 63.8348 -70.5155 4
    endloop
  endfacet
  facet normal -0 0 -1
    outer loop
      vertex 59.397 -66.468 4
      vertex 57.9828 -67.8822 4
      vertex 57.0188 -64.0898 4
    endloop
  endfacet
  facet normal 0 0 -1
    outer loop
      vertex 54.2126 -61.451 4
      vertex 53.033 -60.1041 4
      vertex 54.5537 -61.6248 4
    endloop
  endfacet
  facet normal 0 0 -1
    outer loop
      vertex 52.9657 -62.6979 4
      vertex 53.033 -60.1041 4
      vertex 54.2126 -61.451 4
    endloop
  endfacet
  facet normal 0 0 -1
    outer loop
      vertex 53.033 -60.1041 4
      vertex 52.9657 -62.6979 4
      vertex 50.2046 -62.9325 4
    endloop
  endfacet
  facet normal -0 0 -1
    outer loop
      vertex -50.2046 -62.9325 4
      vertex -53.7662 -64.269 4
      vertex -52.9657 -62.6979 4
    endloop
  endfacet
  facet normal -0 0 -1
    outer loop
      vertex -55.5079 -63.9932 4
      vertex -55.8876 -64.269 4
      vertex -55.5646 -63.6351 4
    endloop
  endfacet
  facet normal 0 0 -1
    outer loop
      vertex -53.7662 -64.269 4
      vertex -55.8876 -64.269 4
      vertex -55.5079 -63.9932 4
    endloop
  endfacet
  facet normal -0 0 -1
    outer loop
      vertex -55.8876 -64.269 4
      vertex -57.9828 -67.8822 4
      vertex -57.0188 -64.0898 4
    endloop
  endfacet
  facet normal -0 0 -1
    outer loop
      vertex -53.7662 -64.269 4
      vertex -57.9828 -67.8822 4
      vertex -55.8876 -64.269 4
    endloop
  endfacet
  facet normal 0 0 -1
    outer loop
      vertex -50.2046 -62.9325 4
      vertex -57.9828 -67.8822 4
      vertex -53.7662 -64.269 4
    endloop
  endfacet
  facet normal 0 0 -1
    outer loop
      vertex -62.9325 -75.6604 4
      vertex -57.9828 -67.8822 4
      vertex -50.2046 -62.9325 4
    endloop
  endfacet
  facet normal 0 0 -1
    outer loop
      vertex -57.9828 -67.8822 4
      vertex -62.9325 -75.6604 4
      vertex -61.6248 -71.5243 4
    endloop
  endfacet
  facet normal 0 0 -1
    outer loop
      vertex -61.6248 -71.5243 4
      vertex -62.9325 -75.6604 4
      vertex -62.2515 -72.7543 4
    endloop
  endfacet
  facet normal 0 0 -1
    outer loop
      vertex -62.9325 -75.6604 4
      vertex -63.9932 -72.4784 4
      vertex -62.2515 -72.7543 4
    endloop
  endfacet
  facet normal 0 0 -1
    outer loop
      vertex -70.7368 -64.269 4
      vertex -64.269 -70.7368 4
      vertex -63.9932 -72.4784 4
    endloop
  endfacet
  facet normal 0 0 -1
    outer loop
      vertex -72.4784 -63.9932 4
      vertex -63.9932 -72.4784 4
      vertex -62.9325 -75.6604 4
    endloop
  endfacet
  facet normal 0 0 -1
    outer loop
      vertex -64.269 -70.7368 4
      vertex -70.7368 -64.269 4
      vertex -70.3571 -63.9932 4
    endloop
  endfacet
  facet normal -0 0 -1
    outer loop
      vertex -70.3571 -63.9932 4
      vertex -70.7368 -64.269 4
      vertex -70.5155 -63.8348 4
    endloop
  endfacet
  facet normal 0 0 -1
    outer loop
      vertex -63.9932 -72.4784 4
      vertex -72.4784 -63.9932 4
      vertex -70.7368 -64.269 4
    endloop
  endfacet
  facet normal 0 0 -1
    outer loop
      vertex -72.4784 -63.9932 4
      vertex -75.6604 -62.9325 4
      vertex -72.7543 -62.2515 4
    endloop
  endfacet
  facet normal 0 0 -1
    outer loop
      vertex -75.6604 -62.9325 4
      vertex -72.4784 -63.9932 4
      vertex -62.9325 -75.6604 4
    endloop
  endfacet
  facet normal 0 0 -1
    outer loop
      vertex -52.9657 -62.6979 4
      vertex -53.033 -60.1041 4
      vertex -50.2046 -62.9325 4
    endloop
  endfacet
  facet normal 0 0 -1
    outer loop
      vertex -54.2126 -61.451 4
      vertex -53.033 -60.1041 4
      vertex -52.9657 -62.6979 4
    endloop
  endfacet
  facet normal 0 0 -1
    outer loop
      vertex -53.033 -60.1041 4
      vertex -54.2126 -61.451 4
      vertex -54.5537 -61.6248 4
    endloop
  endfacet
  facet normal 0 0 -1
    outer loop
      vertex -57.0188 -64.0898 4
      vertex -57.9828 -67.8822 4
      vertex -59.397 -66.468 4
    endloop
  endfacet
  facet normal 0 0 -1
    outer loop
      vertex -64.269 -70.7368 4
      vertex -63.9932 -70.3571 4
      vertex -63.8348 -70.5155 4
    endloop
  endfacet
  facet normal -0 0 -1
    outer loop
      vertex -63.9932 -70.3571 4
      vertex -64.269 -70.7368 4
      vertex -70.3571 -63.9932 4
    endloop
  endfacet
  facet normal 0 0 -1
    outer loop
      vertex -67.8822 -57.9828 4
      vertex -64.4711 -57.4 4
      vertex -66.468 -59.397 4
    endloop
  endfacet
  facet normal 0 0 -1
    outer loop
      vertex -67.8822 -57.9828 4
      vertex -68.4 -57.4 4
      vertex -64.4711 -57.4 4
    endloop
  endfacet
  facet normal 0 0 -1
    outer loop
      vertex -71.5243 -61.6248 4
      vertex -68.4 -57.4 4
      vertex -67.8822 -57.9828 4
    endloop
  endfacet
  facet normal 0 0 -1
    outer loop
      vertex -71.5243 -61.6248 4
      vertex -68.4 -55.6721 4
      vertex -68.4 -57.4 4
    endloop
  endfacet
  facet normal 0 0 -1
    outer loop
      vertex -72.7543 -62.2515 4
      vertex -68.4 -55.6721 4
      vertex -71.5243 -61.6248 4
    endloop
  endfacet
  facet normal 0 0 -1
    outer loop
      vertex -68.4 -55.6721 4
      vertex -72.7543 -62.2515 4
      vertex -75.6604 -62.9325 4
    endloop
  endfacet
  facet normal 0 0 -1
    outer loop
      vertex -68.4 55.6721 4
      vertex -71.5243 61.6248 4
      vertex -68.4 57.4 4
    endloop
  endfacet
  facet normal 0 0 -1
    outer loop
      vertex -68.4 55.6721 4
      vertex -72.7543 62.2515 4
      vertex -71.5243 61.6248 4
    endloop
  endfacet
  facet normal -0 -0 -1
    outer loop
      vertex -72.7543 62.2515 4
      vertex -68.4 55.6721 4
      vertex -75.6604 62.9325 4
    endloop
  endfacet
  facet normal 0 0 -1
    outer loop
      vertex -64.4711 57.4 4
      vertex -67.8822 57.9828 4
      vertex -66.468 59.397 4
    endloop
  endfacet
  facet normal 0 0 -1
    outer loop
      vertex -68.4 57.4 4
      vertex -67.8822 57.9828 4
      vertex -64.4711 57.4 4
    endloop
  endfacet
  facet normal -0 0 -1
    outer loop
      vertex -67.8822 57.9828 4
      vertex -68.4 57.4 4
      vertex -71.5243 61.6248 4
    endloop
  endfacet
  facet normal 0 0 -1
    outer loop
      vertex -63.9932 70.3571 4
      vertex -64.269 70.7368 4
      vertex -63.8348 70.5155 4
    endloop
  endfacet
  facet normal 0 -0 -1
    outer loop
      vertex -64.269 70.7368 4
      vertex -63.9932 70.3571 4
      vertex -70.3571 63.9932 4
    endloop
  endfacet
  facet normal 0 0 -1
    outer loop
      vertex -57.0188 64.0898 4
      vertex -59.397 66.468 4
      vertex -57.9828 67.8822 4
    endloop
  endfacet
  facet normal 0 0 -1
    outer loop
      vertex -53.033 60.1041 4
      vertex -52.9657 62.6979 4
      vertex -50.2046 62.9325 4
    endloop
  endfacet
  facet normal 0 0 -1
    outer loop
      vertex -53.033 60.1041 4
      vertex -54.2126 61.451 4
      vertex -52.9657 62.6979 4
    endloop
  endfacet
  facet normal -0 -0 -1
    outer loop
      vertex -54.2126 61.451 4
      vertex -53.033 60.1041 4
      vertex -54.5537 61.6248 4
    endloop
  endfacet
  facet normal 0 0 -1
    outer loop
      vertex -53.7662 64.269 4
      vertex -50.2046 62.9325 4
      vertex -52.9657 62.6979 4
    endloop
  endfacet
  facet normal 0 0 -1
    outer loop
      vertex -55.8876 64.269 4
      vertex -55.5079 63.9932 4
      vertex -55.5646 63.6351 4
    endloop
  endfacet
  facet normal 0 0 -1
    outer loop
      vertex -55.8876 64.269 4
      vertex -53.7662 64.269 4
      vertex -55.5079 63.9932 4
    endloop
  endfacet
  facet normal 0 0 -1
    outer loop
      vertex -57.9828 67.8822 4
      vertex -55.8876 64.269 4
      vertex -57.0188 64.0898 4
    endloop
  endfacet
  facet normal 0 0 -1
    outer loop
      vertex -57.9828 67.8822 4
      vertex -53.7662 64.269 4
      vertex -55.8876 64.269 4
    endloop
  endfacet
  facet normal 0 0 -1
    outer loop
      vertex -57.9828 67.8822 4
      vertex -50.2046 62.9325 4
      vertex -53.7662 64.269 4
    endloop
  endfacet
  facet normal 0 0 -1
    outer loop
      vertex -62.9325 75.6604 4
      vertex -57.9828 67.8822 4
      vertex -61.6248 71.5243 4
    endloop
  endfacet
  facet normal 0 0 -1
    outer loop
      vertex -62.9325 75.6604 4
      vertex -61.6248 71.5243 4
      vertex -62.2515 72.7543 4
    endloop
  endfacet
  facet normal 0 0 -1
    outer loop
      vertex -57.9828 67.8822 4
      vertex -62.9325 75.6604 4
      vertex -50.2046 62.9325 4
    endloop
  endfacet
  facet normal 0 0 -1
    outer loop
      vertex -63.9932 72.4784 4
      vertex -62.9325 75.6604 4
      vertex -62.2515 72.7543 4
    endloop
  endfacet
  facet normal 0 0 -1
    outer loop
      vertex -70.7368 64.269 4
      vertex -64.269 70.7368 4
      vertex -70.3571 63.9932 4
    endloop
  endfacet
  facet normal -0 0 -1
    outer loop
      vertex -64.269 70.7368 4
      vertex -70.7368 64.269 4
      vertex -63.9932 72.4784 4
    endloop
  endfacet
  facet normal 0 0 -1
    outer loop
      vertex -70.7368 64.269 4
      vertex -70.3571 63.9932 4
      vertex -70.5155 63.8348 4
    endloop
  endfacet
  facet normal 0 0 -1
    outer loop
      vertex -72.4784 63.9932 4
      vertex -63.9932 72.4784 4
      vertex -70.7368 64.269 4
    endloop
  endfacet
  facet normal -0 0 -1
    outer loop
      vertex -63.9932 72.4784 4
      vertex -72.4784 63.9932 4
      vertex -62.9325 75.6604 4
    endloop
  endfacet
  facet normal -0 0 -1
    outer loop
      vertex -72.4784 63.9932 4
      vertex -75.6604 62.9325 4
      vertex -62.9325 75.6604 4
    endloop
  endfacet
  facet normal 0 0 -1
    outer loop
      vertex -75.6604 62.9325 4
      vertex -72.4784 63.9932 4
      vertex -72.7543 62.2515 4
    endloop
  endfacet
  facet normal 0 0 -1
    outer loop
      vertex 53.033 60.1041 4
      vertex 54.2126 61.451 4
      vertex 54.5537 61.6248 4
    endloop
  endfacet
  facet normal 0 0 -1
    outer loop
      vertex 53.033 60.1041 4
      vertex 52.9657 62.6979 4
      vertex 54.2126 61.451 4
    endloop
  endfacet
  facet normal -0 -0 -1
    outer loop
      vertex 52.9657 62.6979 4
      vertex 53.033 60.1041 4
      vertex 50.2046 62.9325 4
    endloop
  endfacet
  facet normal -0 0 -1
    outer loop
      vertex 59.397 66.468 4
      vertex 57.0188 64.0898 4
      vertex 57.9828 67.8822 4
    endloop
  endfacet
  facet normal 0 0 -1
    outer loop
      vertex 63.9932 70.3571 4
      vertex 64.269 70.7368 4
      vertex 70.3571 63.9932 4
    endloop
  endfacet
  facet normal 0 0 -1
    outer loop
      vertex 64.269 70.7368 4
      vertex 63.9932 70.3571 4
      vertex 63.8348 70.5155 4
    endloop
  endfacet
  facet normal 0 0 -1
    outer loop
      vertex 68.4 55.6721 4
      vertex 72.7543 62.2515 4
      vertex 75.6604 62.9325 4
    endloop
  endfacet
  facet normal 0 0 -1
    outer loop
      vertex 72.7543 62.2515 4
      vertex 68.4 55.6721 4
      vertex 71.5243 61.6248 4
    endloop
  endfacet
  facet normal 0 0 -1
    outer loop
      vertex 68.4 57.4 4
      vertex 71.5243 61.6248 4
      vertex 68.4 55.6721 4
    endloop
  endfacet
  facet normal 0 0 -1
    outer loop
      vertex 68.4 57.4 4
      vertex 67.8822 57.9828 4
      vertex 71.5243 61.6248 4
    endloop
  endfacet
  facet normal 0 0 -1
    outer loop
      vertex 64.4711 57.4 4
      vertex 67.8822 57.9828 4
      vertex 68.4 57.4 4
    endloop
  endfacet
  facet normal -0 0 -1
    outer loop
      vertex 67.8822 57.9828 4
      vertex 64.4711 57.4 4
      vertex 66.468 59.397 4
    endloop
  endfacet
  facet normal 0 0 -1
    outer loop
      vertex 72.4784 63.9932 4
      vertex 75.6604 62.9325 4
      vertex 72.7543 62.2515 4
    endloop
  endfacet
  facet normal 0 0 -1
    outer loop
      vertex 70.3571 63.9932 4
      vertex 70.7368 64.269 4
      vertex 70.5155 63.8348 4
    endloop
  endfacet
  facet normal 0 0 -1
    outer loop
      vertex 64.269 70.7368 4
      vertex 70.7368 64.269 4
      vertex 70.3571 63.9932 4
    endloop
  endfacet
  facet normal 0 0 -1
    outer loop
      vertex 64.269 70.7368 4
      vertex 72.4784 63.9932 4
      vertex 70.7368 64.269 4
    endloop
  endfacet
  facet normal 0 0 -1
    outer loop
      vertex 63.9932 72.4784 4
      vertex 72.4784 63.9932 4
      vertex 64.269 70.7368 4
    endloop
  endfacet
  facet normal 0 0 -1
    outer loop
      vertex 72.4784 63.9932 4
      vertex 63.9932 72.4784 4
      vertex 75.6604 62.9325 4
    endloop
  endfacet
  facet normal 0 0 -1
    outer loop
      vertex 63.9932 72.4784 4
      vertex 62.9325 75.6604 4
      vertex 75.6604 62.9325 4
    endloop
  endfacet
  facet normal 0 0 -1
    outer loop
      vertex 62.2515 72.7543 4
      vertex 62.9325 75.6604 4
      vertex 63.9932 72.4784 4
    endloop
  endfacet
  facet normal 0 0 -1
    outer loop
      vertex 61.6248 71.5243 4
      vertex 62.9325 75.6604 4
      vertex 62.2515 72.7543 4
    endloop
  endfacet
  facet normal 0 0 -1
    outer loop
      vertex 57.9828 67.8822 4
      vertex 62.9325 75.6604 4
      vertex 61.6248 71.5243 4
    endloop
  endfacet
  facet normal 0 0 -1
    outer loop
      vertex 55.8876 64.269 4
      vertex 57.9828 67.8822 4
      vertex 57.0188 64.0898 4
    endloop
  endfacet
  facet normal 0 0 -1
    outer loop
      vertex 55.5079 63.9932 4
      vertex 55.8876 64.269 4
      vertex 55.5646 63.6351 4
    endloop
  endfacet
  facet normal 0 0 -1
    outer loop
      vertex 53.7662 64.269 4
      vertex 55.8876 64.269 4
      vertex 55.5079 63.9932 4
    endloop
  endfacet
  facet normal 0 0 -1
    outer loop
      vertex 55.8876 64.269 4
      vertex 53.7662 64.269 4
      vertex 57.9828 67.8822 4
    endloop
  endfacet
  facet normal 0 0 -1
    outer loop
      vertex 50.2046 62.9325 4
      vertex 57.9828 67.8822 4
      vertex 53.7662 64.269 4
    endloop
  endfacet
  facet normal -0 0 -1
    outer loop
      vertex 57.9828 67.8822 4
      vertex 50.2046 62.9325 4
      vertex 62.9325 75.6604 4
    endloop
  endfacet
  facet normal 0 0 -1
    outer loop
      vertex 50.2046 62.9325 4
      vertex 53.7662 64.269 4
      vertex 52.9657 62.6979 4
    endloop
  endfacet
  facet normal -0 0 1
    outer loop
      vertex 61.6248 71.5243 4
      vertex 62.167 70.4671 4
      vertex 62.2254 72.1249 4
    endloop
  endfacet
  facet normal 0 0 1
    outer loop
      vertex 62.167 70.4671 4
      vertex 61.6248 71.5243 4
      vertex 61.451 71.1831 4
    endloop
  endfacet
  facet normal 0 0 1
    outer loop
      vertex 62.2254 72.1249 4
      vertex 63.6352 70.4138 4
      vertex 63.8348 70.5155 4
    endloop
  endfacet
  facet normal -0 0 1
    outer loop
      vertex 62.167 70.4671 4
      vertex 63.6352 70.4138 4
      vertex 62.2254 72.1249 4
    endloop
  endfacet
  facet normal 0 0 1
    outer loop
      vertex 63.6352 70.4138 4
      vertex 62.167 70.4671 4
      vertex 62.6979 67.8149 4
    endloop
  endfacet
  facet normal 0 0 1
    outer loop
      vertex 62.6979 67.8149 4
      vertex 62.167 70.4671 4
      vertex 61.451 69.0618 4
    endloop
  endfacet
  facet normal 0 0 1
    outer loop
      vertex 63.6352 70.4138 4
      vertex 64.269 68.6155 4
      vertex 63.9932 70.3571 4
    endloop
  endfacet
  facet normal 0 0 1
    outer loop
      vertex 64.269 68.6155 4
      vertex 63.6352 70.4138 4
      vertex 62.6979 67.8149 4
    endloop
  endfacet
  facet normal -0 0 1
    outer loop
      vertex 70.4671 62.167 4
      vertex 71.5243 61.6248 4
      vertex 72.1249 62.2254 4
    endloop
  endfacet
  facet normal -0 0 1
    outer loop
      vertex 70.4138 63.6352 4
      vertex 72.1249 62.2254 4
      vertex 70.5155 63.8348 4
    endloop
  endfacet
  facet normal 0 0 1
    outer loop
      vertex 71.5243 61.6248 4
      vertex 70.4671 62.167 4
      vertex 71.1831 61.451 4
    endloop
  endfacet
  facet normal 0 0 1
    outer loop
      vertex 72.1249 62.2254 4
      vertex 70.4138 63.6352 4
      vertex 70.4671 62.167 4
    endloop
  endfacet
  facet normal 0 0 1
    outer loop
      vertex 68.6155 64.269 4
      vertex 70.4138 63.6352 4
      vertex 70.3571 63.9932 4
    endloop
  endfacet
  facet normal 0 0 1
    outer loop
      vertex 67.8149 62.6979 4
      vertex 70.4138 63.6352 4
      vertex 68.6155 64.269 4
    endloop
  endfacet
  facet normal 0 0 1
    outer loop
      vertex 70.4138 63.6352 4
      vertex 67.8149 62.6979 4
      vertex 70.4671 62.167 4
    endloop
  endfacet
  facet normal 0 0 1
    outer loop
      vertex 70.4671 62.167 4
      vertex 67.8149 62.6979 4
      vertex 69.0618 61.451 4
    endloop
  endfacet
  facet normal -0 0 1
    outer loop
      vertex -70.4138 63.6352 4
      vertex -67.8149 62.6979 4
      vertex -68.6155 64.269 4
    endloop
  endfacet
  facet normal 0 0 1
    outer loop
      vertex -70.4138 63.6352 4
      vertex -68.6155 64.269 4
      vertex -70.3571 63.9932 4
    endloop
  endfacet
  facet normal 0 0 1
    outer loop
      vertex -67.8149 62.6979 4
      vertex -70.4138 63.6352 4
      vertex -69.0618 61.451 4
    endloop
  endfacet
  facet normal 0 0 1
    outer loop
      vertex -70.4138 63.6352 4
      vertex -70.4671 62.167 4
      vertex -69.0618 61.451 4
    endloop
  endfacet
  facet normal 0 0 1
    outer loop
      vertex -72.1249 62.2254 4
      vertex -70.4138 63.6352 4
      vertex -70.5155 63.8348 4
    endloop
  endfacet
  facet normal 0 0 1
    outer loop
      vertex -70.4138 63.6352 4
      vertex -72.1249 62.2254 4
      vertex -70.4671 62.167 4
    endloop
  endfacet
  facet normal 0 0 1
    outer loop
      vertex -70.4671 62.167 4
      vertex -71.5243 61.6248 4
      vertex -71.1831 61.451 4
    endloop
  endfacet
  facet normal 0 0 1
    outer loop
      vertex -70.4671 62.167 4
      vertex -72.1249 62.2254 4
      vertex -71.5243 61.6248 4
    endloop
  endfacet
  facet normal 0 0 1
    outer loop
      vertex -61.6248 71.5243 4
      vertex -62.167 70.4671 4
      vertex -61.451 71.1831 4
    endloop
  endfacet
  facet normal 0 -0 1
    outer loop
      vertex -62.167 70.4671 4
      vertex -61.6248 71.5243 4
      vertex -62.2254 72.1249 4
    endloop
  endfacet
  facet normal 0 0 1
    outer loop
      vertex -62.167 70.4671 4
      vertex -62.6979 67.8149 4
      vertex -61.451 69.0618 4
    endloop
  endfacet
  facet normal 0 0 1
    outer loop
      vertex -63.6352 70.4138 4
      vertex -62.167 70.4671 4
      vertex -62.2254 72.1249 4
    endloop
  endfacet
  facet normal 0 0 1
    outer loop
      vertex -62.167 70.4671 4
      vertex -63.6352 70.4138 4
      vertex -62.6979 67.8149 4
    endloop
  endfacet
  facet normal 0 -0 1
    outer loop
      vertex -63.6352 70.4138 4
      vertex -62.2254 72.1249 4
      vertex -63.8348 70.5155 4
    endloop
  endfacet
  facet normal 0 0 1
    outer loop
      vertex -64.269 68.6155 4
      vertex -63.6352 70.4138 4
      vertex -63.9932 70.3571 4
    endloop
  endfacet
  facet normal 0 0 1
    outer loop
      vertex -63.6352 70.4138 4
      vertex -64.269 68.6155 4
      vertex -62.6979 67.8149 4
    endloop
  endfacet
  facet normal 0 0 1
    outer loop
      vertex 70.4671 -62.167 4
      vertex 71.5243 -61.6248 4
      vertex 71.1831 -61.451 4
    endloop
  endfacet
  facet normal 0 0 1
    outer loop
      vertex 71.5243 -61.6248 4
      vertex 70.4671 -62.167 4
      vertex 72.1249 -62.2254 4
    endloop
  endfacet
  facet normal 0 0 1
    outer loop
      vertex 70.4138 -63.6352 4
      vertex 72.1249 -62.2254 4
      vertex 70.4671 -62.167 4
    endloop
  endfacet
  facet normal 0 0 1
    outer loop
      vertex 72.1249 -62.2254 4
      vertex 70.4138 -63.6352 4
      vertex 70.5155 -63.8348 4
    endloop
  endfacet
  facet normal -0 0 1
    outer loop
      vertex 67.8149 -62.6979 4
      vertex 70.4138 -63.6352 4
      vertex 70.4671 -62.167 4
    endloop
  endfacet
  facet normal 0 0 1
    outer loop
      vertex 67.8149 -62.6979 4
      vertex 70.4671 -62.167 4
      vertex 69.0618 -61.451 4
    endloop
  endfacet
  facet normal 0 0 1
    outer loop
      vertex 70.4138 -63.6352 4
      vertex 68.6155 -64.269 4
      vertex 70.3571 -63.9932 4
    endloop
  endfacet
  facet normal 0 0 1
    outer loop
      vertex 70.4138 -63.6352 4
      vertex 67.8149 -62.6979 4
      vertex 68.6155 -64.269 4
    endloop
  endfacet
  facet normal 0 0 1
    outer loop
      vertex 64.269 -68.6155 4
      vertex 63.6352 -70.4138 4
      vertex 63.9932 -70.3571 4
    endloop
  endfacet
  facet normal 0 -0 1
    outer loop
      vertex 63.6352 -70.4138 4
      vertex 64.269 -68.6155 4
      vertex 62.6979 -67.8149 4
    endloop
  endfacet
  facet normal 0 0 1
    outer loop
      vertex 63.6352 -70.4138 4
      vertex 62.2254 -72.1249 4
      vertex 63.8348 -70.5155 4
    endloop
  endfacet
  facet normal 0 0 1
    outer loop
      vertex 62.167 -70.4671 4
      vertex 63.6352 -70.4138 4
      vertex 62.6979 -67.8149 4
    endloop
  endfacet
  facet normal 0 0 1
    outer loop
      vertex 63.6352 -70.4138 4
      vertex 62.167 -70.4671 4
      vertex 62.2254 -72.1249 4
    endloop
  endfacet
  facet normal 0 -0 1
    outer loop
      vertex 62.167 -70.4671 4
      vertex 62.6979 -67.8149 4
      vertex 61.451 -69.0618 4
    endloop
  endfacet
  facet normal 0 0 1
    outer loop
      vertex 62.167 -70.4671 4
      vertex 61.6248 -71.5243 4
      vertex 62.2254 -72.1249 4
    endloop
  endfacet
  facet normal 0 -0 1
    outer loop
      vertex 61.6248 -71.5243 4
      vertex 62.167 -70.4671 4
      vertex 61.451 -71.1831 4
    endloop
  endfacet
  facet normal -0 0 1
    outer loop
      vertex -64.269 -68.6155 4
      vertex -63.6352 -70.4138 4
      vertex -62.6979 -67.8149 4
    endloop
  endfacet
  facet normal 0 0 1
    outer loop
      vertex -63.6352 -70.4138 4
      vertex -64.269 -68.6155 4
      vertex -63.9932 -70.3571 4
    endloop
  endfacet
  facet normal 0 0 1
    outer loop
      vertex -62.6979 -67.8149 4
      vertex -62.167 -70.4671 4
      vertex -61.451 -69.0618 4
    endloop
  endfacet
  facet normal -0 0 1
    outer loop
      vertex -63.6352 -70.4138 4
      vertex -62.167 -70.4671 4
      vertex -62.6979 -67.8149 4
    endloop
  endfacet
  facet normal 0 0 1
    outer loop
      vertex -62.167 -70.4671 4
      vertex -63.6352 -70.4138 4
      vertex -62.2254 -72.1249 4
    endloop
  endfacet
  facet normal 0 0 1
    outer loop
      vertex -62.2254 -72.1249 4
      vertex -63.6352 -70.4138 4
      vertex -63.8348 -70.5155 4
    endloop
  endfacet
  facet normal 0 0 1
    outer loop
      vertex -62.167 -70.4671 4
      vertex -61.6248 -71.5243 4
      vertex -61.451 -71.1831 4
    endloop
  endfacet
  facet normal 0 0 1
    outer loop
      vertex -61.6248 -71.5243 4
      vertex -62.167 -70.4671 4
      vertex -62.2254 -72.1249 4
    endloop
  endfacet
  facet normal 0 0 1
    outer loop
      vertex -70.4138 -63.6352 4
      vertex -67.8149 -62.6979 4
      vertex -69.0618 -61.451 4
    endloop
  endfacet
  facet normal 0 0 1
    outer loop
      vertex -67.8149 -62.6979 4
      vertex -70.4138 -63.6352 4
      vertex -68.6155 -64.269 4
    endloop
  endfacet
  facet normal 0 0 1
    outer loop
      vertex -68.6155 -64.269 4
      vertex -70.4138 -63.6352 4
      vertex -70.3571 -63.9932 4
    endloop
  endfacet
  facet normal -0 0 1
    outer loop
      vertex -70.4671 -62.167 4
      vertex -70.4138 -63.6352 4
      vertex -69.0618 -61.451 4
    endloop
  endfacet
  facet normal -0 0 1
    outer loop
      vertex -72.1249 -62.2254 4
      vertex -70.4138 -63.6352 4
      vertex -70.4671 -62.167 4
    endloop
  endfacet
  facet normal -0 0 1
    outer loop
      vertex -71.5243 -61.6248 4
      vertex -70.4671 -62.167 4
      vertex -71.1831 -61.451 4
    endloop
  endfacet
  facet normal 0 0 1
    outer loop
      vertex -72.1249 -62.2254 4
      vertex -70.4671 -62.167 4
      vertex -71.5243 -61.6248 4
    endloop
  endfacet
  facet normal 0 0 1
    outer loop
      vertex -70.4138 -63.6352 4
      vertex -72.1249 -62.2254 4
      vertex -70.5155 -63.8348 4
    endloop
  endfacet
  facet normal 0 0 1
    outer loop
      vertex -68.4 -55.6721 4
      vertex -62.4271 -48.2366 4
      vertex -68.4 55.6721 4
    endloop
  endfacet
  facet normal 0 0 1
    outer loop
      vertex -68.4 55.6721 4
      vertex -63 50 4
      vertex -62.9333 50.2054 4
    endloop
  endfacet
  facet normal 0 0 1
    outer loop
      vertex -15.5 15 4
      vertex -59.0729 47.1468 4
      vertex -15.5 -15 4
    endloop
  endfacet
  facet normal 0 0 1
    outer loop
      vertex -15.5 -15 4
      vertex -57.5729 -48.2366 4
      vertex -57 -50 4
    endloop
  endfacet
  facet normal 0 0 1
    outer loop
      vertex -59.0729 -47.1468 4
      vertex -15.5 -15 4
      vertex -59.0729 47.1468 4
    endloop
  endfacet
  facet normal 0 0 1
    outer loop
      vertex -15.5 -15 4
      vertex -59.0729 -47.1468 4
      vertex -57.5729 -48.2366 4
    endloop
  endfacet
  facet normal -0 0 1
    outer loop
      vertex -60.9271 47.1468 4
      vertex -59.0729 -47.1468 4
      vertex -59.0729 47.1468 4
    endloop
  endfacet
  facet normal 0 0 1
    outer loop
      vertex -60.9271 47.1468 4
      vertex -60.9271 -47.1468 4
      vertex -59.0729 -47.1468 4
    endloop
  endfacet
  facet normal 0 0 1
    outer loop
      vertex -62.4271 48.2366 4
      vertex -60.9271 -47.1468 4
      vertex -60.9271 47.1468 4
    endloop
  endfacet
  facet normal 0 0 1
    outer loop
      vertex -62.4271 48.2366 4
      vertex -62.4271 -48.2366 4
      vertex -60.9271 -47.1468 4
    endloop
  endfacet
  facet normal 0 0 1
    outer loop
      vertex -68.4 55.6721 4
      vertex -62.4271 48.2366 4
      vertex -63 50 4
    endloop
  endfacet
  facet normal 0 0 1
    outer loop
      vertex -62.4271 48.2366 4
      vertex -68.4 55.6721 4
      vertex -62.4271 -48.2366 4
    endloop
  endfacet
  facet normal -0 0 1
    outer loop
      vertex -57.5729 -51.7634 4
      vertex -50.3289 -57.4 4
      vertex -57 -50 4
    endloop
  endfacet
  facet normal 0 0 1
    outer loop
      vertex -50.3289 -57.4 4
      vertex -57.5729 -51.7634 4
      vertex -53.033 -60.1041 4
    endloop
  endfacet
  facet normal -0 0 1
    outer loop
      vertex -59.0729 -52.8532 4
      vertex -53.033 -60.1041 4
      vertex -57.5729 -51.7634 4
    endloop
  endfacet
  facet normal 0 0 1
    outer loop
      vertex -53.033 -60.1041 4
      vertex -59.0729 -52.8532 4
      vertex -60.2839 -52.8532 4
    endloop
  endfacet
  facet normal 0 0 1
    outer loop
      vertex 60.9271 -47.1468 4
      vertex 52.5 -36 4
      vertex 59.0729 -47.1468 4
    endloop
  endfacet
  facet normal 0 0 1
    outer loop
      vertex 57.5729 51.7634 4
      vertex 53.033 60.1041 4
      vertex 57 50 4
    endloop
  endfacet
  facet normal 0 0 1
    outer loop
      vertex 59.0729 52.8532 4
      vertex 53.033 60.1041 4
      vertex 57.5729 51.7634 4
    endloop
  endfacet
  facet normal 0 0 1
    outer loop
      vertex 53.033 60.1041 4
      vertex 59.0729 52.8532 4
      vertex 60.2839 52.8532 4
    endloop
  endfacet
  facet normal 0 0 1
    outer loop
      vertex 68.4 55.6721 4
      vertex 52.5 -24 4
      vertex 68.4 -55.6721 4
    endloop
  endfacet
  facet normal 0 0 1
    outer loop
      vertex 68.4 -55.6721 4
      vertex 62.4271 -48.2366 4
      vertex 63 -50 4
    endloop
  endfacet
  facet normal 0 0 1
    outer loop
      vertex 52.5 -24 4
      vertex 62.4271 48.2366 4
      vertex 60.9271 47.1468 4
    endloop
  endfacet
  facet normal 0 0 1
    outer loop
      vertex 68.4 -55.6721 4
      vertex 52.5 -24 4
      vertex 62.4271 -48.2366 4
    endloop
  endfacet
  facet normal 0 0 1
    outer loop
      vertex 52.5 -24 4
      vertex 60.9271 47.1468 4
      vertex 59.0729 47.1468 4
    endloop
  endfacet
  facet normal 0 0 1
    outer loop
      vertex 62.4271 -48.2366 4
      vertex 52.5 -24 4
      vertex 60.9271 -47.1468 4
    endloop
  endfacet
  facet normal 0 0 1
    outer loop
      vertex 52.5 -24 4
      vertex 59.0729 47.1468 4
      vertex 57.5729 48.2366 4
    endloop
  endfacet
  facet normal -0 0 1
    outer loop
      vertex 52.5 -36 4
      vertex 60.9271 -47.1468 4
      vertex 52.5 -24 4
    endloop
  endfacet
  facet normal 0 0 1
    outer loop
      vertex 53.033 60.1041 4
      vertex 57.5729 48.2366 4
      vertex 57 50 4
    endloop
  endfacet
  facet normal 0 0 1
    outer loop
      vertex 52.5 -24 4
      vertex 57.5729 48.2366 4
      vertex 53.033 60.1041 4
    endloop
  endfacet
  facet normal 0 0 1
    outer loop
      vertex 62.4271 48.2366 4
      vertex 68.4 55.6721 4
      vertex 63 50 4
    endloop
  endfacet
  facet normal 0 -0 1
    outer loop
      vertex 63 50 4
      vertex 68.4 55.6721 4
      vertex 62.9333 50.2054 4
    endloop
  endfacet
  facet normal 0 0 1
    outer loop
      vertex 52.5 -24 4
      vertex 68.4 55.6721 4
      vertex 62.4271 48.2366 4
    endloop
  endfacet
  facet normal 0 0 1
    outer loop
      vertex 68.4 -55.6721 4
      vertex 63 -50 4
      vertex 62.9333 -50.2054 4
    endloop
  endfacet
  facet normal -0 0 1
    outer loop
      vertex 59.0729 -52.8532 4
      vertex 53.033 -60.1041 4
      vertex 60.2839 -52.8532 4
    endloop
  endfacet
  facet normal 0 0 1
    outer loop
      vertex 57.5729 -51.7634 4
      vertex 53.033 -60.1041 4
      vertex 59.0729 -52.8532 4
    endloop
  endfacet
  facet normal 0 0 1
    outer loop
      vertex 50.3289 -57.4 4
      vertex 57.5729 -51.7634 4
      vertex 57 -50 4
    endloop
  endfacet
  facet normal 0 0 1
    outer loop
      vertex 59.0729 -47.1468 4
      vertex 52.5 -36 4
      vertex 57.5729 -48.2366 4
    endloop
  endfacet
  facet normal 0 0 1
    outer loop
      vertex 57.5729 -48.2366 4
      vertex 52.5 -36 4
      vertex 57 -50 4
    endloop
  endfacet
  facet normal -0 0 1
    outer loop
      vertex 50.3289 57.4 4
      vertex 52.5 -24 4
      vertex 53.033 60.1041 4
    endloop
  endfacet
  facet normal -0 0 1
    outer loop
      vertex 15.5 15 4
      vertex 52.5 -24 4
      vertex 50.3289 57.4 4
    endloop
  endfacet
  facet normal -0 0 1
    outer loop
      vertex 15.5 -15 4
      vertex 27.5 -24 4
      vertex 15.5 15 4
    endloop
  endfacet
  facet normal 0 0 1
    outer loop
      vertex 52.5 -24 4
      vertex 15.5 15 4
      vertex 27.5 -24 4
    endloop
  endfacet
  facet normal 0 0 1
    outer loop
      vertex 50.3289 57.4 4
      vertex -15.5 15 4
      vertex 15.5 15 4
    endloop
  endfacet
  facet normal 0 0 1
    outer loop
      vertex -57.5729 48.2366 4
      vertex -50.3289 57.4 4
      vertex -57 50 4
    endloop
  endfacet
  facet normal -0 0 1
    outer loop
      vertex -50.3289 57.4 4
      vertex -15.5 15 4
      vertex 50.3289 57.4 4
    endloop
  endfacet
  facet normal 0 0 1
    outer loop
      vertex -63 -50 4
      vertex -68.4 -55.6721 4
      vertex -62.9333 -50.2054 4
    endloop
  endfacet
  facet normal 0 0 1
    outer loop
      vertex -62.4271 -48.2366 4
      vertex -68.4 -55.6721 4
      vertex -63 -50 4
    endloop
  endfacet
  facet normal -0 0 1
    outer loop
      vertex -15.5 -15 4
      vertex -12.5 -27.5 4
      vertex -12.5 -15 4
    endloop
  endfacet
  facet normal 0 0 1
    outer loop
      vertex -57 -50 4
      vertex -12.5 -27.5 4
      vertex -15.5 -15 4
    endloop
  endfacet
  facet normal 0 0 1
    outer loop
      vertex -57 -50 4
      vertex -12.5 -31 4
      vertex -12.5 -27.5 4
    endloop
  endfacet
  facet normal -0 0 1
    outer loop
      vertex -12.5 -27.5 4
      vertex 12.5 -31 4
      vertex 12.5 -27.5 4
    endloop
  endfacet
  facet normal 0 0 1
    outer loop
      vertex 12.5 -31 4
      vertex -12.5 -27.5 4
      vertex -12.5 -31 4
    endloop
  endfacet
  facet normal 0 0 1
    outer loop
      vertex 50.3289 -57.4 4
      vertex 57 -50 4
      vertex 52.5 -36 4
    endloop
  endfacet
  facet normal 0 0 1
    outer loop
      vertex 57.5729 -51.7634 4
      vertex 50.3289 -57.4 4
      vertex 53.033 -60.1041 4
    endloop
  endfacet
  facet normal -0 0 1
    outer loop
      vertex 27.5 -36 4
      vertex 50.3289 -57.4 4
      vertex 52.5 -36 4
    endloop
  endfacet
  facet normal 0 0 1
    outer loop
      vertex 12.5 -27.5 4
      vertex 27.5 -24 4
      vertex 15.5 -15 4
    endloop
  endfacet
  facet normal 0 0 1
    outer loop
      vertex 12.5 -27.5 4
      vertex 15.5 -15 4
      vertex 12.5 -15 4
    endloop
  endfacet
  facet normal 0 0 1
    outer loop
      vertex 12.5 -31 4
      vertex 27.5 -24 4
      vertex 12.5 -27.5 4
    endloop
  endfacet
  facet normal 0 0 1
    outer loop
      vertex 27.5 -24 4
      vertex 12.5 -31 4
      vertex 27.5 -36 4
    endloop
  endfacet
  facet normal 0 0 1
    outer loop
      vertex 12.5 -49 4
      vertex 27.5 -36 4
      vertex 12.5 -31 4
    endloop
  endfacet
  facet normal 0 0 1
    outer loop
      vertex 27.5 -36 4
      vertex 12.5 -49 4
      vertex 50.3289 -57.4 4
    endloop
  endfacet
  facet normal -0 0 1
    outer loop
      vertex -12.5 -49 4
      vertex 50.3289 -57.4 4
      vertex 12.5 -49 4
    endloop
  endfacet
  facet normal 0 0 1
    outer loop
      vertex -50.3289 57.4 4
      vertex -57.5729 48.2366 4
      vertex -15.5 15 4
    endloop
  endfacet
  facet normal 0 0 1
    outer loop
      vertex -12.5 -49 4
      vertex -50.3289 -57.4 4
      vertex 50.3289 -57.4 4
    endloop
  endfacet
  facet normal -0 0 1
    outer loop
      vertex -59.0729 47.1468 4
      vertex -15.5 15 4
      vertex -57.5729 48.2366 4
    endloop
  endfacet
  facet normal 0 0 1
    outer loop
      vertex -57.5729 51.7634 4
      vertex -50.3289 57.4 4
      vertex -53.033 60.1041 4
    endloop
  endfacet
  facet normal 0 0 1
    outer loop
      vertex -12.5 -31 4
      vertex -50.3289 -57.4 4
      vertex -12.5 -49 4
    endloop
  endfacet
  facet normal 0 0 1
    outer loop
      vertex -12.5 -31 4
      vertex -57 -50 4
      vertex -50.3289 -57.4 4
    endloop
  endfacet
  facet normal 0 0 1
    outer loop
      vertex -50.3289 57.4 4
      vertex -57.5729 51.7634 4
      vertex -57 50 4
    endloop
  endfacet
  facet normal 0 0 1
    outer loop
      vertex -53.033 60.1041 4
      vertex -59.0729 52.8532 4
      vertex -57.5729 51.7634 4
    endloop
  endfacet
  facet normal 0 -0 1
    outer loop
      vertex -59.0729 52.8532 4
      vertex -53.033 60.1041 4
      vertex -60.2839 52.8532 4
    endloop
  endfacet
  facet normal 0 0 1
    outer loop
      vertex 62.2515 57.9051 4
      vertex 61.451 56.3339 4
      vertex 62.167 55.6179 4
    endloop
  endfacet
  facet normal 0 0 1
    outer loop
      vertex 63.9932 57.6292 4
      vertex 63.6351 55.5646 4
      vertex 64.269 55.8876 4
    endloop
  endfacet
  facet normal 0 0 1
    outer loop
      vertex 62.2515 57.9051 4
      vertex 63.6351 55.5646 4
      vertex 63.9932 57.6292 4
    endloop
  endfacet
  facet normal 0 0 1
    outer loop
      vertex 63.6351 55.5646 4
      vertex 62.2515 57.9051 4
      vertex 62.167 55.6179 4
    endloop
  endfacet
  facet normal 0 0 1
    outer loop
      vertex 63.6351 55.5646 4
      vertex 62.167 55.6179 4
      vertex 62.6979 52.9657 4
    endloop
  endfacet
  facet normal 0 0 1
    outer loop
      vertex 62.6979 52.9657 4
      vertex 62.167 55.6179 4
      vertex 61.451 54.2126 4
    endloop
  endfacet
  facet normal 0 0 1
    outer loop
      vertex 63.6351 55.5646 4
      vertex 64.269 53.7662 4
      vertex 63.9932 55.5079 4
    endloop
  endfacet
  facet normal 0 0 1
    outer loop
      vertex 64.269 53.7662 4
      vertex 63.6351 55.5646 4
      vertex 62.6979 52.9657 4
    endloop
  endfacet
  facet normal 0 0 1
    outer loop
      vertex 57.0188 64.0898 4
      vertex 57.9051 62.2515 4
      vertex 57.6292 63.9932 4
    endloop
  endfacet
  facet normal 0 0 1
    outer loop
      vertex 55.6179 62.167 4
      vertex 57.9051 62.2515 4
      vertex 57.0188 64.0898 4
    endloop
  endfacet
  facet normal 0 0 1
    outer loop
      vertex 57.9051 62.2515 4
      vertex 55.6179 62.167 4
      vertex 56.3339 61.451 4
    endloop
  endfacet
  facet normal 0 -0 1
    outer loop
      vertex 55.6179 62.167 4
      vertex 57.0188 64.0898 4
      vertex 54.5537 61.6248 4
    endloop
  endfacet
  facet normal 0 0 1
    outer loop
      vertex -57.0188 64.0898 4
      vertex -55.6179 62.167 4
      vertex -54.5537 61.6248 4
    endloop
  endfacet
  facet normal -0 0 1
    outer loop
      vertex -57.9051 62.2515 4
      vertex -55.6179 62.167 4
      vertex -57.0188 64.0898 4
    endloop
  endfacet
  facet normal 0 0 1
    outer loop
      vertex -57.9051 62.2515 4
      vertex -57.0188 64.0898 4
      vertex -57.6292 63.9932 4
    endloop
  endfacet
  facet normal 0 0 1
    outer loop
      vertex -55.6179 62.167 4
      vertex -57.9051 62.2515 4
      vertex -56.3339 61.451 4
    endloop
  endfacet
  facet normal 0 0 1
    outer loop
      vertex -61.451 56.3339 4
      vertex -62.2515 57.9051 4
      vertex -62.167 55.6179 4
    endloop
  endfacet
  facet normal 0 0 1
    outer loop
      vertex -62.167 55.6179 4
      vertex -62.6979 52.9657 4
      vertex -61.451 54.2126 4
    endloop
  endfacet
  facet normal 0 0 1
    outer loop
      vertex -63.6351 55.5646 4
      vertex -62.167 55.6179 4
      vertex -62.2515 57.9051 4
    endloop
  endfacet
  facet normal 0 0 1
    outer loop
      vertex -62.167 55.6179 4
      vertex -63.6351 55.5646 4
      vertex -62.6979 52.9657 4
    endloop
  endfacet
  facet normal -0 0 1
    outer loop
      vertex -63.9932 57.6292 4
      vertex -63.6351 55.5646 4
      vertex -62.2515 57.9051 4
    endloop
  endfacet
  facet normal 0 0 1
    outer loop
      vertex -63.6351 55.5646 4
      vertex -63.9932 57.6292 4
      vertex -64.269 55.8876 4
    endloop
  endfacet
  facet normal 0 0 1
    outer loop
      vertex -64.269 53.7662 4
      vertex -63.6351 55.5646 4
      vertex -63.9932 55.5079 4
    endloop
  endfacet
  facet normal 0 0 1
    outer loop
      vertex -63.6351 55.5646 4
      vertex -64.269 53.7662 4
      vertex -62.6979 52.9657 4
    endloop
  endfacet
  facet normal 0 0 1
    outer loop
      vertex 57.9051 -62.2515 4
      vertex 57.0188 -64.0898 4
      vertex 57.6292 -63.9932 4
    endloop
  endfacet
  facet normal -0 0 1
    outer loop
      vertex 55.6179 -62.167 4
      vertex 57.9051 -62.2515 4
      vertex 56.3339 -61.451 4
    endloop
  endfacet
  facet normal 0 0 1
    outer loop
      vertex 57.9051 -62.2515 4
      vertex 55.6179 -62.167 4
      vertex 57.0188 -64.0898 4
    endloop
  endfacet
  facet normal 0 0 1
    outer loop
      vertex 57.0188 -64.0898 4
      vertex 55.6179 -62.167 4
      vertex 54.5537 -61.6248 4
    endloop
  endfacet
  facet normal 0 0 1
    outer loop
      vertex 64.269 -53.7662 4
      vertex 63.6351 -55.5646 4
      vertex 63.9932 -55.5079 4
    endloop
  endfacet
  facet normal 0 -0 1
    outer loop
      vertex 63.6351 -55.5646 4
      vertex 64.269 -53.7662 4
      vertex 62.6979 -52.9657 4
    endloop
  endfacet
  facet normal 0 0 1
    outer loop
      vertex 63.6351 -55.5646 4
      vertex 63.9932 -57.6292 4
      vertex 64.269 -55.8876 4
    endloop
  endfacet
  facet normal 0 0 1
    outer loop
      vertex 62.167 -55.6179 4
      vertex 63.6351 -55.5646 4
      vertex 62.6979 -52.9657 4
    endloop
  endfacet
  facet normal 0 -0 1
    outer loop
      vertex 62.2515 -57.9051 4
      vertex 63.6351 -55.5646 4
      vertex 62.167 -55.6179 4
    endloop
  endfacet
  facet normal 0 0 1
    outer loop
      vertex 63.6351 -55.5646 4
      vertex 62.2515 -57.9051 4
      vertex 63.9932 -57.6292 4
    endloop
  endfacet
  facet normal 0 -0 1
    outer loop
      vertex 62.167 -55.6179 4
      vertex 62.6979 -52.9657 4
      vertex 61.451 -54.2126 4
    endloop
  endfacet
  facet normal 0 0 1
    outer loop
      vertex 62.2515 -57.9051 4
      vertex 62.167 -55.6179 4
      vertex 61.451 -56.3339 4
    endloop
  endfacet
  facet normal -0 0 1
    outer loop
      vertex -64.269 -53.7662 4
      vertex -63.6351 -55.5646 4
      vertex -62.6979 -52.9657 4
    endloop
  endfacet
  facet normal 0 0 1
    outer loop
      vertex -63.6351 -55.5646 4
      vertex -64.269 -53.7662 4
      vertex -63.9932 -55.5079 4
    endloop
  endfacet
  facet normal 0 0 1
    outer loop
      vertex -62.6979 -52.9657 4
      vertex -62.167 -55.6179 4
      vertex -61.451 -54.2126 4
    endloop
  endfacet
  facet normal -0 0 1
    outer loop
      vertex -63.6351 -55.5646 4
      vertex -62.167 -55.6179 4
      vertex -62.6979 -52.9657 4
    endloop
  endfacet
  facet normal 0 0 1
    outer loop
      vertex -62.167 -55.6179 4
      vertex -63.6351 -55.5646 4
      vertex -62.2515 -57.9051 4
    endloop
  endfacet
  facet normal 0 0 1
    outer loop
      vertex -63.6351 -55.5646 4
      vertex -63.9932 -57.6292 4
      vertex -62.2515 -57.9051 4
    endloop
  endfacet
  facet normal 0 -0 1
    outer loop
      vertex -63.9932 -57.6292 4
      vertex -63.6351 -55.5646 4
      vertex -64.269 -55.8876 4
    endloop
  endfacet
  facet normal 0 0 1
    outer loop
      vertex -61.451 -56.3339 4
      vertex -62.167 -55.6179 4
      vertex -62.2515 -57.9051 4
    endloop
  endfacet
  facet normal -0 0 1
    outer loop
      vertex -55.6179 -62.167 4
      vertex -57.0188 -64.0898 4
      vertex -54.5537 -61.6248 4
    endloop
  endfacet
  facet normal 0 0 1
    outer loop
      vertex -57.9051 -62.2515 4
      vertex -55.6179 -62.167 4
      vertex -56.3339 -61.451 4
    endloop
  endfacet
  facet normal 0 0 1
    outer loop
      vertex -55.6179 -62.167 4
      vertex -57.9051 -62.2515 4
      vertex -57.0188 -64.0898 4
    endloop
  endfacet
  facet normal 0 0 1
    outer loop
      vertex -57.0188 -64.0898 4
      vertex -57.9051 -62.2515 4
      vertex -57.6292 -63.9932 4
    endloop
  endfacet
  facet normal 0 0 -1
    outer loop
      vertex -66.468 -59.397 0
      vertex -59.397 -66.468 0
      vertex -62.2254 -72.1249 0
    endloop
  endfacet
  facet normal 0 0 -1
    outer loop
      vertex -62.2254 -72.1249 0
      vertex -59.397 -66.468 0
      vertex -57.9828 -67.8822 0
    endloop
  endfacet
  facet normal 0 0 -1
    outer loop
      vertex 72.1249 -62.2254 0
      vertex 66.468 -59.397 0
      vertex 67.8822 -57.9828 0
    endloop
  endfacet
  facet normal -0 0 -1
    outer loop
      vertex 66.468 -59.397 0
      vertex 59.397 -66.468 0
      vertex 64.4711 -57.4 0
    endloop
  endfacet
  facet normal 0 0 -1
    outer loop
      vertex 59.397 -66.468 0
      vertex 66.468 -59.397 0
      vertex 62.2254 -72.1249 0
    endloop
  endfacet
  facet normal 0 0 -1
    outer loop
      vertex 62.2254 -72.1249 0
      vertex 66.468 -59.397 0
      vertex 72.1249 -62.2254 0
    endloop
  endfacet
  facet normal 0 0 -1
    outer loop
      vertex 64.4711 -57.4 0
      vertex 68.4 57.4 0
      vertex 68.4 -57.4 0
    endloop
  endfacet
  facet normal -0 0 -1
    outer loop
      vertex 68.4 57.4 0
      vertex 64.4711 -57.4 0
      vertex 64.4711 57.4 0
    endloop
  endfacet
  facet normal 0 0 -1
    outer loop
      vertex 66.468 59.397 0
      vertex 72.1249 62.2254 0
      vertex 67.8822 57.9828 0
    endloop
  endfacet
  facet normal 0 0 -1
    outer loop
      vertex 66.468 59.397 0
      vertex 62.2254 72.1249 0
      vertex 72.1249 62.2254 0
    endloop
  endfacet
  facet normal 0 0 -1
    outer loop
      vertex 59.397 66.468 0
      vertex 66.468 59.397 0
      vertex 64.4711 57.4 0
    endloop
  endfacet
  facet normal 0 0 -1
    outer loop
      vertex 50.3289 -57.4 0
      vertex 64.4711 -57.4 0
      vertex 59.397 -66.468 0
    endloop
  endfacet
  facet normal 0 0 -1
    outer loop
      vertex 64.4711 -57.4 0
      vertex 35 -17.5 0
      vertex 64.4711 57.4 0
    endloop
  endfacet
  facet normal 0 -0 -1
    outer loop
      vertex 59.397 -66.468 0
      vertex 62.2254 -72.1249 0
      vertex 57.9828 -67.8822 0
    endloop
  endfacet
  facet normal 0 0 -1
    outer loop
      vertex -59.397 66.468 0
      vertex -62.2254 72.1249 0
      vertex -57.9828 67.8822 0
    endloop
  endfacet
  facet normal 0 0 -1
    outer loop
      vertex -59.397 -66.468 0
      vertex -64.4711 -57.4 0
      vertex -59.397 66.468 0
    endloop
  endfacet
  facet normal 0 0 -1
    outer loop
      vertex -64.4711 57.4 0
      vertex -59.397 66.468 0
      vertex -64.4711 -57.4 0
    endloop
  endfacet
  facet normal 0 0 -1
    outer loop
      vertex -59.397 -66.468 0
      vertex -66.468 -59.397 0
      vertex -64.4711 -57.4 0
    endloop
  endfacet
  facet normal 0 0 -1
    outer loop
      vertex -72.1249 -62.2254 0
      vertex -66.468 -59.397 0
      vertex -62.2254 -72.1249 0
    endloop
  endfacet
  facet normal -0 0 -1
    outer loop
      vertex -66.468 -59.397 0
      vertex -72.1249 -62.2254 0
      vertex -67.8822 -57.9828 0
    endloop
  endfacet
  facet normal 0 0 -1
    outer loop
      vertex -68.4 -57.4 0
      vertex -64.4711 57.4 0
      vertex -64.4711 -57.4 0
    endloop
  endfacet
  facet normal -0 0 -1
    outer loop
      vertex -64.4711 57.4 0
      vertex -68.4 -57.4 0
      vertex -68.4 57.4 0
    endloop
  endfacet
  facet normal 0 0 -1
    outer loop
      vertex -66.468 59.397 0
      vertex -59.397 66.468 0
      vertex -64.4711 57.4 0
    endloop
  endfacet
  facet normal -0 0 -1
    outer loop
      vertex -59.397 66.468 0
      vertex -66.468 59.397 0
      vertex -62.2254 72.1249 0
    endloop
  endfacet
  facet normal 0 0 -1
    outer loop
      vertex -72.1249 62.2254 0
      vertex -66.468 59.397 0
      vertex -67.8822 57.9828 0
    endloop
  endfacet
  facet normal 0 0 -1
    outer loop
      vertex -66.468 59.397 0
      vertex -72.1249 62.2254 0
      vertex -62.2254 72.1249 0
    endloop
  endfacet
  facet normal 0 0 -1
    outer loop
      vertex 64.4711 -57.4 0
      vertex 50.3289 -57.4 0
      vertex 35 -17.5 0
    endloop
  endfacet
  facet normal 0 0 -1
    outer loop
      vertex 35 17.5 0
      vertex 64.4711 57.4 0
      vertex 35 -17.5 0
    endloop
  endfacet
  facet normal 0 -0 -1
    outer loop
      vertex 50.3289 57.4 0
      vertex 64.4711 57.4 0
      vertex 35 17.5 0
    endloop
  endfacet
  facet normal 0 0 -1
    outer loop
      vertex 50.3289 -57.4 0
      vertex -35 -17.5 0
      vertex 35 -17.5 0
    endloop
  endfacet
  facet normal 0 0 -1
    outer loop
      vertex -59.397 -66.468 0
      vertex -35 -17.5 0
      vertex -50.3289 -57.4 0
    endloop
  endfacet
  facet normal 0 0 -1
    outer loop
      vertex -50.3289 -57.4 0
      vertex -35 -17.5 0
      vertex 50.3289 -57.4 0
    endloop
  endfacet
  facet normal 0 0 -1
    outer loop
      vertex 66.468 59.397 0
      vertex 59.397 66.468 0
      vertex 62.2254 72.1249 0
    endloop
  endfacet
  facet normal 0 0 -1
    outer loop
      vertex 62.2254 72.1249 0
      vertex 59.397 66.468 0
      vertex 57.9828 67.8822 0
    endloop
  endfacet
  facet normal 0 0 -1
    outer loop
      vertex 64.4711 57.4 0
      vertex 50.3289 57.4 0
      vertex 59.397 66.468 0
    endloop
  endfacet
  facet normal 0 0 -1
    outer loop
      vertex -35 17.5 0
      vertex 50.3289 57.4 0
      vertex 35 17.5 0
    endloop
  endfacet
  facet normal 0 0 -1
    outer loop
      vertex -35 17.5 0
      vertex -50.3289 57.4 0
      vertex 50.3289 57.4 0
    endloop
  endfacet
  facet normal -0 0 -1
    outer loop
      vertex -35 -17.5 0
      vertex -59.397 -66.468 0
      vertex -35 17.5 0
    endloop
  endfacet
  facet normal 0 0 -1
    outer loop
      vertex -59.397 66.468 0
      vertex -35 17.5 0
      vertex -59.397 -66.468 0
    endloop
  endfacet
  facet normal 0 0 -1
    outer loop
      vertex -35 17.5 0
      vertex -59.397 66.468 0
      vertex -50.3289 57.4 0
    endloop
  endfacet
  facet normal -0.707107 0.707107 0
    outer loop
      vertex 59.397 66.468 0
      vertex 57.0188 64.0898 4
      vertex 59.397 66.468 4
    endloop
  endfacet
  facet normal -0.707092 0.707121 1.70548e-05
    outer loop
      vertex 59.397 66.468 0
      vertex 54.5537 61.6248 4
      vertex 57.0188 64.0898 4
    endloop
  endfacet
  facet normal -0.707103 0.707111 -8.23602e-06
    outer loop
      vertex 50.3289 57.4 0
      vertex 54.5537 61.6248 4
      vertex 59.397 66.468 0
    endloop
  endfacet
  facet normal -0.707107 0.707107 0
    outer loop
      vertex 54.5537 61.6248 4
      vertex 50.3289 57.4 0
      vertex 53.033 60.1041 4
    endloop
  endfacet
  facet normal -0.707107 0.707107 0
    outer loop
      vertex 53.033 60.1041 4
      vertex 50.3289 57.4 0
      vertex 50.3289 57.4 4
    endloop
  endfacet
  facet normal 0.707124 -0.707089 0
    outer loop
      vertex 64.4711 57.4 0
      vertex 66.468 59.397 4
      vertex 64.4711 57.4 4
    endloop
  endfacet
  facet normal 0.707124 -0.707089 0
    outer loop
      vertex 66.468 59.397 4
      vertex 64.4711 57.4 0
      vertex 66.468 59.397 0
    endloop
  endfacet
  facet normal 0.707107 0.707107 0
    outer loop
      vertex 63.8348 70.5155 4
      vertex 62.2254 72.1249 0
      vertex 62.2254 72.1249 4
    endloop
  endfacet
  facet normal 0.707107 0.707107 -1.23902e-15
    outer loop
      vertex 63.9932 70.3571 4
      vertex 62.2254 72.1249 0
      vertex 63.8348 70.5155 4
    endloop
  endfacet
  facet normal 0.707107 0.707107 -1.18425e-15
    outer loop
      vertex 70.3571 63.9932 4
      vertex 62.2254 72.1249 0
      vertex 63.9932 70.3571 4
    endloop
  endfacet
  facet normal 0.707107 0.707107 -9.9122e-16
    outer loop
      vertex 72.1249 62.2254 0
      vertex 70.3571 63.9932 4
      vertex 70.5155 63.8348 4
    endloop
  endfacet
  facet normal 0.707107 0.707107 -0
    outer loop
      vertex 72.1249 62.2254 0
      vertex 70.5155 63.8348 4
      vertex 72.1249 62.2254 4
    endloop
  endfacet
  facet normal 0.707107 0.707107 -1.26883e-15
    outer loop
      vertex 70.3571 63.9932 4
      vertex 72.1249 62.2254 0
      vertex 62.2254 72.1249 0
    endloop
  endfacet
  facet normal -0.707107 0.707107 0
    outer loop
      vertex 62.2254 72.1249 0
      vertex 61.6248 71.5243 4
      vertex 62.2254 72.1249 4
    endloop
  endfacet
  facet normal -0.707115 0.707098 -2.50249e-06
    outer loop
      vertex 57.9828 67.8822 0
      vertex 61.6248 71.5243 4
      vertex 62.2254 72.1249 0
    endloop
  endfacet
  facet normal -0.707116 0.707097 0
    outer loop
      vertex 61.6248 71.5243 4
      vertex 57.9828 67.8822 0
      vertex 57.9828 67.8822 4
    endloop
  endfacet
  facet normal 0.707097 -0.707116 0
    outer loop
      vertex 67.8822 57.9828 0
      vertex 71.5243 61.6248 4
      vertex 67.8822 57.9828 4
    endloop
  endfacet
  facet normal 0.707098 -0.707115 -2.50249e-06
    outer loop
      vertex 72.1249 62.2254 0
      vertex 71.5243 61.6248 4
      vertex 67.8822 57.9828 0
    endloop
  endfacet
  facet normal 0.707107 -0.707107 0
    outer loop
      vertex 71.5243 61.6248 4
      vertex 72.1249 62.2254 0
      vertex 72.1249 62.2254 4
    endloop
  endfacet
  facet normal 0.707107 -0.707107 0
    outer loop
      vertex -67.8822 57.9828 4
      vertex -66.468 59.397 0
      vertex -66.468 59.397 4
    endloop
  endfacet
  facet normal 0.707107 -0.707107 0
    outer loop
      vertex -66.468 59.397 0
      vertex -67.8822 57.9828 4
      vertex -67.8822 57.9828 0
    endloop
  endfacet
  facet normal 0.707107 -0.707107 0
    outer loop
      vertex -59.397 66.468 0
      vertex -57.9828 67.8822 4
      vertex -59.397 66.468 4
    endloop
  endfacet
  facet normal 0.707107 -0.707107 0
    outer loop
      vertex -57.9828 67.8822 4
      vertex -59.397 66.468 0
      vertex -57.9828 67.8822 0
    endloop
  endfacet
  facet normal -0.707124 -0.707089 0
    outer loop
      vertex -66.468 59.397 0
      vertex -64.4711 57.4 4
      vertex -66.468 59.397 4
    endloop
  endfacet
  facet normal -0.707124 -0.707089 -0
    outer loop
      vertex -64.4711 57.4 4
      vertex -66.468 59.397 0
      vertex -64.4711 57.4 0
    endloop
  endfacet
  facet normal 0.707107 0.707107 0
    outer loop
      vertex -57.0188 64.0898 4
      vertex -59.397 66.468 0
      vertex -59.397 66.468 4
    endloop
  endfacet
  facet normal 0.707092 0.707121 1.70548e-05
    outer loop
      vertex -54.5537 61.6248 4
      vertex -59.397 66.468 0
      vertex -57.0188 64.0898 4
    endloop
  endfacet
  facet normal 0.707107 0.707107 0
    outer loop
      vertex -50.3289 57.4 0
      vertex -54.5537 61.6248 4
      vertex -53.033 60.1041 4
    endloop
  endfacet
  facet normal 0.707107 0.707107 -0
    outer loop
      vertex -50.3289 57.4 0
      vertex -53.033 60.1041 4
      vertex -50.3289 57.4 4
    endloop
  endfacet
  facet normal 0.707103 0.707111 -8.23602e-06
    outer loop
      vertex -54.5537 61.6248 4
      vertex -50.3289 57.4 0
      vertex -59.397 66.468 0
    endloop
  endfacet
  facet normal -0.707107 0.707107 0
    outer loop
      vertex -62.2254 72.1249 0
      vertex -63.8348 70.5155 4
      vertex -62.2254 72.1249 4
    endloop
  endfacet
  facet normal -0.707107 0.707107 -9.9122e-16
    outer loop
      vertex -62.2254 72.1249 0
      vertex -63.9932 70.3571 4
      vertex -63.8348 70.5155 4
    endloop
  endfacet
  facet normal -0.707107 0.707107 -1.23359e-15
    outer loop
      vertex -62.2254 72.1249 0
      vertex -70.3571 63.9932 4
      vertex -63.9932 70.3571 4
    endloop
  endfacet
  facet normal -0.707107 0.707107 -1.26883e-15
    outer loop
      vertex -72.1249 62.2254 0
      vertex -70.3571 63.9932 4
      vertex -62.2254 72.1249 0
    endloop
  endfacet
  facet normal -0.707107 0.707107 -1.23902e-15
    outer loop
      vertex -70.3571 63.9932 4
      vertex -72.1249 62.2254 0
      vertex -70.5155 63.8348 4
    endloop
  endfacet
  facet normal -0.707107 0.707107 0
    outer loop
      vertex -70.5155 63.8348 4
      vertex -72.1249 62.2254 0
      vertex -72.1249 62.2254 4
    endloop
  endfacet
  facet normal -0.707107 -0.707107 0
    outer loop
      vertex -72.1249 62.2254 0
      vertex -71.5243 61.6248 4
      vertex -72.1249 62.2254 4
    endloop
  endfacet
  facet normal -0.707098 -0.707115 -2.50249e-06
    outer loop
      vertex -67.8822 57.9828 0
      vertex -71.5243 61.6248 4
      vertex -72.1249 62.2254 0
    endloop
  endfacet
  facet normal -0.707097 -0.707116 0
    outer loop
      vertex -71.5243 61.6248 4
      vertex -67.8822 57.9828 0
      vertex -67.8822 57.9828 4
    endloop
  endfacet
  facet normal 0.707107 0.707107 0
    outer loop
      vertex -61.6248 71.5243 4
      vertex -62.2254 72.1249 0
      vertex -62.2254 72.1249 4
    endloop
  endfacet
  facet normal 0.707116 0.707097 -0
    outer loop
      vertex -57.9828 67.8822 0
      vertex -61.6248 71.5243 4
      vertex -57.9828 67.8822 4
    endloop
  endfacet
  facet normal 0.707115 0.707098 -2.50249e-06
    outer loop
      vertex -61.6248 71.5243 4
      vertex -57.9828 67.8822 0
      vertex -62.2254 72.1249 0
    endloop
  endfacet
  facet normal 0.707107 0.707107 -0
    outer loop
      vertex -57.9828 -67.8822 0
      vertex -59.397 -66.468 4
      vertex -57.9828 -67.8822 4
    endloop
  endfacet
  facet normal 0.707107 0.707107 0
    outer loop
      vertex -59.397 -66.468 4
      vertex -57.9828 -67.8822 0
      vertex -59.397 -66.468 0
    endloop
  endfacet
  facet normal 0.707107 0.707107 0
    outer loop
      vertex -66.468 -59.397 4
      vertex -67.8822 -57.9828 0
      vertex -67.8822 -57.9828 4
    endloop
  endfacet
  facet normal 0.707107 0.707107 0
    outer loop
      vertex -67.8822 -57.9828 0
      vertex -66.468 -59.397 4
      vertex -66.468 -59.397 0
    endloop
  endfacet
  facet normal 0.707107 -0.707107 0
    outer loop
      vertex -53.033 -60.1041 4
      vertex -50.3289 -57.4 0
      vertex -50.3289 -57.4 4
    endloop
  endfacet
  facet normal 0.707107 -0.707107 0
    outer loop
      vertex -54.5537 -61.6248 4
      vertex -50.3289 -57.4 0
      vertex -53.033 -60.1041 4
    endloop
  endfacet
  facet normal 0.707092 -0.707121 1.70548e-05
    outer loop
      vertex -59.397 -66.468 0
      vertex -54.5537 -61.6248 4
      vertex -57.0188 -64.0898 4
    endloop
  endfacet
  facet normal 0.707107 -0.707107 0
    outer loop
      vertex -59.397 -66.468 0
      vertex -57.0188 -64.0898 4
      vertex -59.397 -66.468 4
    endloop
  endfacet
  facet normal 0.707103 -0.707111 -8.23602e-06
    outer loop
      vertex -54.5537 -61.6248 4
      vertex -59.397 -66.468 0
      vertex -50.3289 -57.4 0
    endloop
  endfacet
  facet normal -0.707124 0.707089 0
    outer loop
      vertex -64.4711 -57.4 0
      vertex -66.468 -59.397 4
      vertex -64.4711 -57.4 4
    endloop
  endfacet
  facet normal -0.707124 0.707089 0
    outer loop
      vertex -66.468 -59.397 4
      vertex -64.4711 -57.4 0
      vertex -66.468 -59.397 0
    endloop
  endfacet
  facet normal -0.707107 -0.707107 0
    outer loop
      vertex -72.1249 -62.2254 0
      vertex -70.5155 -63.8348 4
      vertex -72.1249 -62.2254 4
    endloop
  endfacet
  facet normal -0.707107 -0.707107 -9.9122e-16
    outer loop
      vertex -72.1249 -62.2254 0
      vertex -70.3571 -63.9932 4
      vertex -70.5155 -63.8348 4
    endloop
  endfacet
  facet normal -0.707107 -0.707107 -1.23359e-15
    outer loop
      vertex -72.1249 -62.2254 0
      vertex -63.9932 -70.3571 4
      vertex -70.3571 -63.9932 4
    endloop
  endfacet
  facet normal -0.707107 -0.707107 -1.26883e-15
    outer loop
      vertex -62.2254 -72.1249 0
      vertex -63.9932 -70.3571 4
      vertex -72.1249 -62.2254 0
    endloop
  endfacet
  facet normal -0.707107 -0.707107 -1.23902e-15
    outer loop
      vertex -63.9932 -70.3571 4
      vertex -62.2254 -72.1249 0
      vertex -63.8348 -70.5155 4
    endloop
  endfacet
  facet normal -0.707107 -0.707107 0
    outer loop
      vertex -63.8348 -70.5155 4
      vertex -62.2254 -72.1249 0
      vertex -62.2254 -72.1249 4
    endloop
  endfacet
  facet normal 0.707116 -0.707097 0
    outer loop
      vertex -61.6248 -71.5243 4
      vertex -57.9828 -67.8822 0
      vertex -57.9828 -67.8822 4
    endloop
  endfacet
  facet normal 0.707107 -0.707107 0
    outer loop
      vertex -62.2254 -72.1249 0
      vertex -61.6248 -71.5243 4
      vertex -62.2254 -72.1249 4
    endloop
  endfacet
  facet normal 0.707115 -0.707098 -2.50249e-06
    outer loop
      vertex -61.6248 -71.5243 4
      vertex -62.2254 -72.1249 0
      vertex -57.9828 -67.8822 0
    endloop
  endfacet
  facet normal -0.707097 0.707116 0
    outer loop
      vertex -67.8822 -57.9828 0
      vertex -71.5243 -61.6248 4
      vertex -67.8822 -57.9828 4
    endloop
  endfacet
  facet normal -0.707098 0.707115 -2.50249e-06
    outer loop
      vertex -72.1249 -62.2254 0
      vertex -71.5243 -61.6248 4
      vertex -67.8822 -57.9828 0
    endloop
  endfacet
  facet normal -0.707107 0.707107 0
    outer loop
      vertex -71.5243 -61.6248 4
      vertex -72.1249 -62.2254 0
      vertex -72.1249 -62.2254 4
    endloop
  endfacet
  facet normal -0.707107 0.707107 0
    outer loop
      vertex 66.468 -59.397 0
      vertex 67.8822 -57.9828 4
      vertex 67.8822 -57.9828 0
    endloop
  endfacet
  facet normal -0.707107 0.707107 0
    outer loop
      vertex 67.8822 -57.9828 4
      vertex 66.468 -59.397 0
      vertex 66.468 -59.397 4
    endloop
  endfacet
  facet normal -0.707107 0.707107 0
    outer loop
      vertex 59.397 -66.468 0
      vertex 57.9828 -67.8822 4
      vertex 59.397 -66.468 4
    endloop
  endfacet
  facet normal -0.707107 0.707107 0
    outer loop
      vertex 57.9828 -67.8822 4
      vertex 59.397 -66.468 0
      vertex 57.9828 -67.8822 0
    endloop
  endfacet
  facet normal 0.707124 0.707089 -0
    outer loop
      vertex 66.468 -59.397 0
      vertex 64.4711 -57.4 4
      vertex 66.468 -59.397 4
    endloop
  endfacet
  facet normal 0.707124 0.707089 0
    outer loop
      vertex 64.4711 -57.4 4
      vertex 66.468 -59.397 0
      vertex 64.4711 -57.4 0
    endloop
  endfacet
  facet normal -0.707107 -0.707107 0
    outer loop
      vertex 50.3289 -57.4 0
      vertex 53.033 -60.1041 4
      vertex 50.3289 -57.4 4
    endloop
  endfacet
  facet normal -0.707107 -0.707107 0
    outer loop
      vertex 50.3289 -57.4 0
      vertex 54.5537 -61.6248 4
      vertex 53.033 -60.1041 4
    endloop
  endfacet
  facet normal -0.707103 -0.707111 -8.23602e-06
    outer loop
      vertex 59.397 -66.468 0
      vertex 54.5537 -61.6248 4
      vertex 50.3289 -57.4 0
    endloop
  endfacet
  facet normal -0.707092 -0.707121 1.70548e-05
    outer loop
      vertex 54.5537 -61.6248 4
      vertex 59.397 -66.468 0
      vertex 57.0188 -64.0898 4
    endloop
  endfacet
  facet normal -0.707107 -0.707107 0
    outer loop
      vertex 57.0188 -64.0898 4
      vertex 59.397 -66.468 0
      vertex 59.397 -66.468 4
    endloop
  endfacet
  facet normal 0.707107 -0.707107 0
    outer loop
      vertex 70.5155 -63.8348 4
      vertex 72.1249 -62.2254 0
      vertex 72.1249 -62.2254 4
    endloop
  endfacet
  facet normal 0.707107 -0.707107 -1.23902e-15
    outer loop
      vertex 70.3571 -63.9932 4
      vertex 72.1249 -62.2254 0
      vertex 70.5155 -63.8348 4
    endloop
  endfacet
  facet normal 0.707107 -0.707107 -1.18425e-15
    outer loop
      vertex 63.9932 -70.3571 4
      vertex 72.1249 -62.2254 0
      vertex 70.3571 -63.9932 4
    endloop
  endfacet
  facet normal 0.707107 -0.707107 -9.9122e-16
    outer loop
      vertex 62.2254 -72.1249 0
      vertex 63.9932 -70.3571 4
      vertex 63.8348 -70.5155 4
    endloop
  endfacet
  facet normal 0.707107 -0.707107 0
    outer loop
      vertex 62.2254 -72.1249 0
      vertex 63.8348 -70.5155 4
      vertex 62.2254 -72.1249 4
    endloop
  endfacet
  facet normal 0.707107 -0.707107 -1.26883e-15
    outer loop
      vertex 63.9932 -70.3571 4
      vertex 62.2254 -72.1249 0
      vertex 72.1249 -62.2254 0
    endloop
  endfacet
  facet normal 0.707107 0.707107 -0
    outer loop
      vertex 72.1249 -62.2254 0
      vertex 71.5243 -61.6248 4
      vertex 72.1249 -62.2254 4
    endloop
  endfacet
  facet normal 0.707098 0.707115 -2.50249e-06
    outer loop
      vertex 67.8822 -57.9828 0
      vertex 71.5243 -61.6248 4
      vertex 72.1249 -62.2254 0
    endloop
  endfacet
  facet normal 0.707097 0.707116 0
    outer loop
      vertex 71.5243 -61.6248 4
      vertex 67.8822 -57.9828 0
      vertex 67.8822 -57.9828 4
    endloop
  endfacet
  facet normal -0.707116 -0.707097 0
    outer loop
      vertex 57.9828 -67.8822 0
      vertex 61.6248 -71.5243 4
      vertex 57.9828 -67.8822 4
    endloop
  endfacet
  facet normal -0.707115 -0.707098 -2.50249e-06
    outer loop
      vertex 62.2254 -72.1249 0
      vertex 61.6248 -71.5243 4
      vertex 57.9828 -67.8822 0
    endloop
  endfacet
  facet normal -0.707107 -0.707107 0
    outer loop
      vertex 61.6248 -71.5243 4
      vertex 62.2254 -72.1249 0
      vertex 62.2254 -72.1249 4
    endloop
  endfacet
  facet normal -1 0 0
    outer loop
      vertex -68.4 57.4 0
      vertex -68.4 55.6721 4
      vertex -68.4 57.4 4
    endloop
  endfacet
  facet normal -1 0 0
    outer loop
      vertex -68.4 57.4 0
      vertex -68.4 -55.6721 4
      vertex -68.4 55.6721 4
    endloop
  endfacet
  facet normal -1 0 0
    outer loop
      vertex -68.4 -57.4 0
      vertex -68.4 -55.6721 4
      vertex -68.4 57.4 0
    endloop
  endfacet
  facet normal -1 -0 0
    outer loop
      vertex -68.4 -55.6721 4
      vertex -68.4 -57.4 0
      vertex -68.4 -57.4 4
    endloop
  endfacet
  facet normal 1 -0 0
    outer loop
      vertex 68.4 55.6721 4
      vertex 68.4 57.4 0
      vertex 68.4 57.4 4
    endloop
  endfacet
  facet normal 1 -0 0
    outer loop
      vertex 68.4 -55.6721 4
      vertex 68.4 57.4 0
      vertex 68.4 55.6721 4
    endloop
  endfacet
  facet normal 1 0 0
    outer loop
      vertex 68.4 -57.4 0
      vertex 68.4 -55.6721 4
      vertex 68.4 -57.4 4
    endloop
  endfacet
  facet normal 1 0 0
    outer loop
      vertex 68.4 -55.6721 4
      vertex 68.4 -57.4 0
      vertex 68.4 57.4 0
    endloop
  endfacet
  facet normal 0 -1 0
    outer loop
      vertex -68.4 -57.4 0
      vertex -64.4711 -57.4 4
      vertex -68.4 -57.4 4
    endloop
  endfacet
  facet normal 0 -1 -0
    outer loop
      vertex -64.4711 -57.4 4
      vertex -68.4 -57.4 0
      vertex -64.4711 -57.4 0
    endloop
  endfacet
  facet normal 0 -1 0
    outer loop
      vertex 64.4711 -57.4 0
      vertex 68.4 -57.4 4
      vertex 64.4711 -57.4 4
    endloop
  endfacet
  facet normal 0 -1 -0
    outer loop
      vertex 68.4 -57.4 4
      vertex 64.4711 -57.4 0
      vertex 68.4 -57.4 0
    endloop
  endfacet
  facet normal 0 -1 0
    outer loop
      vertex -50.3289 -57.4 0
      vertex 50.3289 -57.4 4
      vertex -50.3289 -57.4 4
    endloop
  endfacet
  facet normal 0 -1 -0
    outer loop
      vertex 50.3289 -57.4 4
      vertex -50.3289 -57.4 0
      vertex 50.3289 -57.4 0
    endloop
  endfacet
  facet normal 0 1 -0
    outer loop
      vertex -64.4711 57.4 0
      vertex -68.4 57.4 4
      vertex -64.4711 57.4 4
    endloop
  endfacet
  facet normal 0 1 0
    outer loop
      vertex -68.4 57.4 4
      vertex -64.4711 57.4 0
      vertex -68.4 57.4 0
    endloop
  endfacet
  facet normal 0 1 -0
    outer loop
      vertex 68.4 57.4 0
      vertex 64.4711 57.4 4
      vertex 68.4 57.4 4
    endloop
  endfacet
  facet normal 0 1 0
    outer loop
      vertex 64.4711 57.4 4
      vertex 68.4 57.4 0
      vertex 64.4711 57.4 0
    endloop
  endfacet
  facet normal 0 1 -0
    outer loop
      vertex 50.3289 57.4 0
      vertex -50.3289 57.4 4
      vertex 50.3289 57.4 4
    endloop
  endfacet
  facet normal 0 1 0
    outer loop
      vertex -50.3289 57.4 4
      vertex 50.3289 57.4 0
      vertex -50.3289 57.4 0
    endloop
  endfacet
  facet normal -0.95105 -0.309037 -0
    outer loop
      vertex -62.512 -51.5018 24
      vertex -63 -50 10
      vertex -62.512 -51.5018 10
    endloop
  endfacet
  facet normal -0.95105 -0.309037 0
    outer loop
      vertex -63 -50 10
      vertex -62.512 -51.5018 24
      vertex -63 -50 28
    endloop
  endfacet
  facet normal -0.951162 -0.308691 -0
    outer loop
      vertex -62.4271 -51.7634 28
      vertex -62.512 -51.5018 24
      vertex -62.4271 -51.7634 24
    endloop
  endfacet
  facet normal -0.951067 -0.308986 -2.13011e-05
    outer loop
      vertex -62.512 -51.5018 24
      vertex -62.4271 -51.7634 28
      vertex -63 -50 28
    endloop
  endfacet
  facet normal -0.951109 -0.308856 0
    outer loop
      vertex -62.9333 -50.2054 4
      vertex -63 -50 7
      vertex -63 -50 4
    endloop
  endfacet
  facet normal -0.951109 -0.308856 0
    outer loop
      vertex -63 -50 7
      vertex -62.9333 -50.2054 4
      vertex -62.9333 -50.2054 7
    endloop
  endfacet
  facet normal 0.58778 0.809021 -0
    outer loop
      vertex -57.5729 -48.2366 4
      vertex -59.0729 -47.1468 28
      vertex -57.5729 -48.2366 28
    endloop
  endfacet
  facet normal 0.58778 0.809021 0
    outer loop
      vertex -59.0729 -47.1468 28
      vertex -57.5729 -48.2366 4
      vertex -59.0729 -47.1468 4
    endloop
  endfacet
  facet normal 0.951067 0.308986 0
    outer loop
      vertex -57 -50 28
      vertex -57.5729 -48.2366 4
      vertex -57.5729 -48.2366 28
    endloop
  endfacet
  facet normal 0.951067 0.308986 0
    outer loop
      vertex -57.5729 -48.2366 4
      vertex -57 -50 28
      vertex -57 -50 4
    endloop
  endfacet
  facet normal 0 1 -0
    outer loop
      vertex -59.0729 -47.1468 4
      vertex -60.9271 -47.1468 28
      vertex -59.0729 -47.1468 28
    endloop
  endfacet
  facet normal 0 1 0
    outer loop
      vertex -60.9271 -47.1468 28
      vertex -59.0729 -47.1468 4
      vertex -60.9271 -47.1468 4
    endloop
  endfacet
  facet normal -0.58778 0.809021 -2.30841e-06
    outer loop
      vertex -60.9271 -47.1468 28
      vertex -61.4023 -47.4921 10
      vertex -62.4271 -48.2366 28
    endloop
  endfacet
  facet normal -0.587838 0.808979 0
    outer loop
      vertex -60.9271 -47.1468 4
      vertex -61.4023 -47.4921 10
      vertex -60.9271 -47.1468 28
    endloop
  endfacet
  facet normal -0.587838 0.808979 0
    outer loop
      vertex -61.4023 -47.4921 10
      vertex -60.9271 -47.1468 4
      vertex -61.4023 -47.4921 7
    endloop
  endfacet
  facet normal -0.58778 0.809021 1.38504e-05
    outer loop
      vertex -62.4271 -48.2366 4
      vertex -61.4023 -47.4921 7
      vertex -60.9271 -47.1468 4
    endloop
  endfacet
  facet normal -0.587754 0.80904 0
    outer loop
      vertex -61.4023 -47.4921 7
      vertex -62.4271 -48.2366 4
      vertex -62.4271 -48.2366 7
    endloop
  endfacet
  facet normal -0.587754 0.80904 0
    outer loop
      vertex -62.4271 -48.2366 28
      vertex -61.4023 -47.4921 10
      vertex -62.4271 -48.2366 10
    endloop
  endfacet
  facet normal 0 0 -1
    outer loop
      vertex -57.5729 48.2366 28
      vertex 57.5729 48.2366 28
      vertex -57.5729 -48.2366 28
    endloop
  endfacet
  facet normal 0 0 -1
    outer loop
      vertex 57.5729 48.2366 28
      vertex -57.5729 48.2366 28
      vertex -57 50 28
    endloop
  endfacet
  facet normal 0 0 -1
    outer loop
      vertex -59.0729 -47.1468 28
      vertex -57.5729 48.2366 28
      vertex -57.5729 -48.2366 28
    endloop
  endfacet
  facet normal 0 0 -1
    outer loop
      vertex -59.0729 -47.1468 28
      vertex -59.0729 47.1468 28
      vertex -57.5729 48.2366 28
    endloop
  endfacet
  facet normal 0 0 -1
    outer loop
      vertex -60.9271 -47.1468 28
      vertex -59.0729 47.1468 28
      vertex -59.0729 -47.1468 28
    endloop
  endfacet
  facet normal 0 0 -1
    outer loop
      vertex -60.9271 -47.1468 28
      vertex -60.9271 47.1468 28
      vertex -59.0729 47.1468 28
    endloop
  endfacet
  facet normal 0 0 -1
    outer loop
      vertex -62.4271 -48.2366 28
      vertex -60.9271 47.1468 28
      vertex -60.9271 -47.1468 28
    endloop
  endfacet
  facet normal 0 0 -1
    outer loop
      vertex -62.4271 -48.2366 28
      vertex -62.4271 48.2366 28
      vertex -60.9271 47.1468 28
    endloop
  endfacet
  facet normal 0 0 -1
    outer loop
      vertex -68.4 -57.4 28
      vertex -62.4271 -48.2366 28
      vertex -63 -50 28
    endloop
  endfacet
  facet normal -0 0 -1
    outer loop
      vertex -62.4271 -48.2366 28
      vertex -68.4 -57.4 28
      vertex -62.4271 48.2366 28
    endloop
  endfacet
  facet normal 0 0 -1
    outer loop
      vertex 62.4271 48.2366 28
      vertex 68.4 57.4 28
      vertex 62.4271 -48.2366 28
    endloop
  endfacet
  facet normal 0 0 -1
    outer loop
      vertex 68.4 57.4 28
      vertex 62.4271 48.2366 28
      vertex 63 50 28
    endloop
  endfacet
  facet normal 0 0 -1
    outer loop
      vertex 60.9271 -47.1468 28
      vertex 62.4271 48.2366 28
      vertex 62.4271 -48.2366 28
    endloop
  endfacet
  facet normal 0 0 -1
    outer loop
      vertex 60.9271 -47.1468 28
      vertex 60.9271 47.1468 28
      vertex 62.4271 48.2366 28
    endloop
  endfacet
  facet normal 0 0 -1
    outer loop
      vertex 59.0729 -47.1468 28
      vertex 60.9271 47.1468 28
      vertex 60.9271 -47.1468 28
    endloop
  endfacet
  facet normal 0 0 -1
    outer loop
      vertex 59.0729 -47.1468 28
      vertex 59.0729 47.1468 28
      vertex 60.9271 47.1468 28
    endloop
  endfacet
  facet normal 0 0 -1
    outer loop
      vertex 57.5729 -48.2366 28
      vertex 59.0729 47.1468 28
      vertex 59.0729 -47.1468 28
    endloop
  endfacet
  facet normal 0 0 -1
    outer loop
      vertex 57.5729 -48.2366 28
      vertex 57.5729 48.2366 28
      vertex 59.0729 47.1468 28
    endloop
  endfacet
  facet normal 0 0 -1
    outer loop
      vertex -57 -50 28
      vertex 57.5729 -48.2366 28
      vertex 57 -50 28
    endloop
  endfacet
  facet normal 0 0 -1
    outer loop
      vertex -57.5729 -48.2366 28
      vertex 57.5729 -48.2366 28
      vertex -57 -50 28
    endloop
  endfacet
  facet normal 0 0 -1
    outer loop
      vertex 62.4271 -48.2366 28
      vertex 68.4 -57.4 28
      vertex 63 -50 28
    endloop
  endfacet
  facet normal 0 0 -1
    outer loop
      vertex 68.4 -57.4 28
      vertex 62.4271 -51.7634 28
      vertex 63 -50 28
    endloop
  endfacet
  facet normal 0 0 -1
    outer loop
      vertex 68.4 -57.4 28
      vertex 60.9271 -52.8532 28
      vertex 62.4271 -51.7634 28
    endloop
  endfacet
  facet normal 0 0 -1
    outer loop
      vertex 68.4 -57.4 28
      vertex 59.0729 -52.8532 28
      vertex 60.9271 -52.8532 28
    endloop
  endfacet
  facet normal 0 0 -1
    outer loop
      vertex 57.5729 -48.2366 28
      vertex -57.5729 -48.2366 28
      vertex 57.5729 48.2366 28
    endloop
  endfacet
  facet normal 0 0 -1
    outer loop
      vertex 57.5729 -51.7634 28
      vertex -57 -50 28
      vertex 57 -50 28
    endloop
  endfacet
  facet normal 0 0 -1
    outer loop
      vertex -57.5729 -51.7634 28
      vertex 57.5729 -51.7634 28
      vertex 59.0729 -52.8532 28
    endloop
  endfacet
  facet normal 0 0 -1
    outer loop
      vertex -59.0729 -52.8532 28
      vertex 59.0729 -52.8532 28
      vertex 68.4 -57.4 28
    endloop
  endfacet
  facet normal 0 0 -1
    outer loop
      vertex 57.5729 -51.7634 28
      vertex -57.5729 -51.7634 28
      vertex -57 -50 28
    endloop
  endfacet
  facet normal 0 0 -1
    outer loop
      vertex 59.0729 -52.8532 28
      vertex -59.0729 -52.8532 28
      vertex -57.5729 -51.7634 28
    endloop
  endfacet
  facet normal 0 0 -1
    outer loop
      vertex -68.4 -57.4 28
      vertex -59.0729 -52.8532 28
      vertex 68.4 -57.4 28
    endloop
  endfacet
  facet normal 0 0 -1
    outer loop
      vertex -68.4 57.4 28
      vertex -62.4271 48.2366 28
      vertex -68.4 -57.4 28
    endloop
  endfacet
  facet normal -0 0 -1
    outer loop
      vertex -62.4271 -51.7634 28
      vertex -68.4 -57.4 28
      vertex -63 -50 28
    endloop
  endfacet
  facet normal -0 0 -1
    outer loop
      vertex -60.9271 -52.8532 28
      vertex -68.4 -57.4 28
      vertex -62.4271 -51.7634 28
    endloop
  endfacet
  facet normal -0 0 -1
    outer loop
      vertex -59.0729 -52.8532 28
      vertex -68.4 -57.4 28
      vertex -60.9271 -52.8532 28
    endloop
  endfacet
  facet normal 0 0 -1
    outer loop
      vertex 68.4 -57.4 28
      vertex 62.4271 -48.2366 28
      vertex 68.4 57.4 28
    endloop
  endfacet
  facet normal 0 0 -1
    outer loop
      vertex 62.4271 51.7634 28
      vertex 68.4 57.4 28
      vertex 63 50 28
    endloop
  endfacet
  facet normal 0 0 -1
    outer loop
      vertex 60.9271 52.8532 28
      vertex 68.4 57.4 28
      vertex 62.4271 51.7634 28
    endloop
  endfacet
  facet normal 0 0 -1
    outer loop
      vertex 59.0729 52.8532 28
      vertex 68.4 57.4 28
      vertex 60.9271 52.8532 28
    endloop
  endfacet
  facet normal 0 0 -1
    outer loop
      vertex 57.5729 48.2366 28
      vertex -57 50 28
      vertex 57 50 28
    endloop
  endfacet
  facet normal 0 0 -1
    outer loop
      vertex 57 50 28
      vertex -57 50 28
      vertex 57.5729 51.7634 28
    endloop
  endfacet
  facet normal 0 0 -1
    outer loop
      vertex -57.5729 51.7634 28
      vertex 57.5729 51.7634 28
      vertex -57 50 28
    endloop
  endfacet
  facet normal 0 0 -1
    outer loop
      vertex 57.5729 51.7634 28
      vertex -57.5729 51.7634 28
      vertex 59.0729 52.8532 28
    endloop
  endfacet
  facet normal 0 0 -1
    outer loop
      vertex -59.0729 52.8532 28
      vertex 59.0729 52.8532 28
      vertex -57.5729 51.7634 28
    endloop
  endfacet
  facet normal 0 0 -1
    outer loop
      vertex 59.0729 52.8532 28
      vertex -59.0729 52.8532 28
      vertex 68.4 57.4 28
    endloop
  endfacet
  facet normal 0 0 -1
    outer loop
      vertex -68.4 57.4 28
      vertex -59.0729 52.8532 28
      vertex -60.9271 52.8532 28
    endloop
  endfacet
  facet normal 0 0 -1
    outer loop
      vertex -59.0729 52.8532 28
      vertex -68.4 57.4 28
      vertex 68.4 57.4 28
    endloop
  endfacet
  facet normal 0 0 -1
    outer loop
      vertex -62.4271 51.7634 28
      vertex -68.4 57.4 28
      vertex -60.9271 52.8532 28
    endloop
  endfacet
  facet normal 0 0 -1
    outer loop
      vertex -63 50 28
      vertex -68.4 57.4 28
      vertex -62.4271 51.7634 28
    endloop
  endfacet
  facet normal 0 0 -1
    outer loop
      vertex -62.4271 48.2366 28
      vertex -68.4 57.4 28
      vertex -63 50 28
    endloop
  endfacet
  facet normal 0.951057 -0.309015 0
    outer loop
      vertex -57 -50 28
      vertex -57.4646 -51.4299 10
      vertex -57 -50 4
    endloop
  endfacet
  facet normal 0.951067 -0.308986 -2.57473e-06
    outer loop
      vertex -57.5729 -51.7634 28
      vertex -57.4646 -51.4299 10
      vertex -57 -50 28
    endloop
  endfacet
  facet normal 0.951107 -0.30886 0
    outer loop
      vertex -57.4646 -51.4299 10
      vertex -57.5729 -51.7634 28
      vertex -57.5729 -51.7634 10
    endloop
  endfacet
  facet normal 0.951057 -0.309015 0
    outer loop
      vertex -57.4646 -51.4299 7
      vertex -57 -50 4
      vertex -57.4646 -51.4299 10
    endloop
  endfacet
  facet normal 0.951107 -0.30886 0
    outer loop
      vertex -57.5729 -51.7634 4
      vertex -57.4646 -51.4299 7
      vertex -57.5729 -51.7634 7
    endloop
  endfacet
  facet normal 0.951067 -0.308986 1.54484e-05
    outer loop
      vertex -57.4646 -51.4299 7
      vertex -57.5729 -51.7634 4
      vertex -57 -50 4
    endloop
  endfacet
  facet normal -0.58778 -0.809021 0
    outer loop
      vertex -62.4271 -51.7634 24
      vertex -60.9271 -52.8532 28
      vertex -62.4271 -51.7634 28
    endloop
  endfacet
  facet normal -0.58778 -0.809021 -0
    outer loop
      vertex -60.9271 -52.8532 28
      vertex -62.4271 -51.7634 24
      vertex -60.9271 -52.8532 24
    endloop
  endfacet
  facet normal 0 -1 0
    outer loop
      vertex -60.2839 -52.8532 4
      vertex -59.0729 -52.8532 7
      vertex -60.2839 -52.8532 7
    endloop
  endfacet
  facet normal 0 -1 -0
    outer loop
      vertex -59.0729 -52.8532 7
      vertex -60.2839 -52.8532 4
      vertex -59.0729 -52.8532 4
    endloop
  endfacet
  facet normal 0 -1 0
    outer loop
      vertex -60.9271 -52.8532 24
      vertex -59.0729 -52.8532 28
      vertex -60.9271 -52.8532 28
    endloop
  endfacet
  facet normal 0 -1 -0
    outer loop
      vertex -59.0729 -52.8532 28
      vertex -60.9271 -52.8532 24
      vertex -59.0729 -52.8532 24
    endloop
  endfacet
  facet normal 0.58778 -0.809021 0
    outer loop
      vertex -59.0729 -52.8532 4
      vertex -57.5729 -51.7634 7
      vertex -59.0729 -52.8532 7
    endloop
  endfacet
  facet normal 0.58778 -0.809021 0
    outer loop
      vertex -57.5729 -51.7634 7
      vertex -59.0729 -52.8532 4
      vertex -57.5729 -51.7634 4
    endloop
  endfacet
  facet normal 0.587863 -0.80896 0
    outer loop
      vertex -58.4337 -52.3887 24
      vertex -59.0729 -52.8532 28
      vertex -59.0729 -52.8532 24
    endloop
  endfacet
  facet normal 0.58778 -0.809021 -2.02039e-05
    outer loop
      vertex -59.0729 -52.8532 28
      vertex -58.4337 -52.3887 24
      vertex -57.5729 -51.7634 28
    endloop
  endfacet
  facet normal 0.587719 -0.809065 0
    outer loop
      vertex -57.5729 -51.7634 10
      vertex -58.4337 -52.3887 24
      vertex -58.4337 -52.3887 10
    endloop
  endfacet
  facet normal 0.587719 -0.809065 0
    outer loop
      vertex -58.4337 -52.3887 24
      vertex -57.5729 -51.7634 10
      vertex -57.5729 -51.7634 28
    endloop
  endfacet
  facet normal -0.951067 0.308986 0
    outer loop
      vertex -63 -50 10
      vertex -62.4271 -48.2366 28
      vertex -62.4271 -48.2366 10
    endloop
  endfacet
  facet normal -0.951067 0.308986 0
    outer loop
      vertex -62.4271 -48.2366 28
      vertex -63 -50 10
      vertex -63 -50 28
    endloop
  endfacet
  facet normal -0.951067 0.308986 0
    outer loop
      vertex -63 -50 4
      vertex -62.4271 -48.2366 7
      vertex -62.4271 -48.2366 4
    endloop
  endfacet
  facet normal -0.951067 0.308986 0
    outer loop
      vertex -62.4271 -48.2366 7
      vertex -63 -50 4
      vertex -63 -50 7
    endloop
  endfacet
  facet normal -0.951067 -0.308986 0
    outer loop
      vertex -62.4271 48.2366 10
      vertex -63 50 28
      vertex -63 50 10
    endloop
  endfacet
  facet normal -0.951067 -0.308986 0
    outer loop
      vertex -63 50 28
      vertex -62.4271 48.2366 10
      vertex -62.4271 48.2366 28
    endloop
  endfacet
  facet normal -0.951067 -0.308986 0
    outer loop
      vertex -62.4271 48.2366 4
      vertex -63 50 7
      vertex -63 50 4
    endloop
  endfacet
  facet normal -0.951067 -0.308986 0
    outer loop
      vertex -63 50 7
      vertex -62.4271 48.2366 4
      vertex -62.4271 48.2366 7
    endloop
  endfacet
  facet normal 0.58778 0.809021 -0
    outer loop
      vertex -57.5729 51.7634 4
      vertex -59.0729 52.8532 7
      vertex -57.5729 51.7634 7
    endloop
  endfacet
  facet normal 0.58778 0.809021 0
    outer loop
      vertex -59.0729 52.8532 7
      vertex -57.5729 51.7634 4
      vertex -59.0729 52.8532 4
    endloop
  endfacet
  facet normal 0.58778 0.809021 -2.02039e-05
    outer loop
      vertex -57.5729 51.7634 28
      vertex -58.4337 52.3887 24
      vertex -59.0729 52.8532 28
    endloop
  endfacet
  facet normal 0.587719 0.809065 -0
    outer loop
      vertex -57.5729 51.7634 10
      vertex -58.4337 52.3887 24
      vertex -57.5729 51.7634 28
    endloop
  endfacet
  facet normal 0.587719 0.809065 0
    outer loop
      vertex -58.4337 52.3887 24
      vertex -57.5729 51.7634 10
      vertex -58.4337 52.3887 10
    endloop
  endfacet
  facet normal 0.587863 0.80896 0
    outer loop
      vertex -59.0729 52.8532 28
      vertex -58.4337 52.3887 24
      vertex -59.0729 52.8532 24
    endloop
  endfacet
  facet normal 0.951107 0.30886 0
    outer loop
      vertex -57.5729 51.7634 28
      vertex -57.4646 51.4299 10
      vertex -57.5729 51.7634 10
    endloop
  endfacet
  facet normal 0.951057 0.309015 -0
    outer loop
      vertex -57 50 4
      vertex -57.4646 51.4299 10
      vertex -57 50 28
    endloop
  endfacet
  facet normal 0.951067 0.308986 -2.57473e-06
    outer loop
      vertex -57 50 28
      vertex -57.4646 51.4299 10
      vertex -57.5729 51.7634 28
    endloop
  endfacet
  facet normal 0.951107 0.30886 0
    outer loop
      vertex -57.4646 51.4299 7
      vertex -57.5729 51.7634 4
      vertex -57.5729 51.7634 7
    endloop
  endfacet
  facet normal 0.951067 0.308986 1.54484e-05
    outer loop
      vertex -57.4646 51.4299 7
      vertex -57 50 4
      vertex -57.5729 51.7634 4
    endloop
  endfacet
  facet normal 0.951057 0.309015 0
    outer loop
      vertex -57.4646 51.4299 10
      vertex -57 50 4
      vertex -57.4646 51.4299 7
    endloop
  endfacet
  facet normal 0 1 -0
    outer loop
      vertex -59.0729 52.8532 4
      vertex -60.2839 52.8532 7
      vertex -59.0729 52.8532 7
    endloop
  endfacet
  facet normal 0 1 0
    outer loop
      vertex -60.2839 52.8532 7
      vertex -59.0729 52.8532 4
      vertex -60.2839 52.8532 4
    endloop
  endfacet
  facet normal 0 1 -0
    outer loop
      vertex -59.0729 52.8532 24
      vertex -60.9271 52.8532 28
      vertex -59.0729 52.8532 28
    endloop
  endfacet
  facet normal 0 1 0
    outer loop
      vertex -60.9271 52.8532 28
      vertex -59.0729 52.8532 24
      vertex -60.9271 52.8532 24
    endloop
  endfacet
  facet normal 0.951067 -0.308986 0
    outer loop
      vertex -57.5729 48.2366 28
      vertex -57 50 4
      vertex -57 50 28
    endloop
  endfacet
  facet normal 0.951067 -0.308986 0
    outer loop
      vertex -57 50 4
      vertex -57.5729 48.2366 28
      vertex -57.5729 48.2366 4
    endloop
  endfacet
  facet normal -0.58778 0.809021 0
    outer loop
      vertex -60.9271 52.8532 24
      vertex -62.4271 51.7634 28
      vertex -60.9271 52.8532 28
    endloop
  endfacet
  facet normal -0.58778 0.809021 0
    outer loop
      vertex -62.4271 51.7634 28
      vertex -60.9271 52.8532 24
      vertex -62.4271 51.7634 24
    endloop
  endfacet
  facet normal -0.587754 -0.80904 -0
    outer loop
      vertex -62.4271 48.2366 7
      vertex -62.4271 48.2366 4
      vertex -61.4023 47.4921 7
    endloop
  endfacet
  facet normal -0.587754 -0.80904 0
    outer loop
      vertex -61.4023 47.4921 10
      vertex -62.4271 48.2366 28
      vertex -62.4271 48.2366 10
    endloop
  endfacet
  facet normal -0.58778 -0.809021 -2.30841e-06
    outer loop
      vertex -62.4271 48.2366 28
      vertex -61.4023 47.4921 10
      vertex -60.9271 47.1468 28
    endloop
  endfacet
  facet normal -0.587838 -0.808979 0
    outer loop
      vertex -60.9271 47.1468 4
      vertex -61.4023 47.4921 10
      vertex -61.4023 47.4921 7
    endloop
  endfacet
  facet normal -0.587838 -0.808979 0
    outer loop
      vertex -61.4023 47.4921 10
      vertex -60.9271 47.1468 4
      vertex -60.9271 47.1468 28
    endloop
  endfacet
  facet normal -0.58778 -0.809021 1.38504e-05
    outer loop
      vertex -60.9271 47.1468 4
      vertex -61.4023 47.4921 7
      vertex -62.4271 48.2366 4
    endloop
  endfacet
  facet normal 0 -1 0
    outer loop
      vertex -60.9271 47.1468 4
      vertex -59.0729 47.1468 28
      vertex -60.9271 47.1468 28
    endloop
  endfacet
  facet normal 0 -1 -0
    outer loop
      vertex -59.0729 47.1468 28
      vertex -60.9271 47.1468 4
      vertex -59.0729 47.1468 4
    endloop
  endfacet
  facet normal 0.58778 -0.809021 0
    outer loop
      vertex -59.0729 47.1468 4
      vertex -57.5729 48.2366 28
      vertex -59.0729 47.1468 28
    endloop
  endfacet
  facet normal 0.58778 -0.809021 0
    outer loop
      vertex -57.5729 48.2366 28
      vertex -59.0729 47.1468 4
      vertex -57.5729 48.2366 4
    endloop
  endfacet
  facet normal -0.95105 0.309037 0
    outer loop
      vertex -62.512 51.5018 10
      vertex -63 50 10
      vertex -62.512 51.5018 24
    endloop
  endfacet
  facet normal -0.951162 0.308691 0
    outer loop
      vertex -62.512 51.5018 24
      vertex -62.4271 51.7634 28
      vertex -62.4271 51.7634 24
    endloop
  endfacet
  facet normal -0.95105 0.309037 0
    outer loop
      vertex -63 50 28
      vertex -62.512 51.5018 24
      vertex -63 50 10
    endloop
  endfacet
  facet normal -0.951067 0.308986 -2.13011e-05
    outer loop
      vertex -62.512 51.5018 24
      vertex -63 50 28
      vertex -62.4271 51.7634 28
    endloop
  endfacet
  facet normal -0.951109 0.308856 0
    outer loop
      vertex -63 50 4
      vertex -62.9333 50.2054 7
      vertex -62.9333 50.2054 4
    endloop
  endfacet
  facet normal -0.951109 0.308856 0
    outer loop
      vertex -62.9333 50.2054 7
      vertex -63 50 4
      vertex -63 50 7
    endloop
  endfacet
  facet normal -0.951067 0.308986 0
    outer loop
      vertex 57 -50 4
      vertex 57.5729 -48.2366 28
      vertex 57.5729 -48.2366 4
    endloop
  endfacet
  facet normal -0.951067 0.308986 0
    outer loop
      vertex 57.5729 -48.2366 28
      vertex 57 -50 4
      vertex 57 -50 28
    endloop
  endfacet
  facet normal -0.58778 -0.809021 0
    outer loop
      vertex 57.5729 -51.7634 4
      vertex 59.0729 -52.8532 7
      vertex 57.5729 -51.7634 7
    endloop
  endfacet
  facet normal -0.58778 -0.809021 -0
    outer loop
      vertex 59.0729 -52.8532 7
      vertex 57.5729 -51.7634 4
      vertex 59.0729 -52.8532 4
    endloop
  endfacet
  facet normal -0.58778 -0.809021 -2.02039e-05
    outer loop
      vertex 57.5729 -51.7634 28
      vertex 58.4337 -52.3887 24
      vertex 59.0729 -52.8532 28
    endloop
  endfacet
  facet normal -0.587719 -0.809065 0
    outer loop
      vertex 57.5729 -51.7634 10
      vertex 58.4337 -52.3887 24
      vertex 57.5729 -51.7634 28
    endloop
  endfacet
  facet normal -0.587719 -0.809065 -0
    outer loop
      vertex 58.4337 -52.3887 24
      vertex 57.5729 -51.7634 10
      vertex 58.4337 -52.3887 10
    endloop
  endfacet
  facet normal -0.587863 -0.80896 -0
    outer loop
      vertex 59.0729 -52.8532 28
      vertex 58.4337 -52.3887 24
      vertex 59.0729 -52.8532 24
    endloop
  endfacet
  facet normal 0.587754 0.80904 0
    outer loop
      vertex 62.4271 -48.2366 7
      vertex 62.4271 -48.2366 4
      vertex 61.4023 -47.4921 7
    endloop
  endfacet
  facet normal 0.587754 0.80904 0
    outer loop
      vertex 61.4023 -47.4921 10
      vertex 62.4271 -48.2366 28
      vertex 62.4271 -48.2366 10
    endloop
  endfacet
  facet normal 0.58778 0.809021 -2.30841e-06
    outer loop
      vertex 62.4271 -48.2366 28
      vertex 61.4023 -47.4921 10
      vertex 60.9271 -47.1468 28
    endloop
  endfacet
  facet normal 0.587838 0.808979 0
    outer loop
      vertex 60.9271 -47.1468 4
      vertex 61.4023 -47.4921 10
      vertex 61.4023 -47.4921 7
    endloop
  endfacet
  facet normal 0.587838 0.808979 0
    outer loop
      vertex 61.4023 -47.4921 10
      vertex 60.9271 -47.1468 4
      vertex 60.9271 -47.1468 28
    endloop
  endfacet
  facet normal 0.58778 0.809021 1.38504e-05
    outer loop
      vertex 60.9271 -47.1468 4
      vertex 61.4023 -47.4921 7
      vertex 62.4271 -48.2366 4
    endloop
  endfacet
  facet normal 0.951067 0.308986 0
    outer loop
      vertex 63 -50 7
      vertex 62.4271 -48.2366 4
      vertex 62.4271 -48.2366 7
    endloop
  endfacet
  facet normal 0.951067 0.308986 0
    outer loop
      vertex 62.4271 -48.2366 4
      vertex 63 -50 7
      vertex 63 -50 4
    endloop
  endfacet
  facet normal 0.951067 0.308986 0
    outer loop
      vertex 63 -50 28
      vertex 62.4271 -48.2366 10
      vertex 62.4271 -48.2366 28
    endloop
  endfacet
  facet normal 0.951067 0.308986 0
    outer loop
      vertex 62.4271 -48.2366 10
      vertex 63 -50 28
      vertex 63 -50 10
    endloop
  endfacet
  facet normal 0 1 -0
    outer loop
      vertex 60.9271 -47.1468 4
      vertex 59.0729 -47.1468 28
      vertex 60.9271 -47.1468 28
    endloop
  endfacet
  facet normal 0 1 0
    outer loop
      vertex 59.0729 -47.1468 28
      vertex 60.9271 -47.1468 4
      vertex 59.0729 -47.1468 4
    endloop
  endfacet
  facet normal 0.58778 -0.809021 0
    outer loop
      vertex 60.9271 -52.8532 24
      vertex 62.4271 -51.7634 28
      vertex 60.9271 -52.8532 28
    endloop
  endfacet
  facet normal 0.58778 -0.809021 0
    outer loop
      vertex 62.4271 -51.7634 28
      vertex 60.9271 -52.8532 24
      vertex 62.4271 -51.7634 24
    endloop
  endfacet
  facet normal 0 -1 0
    outer loop
      vertex 59.0729 -52.8532 4
      vertex 60.2839 -52.8532 7
      vertex 59.0729 -52.8532 7
    endloop
  endfacet
  facet normal 0 -1 -0
    outer loop
      vertex 60.2839 -52.8532 7
      vertex 59.0729 -52.8532 4
      vertex 60.2839 -52.8532 4
    endloop
  endfacet
  facet normal 0 -1 0
    outer loop
      vertex 59.0729 -52.8532 24
      vertex 60.9271 -52.8532 28
      vertex 59.0729 -52.8532 28
    endloop
  endfacet
  facet normal 0 -1 -0
    outer loop
      vertex 60.9271 -52.8532 28
      vertex 59.0729 -52.8532 24
      vertex 60.9271 -52.8532 24
    endloop
  endfacet
  facet normal -0.58778 0.809021 0
    outer loop
      vertex 59.0729 -47.1468 4
      vertex 57.5729 -48.2366 28
      vertex 59.0729 -47.1468 28
    endloop
  endfacet
  facet normal -0.58778 0.809021 0
    outer loop
      vertex 57.5729 -48.2366 28
      vertex 59.0729 -47.1468 4
      vertex 57.5729 -48.2366 4
    endloop
  endfacet
  facet normal 0.95105 -0.309037 0
    outer loop
      vertex 63 -50 28
      vertex 62.512 -51.5018 24
      vertex 63 -50 10
    endloop
  endfacet
  facet normal 0.951067 -0.308986 -2.13011e-05
    outer loop
      vertex 62.4271 -51.7634 28
      vertex 62.512 -51.5018 24
      vertex 63 -50 28
    endloop
  endfacet
  facet normal 0.951162 -0.308691 0
    outer loop
      vertex 62.512 -51.5018 24
      vertex 62.4271 -51.7634 28
      vertex 62.4271 -51.7634 24
    endloop
  endfacet
  facet normal 0.95105 -0.309037 0
    outer loop
      vertex 63 -50 10
      vertex 62.512 -51.5018 24
      vertex 62.512 -51.5018 10
    endloop
  endfacet
  facet normal 0.951109 -0.308856 0
    outer loop
      vertex 62.9333 -50.2054 7
      vertex 63 -50 4
      vertex 63 -50 7
    endloop
  endfacet
  facet normal 0.951109 -0.308856 0
    outer loop
      vertex 63 -50 4
      vertex 62.9333 -50.2054 7
      vertex 62.9333 -50.2054 4
    endloop
  endfacet
  facet normal -0.951057 -0.309015 -0
    outer loop
      vertex 57.4646 -51.4299 10
      vertex 57 -50 4
      vertex 57.4646 -51.4299 7
    endloop
  endfacet
  facet normal -0.951067 -0.308986 1.54484e-05
    outer loop
      vertex 57.5729 -51.7634 4
      vertex 57.4646 -51.4299 7
      vertex 57 -50 4
    endloop
  endfacet
  facet normal -0.951107 -0.30886 0
    outer loop
      vertex 57.4646 -51.4299 7
      vertex 57.5729 -51.7634 4
      vertex 57.5729 -51.7634 7
    endloop
  endfacet
  facet normal -0.951057 -0.309015 0
    outer loop
      vertex 57 -50 4
      vertex 57.4646 -51.4299 10
      vertex 57 -50 28
    endloop
  endfacet
  facet normal -0.951107 -0.30886 -0
    outer loop
      vertex 57.5729 -51.7634 28
      vertex 57.4646 -51.4299 10
      vertex 57.5729 -51.7634 10
    endloop
  endfacet
  facet normal -0.951067 -0.308986 -2.57473e-06
    outer loop
      vertex 57.4646 -51.4299 10
      vertex 57.5729 -51.7634 28
      vertex 57 -50 28
    endloop
  endfacet
  facet normal -0.951107 0.30886 0
    outer loop
      vertex 57.5729 51.7634 4
      vertex 57.4646 51.4299 7
      vertex 57.5729 51.7634 7
    endloop
  endfacet
  facet normal -0.951057 0.309015 0
    outer loop
      vertex 57.4646 51.4299 7
      vertex 57 50 4
      vertex 57.4646 51.4299 10
    endloop
  endfacet
  facet normal -0.951067 0.308986 1.54484e-05
    outer loop
      vertex 57 50 4
      vertex 57.4646 51.4299 7
      vertex 57.5729 51.7634 4
    endloop
  endfacet
  facet normal -0.951107 0.30886 0
    outer loop
      vertex 57.4646 51.4299 10
      vertex 57.5729 51.7634 28
      vertex 57.5729 51.7634 10
    endloop
  endfacet
  facet normal -0.951057 0.309015 0
    outer loop
      vertex 57 50 28
      vertex 57.4646 51.4299 10
      vertex 57 50 4
    endloop
  endfacet
  facet normal -0.951067 0.308986 -2.57473e-06
    outer loop
      vertex 57.4646 51.4299 10
      vertex 57 50 28
      vertex 57.5729 51.7634 28
    endloop
  endfacet
  facet normal -0.58778 -0.809021 0
    outer loop
      vertex 57.5729 48.2366 4
      vertex 59.0729 47.1468 28
      vertex 57.5729 48.2366 28
    endloop
  endfacet
  facet normal -0.58778 -0.809021 -0
    outer loop
      vertex 59.0729 47.1468 28
      vertex 57.5729 48.2366 4
      vertex 59.0729 47.1468 4
    endloop
  endfacet
  facet normal 0.58778 0.809021 -0
    outer loop
      vertex 62.4271 51.7634 24
      vertex 60.9271 52.8532 28
      vertex 62.4271 51.7634 28
    endloop
  endfacet
  facet normal 0.58778 0.809021 0
    outer loop
      vertex 60.9271 52.8532 28
      vertex 62.4271 51.7634 24
      vertex 60.9271 52.8532 24
    endloop
  endfacet
  facet normal 0.951162 0.308691 0
    outer loop
      vertex 62.4271 51.7634 28
      vertex 62.512 51.5018 24
      vertex 62.4271 51.7634 24
    endloop
  endfacet
  facet normal 0.951067 0.308986 -2.13011e-05
    outer loop
      vertex 63 50 28
      vertex 62.512 51.5018 24
      vertex 62.4271 51.7634 28
    endloop
  endfacet
  facet normal 0.95105 0.309037 -0
    outer loop
      vertex 63 50 10
      vertex 62.512 51.5018 24
      vertex 63 50 28
    endloop
  endfacet
  facet normal 0.95105 0.309037 0
    outer loop
      vertex 62.512 51.5018 24
      vertex 63 50 10
      vertex 62.512 51.5018 10
    endloop
  endfacet
  facet normal 0.951109 0.308856 0
    outer loop
      vertex 63 50 7
      vertex 62.9333 50.2054 4
      vertex 62.9333 50.2054 7
    endloop
  endfacet
  facet normal 0.951109 0.308856 0
    outer loop
      vertex 62.9333 50.2054 4
      vertex 63 50 7
      vertex 63 50 4
    endloop
  endfacet
  facet normal 0 1 -0
    outer loop
      vertex 60.2839 52.8532 4
      vertex 59.0729 52.8532 7
      vertex 60.2839 52.8532 7
    endloop
  endfacet
  facet normal 0 1 0
    outer loop
      vertex 59.0729 52.8532 7
      vertex 60.2839 52.8532 4
      vertex 59.0729 52.8532 4
    endloop
  endfacet
  facet normal 0 1 -0
    outer loop
      vertex 60.9271 52.8532 24
      vertex 59.0729 52.8532 28
      vertex 60.9271 52.8532 28
    endloop
  endfacet
  facet normal 0 1 0
    outer loop
      vertex 59.0729 52.8532 28
      vertex 60.9271 52.8532 24
      vertex 59.0729 52.8532 24
    endloop
  endfacet
  facet normal 0.58778 -0.809021 -2.30841e-06
    outer loop
      vertex 60.9271 47.1468 28
      vertex 61.4023 47.4921 10
      vertex 62.4271 48.2366 28
    endloop
  endfacet
  facet normal 0.587838 -0.808979 0
    outer loop
      vertex 60.9271 47.1468 4
      vertex 61.4023 47.4921 10
      vertex 60.9271 47.1468 28
    endloop
  endfacet
  facet normal 0.587838 -0.808979 0
    outer loop
      vertex 61.4023 47.4921 10
      vertex 60.9271 47.1468 4
      vertex 61.4023 47.4921 7
    endloop
  endfacet
  facet normal 0.58778 -0.809021 1.38504e-05
    outer loop
      vertex 62.4271 48.2366 4
      vertex 61.4023 47.4921 7
      vertex 60.9271 47.1468 4
    endloop
  endfacet
  facet normal 0.587754 -0.80904 0
    outer loop
      vertex 61.4023 47.4921 7
      vertex 62.4271 48.2366 4
      vertex 62.4271 48.2366 7
    endloop
  endfacet
  facet normal 0.587754 -0.80904 0
    outer loop
      vertex 62.4271 48.2366 28
      vertex 61.4023 47.4921 10
      vertex 62.4271 48.2366 10
    endloop
  endfacet
  facet normal 0 -1 0
    outer loop
      vertex 59.0729 47.1468 4
      vertex 60.9271 47.1468 28
      vertex 59.0729 47.1468 28
    endloop
  endfacet
  facet normal 0 -1 -0
    outer loop
      vertex 60.9271 47.1468 28
      vertex 59.0729 47.1468 4
      vertex 60.9271 47.1468 4
    endloop
  endfacet
  facet normal -0.58778 0.809021 0
    outer loop
      vertex 59.0729 52.8532 4
      vertex 57.5729 51.7634 7
      vertex 59.0729 52.8532 7
    endloop
  endfacet
  facet normal -0.58778 0.809021 0
    outer loop
      vertex 57.5729 51.7634 7
      vertex 59.0729 52.8532 4
      vertex 57.5729 51.7634 4
    endloop
  endfacet
  facet normal -0.587863 0.80896 0
    outer loop
      vertex 58.4337 52.3887 24
      vertex 59.0729 52.8532 28
      vertex 59.0729 52.8532 24
    endloop
  endfacet
  facet normal -0.58778 0.809021 -2.02039e-05
    outer loop
      vertex 59.0729 52.8532 28
      vertex 58.4337 52.3887 24
      vertex 57.5729 51.7634 28
    endloop
  endfacet
  facet normal -0.587719 0.809065 0
    outer loop
      vertex 57.5729 51.7634 10
      vertex 58.4337 52.3887 24
      vertex 58.4337 52.3887 10
    endloop
  endfacet
  facet normal -0.587719 0.809065 0
    outer loop
      vertex 58.4337 52.3887 24
      vertex 57.5729 51.7634 10
      vertex 57.5729 51.7634 28
    endloop
  endfacet
  facet normal 0.951067 -0.308986 0
    outer loop
      vertex 62.4271 48.2366 28
      vertex 63 50 10
      vertex 63 50 28
    endloop
  endfacet
  facet normal 0.951067 -0.308986 0
    outer loop
      vertex 63 50 10
      vertex 62.4271 48.2366 28
      vertex 62.4271 48.2366 10
    endloop
  endfacet
  facet normal 0.951067 -0.308986 0
    outer loop
      vertex 62.4271 48.2366 7
      vertex 63 50 4
      vertex 63 50 7
    endloop
  endfacet
  facet normal 0.951067 -0.308986 0
    outer loop
      vertex 63 50 4
      vertex 62.4271 48.2366 7
      vertex 62.4271 48.2366 4
    endloop
  endfacet
  facet normal -0.951067 -0.308986 0
    outer loop
      vertex 57.5729 48.2366 4
      vertex 57 50 28
      vertex 57 50 4
    endloop
  endfacet
  facet normal -0.951067 -0.308986 0
    outer loop
      vertex 57 50 28
      vertex 57.5729 48.2366 4
      vertex 57.5729 48.2366 28
    endloop
  endfacet
  facet normal -1 0 0
    outer loop
      vertex -68.4 57.4 28
      vertex -68.4 12.647 29
      vertex -68.4 57.4 29
    endloop
  endfacet
  facet normal -1 0 0
    outer loop
      vertex -68.4 12.647 29
      vertex -68.4 -12.647 29
      vertex -68.4 12.647 30
    endloop
  endfacet
  facet normal -1 0 0
    outer loop
      vertex -68.4 57.4 28
      vertex -68.4 -12.647 29
      vertex -68.4 12.647 29
    endloop
  endfacet
  facet normal -1 0 0
    outer loop
      vertex -68.4 -57.4 28
      vertex -68.4 -12.647 29
      vertex -68.4 57.4 28
    endloop
  endfacet
  facet normal -1 -0 0
    outer loop
      vertex -68.4 -12.647 29
      vertex -68.4 -57.4 28
      vertex -68.4 -57.4 29
    endloop
  endfacet
  facet normal -1 -0 0
    outer loop
      vertex -68.4 12.647 30
      vertex -68.4 -12.647 29
      vertex -68.4 -12.647 30
    endloop
  endfacet
  facet normal 0 0 1
    outer loop
      vertex -57.9325 62.9325 30
      vertex -12.2021 65.5912 30
      vertex -13.8635 76.0805 30
    endloop
  endfacet
  facet normal 0 0 1
    outer loop
      vertex 7 -19.5 30
      vertex 68.4 -12.647 30
      vertex 7 19.5 30
    endloop
  endfacet
  facet normal -0 0 1
    outer loop
      vertex -12.6314 57.4 30
      vertex 7 19.5 30
      vertex 12.6314 57.4 30
    endloop
  endfacet
  facet normal 0 0 1
    outer loop
      vertex -57.9325 62.9325 30
      vertex -13.8635 76.0805 30
      vertex -17.6694 85.9952 30
    endloop
  endfacet
  facet normal 0 0 1
    outer loop
      vertex -57.9325 62.9325 30
      vertex -17.6694 85.9952 30
      vertex -23.4535 94.902 30
    endloop
  endfacet
  facet normal 0 0 1
    outer loop
      vertex -57.9325 62.9325 30
      vertex -23.4535 94.902 30
      vertex -30.963 102.412 30
    endloop
  endfacet
  facet normal 0 0 1
    outer loop
      vertex -57.9325 62.9325 30
      vertex -30.963 102.412 30
      vertex -39.8698 108.196 30
    endloop
  endfacet
  facet normal 0 0 1
    outer loop
      vertex -12.2021 65.5912 30
      vertex -57.9325 62.9325 30
      vertex -12.6314 57.4 30
    endloop
  endfacet
  facet normal -0 0 1
    outer loop
      vertex -58.3131 61.0191 30
      vertex -12.6314 57.4 30
      vertex -57.9325 62.9325 30
    endloop
  endfacet
  facet normal -0 0 1
    outer loop
      vertex -59.397 59.397 30
      vertex -12.6314 57.4 30
      vertex -58.3131 61.0191 30
    endloop
  endfacet
  facet normal 0 0 1
    outer loop
      vertex -57.9325 62.9325 30
      vertex -39.8698 108.196 30
      vertex -49.7845 112.002 30
    endloop
  endfacet
  facet normal 0 0 1
    outer loop
      vertex 12.2021 -65.5912 30
      vertex 57.9325 -62.9325 30
      vertex 12.6314 -57.4 30
    endloop
  endfacet
  facet normal 0 0 1
    outer loop
      vertex 57.9325 -62.9325 30
      vertex 12.2021 -65.5912 30
      vertex 13.8635 -76.0805 30
    endloop
  endfacet
  facet normal 0 0 1
    outer loop
      vertex 68.4 -12.647 30
      vertex 7 -19.5 30
      vertex 12.6314 -57.4 30
    endloop
  endfacet
  facet normal 0 0 1
    outer loop
      vertex 7 -19.5 30
      vertex -12.6314 -57.4 30
      vertex 12.6314 -57.4 30
    endloop
  endfacet
  facet normal 0 0 1
    outer loop
      vertex -12.2021 -65.5912 30
      vertex -57.9325 -62.9325 30
      vertex -13.8635 -76.0805 30
    endloop
  endfacet
  facet normal -0 0 1
    outer loop
      vertex -58.3131 -64.8459 30
      vertex -13.8635 -76.0805 30
      vertex -57.9325 -62.9325 30
    endloop
  endfacet
  facet normal 0 0 1
    outer loop
      vertex -17.6694 -85.9952 30
      vertex -58.3131 -64.8459 30
      vertex -23.4535 -94.902 30
    endloop
  endfacet
  facet normal -0 0 1
    outer loop
      vertex -59.397 -66.468 30
      vertex -23.4535 -94.902 30
      vertex -58.3131 -64.8459 30
    endloop
  endfacet
  facet normal -0 0 1
    outer loop
      vertex -47 -19.5 30
      vertex -12.6314 -57.4 30
      vertex 7 -19.5 30
    endloop
  endfacet
  facet normal 0 0 1
    outer loop
      vertex -59.397 -59.397 30
      vertex -12.6314 -57.4 30
      vertex -47 -19.5 30
    endloop
  endfacet
  facet normal 0 0 1
    outer loop
      vertex -13.8635 -76.0805 30
      vertex -58.3131 -64.8459 30
      vertex -17.6694 -85.9952 30
    endloop
  endfacet
  facet normal 0 0 1
    outer loop
      vertex -12.6314 57.4 30
      vertex -47 19.5 30
      vertex 7 19.5 30
    endloop
  endfacet
  facet normal 0 0 1
    outer loop
      vertex -12.6314 57.4 30
      vertex -59.397 59.397 30
      vertex -47 19.5 30
    endloop
  endfacet
  facet normal 0 0 1
    outer loop
      vertex -49.7845 112.002 30
      vertex -58.3131 64.8459 30
      vertex -57.9325 62.9325 30
    endloop
  endfacet
  facet normal 0 0 1
    outer loop
      vertex -49.7845 112.002 30
      vertex -59.397 66.468 30
      vertex -58.3131 64.8459 30
    endloop
  endfacet
  facet normal 0 0 1
    outer loop
      vertex -62.9325 67.9325 30
      vertex -49.7845 112.002 30
      vertex -60.2738 113.663 30
    endloop
  endfacet
  facet normal 0 0 1
    outer loop
      vertex -49.7845 112.002 30
      vertex -61.0191 67.5519 30
      vertex -59.397 66.468 30
    endloop
  endfacet
  facet normal 0 0 1
    outer loop
      vertex -49.7845 112.002 30
      vertex -62.9325 67.9325 30
      vertex -61.0191 67.5519 30
    endloop
  endfacet
  facet normal -0 0 1
    outer loop
      vertex -70.8794 113.107 30
      vertex -62.9325 67.9325 30
      vertex -60.2738 113.663 30
    endloop
  endfacet
  facet normal 0 0 1
    outer loop
      vertex -62.9325 67.9325 30
      vertex -70.8794 113.107 30
      vertex -64.8459 67.5519 30
    endloop
  endfacet
  facet normal -0 0 1
    outer loop
      vertex -81.1376 110.358 30
      vertex -64.8459 67.5519 30
      vertex -70.8794 113.107 30
    endloop
  endfacet
  facet normal -0 0 1
    outer loop
      vertex -90.6002 105.537 30
      vertex -64.8459 67.5519 30
      vertex -81.1376 110.358 30
    endloop
  endfacet
  facet normal -0 0 1
    outer loop
      vertex -85.9952 -17.6694 30
      vertex -64.8459 -58.3131 30
      vertex -76.0805 -13.8635 30
    endloop
  endfacet
  facet normal 0 0 1
    outer loop
      vertex -64.8459 67.5519 30
      vertex -90.6002 105.537 30
      vertex -66.468 66.468 30
    endloop
  endfacet
  facet normal -0 0 1
    outer loop
      vertex -98.8535 98.8535 30
      vertex -66.468 66.468 30
      vertex -90.6002 105.537 30
    endloop
  endfacet
  facet normal -0 0 1
    outer loop
      vertex -105.537 90.6002 30
      vertex -66.468 66.468 30
      vertex -98.8535 98.8535 30
    endloop
  endfacet
  facet normal 0 0 1
    outer loop
      vertex -66.468 66.468 30
      vertex -105.537 90.6002 30
      vertex -67.5519 64.8459 30
    endloop
  endfacet
  facet normal 0 0 1
    outer loop
      vertex -67.5519 61.0191 30
      vertex -76.0805 13.8635 30
      vertex -68.4 12.647 30
    endloop
  endfacet
  facet normal 0 0 1
    outer loop
      vertex -67.5519 61.0191 30
      vertex -94.902 23.4535 30
      vertex -85.9952 17.6694 30
    endloop
  endfacet
  facet normal 0 0 1
    outer loop
      vertex -67.5519 61.0191 30
      vertex -85.9952 17.6694 30
      vertex -76.0805 13.8635 30
    endloop
  endfacet
  facet normal -0 0 1
    outer loop
      vertex -110.358 81.1376 30
      vertex -67.5519 64.8459 30
      vertex -105.537 90.6002 30
    endloop
  endfacet
  facet normal 0 0 1
    outer loop
      vertex -67.5519 61.0191 30
      vertex -102.412 30.963 30
      vertex -94.902 23.4535 30
    endloop
  endfacet
  facet normal -0 0 1
    outer loop
      vertex -113.107 70.8794 30
      vertex -67.5519 64.8459 30
      vertex -110.358 81.1376 30
    endloop
  endfacet
  facet normal 0 0 1
    outer loop
      vertex -67.5519 61.0191 30
      vertex -108.196 39.8698 30
      vertex -102.412 30.963 30
    endloop
  endfacet
  facet normal 0 0 1
    outer loop
      vertex -67.5519 64.8459 30
      vertex -113.107 70.8794 30
      vertex -67.9325 62.9325 30
    endloop
  endfacet
  facet normal 0 0 1
    outer loop
      vertex -67.5519 61.0191 30
      vertex -112.002 49.7845 30
      vertex -108.196 39.8698 30
    endloop
  endfacet
  facet normal 0 0 1
    outer loop
      vertex -113.663 60.2738 30
      vertex -67.9325 62.9325 30
      vertex -113.107 70.8794 30
    endloop
  endfacet
  facet normal 0 0 1
    outer loop
      vertex -67.9325 62.9325 30
      vertex -113.663 60.2738 30
      vertex -112.002 49.7845 30
    endloop
  endfacet
  facet normal -0 0 1
    outer loop
      vertex -61.0191 58.3131 30
      vertex -47 19.5 30
      vertex -59.397 59.397 30
    endloop
  endfacet
  facet normal 0 0 1
    outer loop
      vertex -12.6314 -57.4 30
      vertex -58.3131 -61.0191 30
      vertex -57.9325 -62.9325 30
    endloop
  endfacet
  facet normal 0 0 1
    outer loop
      vertex -47 19.5 30
      vertex -68.4 12.647 30
      vertex -47 -19.5 30
    endloop
  endfacet
  facet normal -0 0 1
    outer loop
      vertex -68.4 -12.647 30
      vertex -47 -19.5 30
      vertex -68.4 12.647 30
    endloop
  endfacet
  facet normal -0 0 1
    outer loop
      vertex -62.9325 57.9325 30
      vertex -47 19.5 30
      vertex -61.0191 58.3131 30
    endloop
  endfacet
  facet normal 0 -0 1
    outer loop
      vertex -62.9325 -57.9325 30
      vertex -47 -19.5 30
      vertex -68.4 -12.647 30
    endloop
  endfacet
  facet normal 0 0 1
    outer loop
      vertex -47 19.5 30
      vertex -62.9325 57.9325 30
      vertex -68.4 12.647 30
    endloop
  endfacet
  facet normal 0 0 1
    outer loop
      vertex -12.6314 -57.4 30
      vertex -59.397 -59.397 30
      vertex -58.3131 -61.0191 30
    endloop
  endfacet
  facet normal 0 0 1
    outer loop
      vertex -68.4 12.647 30
      vertex -62.9325 57.9325 30
      vertex -64.8459 58.3131 30
    endloop
  endfacet
  facet normal 0 0 1
    outer loop
      vertex -47 -19.5 30
      vertex -61.0191 -58.3131 30
      vertex -59.397 -59.397 30
    endloop
  endfacet
  facet normal 0 0 1
    outer loop
      vertex -68.4 12.647 30
      vertex -64.8459 58.3131 30
      vertex -66.468 59.397 30
    endloop
  endfacet
  facet normal 0 0 1
    outer loop
      vertex -47 -19.5 30
      vertex -62.9325 -57.9325 30
      vertex -61.0191 -58.3131 30
    endloop
  endfacet
  facet normal 0 0 1
    outer loop
      vertex -68.4 12.647 30
      vertex -66.468 59.397 30
      vertex -67.5519 61.0191 30
    endloop
  endfacet
  facet normal 0 0 1
    outer loop
      vertex -62.9325 -57.9325 30
      vertex -68.4 -12.647 30
      vertex -64.8459 -58.3131 30
    endloop
  endfacet
  facet normal 0 0 1
    outer loop
      vertex -112.002 49.7845 30
      vertex -67.5519 61.0191 30
      vertex -67.9325 62.9325 30
    endloop
  endfacet
  facet normal -0 0 1
    outer loop
      vertex -76.0805 -13.8635 30
      vertex -64.8459 -58.3131 30
      vertex -68.4 -12.647 30
    endloop
  endfacet
  facet normal 0 0 1
    outer loop
      vertex -23.4535 -94.902 30
      vertex -59.397 -66.468 30
      vertex -30.963 -102.412 30
    endloop
  endfacet
  facet normal -0 0 1
    outer loop
      vertex -61.0191 -67.5519 30
      vertex -30.963 -102.412 30
      vertex -59.397 -66.468 30
    endloop
  endfacet
  facet normal 0 0 1
    outer loop
      vertex -30.963 -102.412 30
      vertex -61.0191 -67.5519 30
      vertex -39.8698 -108.196 30
    endloop
  endfacet
  facet normal 0 0 1
    outer loop
      vertex -39.8698 -108.196 30
      vertex -61.0191 -67.5519 30
      vertex -49.7845 -112.002 30
    endloop
  endfacet
  facet normal -0 0 1
    outer loop
      vertex -62.9325 -67.9325 30
      vertex -49.7845 -112.002 30
      vertex -61.0191 -67.5519 30
    endloop
  endfacet
  facet normal 0 0 1
    outer loop
      vertex -49.7845 -112.002 30
      vertex -62.9325 -67.9325 30
      vertex -60.2738 -113.663 30
    endloop
  endfacet
  facet normal 0 0 1
    outer loop
      vertex -70.8794 -113.107 30
      vertex -62.9325 -67.9325 30
      vertex -64.8459 -67.5519 30
    endloop
  endfacet
  facet normal 0 0 1
    outer loop
      vertex -90.6002 -105.537 30
      vertex -64.8459 -67.5519 30
      vertex -66.468 -66.468 30
    endloop
  endfacet
  facet normal 0 0 1
    outer loop
      vertex -105.537 -90.6002 30
      vertex -66.468 -66.468 30
      vertex -67.5519 -64.8459 30
    endloop
  endfacet
  facet normal 0 0 1
    outer loop
      vertex -113.107 -70.8794 30
      vertex -67.5519 -64.8459 30
      vertex -67.9325 -62.9325 30
    endloop
  endfacet
  facet normal -0 0 1
    outer loop
      vertex -94.902 -23.4535 30
      vertex -64.8459 -58.3131 30
      vertex -85.9952 -17.6694 30
    endloop
  endfacet
  facet normal 0 0 1
    outer loop
      vertex -62.9325 -67.9325 30
      vertex -70.8794 -113.107 30
      vertex -60.2738 -113.663 30
    endloop
  endfacet
  facet normal 0 0 1
    outer loop
      vertex -64.8459 -58.3131 30
      vertex -94.902 -23.4535 30
      vertex -66.468 -59.397 30
    endloop
  endfacet
  facet normal -0 0 1
    outer loop
      vertex -102.412 -30.963 30
      vertex -66.468 -59.397 30
      vertex -94.902 -23.4535 30
    endloop
  endfacet
  facet normal 0 0 1
    outer loop
      vertex -64.8459 -67.5519 30
      vertex -81.1376 -110.358 30
      vertex -70.8794 -113.107 30
    endloop
  endfacet
  facet normal 0 0 1
    outer loop
      vertex -66.468 -59.397 30
      vertex -102.412 -30.963 30
      vertex -67.5519 -61.0191 30
    endloop
  endfacet
  facet normal 0 0 1
    outer loop
      vertex -64.8459 -67.5519 30
      vertex -90.6002 -105.537 30
      vertex -81.1376 -110.358 30
    endloop
  endfacet
  facet normal -0 0 1
    outer loop
      vertex -108.196 -39.8698 30
      vertex -67.5519 -61.0191 30
      vertex -102.412 -30.963 30
    endloop
  endfacet
  facet normal 0 0 1
    outer loop
      vertex -66.468 -66.468 30
      vertex -98.8535 -98.8535 30
      vertex -90.6002 -105.537 30
    endloop
  endfacet
  facet normal -0 0 1
    outer loop
      vertex -112.002 -49.7845 30
      vertex -67.5519 -61.0191 30
      vertex -108.196 -39.8698 30
    endloop
  endfacet
  facet normal 0 0 1
    outer loop
      vertex -66.468 -66.468 30
      vertex -105.537 -90.6002 30
      vertex -98.8535 -98.8535 30
    endloop
  endfacet
  facet normal 0 0 1
    outer loop
      vertex -67.5519 -61.0191 30
      vertex -112.002 -49.7845 30
      vertex -67.9325 -62.9325 30
    endloop
  endfacet
  facet normal 0 0 1
    outer loop
      vertex -67.5519 -64.8459 30
      vertex -110.358 -81.1376 30
      vertex -105.537 -90.6002 30
    endloop
  endfacet
  facet normal -0 0 1
    outer loop
      vertex -113.663 -60.2738 30
      vertex -67.9325 -62.9325 30
      vertex -112.002 -49.7845 30
    endloop
  endfacet
  facet normal 0 0 1
    outer loop
      vertex -67.5519 -64.8459 30
      vertex -113.107 -70.8794 30
      vertex -110.358 -81.1376 30
    endloop
  endfacet
  facet normal 0 0 1
    outer loop
      vertex -67.9325 -62.9325 30
      vertex -113.663 -60.2738 30
      vertex -113.107 -70.8794 30
    endloop
  endfacet
  facet normal -0 0 1
    outer loop
      vertex -57.9325 -62.9325 30
      vertex -12.2021 -65.5912 30
      vertex -12.6314 -57.4 30
    endloop
  endfacet
  facet normal 0 0 1
    outer loop
      vertex 76.0805 13.8635 30
      vertex 64.8459 58.3131 30
      vertex 68.4 12.647 30
    endloop
  endfacet
  facet normal 0 0 1
    outer loop
      vertex 68.4 -12.647 30
      vertex 67.5519 -61.0191 30
      vertex 67.9325 -62.9325 30
    endloop
  endfacet
  facet normal -0 0 1
    outer loop
      vertex 62.9325 57.9325 30
      vertex 68.4 12.647 30
      vertex 64.8459 58.3131 30
    endloop
  endfacet
  facet normal 0 0 1
    outer loop
      vertex 68.4 -12.647 30
      vertex 66.468 -59.397 30
      vertex 67.5519 -61.0191 30
    endloop
  endfacet
  facet normal 0 0 1
    outer loop
      vertex 61.0191 58.3131 30
      vertex 68.4 12.647 30
      vertex 62.9325 57.9325 30
    endloop
  endfacet
  facet normal 0 0 1
    outer loop
      vertex 68.4 -12.647 30
      vertex 64.8459 -58.3131 30
      vertex 66.468 -59.397 30
    endloop
  endfacet
  facet normal 0 0 1
    outer loop
      vertex 59.397 59.397 30
      vertex 68.4 12.647 30
      vertex 61.0191 58.3131 30
    endloop
  endfacet
  facet normal 0 0 1
    outer loop
      vertex 68.4 -12.647 30
      vertex 62.9325 -57.9325 30
      vertex 64.8459 -58.3131 30
    endloop
  endfacet
  facet normal 0 0 1
    outer loop
      vertex 59.397 59.397 30
      vertex 7 19.5 30
      vertex 68.4 12.647 30
    endloop
  endfacet
  facet normal 0 0 1
    outer loop
      vertex 68.4 -12.647 30
      vertex 61.0191 -58.3131 30
      vertex 62.9325 -57.9325 30
    endloop
  endfacet
  facet normal 0 0 1
    outer loop
      vertex 7 19.5 30
      vertex 59.397 59.397 30
      vertex 12.6314 57.4 30
    endloop
  endfacet
  facet normal 0 0 1
    outer loop
      vertex 68.4 12.647 30
      vertex 7 19.5 30
      vertex 68.4 -12.647 30
    endloop
  endfacet
  facet normal 0 0 1
    outer loop
      vertex 12.6314 57.4 30
      vertex 59.397 59.397 30
      vertex 58.3131 61.0191 30
    endloop
  endfacet
  facet normal 0 0 1
    outer loop
      vertex 68.4 -12.647 30
      vertex 59.397 -59.397 30
      vertex 61.0191 -58.3131 30
    endloop
  endfacet
  facet normal 0 0 1
    outer loop
      vertex 12.6314 57.4 30
      vertex 58.3131 61.0191 30
      vertex 57.9325 62.9325 30
    endloop
  endfacet
  facet normal -0 0 1
    outer loop
      vertex 12.6314 -57.4 30
      vertex 59.397 -59.397 30
      vertex 68.4 -12.647 30
    endloop
  endfacet
  facet normal -0 0 1
    outer loop
      vertex 67.9325 62.9325 30
      vertex 113.663 60.2738 30
      vertex 113.107 70.8794 30
    endloop
  endfacet
  facet normal 0 0 1
    outer loop
      vertex 67.5519 64.8459 30
      vertex 113.107 70.8794 30
      vertex 110.358 81.1376 30
    endloop
  endfacet
  facet normal 0 0 1
    outer loop
      vertex 113.663 60.2738 30
      vertex 67.9325 62.9325 30
      vertex 112.002 49.7845 30
    endloop
  endfacet
  facet normal 0 0 1
    outer loop
      vertex 67.5519 64.8459 30
      vertex 110.358 81.1376 30
      vertex 105.537 90.6002 30
    endloop
  endfacet
  facet normal -0 0 1
    outer loop
      vertex 67.5519 61.0191 30
      vertex 112.002 49.7845 30
      vertex 67.9325 62.9325 30
    endloop
  endfacet
  facet normal 0 0 1
    outer loop
      vertex 66.468 66.468 30
      vertex 105.537 90.6002 30
      vertex 98.8535 98.8535 30
    endloop
  endfacet
  facet normal 0 0 1
    outer loop
      vertex 112.002 49.7845 30
      vertex 67.5519 61.0191 30
      vertex 108.196 39.8698 30
    endloop
  endfacet
  facet normal 0 0 1
    outer loop
      vertex 66.468 66.468 30
      vertex 98.8535 98.8535 30
      vertex 90.6002 105.537 30
    endloop
  endfacet
  facet normal 0 0 1
    outer loop
      vertex 108.196 39.8698 30
      vertex 67.5519 61.0191 30
      vertex 102.412 30.963 30
    endloop
  endfacet
  facet normal 0 0 1
    outer loop
      vertex 64.8459 67.5519 30
      vertex 90.6002 105.537 30
      vertex 81.1376 110.358 30
    endloop
  endfacet
  facet normal -0 0 1
    outer loop
      vertex 66.468 59.397 30
      vertex 102.412 30.963 30
      vertex 67.5519 61.0191 30
    endloop
  endfacet
  facet normal 0 0 1
    outer loop
      vertex 64.8459 67.5519 30
      vertex 81.1376 110.358 30
      vertex 70.8794 113.107 30
    endloop
  endfacet
  facet normal 0 0 1
    outer loop
      vertex 102.412 30.963 30
      vertex 66.468 59.397 30
      vertex 94.902 23.4535 30
    endloop
  endfacet
  facet normal 0 0 1
    outer loop
      vertex 94.902 23.4535 30
      vertex 64.8459 58.3131 30
      vertex 85.9952 17.6694 30
    endloop
  endfacet
  facet normal -0 0 1
    outer loop
      vertex 64.8459 58.3131 30
      vertex 94.902 23.4535 30
      vertex 66.468 59.397 30
    endloop
  endfacet
  facet normal 0 0 1
    outer loop
      vertex 113.107 70.8794 30
      vertex 67.5519 64.8459 30
      vertex 67.9325 62.9325 30
    endloop
  endfacet
  facet normal 0 0 1
    outer loop
      vertex 105.537 90.6002 30
      vertex 66.468 66.468 30
      vertex 67.5519 64.8459 30
    endloop
  endfacet
  facet normal 0 0 1
    outer loop
      vertex 90.6002 105.537 30
      vertex 64.8459 67.5519 30
      vertex 66.468 66.468 30
    endloop
  endfacet
  facet normal 0 0 1
    outer loop
      vertex 70.8794 113.107 30
      vertex 62.9325 67.9325 30
      vertex 64.8459 67.5519 30
    endloop
  endfacet
  facet normal 0 0 1
    outer loop
      vertex 60.2738 113.663 30
      vertex 62.9325 67.9325 30
      vertex 70.8794 113.107 30
    endloop
  endfacet
  facet normal -0 0 1
    outer loop
      vertex 49.7845 112.002 30
      vertex 62.9325 67.9325 30
      vertex 60.2738 113.663 30
    endloop
  endfacet
  facet normal 0 0 1
    outer loop
      vertex 62.9325 67.9325 30
      vertex 49.7845 112.002 30
      vertex 61.0191 67.5519 30
    endloop
  endfacet
  facet normal -0 0 1
    outer loop
      vertex 39.8698 108.196 30
      vertex 61.0191 67.5519 30
      vertex 49.7845 112.002 30
    endloop
  endfacet
  facet normal -0 0 1
    outer loop
      vertex 30.963 102.412 30
      vertex 61.0191 67.5519 30
      vertex 39.8698 108.196 30
    endloop
  endfacet
  facet normal -0 0 1
    outer loop
      vertex 23.4535 94.902 30
      vertex 59.397 66.468 30
      vertex 30.963 102.412 30
    endloop
  endfacet
  facet normal 0 0 1
    outer loop
      vertex 61.0191 67.5519 30
      vertex 30.963 102.412 30
      vertex 59.397 66.468 30
    endloop
  endfacet
  facet normal 0 0 1
    outer loop
      vertex 67.9325 -62.9325 30
      vertex 113.663 -60.2738 30
      vertex 112.002 -49.7845 30
    endloop
  endfacet
  facet normal 0 0 1
    outer loop
      vertex 113.663 -60.2738 30
      vertex 67.9325 -62.9325 30
      vertex 113.107 -70.8794 30
    endloop
  endfacet
  facet normal 0 0 1
    outer loop
      vertex 67.9325 -62.9325 30
      vertex 112.002 -49.7845 30
      vertex 108.196 -39.8698 30
    endloop
  endfacet
  facet normal -0 0 1
    outer loop
      vertex 67.5519 -64.8459 30
      vertex 113.107 -70.8794 30
      vertex 67.9325 -62.9325 30
    endloop
  endfacet
  facet normal 0 0 1
    outer loop
      vertex 67.9325 -62.9325 30
      vertex 108.196 -39.8698 30
      vertex 102.412 -30.963 30
    endloop
  endfacet
  facet normal 0 0 1
    outer loop
      vertex 113.107 -70.8794 30
      vertex 67.5519 -64.8459 30
      vertex 110.358 -81.1376 30
    endloop
  endfacet
  facet normal 0 0 1
    outer loop
      vertex 67.9325 -62.9325 30
      vertex 102.412 -30.963 30
      vertex 94.902 -23.4535 30
    endloop
  endfacet
  facet normal 0 0 1
    outer loop
      vertex 110.358 -81.1376 30
      vertex 67.5519 -64.8459 30
      vertex 105.537 -90.6002 30
    endloop
  endfacet
  facet normal 0 0 1
    outer loop
      vertex 67.9325 -62.9325 30
      vertex 94.902 -23.4535 30
      vertex 85.9952 -17.6694 30
    endloop
  endfacet
  facet normal -0 0 1
    outer loop
      vertex 66.468 -66.468 30
      vertex 105.537 -90.6002 30
      vertex 67.5519 -64.8459 30
    endloop
  endfacet
  facet normal 0 0 1
    outer loop
      vertex 67.9325 -62.9325 30
      vertex 85.9952 -17.6694 30
      vertex 76.0805 -13.8635 30
    endloop
  endfacet
  facet normal 0 0 1
    outer loop
      vertex 105.537 -90.6002 30
      vertex 66.468 -66.468 30
      vertex 98.8535 -98.8535 30
    endloop
  endfacet
  facet normal 0 0 1
    outer loop
      vertex 67.9325 -62.9325 30
      vertex 76.0805 -13.8635 30
      vertex 68.4 -12.647 30
    endloop
  endfacet
  facet normal 0 0 1
    outer loop
      vertex 85.9952 17.6694 30
      vertex 64.8459 58.3131 30
      vertex 76.0805 13.8635 30
    endloop
  endfacet
  facet normal 0 0 1
    outer loop
      vertex 98.8535 -98.8535 30
      vertex 66.468 -66.468 30
      vertex 90.6002 -105.537 30
    endloop
  endfacet
  facet normal -0 0 1
    outer loop
      vertex 64.8459 -67.5519 30
      vertex 90.6002 -105.537 30
      vertex 66.468 -66.468 30
    endloop
  endfacet
  facet normal 0 0 1
    outer loop
      vertex 90.6002 -105.537 30
      vertex 64.8459 -67.5519 30
      vertex 81.1376 -110.358 30
    endloop
  endfacet
  facet normal 0 0 1
    outer loop
      vertex 81.1376 -110.358 30
      vertex 64.8459 -67.5519 30
      vertex 70.8794 -113.107 30
    endloop
  endfacet
  facet normal -0 0 1
    outer loop
      vertex 62.9325 -67.9325 30
      vertex 70.8794 -113.107 30
      vertex 64.8459 -67.5519 30
    endloop
  endfacet
  facet normal 0 0 1
    outer loop
      vertex 49.7845 -112.002 30
      vertex 62.9325 -67.9325 30
      vertex 61.0191 -67.5519 30
    endloop
  endfacet
  facet normal 0 0 1
    outer loop
      vertex 62.9325 -67.9325 30
      vertex 60.2738 -113.663 30
      vertex 70.8794 -113.107 30
    endloop
  endfacet
  facet normal 0 0 1
    outer loop
      vertex 30.963 -102.412 30
      vertex 61.0191 -67.5519 30
      vertex 59.397 -66.468 30
    endloop
  endfacet
  facet normal 0 0 1
    outer loop
      vertex 23.4535 -94.902 30
      vertex 59.397 -66.468 30
      vertex 58.3131 -64.8459 30
    endloop
  endfacet
  facet normal 0 0 1
    outer loop
      vertex 13.8635 -76.0805 30
      vertex 58.3131 -64.8459 30
      vertex 57.9325 -62.9325 30
    endloop
  endfacet
  facet normal 0 0 1
    outer loop
      vertex 12.6314 -57.4 30
      vertex 58.3131 -61.0191 30
      vertex 59.397 -59.397 30
    endloop
  endfacet
  facet normal 0 0 1
    outer loop
      vertex 12.6314 -57.4 30
      vertex 57.9325 -62.9325 30
      vertex 58.3131 -61.0191 30
    endloop
  endfacet
  facet normal 0 0 1
    outer loop
      vertex 59.397 66.468 30
      vertex 23.4535 94.902 30
      vertex 58.3131 64.8459 30
    endloop
  endfacet
  facet normal 0 0 1
    outer loop
      vertex 58.3131 -64.8459 30
      vertex 13.8635 -76.0805 30
      vertex 17.6694 -85.9952 30
    endloop
  endfacet
  facet normal -0 0 1
    outer loop
      vertex 17.6694 85.9952 30
      vertex 58.3131 64.8459 30
      vertex 23.4535 94.902 30
    endloop
  endfacet
  facet normal 0 0 1
    outer loop
      vertex 62.9325 -67.9325 30
      vertex 49.7845 -112.002 30
      vertex 60.2738 -113.663 30
    endloop
  endfacet
  facet normal -0 0 1
    outer loop
      vertex 13.8635 76.0805 30
      vertex 58.3131 64.8459 30
      vertex 17.6694 85.9952 30
    endloop
  endfacet
  facet normal 0 0 1
    outer loop
      vertex 61.0191 -67.5519 30
      vertex 39.8698 -108.196 30
      vertex 49.7845 -112.002 30
    endloop
  endfacet
  facet normal 0 0 1
    outer loop
      vertex 58.3131 64.8459 30
      vertex 13.8635 76.0805 30
      vertex 57.9325 62.9325 30
    endloop
  endfacet
  facet normal 0 0 1
    outer loop
      vertex 61.0191 -67.5519 30
      vertex 30.963 -102.412 30
      vertex 39.8698 -108.196 30
    endloop
  endfacet
  facet normal -0 0 1
    outer loop
      vertex 12.2021 65.5912 30
      vertex 57.9325 62.9325 30
      vertex 13.8635 76.0805 30
    endloop
  endfacet
  facet normal 0 0 1
    outer loop
      vertex 59.397 -66.468 30
      vertex 23.4535 -94.902 30
      vertex 30.963 -102.412 30
    endloop
  endfacet
  facet normal 0 0 1
    outer loop
      vertex 58.3131 -64.8459 30
      vertex 17.6694 -85.9952 30
      vertex 23.4535 -94.902 30
    endloop
  endfacet
  facet normal 0 0 1
    outer loop
      vertex 57.9325 62.9325 30
      vertex 12.2021 65.5912 30
      vertex 12.6314 57.4 30
    endloop
  endfacet
  facet normal 0 -1 0
    outer loop
      vertex -68.4 -57.4 28
      vertex -12.6314 -57.4 29
      vertex -68.4 -57.4 29
    endloop
  endfacet
  facet normal 0 -1 -0
    outer loop
      vertex -12.6314 -57.4 29
      vertex -68.4 -57.4 28
      vertex 12.6314 -57.4 29
    endloop
  endfacet
  facet normal 0 -1 0
    outer loop
      vertex 68.4 -57.4 28
      vertex 12.6314 -57.4 29
      vertex -68.4 -57.4 28
    endloop
  endfacet
  facet normal 0 -1 0
    outer loop
      vertex 12.6314 -57.4 29
      vertex 68.4 -57.4 28
      vertex 68.4 -57.4 29
    endloop
  endfacet
  facet normal 0 -1 0
    outer loop
      vertex -12.6314 -57.4 29
      vertex 12.6314 -57.4 30
      vertex -12.6314 -57.4 30
    endloop
  endfacet
  facet normal 0 -1 -0
    outer loop
      vertex 12.6314 -57.4 30
      vertex -12.6314 -57.4 29
      vertex 12.6314 -57.4 29
    endloop
  endfacet
  facet normal 1 0 0
    outer loop
      vertex 68.4 12.647 30
      vertex 68.4 -12.647 30
      vertex 68.4 12.647 29
    endloop
  endfacet
  facet normal 1 -0 0
    outer loop
      vertex 68.4 12.647 29
      vertex 68.4 57.4 28
      vertex 68.4 57.4 29
    endloop
  endfacet
  facet normal 1 0 0
    outer loop
      vertex 68.4 -12.647 29
      vertex 68.4 12.647 29
      vertex 68.4 -12.647 30
    endloop
  endfacet
  facet normal 1 -0 0
    outer loop
      vertex 68.4 -12.647 29
      vertex 68.4 57.4 28
      vertex 68.4 12.647 29
    endloop
  endfacet
  facet normal 1 0 0
    outer loop
      vertex 68.4 -57.4 28
      vertex 68.4 -12.647 29
      vertex 68.4 -57.4 29
    endloop
  endfacet
  facet normal 1 0 0
    outer loop
      vertex 68.4 -12.647 29
      vertex 68.4 -57.4 28
      vertex 68.4 57.4 28
    endloop
  endfacet
  facet normal 0 1 -0
    outer loop
      vertex 68.4 57.4 28
      vertex 12.6314 57.4 29
      vertex 68.4 57.4 29
    endloop
  endfacet
  facet normal 0 1 0
    outer loop
      vertex 12.6314 57.4 29
      vertex 68.4 57.4 28
      vertex -12.6314 57.4 29
    endloop
  endfacet
  facet normal 0 1 0
    outer loop
      vertex -68.4 57.4 28
      vertex -12.6314 57.4 29
      vertex 68.4 57.4 28
    endloop
  endfacet
  facet normal 0 1 0
    outer loop
      vertex -12.6314 57.4 29
      vertex -68.4 57.4 28
      vertex -68.4 57.4 29
    endloop
  endfacet
  facet normal 0 1 -0
    outer loop
      vertex 12.6314 57.4 29
      vertex -12.6314 57.4 30
      vertex 12.6314 57.4 30
    endloop
  endfacet
  facet normal 0 1 0
    outer loop
      vertex -12.6314 57.4 30
      vertex 12.6314 57.4 29
      vertex -12.6314 57.4 29
    endloop
  endfacet
  facet normal 0.22253 0.974926 -0
    outer loop
      vertex -8.75302 -8.43634 9
      vertex -10.445 -8.05014 10
      vertex -8.75302 -8.43634 10
    endloop
  endfacet
  facet normal 0.22253 0.974926 0
    outer loop
      vertex -10.445 -8.05014 10
      vertex -8.75302 -8.43634 9
      vertex -10.445 -8.05014 9
    endloop
  endfacet
  facet normal 0.900969 0.433884 0
    outer loop
      vertex -8 -10 10
      vertex -8.75302 -8.43634 9
      vertex -8.75302 -8.43634 10
    endloop
  endfacet
  facet normal 0.900969 0.433884 0
    outer loop
      vertex -8.75302 -8.43634 9
      vertex -8 -10 10
      vertex -8 -10 9
    endloop
  endfacet
  facet normal 0.900973 -0.433875 0
    outer loop
      vertex -8.75302 -11.5637 10
      vertex -8 -10 9
      vertex -8 -10 10
    endloop
  endfacet
  facet normal 0.900973 -0.433875 0
    outer loop
      vertex -8 -10 9
      vertex -8.75302 -11.5637 10
      vertex -8.75302 -11.5637 9
    endloop
  endfacet
  facet normal 0 0 1
    outer loop
      vertex -8.75302 -8.43634 10
      vertex -8.75302 -11.5637 10
      vertex -8 -10 10
    endloop
  endfacet
  facet normal 0 0 1
    outer loop
      vertex -10.445 -8.05014 10
      vertex -8.75302 -11.5637 10
      vertex -8.75302 -8.43634 10
    endloop
  endfacet
  facet normal 0 0 1
    outer loop
      vertex -10.445 -8.05014 10
      vertex -10.445 -11.9499 10
      vertex -8.75302 -11.5637 10
    endloop
  endfacet
  facet normal -0 0 1
    outer loop
      vertex -11.8019 -9.13223 10
      vertex -10.445 -11.9499 10
      vertex -10.445 -8.05014 10
    endloop
  endfacet
  facet normal 0 0 1
    outer loop
      vertex -10.445 -11.9499 10
      vertex -11.8019 -9.13223 10
      vertex -11.8019 -10.8678 10
    endloop
  endfacet
  facet normal -0.623493 -0.781829 0
    outer loop
      vertex -11.8019 -10.8678 9
      vertex -10.445 -11.9499 10
      vertex -11.8019 -10.8678 10
    endloop
  endfacet
  facet normal -0.623493 -0.781829 -0
    outer loop
      vertex -10.445 -11.9499 10
      vertex -11.8019 -10.8678 9
      vertex -10.445 -11.9499 9
    endloop
  endfacet
  facet normal 0.22253 -0.974926 0
    outer loop
      vertex -10.445 -11.9499 9
      vertex -8.75302 -11.5637 10
      vertex -10.445 -11.9499 10
    endloop
  endfacet
  facet normal 0.22253 -0.974926 0
    outer loop
      vertex -8.75302 -11.5637 10
      vertex -10.445 -11.9499 9
      vertex -8.75302 -11.5637 9
    endloop
  endfacet
  facet normal -1 0 0
    outer loop
      vertex -11.8019 -10.8678 9
      vertex -11.8019 -9.13223 10
      vertex -11.8019 -9.13223 9
    endloop
  endfacet
  facet normal -1 -0 0
    outer loop
      vertex -11.8019 -9.13223 10
      vertex -11.8019 -10.8678 9
      vertex -11.8019 -10.8678 10
    endloop
  endfacet
  facet normal -0.623489 0.781832 0
    outer loop
      vertex -10.445 -8.05014 9
      vertex -11.8019 -9.13223 10
      vertex -10.445 -8.05014 10
    endloop
  endfacet
  facet normal -0.623489 0.781832 0
    outer loop
      vertex -11.8019 -9.13223 10
      vertex -10.445 -8.05014 9
      vertex -11.8019 -9.13223 9
    endloop
  endfacet
  facet normal 0.22253 0.974926 -0
    outer loop
      vertex -8.75302 11.5637 9
      vertex -10.445 11.9499 10
      vertex -8.75302 11.5637 10
    endloop
  endfacet
  facet normal 0.22253 0.974926 0
    outer loop
      vertex -10.445 11.9499 10
      vertex -8.75302 11.5637 9
      vertex -10.445 11.9499 9
    endloop
  endfacet
  facet normal 0.900973 0.433875 0
    outer loop
      vertex -8 10 10
      vertex -8.75302 11.5637 9
      vertex -8.75302 11.5637 10
    endloop
  endfacet
  facet normal 0.900973 0.433875 0
    outer loop
      vertex -8.75302 11.5637 9
      vertex -8 10 10
      vertex -8 10 9
    endloop
  endfacet
  facet normal 0.900969 -0.433884 0
    outer loop
      vertex -8.75302 8.43634 10
      vertex -8 10 9
      vertex -8 10 10
    endloop
  endfacet
  facet normal 0.900969 -0.433884 0
    outer loop
      vertex -8 10 9
      vertex -8.75302 8.43634 10
      vertex -8.75302 8.43634 9
    endloop
  endfacet
  facet normal 0 0 1
    outer loop
      vertex -8.75302 11.5637 10
      vertex -8.75302 8.43634 10
      vertex -8 10 10
    endloop
  endfacet
  facet normal 0 0 1
    outer loop
      vertex -10.445 11.9499 10
      vertex -8.75302 8.43634 10
      vertex -8.75302 11.5637 10
    endloop
  endfacet
  facet normal 0 0 1
    outer loop
      vertex -10.445 11.9499 10
      vertex -10.445 8.05014 10
      vertex -8.75302 8.43634 10
    endloop
  endfacet
  facet normal -0 0 1
    outer loop
      vertex -11.8019 10.8678 10
      vertex -10.445 8.05014 10
      vertex -10.445 11.9499 10
    endloop
  endfacet
  facet normal 0 0 1
    outer loop
      vertex -10.445 8.05014 10
      vertex -11.8019 10.8678 10
      vertex -11.8019 9.13223 10
    endloop
  endfacet
  facet normal -0.623489 -0.781832 0
    outer loop
      vertex -11.8019 9.13223 9
      vertex -10.445 8.05014 10
      vertex -11.8019 9.13223 10
    endloop
  endfacet
  facet normal -0.623489 -0.781832 -0
    outer loop
      vertex -10.445 8.05014 10
      vertex -11.8019 9.13223 9
      vertex -10.445 8.05014 9
    endloop
  endfacet
  facet normal 0.22253 -0.974926 0
    outer loop
      vertex -10.445 8.05014 9
      vertex -8.75302 8.43634 10
      vertex -10.445 8.05014 10
    endloop
  endfacet
  facet normal 0.22253 -0.974926 0
    outer loop
      vertex -8.75302 8.43634 10
      vertex -10.445 8.05014 9
      vertex -8.75302 8.43634 9
    endloop
  endfacet
  facet normal -1 0 0
    outer loop
      vertex -11.8019 9.13223 9
      vertex -11.8019 10.8678 10
      vertex -11.8019 10.8678 9
    endloop
  endfacet
  facet normal -1 -0 0
    outer loop
      vertex -11.8019 10.8678 10
      vertex -11.8019 9.13223 9
      vertex -11.8019 9.13223 10
    endloop
  endfacet
  facet normal -0.623493 0.781829 0
    outer loop
      vertex -10.445 11.9499 9
      vertex -11.8019 10.8678 10
      vertex -10.445 11.9499 10
    endloop
  endfacet
  facet normal -0.623493 0.781829 0
    outer loop
      vertex -11.8019 10.8678 10
      vertex -10.445 11.9499 9
      vertex -11.8019 10.8678 9
    endloop
  endfacet
  facet normal 0.222523 0.974928 -0
    outer loop
      vertex 11.247 -8.43634 9
      vertex 9.55496 -8.05014 10
      vertex 11.247 -8.43634 10
    endloop
  endfacet
  facet normal 0.222523 0.974928 0
    outer loop
      vertex 9.55496 -8.05014 10
      vertex 11.247 -8.43634 9
      vertex 9.55496 -8.05014 9
    endloop
  endfacet
  facet normal 0.900973 0.433875 0
    outer loop
      vertex 12 -10 10
      vertex 11.247 -8.43634 9
      vertex 11.247 -8.43634 10
    endloop
  endfacet
  facet normal 0.900973 0.433875 0
    outer loop
      vertex 11.247 -8.43634 9
      vertex 12 -10 10
      vertex 12 -10 9
    endloop
  endfacet
  facet normal 0.900977 -0.433866 0
    outer loop
      vertex 11.247 -11.5637 10
      vertex 12 -10 9
      vertex 12 -10 10
    endloop
  endfacet
  facet normal 0.900977 -0.433866 0
    outer loop
      vertex 12 -10 9
      vertex 11.247 -11.5637 10
      vertex 11.247 -11.5637 9
    endloop
  endfacet
  facet normal 0 0 1
    outer loop
      vertex 11.247 -8.43634 10
      vertex 11.247 -11.5637 10
      vertex 12 -10 10
    endloop
  endfacet
  facet normal 0 0 1
    outer loop
      vertex 9.55496 -8.05014 10
      vertex 11.247 -11.5637 10
      vertex 11.247 -8.43634 10
    endloop
  endfacet
  facet normal 0 0 1
    outer loop
      vertex 9.55496 -8.05014 10
      vertex 9.55496 -11.9499 10
      vertex 11.247 -11.5637 10
    endloop
  endfacet
  facet normal -0 0 1
    outer loop
      vertex 8.19806 -9.13223 10
      vertex 9.55496 -11.9499 10
      vertex 9.55496 -8.05014 10
    endloop
  endfacet
  facet normal 0 0 1
    outer loop
      vertex 9.55496 -11.9499 10
      vertex 8.19806 -9.13223 10
      vertex 8.19806 -10.8678 10
    endloop
  endfacet
  facet normal -0.623493 -0.781829 0
    outer loop
      vertex 8.19806 -10.8678 9
      vertex 9.55496 -11.9499 10
      vertex 8.19806 -10.8678 10
    endloop
  endfacet
  facet normal -0.623493 -0.781829 -0
    outer loop
      vertex 9.55496 -11.9499 10
      vertex 8.19806 -10.8678 9
      vertex 9.55496 -11.9499 9
    endloop
  endfacet
  facet normal 0.222523 -0.974928 0
    outer loop
      vertex 9.55496 -11.9499 9
      vertex 11.247 -11.5637 10
      vertex 9.55496 -11.9499 10
    endloop
  endfacet
  facet normal 0.222523 -0.974928 0
    outer loop
      vertex 11.247 -11.5637 10
      vertex 9.55496 -11.9499 9
      vertex 11.247 -11.5637 9
    endloop
  endfacet
  facet normal -1 0 0
    outer loop
      vertex 8.19806 -10.8678 9
      vertex 8.19806 -9.13223 10
      vertex 8.19806 -9.13223 9
    endloop
  endfacet
  facet normal -1 -0 0
    outer loop
      vertex 8.19806 -9.13223 10
      vertex 8.19806 -10.8678 9
      vertex 8.19806 -10.8678 10
    endloop
  endfacet
  facet normal -0.623489 0.781832 0
    outer loop
      vertex 9.55496 -8.05014 9
      vertex 8.19806 -9.13223 10
      vertex 9.55496 -8.05014 10
    endloop
  endfacet
  facet normal -0.623489 0.781832 0
    outer loop
      vertex 8.19806 -9.13223 10
      vertex 9.55496 -8.05014 9
      vertex 8.19806 -9.13223 9
    endloop
  endfacet
  facet normal 0.222523 0.974928 -0
    outer loop
      vertex 11.247 11.5637 9
      vertex 9.55496 11.9499 10
      vertex 11.247 11.5637 10
    endloop
  endfacet
  facet normal 0.222523 0.974928 0
    outer loop
      vertex 9.55496 11.9499 10
      vertex 11.247 11.5637 9
      vertex 9.55496 11.9499 9
    endloop
  endfacet
  facet normal 0.900977 0.433866 0
    outer loop
      vertex 12 10 10
      vertex 11.247 11.5637 9
      vertex 11.247 11.5637 10
    endloop
  endfacet
  facet normal 0.900977 0.433866 0
    outer loop
      vertex 11.247 11.5637 9
      vertex 12 10 10
      vertex 12 10 9
    endloop
  endfacet
  facet normal 0.900973 -0.433875 0
    outer loop
      vertex 11.247 8.43634 10
      vertex 12 10 9
      vertex 12 10 10
    endloop
  endfacet
  facet normal 0.900973 -0.433875 0
    outer loop
      vertex 12 10 9
      vertex 11.247 8.43634 10
      vertex 11.247 8.43634 9
    endloop
  endfacet
  facet normal 0 0 1
    outer loop
      vertex 11.247 11.5637 10
      vertex 11.247 8.43634 10
      vertex 12 10 10
    endloop
  endfacet
  facet normal 0 0 1
    outer loop
      vertex 9.55496 11.9499 10
      vertex 11.247 8.43634 10
      vertex 11.247 11.5637 10
    endloop
  endfacet
  facet normal 0 0 1
    outer loop
      vertex 9.55496 11.9499 10
      vertex 9.55496 8.05014 10
      vertex 11.247 8.43634 10
    endloop
  endfacet
  facet normal -0 0 1
    outer loop
      vertex 8.19806 10.8678 10
      vertex 9.55496 8.05014 10
      vertex 9.55496 11.9499 10
    endloop
  endfacet
  facet normal 0 0 1
    outer loop
      vertex 9.55496 8.05014 10
      vertex 8.19806 10.8678 10
      vertex 8.19806 9.13223 10
    endloop
  endfacet
  facet normal -0.623489 -0.781832 0
    outer loop
      vertex 8.19806 9.13223 9
      vertex 9.55496 8.05014 10
      vertex 8.19806 9.13223 10
    endloop
  endfacet
  facet normal -0.623489 -0.781832 -0
    outer loop
      vertex 9.55496 8.05014 10
      vertex 8.19806 9.13223 9
      vertex 9.55496 8.05014 9
    endloop
  endfacet
  facet normal 0.222523 -0.974928 0
    outer loop
      vertex 9.55496 8.05014 9
      vertex 11.247 8.43634 10
      vertex 9.55496 8.05014 10
    endloop
  endfacet
  facet normal 0.222523 -0.974928 0
    outer loop
      vertex 11.247 8.43634 10
      vertex 9.55496 8.05014 9
      vertex 11.247 8.43634 9
    endloop
  endfacet
  facet normal -1 0 0
    outer loop
      vertex 8.19806 9.13223 9
      vertex 8.19806 10.8678 10
      vertex 8.19806 10.8678 9
    endloop
  endfacet
  facet normal -1 -0 0
    outer loop
      vertex 8.19806 10.8678 10
      vertex 8.19806 9.13223 9
      vertex 8.19806 9.13223 10
    endloop
  endfacet
  facet normal -0.623493 0.781829 0
    outer loop
      vertex 9.55496 11.9499 9
      vertex 8.19806 10.8678 10
      vertex 9.55496 11.9499 10
    endloop
  endfacet
  facet normal -0.623493 0.781829 0
    outer loop
      vertex 8.19806 10.8678 10
      vertex 9.55496 11.9499 9
      vertex 8.19806 10.8678 9
    endloop
  endfacet
  facet normal 1 -0 0
    outer loop
      vertex 15.5 -15 9
      vertex 15.5 15 4
      vertex 15.5 15 9
    endloop
  endfacet
  facet normal 1 0 0
    outer loop
      vertex 15.5 15 4
      vertex 15.5 -15 9
      vertex 15.5 -15 4
    endloop
  endfacet
  facet normal -0 0 1
    outer loop
      vertex -8.75302 -8.43634 9
      vertex 8.19806 -9.13223 9
      vertex -8.75302 8.43634 9
    endloop
  endfacet
  facet normal 0 0 1
    outer loop
      vertex 8.19806 -9.13223 9
      vertex -8.75302 -8.43634 9
      vertex -8 -10 9
    endloop
  endfacet
  facet normal -0 0 1
    outer loop
      vertex -10.445 8.05014 9
      vertex -8.75302 -8.43634 9
      vertex -8.75302 8.43634 9
    endloop
  endfacet
  facet normal 0 0 1
    outer loop
      vertex -10.445 8.05014 9
      vertex -10.445 -8.05014 9
      vertex -8.75302 -8.43634 9
    endloop
  endfacet
  facet normal 0 0 1
    outer loop
      vertex -11.8019 9.13223 9
      vertex -10.445 -8.05014 9
      vertex -10.445 8.05014 9
    endloop
  endfacet
  facet normal 0 0 1
    outer loop
      vertex -10.445 -8.05014 9
      vertex -11.8019 9.13223 9
      vertex -11.8019 -9.13223 9
    endloop
  endfacet
  facet normal -0 0 1
    outer loop
      vertex 11.247 8.43634 9
      vertex 12 -10 9
      vertex 12 10 9
    endloop
  endfacet
  facet normal 0 0 1
    outer loop
      vertex 11.247 8.43634 9
      vertex 11.247 -8.43634 9
      vertex 12 -10 9
    endloop
  endfacet
  facet normal -0 0 1
    outer loop
      vertex 9.55496 8.05014 9
      vertex 11.247 -8.43634 9
      vertex 11.247 8.43634 9
    endloop
  endfacet
  facet normal 0 0 1
    outer loop
      vertex 9.55496 8.05014 9
      vertex 9.55496 -8.05014 9
      vertex 11.247 -8.43634 9
    endloop
  endfacet
  facet normal 0 0 1
    outer loop
      vertex 8.19806 9.13223 9
      vertex 9.55496 -8.05014 9
      vertex 9.55496 8.05014 9
    endloop
  endfacet
  facet normal 0 0 1
    outer loop
      vertex 9.55496 -8.05014 9
      vertex 8.19806 9.13223 9
      vertex 8.19806 -9.13223 9
    endloop
  endfacet
  facet normal -0 0 1
    outer loop
      vertex 12 -10 9
      vertex 15.5 -15 9
      vertex 15.5 15 9
    endloop
  endfacet
  facet normal 0 0 1
    outer loop
      vertex 12 -10 9
      vertex 15.5 15 9
      vertex 12 10 9
    endloop
  endfacet
  facet normal 0 0 1
    outer loop
      vertex 15.5 15 9
      vertex 11.247 11.5637 9
      vertex 12 10 9
    endloop
  endfacet
  facet normal 0 0 1
    outer loop
      vertex 15.5 15 9
      vertex 9.55496 11.9499 9
      vertex 11.247 11.5637 9
    endloop
  endfacet
  facet normal -0 0 1
    outer loop
      vertex -8 10 9
      vertex 8.19806 9.13223 9
      vertex 8.19806 10.8678 9
    endloop
  endfacet
  facet normal 0 0 1
    outer loop
      vertex -8.75302 8.43634 9
      vertex 8.19806 9.13223 9
      vertex -8 10 9
    endloop
  endfacet
  facet normal 0 0 1
    outer loop
      vertex 8.19806 9.13223 9
      vertex -8.75302 8.43634 9
      vertex 8.19806 -9.13223 9
    endloop
  endfacet
  facet normal -0 0 1
    outer loop
      vertex -8.75302 11.5637 9
      vertex 8.19806 10.8678 9
      vertex 9.55496 11.9499 9
    endloop
  endfacet
  facet normal -0 0 1
    outer loop
      vertex -15.5 15 9
      vertex 9.55496 11.9499 9
      vertex 15.5 15 9
    endloop
  endfacet
  facet normal 0 0 1
    outer loop
      vertex 8.19806 10.8678 9
      vertex -8.75302 11.5637 9
      vertex -8 10 9
    endloop
  endfacet
  facet normal 0 0 1
    outer loop
      vertex 9.55496 11.9499 9
      vertex -15.5 15 9
      vertex -8.75302 11.5637 9
    endloop
  endfacet
  facet normal 0 0 1
    outer loop
      vertex -15.5 15 9
      vertex -11.8019 9.13223 9
      vertex -11.8019 10.8678 9
    endloop
  endfacet
  facet normal 0 0 1
    outer loop
      vertex -11.8019 9.13223 9
      vertex -15.5 15 9
      vertex -11.8019 -9.13223 9
    endloop
  endfacet
  facet normal 0 -0 1
    outer loop
      vertex -12.5 -12.5 9
      vertex -11.8019 -9.13223 9
      vertex -15.5 -15 9
    endloop
  endfacet
  facet normal 0 0 1
    outer loop
      vertex -8.75302 11.5637 9
      vertex -15.5 15 9
      vertex -10.445 11.9499 9
    endloop
  endfacet
  facet normal 0 0 1
    outer loop
      vertex -15.5 15 9
      vertex -11.8019 10.8678 9
      vertex -10.445 11.9499 9
    endloop
  endfacet
  facet normal 0 0 1
    outer loop
      vertex -11.8019 -9.13223 9
      vertex -15.5 15 9
      vertex -15.5 -15 9
    endloop
  endfacet
  facet normal 0 0 1
    outer loop
      vertex -11.8019 -9.13223 9
      vertex -12.5 -12.5 9
      vertex -11.8019 -10.8678 9
    endloop
  endfacet
  facet normal 0 0 1
    outer loop
      vertex -12.5 -12.5 9
      vertex -15.5 -15 9
      vertex -12.5 -15 9
    endloop
  endfacet
  facet normal 0 0 1
    outer loop
      vertex 15.5 -15 9
      vertex 12.5 -12.5 9
      vertex 12.5 -15 9
    endloop
  endfacet
  facet normal 0 0 1
    outer loop
      vertex 15.5 -15 9
      vertex 12 -10 9
      vertex 12.5 -12.5 9
    endloop
  endfacet
  facet normal -0 0 1
    outer loop
      vertex 11.247 -11.5637 9
      vertex 12.5 -12.5 9
      vertex 12 -10 9
    endloop
  endfacet
  facet normal -0 0 1
    outer loop
      vertex 9.55496 -11.9499 9
      vertex 12.5 -12.5 9
      vertex 11.247 -11.5637 9
    endloop
  endfacet
  facet normal 0 0 1
    outer loop
      vertex 8.19806 -9.13223 9
      vertex -8 -10 9
      vertex 8.19806 -10.8678 9
    endloop
  endfacet
  facet normal 0 0 1
    outer loop
      vertex -8.75302 -11.5637 9
      vertex 8.19806 -10.8678 9
      vertex -8 -10 9
    endloop
  endfacet
  facet normal 0 0 1
    outer loop
      vertex 8.19806 -10.8678 9
      vertex -8.75302 -11.5637 9
      vertex 9.55496 -11.9499 9
    endloop
  endfacet
  facet normal 0 0 1
    outer loop
      vertex -10.445 -11.9499 9
      vertex 9.55496 -11.9499 9
      vertex -8.75302 -11.5637 9
    endloop
  endfacet
  facet normal 0 0 1
    outer loop
      vertex -12.5 -12.5 9
      vertex 9.55496 -11.9499 9
      vertex -10.445 -11.9499 9
    endloop
  endfacet
  facet normal 0 0 1
    outer loop
      vertex 9.55496 -11.9499 9
      vertex -12.5 -12.5 9
      vertex 12.5 -12.5 9
    endloop
  endfacet
  facet normal 0 0 1
    outer loop
      vertex -12.5 -12.5 9
      vertex -10.445 -11.9499 9
      vertex -11.8019 -10.8678 9
    endloop
  endfacet
  facet normal -1 0 0
    outer loop
      vertex -15.5 -15 4
      vertex -15.5 15 9
      vertex -15.5 15 4
    endloop
  endfacet
  facet normal -1 -0 0
    outer loop
      vertex -15.5 15 9
      vertex -15.5 -15 4
      vertex -15.5 -15 9
    endloop
  endfacet
  facet normal 0 1 -0
    outer loop
      vertex 15.5 15 4
      vertex -15.5 15 9
      vertex 15.5 15 9
    endloop
  endfacet
  facet normal 0 1 0
    outer loop
      vertex -15.5 15 9
      vertex 15.5 15 4
      vertex -15.5 15 4
    endloop
  endfacet
  facet normal 0 -1 0
    outer loop
      vertex -15.5 -15 4
      vertex -12.5 -15 9
      vertex -15.5 -15 9
    endloop
  endfacet
  facet normal 0 -1 -0
    outer loop
      vertex -12.5 -15 9
      vertex -15.5 -15 4
      vertex -12.5 -15 4
    endloop
  endfacet
  facet normal 0 -1 0
    outer loop
      vertex 12.5 -15 4
      vertex 15.5 -15 9
      vertex 12.5 -15 9
    endloop
  endfacet
  facet normal 0 -1 -0
    outer loop
      vertex 15.5 -15 9
      vertex 12.5 -15 4
      vertex 15.5 -15 4
    endloop
  endfacet
  facet normal -0 0 1
    outer loop
      vertex -47 19.5 47
      vertex 7 -19.5 47
      vertex 7 19.5 47
    endloop
  endfacet
  facet normal 0 0 1
    outer loop
      vertex 7 -19.5 47
      vertex -47 19.5 47
      vertex -47 -19.5 47
    endloop
  endfacet
  facet normal 1 -0 0
    outer loop
      vertex 7 -19.5 47
      vertex 7 19.5 30
      vertex 7 19.5 47
    endloop
  endfacet
  facet normal 1 0 0
    outer loop
      vertex 7 19.5 30
      vertex 7 -19.5 47
      vertex 7 -19.5 30
    endloop
  endfacet
  facet normal -1 0 0
    outer loop
      vertex -47 -19.5 30
      vertex -47 19.5 47
      vertex -47 19.5 30
    endloop
  endfacet
  facet normal -1 -0 0
    outer loop
      vertex -47 19.5 47
      vertex -47 -19.5 30
      vertex -47 -19.5 47
    endloop
  endfacet
  facet normal 0 1 -0
    outer loop
      vertex 7 19.5 30
      vertex -47 19.5 47
      vertex 7 19.5 47
    endloop
  endfacet
  facet normal 0 1 0
    outer loop
      vertex -47 19.5 47
      vertex 7 19.5 30
      vertex -47 19.5 30
    endloop
  endfacet
  facet normal 0 -1 0
    outer loop
      vertex -47 -19.5 30
      vertex 7 -19.5 47
      vertex -47 -19.5 47
    endloop
  endfacet
  facet normal 0 -1 -0
    outer loop
      vertex 7 -19.5 47
      vertex -47 -19.5 30
      vertex 7 -19.5 30
    endloop
  endfacet
  facet normal 1 0 0
    outer loop
      vertex 62.5 -5.5 57
      vertex 62.5 -20.5 57
      vertex 62.5 -5.5 53.3
    endloop
  endfacet
  facet normal 1 0 0
    outer loop
      vertex 62.5 20 53.3
      vertex 62.5 -5.5 53.3
      vertex 62.5 20 48.6
    endloop
  endfacet
  facet normal 1 -0 0
    outer loop
      vertex 62.5 20 48.6
      vertex 62.5 20.5 47
      vertex 62.5 20.5 48.6
    endloop
  endfacet
  facet normal 1 0 0
    outer loop
      vertex 62.5 -5.5 53.3
      vertex 62.5 20.5 47
      vertex 62.5 20 48.6
    endloop
  endfacet
  facet normal 1 0 0
    outer loop
      vertex 62.5 -5.5 53.3
      vertex 62.5 -20.5 47
      vertex 62.5 20.5 47
    endloop
  endfacet
  facet normal 1 0 0
    outer loop
      vertex 62.5 -20.5 47
      vertex 62.5 -5.5 53.3
      vertex 62.5 -20.5 57
    endloop
  endfacet
  facet normal -0 0 1
    outer loop
      vertex 58 20.5 48.6
      vertex 62.5 20 48.6
      vertex 62.5 20.5 48.6
    endloop
  endfacet
  facet normal 0 0 1
    outer loop
      vertex 62.5 20 48.6
      vertex 58 20.5 48.6
      vertex 58 20 48.6
    endloop
  endfacet
  facet normal 0 0 -1
    outer loop
      vertex 22.5 20.5 48.6
      vertex 58 23 48.6
      vertex 58 20.5 48.6
    endloop
  endfacet
  facet normal -0 0 -1
    outer loop
      vertex 58 23 48.6
      vertex 22.5 20.5 48.6
      vertex 22.5 23 48.6
    endloop
  endfacet
  facet normal 0 0 -1
    outer loop
      vertex 7 18 48.6
      vertex 7.5 23 48.6
      vertex 7.5 18 48.6
    endloop
  endfacet
  facet normal -0 0 -1
    outer loop
      vertex 7.5 23 48.6
      vertex 7 18 48.6
      vertex 7 23 48.6
    endloop
  endfacet
  facet normal -0 0 1
    outer loop
      vertex 17.5 -20 48.6
      vertex 49.5 -20.5 48.6
      vertex 49.5 -20 48.6
    endloop
  endfacet
  facet normal 0 0 1
    outer loop
      vertex 49.5 -20.5 48.6
      vertex 17.5 -20 48.6
      vertex 17.5 -20.5 48.6
    endloop
  endfacet
  facet normal 0 0 -1
    outer loop
      vertex 62.5 -20.5 47
      vertex 22.5 20.5 47
      vertex 62.5 20.5 47
    endloop
  endfacet
  facet normal 0 0 -1
    outer loop
      vertex 7.5 -20.5 47
      vertex 22.5 20.5 47
      vertex 62.5 -20.5 47
    endloop
  endfacet
  facet normal 0 0 -1
    outer loop
      vertex 7.5 32.5 47
      vertex 22.5 20.5 47
      vertex 7.5 -20.5 47
    endloop
  endfacet
  facet normal 0 0 -1
    outer loop
      vertex 22.5 20.5 47
      vertex 7.5 32.5 47
      vertex 22.5 32.5 47
    endloop
  endfacet
  facet normal -1 0 0
    outer loop
      vertex 7.5 32.5 47
      vertex 7.5 23 48.6
      vertex 7.5 32.5 55
    endloop
  endfacet
  facet normal -1 0 0
    outer loop
      vertex 7.5 32.5 47
      vertex 7.5 18 48.6
      vertex 7.5 23 48.6
    endloop
  endfacet
  facet normal -1 0 0
    outer loop
      vertex 7.5 18 48.6
      vertex 7.5 -20 50
      vertex 7.5 18 53.3
    endloop
  endfacet
  facet normal -1 0 0
    outer loop
      vertex 7.5 -20.5 47
      vertex 7.5 18 48.6
      vertex 7.5 32.5 47
    endloop
  endfacet
  facet normal -1 -0 0
    outer loop
      vertex 7.5 18 48.6
      vertex 7.5 -20.5 47
      vertex 7.5 -20 50
    endloop
  endfacet
  facet normal -1 -0 0
    outer loop
      vertex 7.5 -20 50
      vertex 7.5 -20.5 47
      vertex 7.5 -20.5 50
    endloop
  endfacet
  facet normal -1 -0 0
    outer loop
      vertex 7.5 32.5 55
      vertex 7.5 23 48.6
      vertex 7.5 23 55
    endloop
  endfacet
  facet normal -1 -0 0
    outer loop
      vertex 7.5 18 53.3
      vertex 7.5 -20 50
      vertex 7.5 -20 53.3
    endloop
  endfacet
  facet normal 0 1 -0
    outer loop
      vertex 62.5 20.5 47
      vertex 58 20.5 48.6
      vertex 62.5 20.5 48.6
    endloop
  endfacet
  facet normal 0 1 0
    outer loop
      vertex 22.5 20.5 47
      vertex 58 20.5 48.6
      vertex 62.5 20.5 47
    endloop
  endfacet
  facet normal 0 1 0
    outer loop
      vertex 58 20.5 48.6
      vertex 22.5 20.5 47
      vertex 22.5 20.5 48.6
    endloop
  endfacet
  facet normal 0 -1 0
    outer loop
      vertex 7.5 -20.5 50
      vertex 17.5 -20.5 48.6
      vertex 17.5 -20.5 50
    endloop
  endfacet
  facet normal 0 -1 -0
    outer loop
      vertex 17.5 -20.5 48.6
      vertex 7.5 -20.5 47
      vertex 49.5 -20.5 48.6
    endloop
  endfacet
  facet normal 0 -1 0
    outer loop
      vertex 7.5 -20.5 47
      vertex 17.5 -20.5 48.6
      vertex 7.5 -20.5 50
    endloop
  endfacet
  facet normal 0 -1 0
    outer loop
      vertex 49.5 -20.5 48.6
      vertex 62.5 -20.5 57
      vertex 49.5 -20.5 57
    endloop
  endfacet
  facet normal 0 -1 0
    outer loop
      vertex 49.5 -20.5 48.6
      vertex 62.5 -20.5 47
      vertex 62.5 -20.5 57
    endloop
  endfacet
  facet normal 0 -1 0
    outer loop
      vertex 62.5 -20.5 47
      vertex 49.5 -20.5 48.6
      vertex 7.5 -20.5 47
    endloop
  endfacet
  facet normal 1 0 0
    outer loop
      vertex 22.5 23 48.6
      vertex 22.5 32.5 55
      vertex 22.5 23 55
    endloop
  endfacet
  facet normal 1 0 0
    outer loop
      vertex 22.5 32.5 55
      vertex 22.5 23 48.6
      vertex 22.5 32.5 47
    endloop
  endfacet
  facet normal 1 0 0
    outer loop
      vertex 22.5 20.5 47
      vertex 22.5 23 48.6
      vertex 22.5 20.5 48.6
    endloop
  endfacet
  facet normal 1 0 0
    outer loop
      vertex 22.5 23 48.6
      vertex 22.5 20.5 47
      vertex 22.5 32.5 47
    endloop
  endfacet
  facet normal -0 0 1
    outer loop
      vertex 7.5 32.5 55
      vertex 22.5 23 55
      vertex 22.5 32.5 55
    endloop
  endfacet
  facet normal 0 0 1
    outer loop
      vertex 22.5 23 55
      vertex 7.5 32.5 55
      vertex 7.5 23 55
    endloop
  endfacet
  facet normal 0 1 -0
    outer loop
      vertex 22.5 32.5 47
      vertex 7.5 32.5 55
      vertex 22.5 32.5 55
    endloop
  endfacet
  facet normal 0 1 0
    outer loop
      vertex 7.5 32.5 55
      vertex 22.5 32.5 47
      vertex 7.5 32.5 47
    endloop
  endfacet
  facet normal -0 0 1
    outer loop
      vertex 49.5 -5.5 57
      vertex 62.5 -20.5 57
      vertex 62.5 -5.5 57
    endloop
  endfacet
  facet normal 0 0 1
    outer loop
      vertex 62.5 -20.5 57
      vertex 49.5 -5.5 57
      vertex 49.5 -20.5 57
    endloop
  endfacet
  facet normal -1 0 0
    outer loop
      vertex 49.5 -20 48.6
      vertex 49.5 -20.5 48.6
      vertex 49.5 -20 53.3
    endloop
  endfacet
  facet normal -1 0 0
    outer loop
      vertex 49.5 -20 53.3
      vertex 49.5 -5.5 57
      vertex 49.5 -5.5 53.3
    endloop
  endfacet
  facet normal -1 0 0
    outer loop
      vertex 49.5 -20 53.3
      vertex 49.5 -20.5 57
      vertex 49.5 -5.5 57
    endloop
  endfacet
  facet normal -1 0 0
    outer loop
      vertex 49.5 -20.5 57
      vertex 49.5 -20 53.3
      vertex 49.5 -20.5 48.6
    endloop
  endfacet
  facet normal 0 1 -0
    outer loop
      vertex 62.5 -5.5 53.3
      vertex 49.5 -5.5 57
      vertex 62.5 -5.5 57
    endloop
  endfacet
  facet normal 0 1 0
    outer loop
      vertex 49.5 -5.5 57
      vertex 62.5 -5.5 53.3
      vertex 49.5 -5.5 53.3
    endloop
  endfacet
  facet normal 1 -0 0
    outer loop
      vertex 17.5 -20.5 50
      vertex 17.5 -20 48.6
      vertex 17.5 -20 50
    endloop
  endfacet
  facet normal 1 0 0
    outer loop
      vertex 17.5 -20 48.6
      vertex 17.5 -20.5 50
      vertex 17.5 -20.5 48.6
    endloop
  endfacet
  facet normal -0 0 1
    outer loop
      vertex 7.5 -20 50
      vertex 17.5 -20.5 50
      vertex 17.5 -20 50
    endloop
  endfacet
  facet normal 0 0 1
    outer loop
      vertex 17.5 -20.5 50
      vertex 7.5 -20 50
      vertex 7.5 -20.5 50
    endloop
  endfacet
  facet normal 1 -0 0
    outer loop
      vertex 58 20 53.3
      vertex 58 23 48.6
      vertex 58 23 57.1
    endloop
  endfacet
  facet normal 1 0 0
    outer loop
      vertex 58 23 48.6
      vertex 58 20 53.3
      vertex 58 20.5 48.6
    endloop
  endfacet
  facet normal 1 -0 0
    outer loop
      vertex 58 18 57.1
      vertex 58 20 53.3
      vertex 58 23 57.1
    endloop
  endfacet
  facet normal 1 0 0
    outer loop
      vertex 58 20 53.3
      vertex 58 18 57.1
      vertex 58 18 53.3
    endloop
  endfacet
  facet normal 1 0 0
    outer loop
      vertex 58 20.5 48.6
      vertex 58 20 53.3
      vertex 58 20 48.6
    endloop
  endfacet
  facet normal -0 0 1
    outer loop
      vertex 7 23 57.1
      vertex 58 18 57.1
      vertex 58 23 57.1
    endloop
  endfacet
  facet normal 0 0 1
    outer loop
      vertex 58 18 57.1
      vertex 7 23 57.1
      vertex 7 18 57.1
    endloop
  endfacet
  facet normal -1 0 0
    outer loop
      vertex 7 18 48.6
      vertex 7 23 57.1
      vertex 7 23 48.6
    endloop
  endfacet
  facet normal -1 -0 0
    outer loop
      vertex 7 23 57.1
      vertex 7 18 48.6
      vertex 7 18 57.1
    endloop
  endfacet
  facet normal 0 1 0
    outer loop
      vertex 58 23 57.1
      vertex 22.5 23 55
      vertex 7 23 57.1
    endloop
  endfacet
  facet normal 0 1 -0
    outer loop
      vertex 58 23 48.6
      vertex 22.5 23 55
      vertex 58 23 57.1
    endloop
  endfacet
  facet normal 0 1 0
    outer loop
      vertex 22.5 23 55
      vertex 58 23 48.6
      vertex 22.5 23 48.6
    endloop
  endfacet
  facet normal 0 1 -0
    outer loop
      vertex 7.5 23 55
      vertex 7 23 57.1
      vertex 22.5 23 55
    endloop
  endfacet
  facet normal 0 1 0
    outer loop
      vertex 7 23 48.6
      vertex 7.5 23 55
      vertex 7.5 23 48.6
    endloop
  endfacet
  facet normal 0 1 0
    outer loop
      vertex 7.5 23 55
      vertex 7 23 48.6
      vertex 7 23 57.1
    endloop
  endfacet
  facet normal 0 -1 0
    outer loop
      vertex 7 18 57.1
      vertex 7.5 18 53.3
      vertex 58 18 57.1
    endloop
  endfacet
  facet normal 0 -1 0
    outer loop
      vertex 7 18 48.6
      vertex 7.5 18 53.3
      vertex 7 18 57.1
    endloop
  endfacet
  facet normal 0 -1 -0
    outer loop
      vertex 7.5 18 53.3
      vertex 7 18 48.6
      vertex 7.5 18 48.6
    endloop
  endfacet
  facet normal 0 -1 -0
    outer loop
      vertex 58 18 57.1
      vertex 7.5 18 53.3
      vertex 58 18 53.3
    endloop
  endfacet
  facet normal 0 0 1
    outer loop
      vertex 58 18 53.3
      vertex 62.5 20 53.3
      vertex 58 20 53.3
    endloop
  endfacet
  facet normal 0 0 1
    outer loop
      vertex 62.5 20 53.3
      vertex 58 18 53.3
      vertex 62.5 -5.5 53.3
    endloop
  endfacet
  facet normal 0 0 1
    outer loop
      vertex 58 18 53.3
      vertex 49.5 -5.5 53.3
      vertex 62.5 -5.5 53.3
    endloop
  endfacet
  facet normal -0 0 1
    outer loop
      vertex 7.5 18 53.3
      vertex 49.5 -5.5 53.3
      vertex 58 18 53.3
    endloop
  endfacet
  facet normal 0 0 1
    outer loop
      vertex 7.5 -20 53.3
      vertex 49.5 -5.5 53.3
      vertex 7.5 18 53.3
    endloop
  endfacet
  facet normal 0 0 1
    outer loop
      vertex 49.5 -5.5 53.3
      vertex 7.5 -20 53.3
      vertex 49.5 -20 53.3
    endloop
  endfacet
  facet normal 0 1 -0
    outer loop
      vertex 62.5 20 48.6
      vertex 58 20 53.3
      vertex 62.5 20 53.3
    endloop
  endfacet
  facet normal 0 1 0
    outer loop
      vertex 58 20 53.3
      vertex 62.5 20 48.6
      vertex 58 20 48.6
    endloop
  endfacet
  facet normal 0 -1 0
    outer loop
      vertex 17.5 -20 50
      vertex 7.5 -20 53.3
      vertex 7.5 -20 50
    endloop
  endfacet
  facet normal 0 -1 0
    outer loop
      vertex 7.5 -20 53.3
      vertex 17.5 -20 50
      vertex 49.5 -20 53.3
    endloop
  endfacet
  facet normal 0 -1 0
    outer loop
      vertex 49.5 -20 48.6
      vertex 17.5 -20 50
      vertex 17.5 -20 48.6
    endloop
  endfacet
  facet normal 0 -1 0
    outer loop
      vertex 17.5 -20 50
      vertex 49.5 -20 48.6
      vertex 49.5 -20 53.3
    endloop
  endfacet
  facet normal 1 -0 0
    outer loop
      vertex -46.5 -15 59
      vertex -46.5 15 57
      vertex -46.5 15 59
    endloop
  endfacet
  facet normal 1 0 0
    outer loop
      vertex -46.5 15 57
      vertex -46.5 -15 59
      vertex -46.5 -15 57
    endloop
  endfacet
  facet normal 0 0 1
    outer loop
      vertex -46.5 15 59
      vertex -57 0 59
      vertex -46.5 -15 59
    endloop
  endfacet
  facet normal 0 0 1
    outer loop
      vertex -46.5 15 59
      vertex -57.3251 1.9482 59
      vertex -57 0 59
    endloop
  endfacet
  facet normal 0 0 1
    outer loop
      vertex -46.5 15 59
      vertex -58.2652 3.68528 59
      vertex -57.3251 1.9482 59
    endloop
  endfacet
  facet normal 0 0 1
    outer loop
      vertex -46.5 15 59
      vertex -59.7183 5.023 59
      vertex -58.2652 3.68528 59
    endloop
  endfacet
  facet normal 0 0 1
    outer loop
      vertex -46.5 15 59
      vertex -61.5271 5.8164 59
      vertex -59.7183 5.023 59
    endloop
  endfacet
  facet normal 0 0 1
    outer loop
      vertex -46.5 15 59
      vertex -63.4955 5.97951 59
      vertex -61.5271 5.8164 59
    endloop
  endfacet
  facet normal -0 0 1
    outer loop
      vertex -79.5 15 59
      vertex -63.4955 5.97951 59
      vertex -46.5 15 59
    endloop
  endfacet
  facet normal 0 0 1
    outer loop
      vertex -68.9182 0.987567 59
      vertex -79.5 15 59
      vertex -68.9182 -0.987567 59
    endloop
  endfacet
  facet normal 0 0 1
    outer loop
      vertex -68.2768 2.85568 59
      vertex -79.5 15 59
      vertex -68.9182 0.987567 59
    endloop
  endfacet
  facet normal 0 0 1
    outer loop
      vertex -67.0637 4.41434 59
      vertex -79.5 15 59
      vertex -68.2768 2.85568 59
    endloop
  endfacet
  facet normal 0 0 1
    outer loop
      vertex -65.4102 5.49464 59
      vertex -79.5 15 59
      vertex -67.0637 4.41434 59
    endloop
  endfacet
  facet normal 0 0 1
    outer loop
      vertex -63.4955 5.97951 59
      vertex -79.5 15 59
      vertex -65.4102 5.49464 59
    endloop
  endfacet
  facet normal -0 0 1
    outer loop
      vertex -57.3251 -1.9482 59
      vertex -46.5 -15 59
      vertex -57 0 59
    endloop
  endfacet
  facet normal -0 0 1
    outer loop
      vertex -58.2652 -3.68528 59
      vertex -46.5 -15 59
      vertex -57.3251 -1.9482 59
    endloop
  endfacet
  facet normal -0 0 1
    outer loop
      vertex -59.7183 -5.023 59
      vertex -46.5 -15 59
      vertex -58.2652 -3.68528 59
    endloop
  endfacet
  facet normal -0 0 1
    outer loop
      vertex -61.5271 -5.8164 59
      vertex -46.5 -15 59
      vertex -59.7183 -5.023 59
    endloop
  endfacet
  facet normal -0 0 1
    outer loop
      vertex -63.4955 -5.97951 59
      vertex -46.5 -15 59
      vertex -61.5271 -5.8164 59
    endloop
  endfacet
  facet normal 0 0 1
    outer loop
      vertex -79.5 -15 59
      vertex -63.4955 -5.97951 59
      vertex -65.4102 -5.49464 59
    endloop
  endfacet
  facet normal 0 0 1
    outer loop
      vertex -79.5 -15 59
      vertex -68.9182 -0.987567 59
      vertex -79.5 15 59
    endloop
  endfacet
  facet normal 0 0 1
    outer loop
      vertex -63.4955 -5.97951 59
      vertex -79.5 -15 59
      vertex -46.5 -15 59
    endloop
  endfacet
  facet normal 0 0 1
    outer loop
      vertex -67.0637 -4.41434 59
      vertex -79.5 -15 59
      vertex -65.4102 -5.49464 59
    endloop
  endfacet
  facet normal 0 0 1
    outer loop
      vertex -68.2768 -2.85568 59
      vertex -79.5 -15 59
      vertex -67.0637 -4.41434 59
    endloop
  endfacet
  facet normal 0 0 1
    outer loop
      vertex -68.9182 -0.987567 59
      vertex -79.5 -15 59
      vertex -68.2768 -2.85568 59
    endloop
  endfacet
  facet normal 0 0 -1
    outer loop
      vertex -79.5 -15 57
      vertex -46.5 15 57
      vertex -46.5 -15 57
    endloop
  endfacet
  facet normal -0 0 -1
    outer loop
      vertex -46.5 15 57
      vertex -79.5 -15 57
      vertex -79.5 15 57
    endloop
  endfacet
  facet normal -1 0 0
    outer loop
      vertex -79.5 -15 57
      vertex -79.5 15 59
      vertex -79.5 15 57
    endloop
  endfacet
  facet normal -1 -0 0
    outer loop
      vertex -79.5 15 59
      vertex -79.5 -15 57
      vertex -79.5 -15 59
    endloop
  endfacet
  facet normal 0 1 -0
    outer loop
      vertex -46.5 15 57
      vertex -79.5 15 59
      vertex -46.5 15 59
    endloop
  endfacet
  facet normal 0 1 0
    outer loop
      vertex -79.5 15 59
      vertex -46.5 15 57
      vertex -79.5 15 57
    endloop
  endfacet
  facet normal 0 -1 0
    outer loop
      vertex -79.5 -15 57
      vertex -46.5 -15 59
      vertex -79.5 -15 59
    endloop
  endfacet
  facet normal 0 -1 -0
    outer loop
      vertex -46.5 -15 59
      vertex -79.5 -15 57
      vertex -46.5 -15 57
    endloop
  endfacet
  facet normal 0.879465 0.475963 0
    outer loop
      vertex -57.3251 1.9482 67
      vertex -58.2652 3.68528 59
      vertex -58.2652 3.68528 67
    endloop
  endfacet
  facet normal 0.879465 0.475963 0
    outer loop
      vertex -58.2652 3.68528 59
      vertex -57.3251 1.9482 67
      vertex -57.3251 1.9482 59
    endloop
  endfacet
  facet normal 0.986361 0.164596 0
    outer loop
      vertex -57 0 67
      vertex -57.3251 1.9482 59
      vertex -57.3251 1.9482 67
    endloop
  endfacet
  facet normal 0.986361 0.164596 0
    outer loop
      vertex -57.3251 1.9482 59
      vertex -57 0 67
      vertex -57 0 59
    endloop
  endfacet
  facet normal 0.677295 0.735712 -0
    outer loop
      vertex -58.2652 3.68528 59
      vertex -59.7183 5.023 67
      vertex -58.2652 3.68528 67
    endloop
  endfacet
  facet normal 0.677295 0.735712 0
    outer loop
      vertex -59.7183 5.023 67
      vertex -58.2652 3.68528 59
      vertex -59.7183 5.023 59
    endloop
  endfacet
  facet normal -0.945805 0.324734 0
    outer loop
      vertex -68.9182 0.987567 59
      vertex -68.2768 2.85568 67
      vertex -68.2768 2.85568 59
    endloop
  endfacet
  facet normal -0.945805 0.324734 0
    outer loop
      vertex -68.2768 2.85568 67
      vertex -68.9182 0.987567 59
      vertex -68.9182 0.987567 67
    endloop
  endfacet
  facet normal 0.40169 -0.915776 0
    outer loop
      vertex -61.5271 -5.8164 59
      vertex -59.7183 -5.023 67
      vertex -61.5271 -5.8164 67
    endloop
  endfacet
  facet normal 0.40169 -0.915776 0
    outer loop
      vertex -59.7183 -5.023 67
      vertex -61.5271 -5.8164 59
      vertex -59.7183 -5.023 59
    endloop
  endfacet
  facet normal -0.245486 -0.9694 0
    outer loop
      vertex -65.4102 -5.49464 59
      vertex -63.4955 -5.97951 67
      vertex -65.4102 -5.49464 67
    endloop
  endfacet
  facet normal -0.245486 -0.9694 -0
    outer loop
      vertex -63.4955 -5.97951 67
      vertex -65.4102 -5.49464 59
      vertex -63.4955 -5.97951 59
    endloop
  endfacet
  facet normal -0.546953 -0.837163 0
    outer loop
      vertex -67.0637 -4.41434 59
      vertex -65.4102 -5.49464 67
      vertex -67.0637 -4.41434 67
    endloop
  endfacet
  facet normal -0.546953 -0.837163 -0
    outer loop
      vertex -65.4102 -5.49464 67
      vertex -67.0637 -4.41434 59
      vertex -65.4102 -5.49464 59
    endloop
  endfacet
  facet normal -0.546953 0.837163 0
    outer loop
      vertex -65.4102 5.49464 59
      vertex -67.0637 4.41434 67
      vertex -65.4102 5.49464 67
    endloop
  endfacet
  facet normal -0.546953 0.837163 0
    outer loop
      vertex -67.0637 4.41434 67
      vertex -65.4102 5.49464 59
      vertex -67.0637 4.41434 59
    endloop
  endfacet
  facet normal 0.40169 0.915776 -0
    outer loop
      vertex -59.7183 5.023 59
      vertex -61.5271 5.8164 67
      vertex -59.7183 5.023 67
    endloop
  endfacet
  facet normal 0.40169 0.915776 0
    outer loop
      vertex -61.5271 5.8164 67
      vertex -59.7183 5.023 59
      vertex -61.5271 5.8164 59
    endloop
  endfacet
  facet normal 0.0825812 0.996584 -0
    outer loop
      vertex -61.5271 5.8164 59
      vertex -63.4955 5.97951 67
      vertex -61.5271 5.8164 67
    endloop
  endfacet
  facet normal 0.0825812 0.996584 0
    outer loop
      vertex -63.4955 5.97951 67
      vertex -61.5271 5.8164 59
      vertex -63.4955 5.97951 59
    endloop
  endfacet
  facet normal -0.245486 0.9694 0
    outer loop
      vertex -63.4955 5.97951 59
      vertex -65.4102 5.49464 67
      vertex -63.4955 5.97951 67
    endloop
  endfacet
  facet normal -0.245486 0.9694 0
    outer loop
      vertex -65.4102 5.49464 67
      vertex -63.4955 5.97951 59
      vertex -65.4102 5.49464 59
    endloop
  endfacet
  facet normal -1 0 0
    outer loop
      vertex -68.9182 -0.987567 59
      vertex -68.9182 0.987567 67
      vertex -68.9182 0.987567 59
    endloop
  endfacet
  facet normal -1 -0 0
    outer loop
      vertex -68.9182 0.987567 67
      vertex -68.9182 -0.987567 59
      vertex -68.9182 -0.987567 67
    endloop
  endfacet
  facet normal 0.677295 -0.735712 0
    outer loop
      vertex -59.7183 -5.023 59
      vertex -58.2652 -3.68528 67
      vertex -59.7183 -5.023 67
    endloop
  endfacet
  facet normal 0.677295 -0.735712 0
    outer loop
      vertex -58.2652 -3.68528 67
      vertex -59.7183 -5.023 59
      vertex -58.2652 -3.68528 59
    endloop
  endfacet
  facet normal 0.986361 -0.164596 0
    outer loop
      vertex -57.3251 -1.9482 67
      vertex -57 0 59
      vertex -57 0 67
    endloop
  endfacet
  facet normal 0.986361 -0.164596 0
    outer loop
      vertex -57 0 59
      vertex -57.3251 -1.9482 67
      vertex -57.3251 -1.9482 59
    endloop
  endfacet
  facet normal -0.945805 -0.324734 0
    outer loop
      vertex -68.2768 -2.85568 59
      vertex -68.9182 -0.987567 67
      vertex -68.9182 -0.987567 59
    endloop
  endfacet
  facet normal -0.945805 -0.324734 0
    outer loop
      vertex -68.9182 -0.987567 67
      vertex -68.2768 -2.85568 59
      vertex -68.2768 -2.85568 67
    endloop
  endfacet
  facet normal 0 0 1
    outer loop
      vertex -57.3251 1.9482 67
      vertex -57.3251 -1.9482 67
      vertex -57 0 67
    endloop
  endfacet
  facet normal 0 0 1
    outer loop
      vertex -58.2652 3.68528 67
      vertex -57.3251 -1.9482 67
      vertex -57.3251 1.9482 67
    endloop
  endfacet
  facet normal 0 0 1
    outer loop
      vertex -58.2652 3.68528 67
      vertex -58.2652 -3.68528 67
      vertex -57.3251 -1.9482 67
    endloop
  endfacet
  facet normal 0 0 1
    outer loop
      vertex -59.7183 5.023 67
      vertex -58.2652 -3.68528 67
      vertex -58.2652 3.68528 67
    endloop
  endfacet
  facet normal 0 0 1
    outer loop
      vertex -59.7183 5.023 67
      vertex -59.7183 -5.023 67
      vertex -58.2652 -3.68528 67
    endloop
  endfacet
  facet normal 0 0 1
    outer loop
      vertex -61.5271 5.8164 67
      vertex -59.7183 -5.023 67
      vertex -59.7183 5.023 67
    endloop
  endfacet
  facet normal 0 0 1
    outer loop
      vertex -61.5271 5.8164 67
      vertex -61.5271 -5.8164 67
      vertex -59.7183 -5.023 67
    endloop
  endfacet
  facet normal 0 0 1
    outer loop
      vertex -63.4955 5.97951 67
      vertex -61.5271 -5.8164 67
      vertex -61.5271 5.8164 67
    endloop
  endfacet
  facet normal 0 0 1
    outer loop
      vertex -63.4955 5.97951 67
      vertex -63.4955 -5.97951 67
      vertex -61.5271 -5.8164 67
    endloop
  endfacet
  facet normal -0 0 1
    outer loop
      vertex -65.4102 5.49464 67
      vertex -63.4955 -5.97951 67
      vertex -63.4955 5.97951 67
    endloop
  endfacet
  facet normal 0 0 1
    outer loop
      vertex -65.4102 5.49464 67
      vertex -65.4102 -5.49464 67
      vertex -63.4955 -5.97951 67
    endloop
  endfacet
  facet normal -0 0 1
    outer loop
      vertex -67.0637 4.41434 67
      vertex -65.4102 -5.49464 67
      vertex -65.4102 5.49464 67
    endloop
  endfacet
  facet normal 0 0 1
    outer loop
      vertex -67.0637 4.41434 67
      vertex -67.0637 -4.41434 67
      vertex -65.4102 -5.49464 67
    endloop
  endfacet
  facet normal -0 0 1
    outer loop
      vertex -68.2768 2.85568 67
      vertex -67.0637 -4.41434 67
      vertex -67.0637 4.41434 67
    endloop
  endfacet
  facet normal 0 0 1
    outer loop
      vertex -68.2768 2.85568 67
      vertex -68.2768 -2.85568 67
      vertex -67.0637 -4.41434 67
    endloop
  endfacet
  facet normal -0 0 1
    outer loop
      vertex -68.9182 0.987567 67
      vertex -68.2768 -2.85568 67
      vertex -68.2768 2.85568 67
    endloop
  endfacet
  facet normal 0 0 1
    outer loop
      vertex -68.2768 -2.85568 67
      vertex -68.9182 0.987567 67
      vertex -68.9182 -0.987567 67
    endloop
  endfacet
  facet normal -0.789154 -0.614196 0
    outer loop
      vertex -67.0637 -4.41434 59
      vertex -68.2768 -2.85568 67
      vertex -68.2768 -2.85568 59
    endloop
  endfacet
  facet normal -0.789154 -0.614196 0
    outer loop
      vertex -68.2768 -2.85568 67
      vertex -67.0637 -4.41434 59
      vertex -67.0637 -4.41434 67
    endloop
  endfacet
  facet normal 0.879465 -0.475963 0
    outer loop
      vertex -58.2652 -3.68528 67
      vertex -57.3251 -1.9482 59
      vertex -57.3251 -1.9482 67
    endloop
  endfacet
  facet normal 0.879465 -0.475963 0
    outer loop
      vertex -57.3251 -1.9482 59
      vertex -58.2652 -3.68528 67
      vertex -58.2652 -3.68528 59
    endloop
  endfacet
  facet normal -0.789154 0.614196 0
    outer loop
      vertex -68.2768 2.85568 59
      vertex -67.0637 4.41434 67
      vertex -67.0637 4.41434 59
    endloop
  endfacet
  facet normal -0.789154 0.614196 0
    outer loop
      vertex -67.0637 4.41434 67
      vertex -68.2768 2.85568 59
      vertex -68.2768 2.85568 67
    endloop
  endfacet
  facet normal 0.0825812 -0.996584 0
    outer loop
      vertex -63.4955 -5.97951 59
      vertex -61.5271 -5.8164 67
      vertex -63.4955 -5.97951 67
    endloop
  endfacet
  facet normal 0.0825812 -0.996584 0
    outer loop
      vertex -61.5271 -5.8164 67
      vertex -63.4955 -5.97951 59
      vertex -61.5271 -5.8164 59
    endloop
  endfacet
  facet normal -0.454004 0.891 0
    outer loop
      vertex 64.269 55.8876 4
      vertex 63.6351 55.5646 7
      vertex 64.269 55.8876 7
    endloop
  endfacet
  facet normal -0.454004 0.891 0
    outer loop
      vertex 63.6351 55.5646 7
      vertex 64.269 55.8876 4
      vertex 63.6351 55.5646 4
    endloop
  endfacet
  facet normal 0.891022 -0.453961 0
    outer loop
      vertex 61.451 56.3339 7
      vertex 62.2515 57.9051 4
      vertex 62.2515 57.9051 7
    endloop
  endfacet
  facet normal 0.891022 -0.453961 0
    outer loop
      vertex 62.2515 57.9051 4
      vertex 61.451 56.3339 7
      vertex 61.451 56.3339 4
    endloop
  endfacet
  facet normal -0.156458 -0.987685 0
    outer loop
      vertex 62.2515 57.9051 4
      vertex 63.9932 57.6292 7
      vertex 62.2515 57.9051 7
    endloop
  endfacet
  facet normal -0.156458 -0.987685 -0
    outer loop
      vertex 63.9932 57.6292 7
      vertex 62.2515 57.9051 4
      vertex 63.9932 57.6292 4
    endloop
  endfacet
  facet normal 0.707107 0.707107 -0
    outer loop
      vertex 62.167 55.6179 4
      vertex 61.451 56.3339 7
      vertex 62.167 55.6179 7
    endloop
  endfacet
  facet normal 0.707107 0.707107 0
    outer loop
      vertex 61.451 56.3339 7
      vertex 62.167 55.6179 4
      vertex 61.451 56.3339 4
    endloop
  endfacet
  facet normal -0.987692 -0.156411 0
    outer loop
      vertex 64.269 55.8876 4
      vertex 63.9932 57.6292 7
      vertex 63.9932 57.6292 4
    endloop
  endfacet
  facet normal -0.987692 -0.156411 0
    outer loop
      vertex 63.9932 57.6292 7
      vertex 64.269 55.8876 4
      vertex 64.269 55.8876 7
    endloop
  endfacet
  facet normal -0.453961 0.891022 0
    outer loop
      vertex 57.9051 62.2515 4
      vertex 56.3339 61.451 7
      vertex 57.9051 62.2515 7
    endloop
  endfacet
  facet normal -0.453961 0.891022 0
    outer loop
      vertex 56.3339 61.451 7
      vertex 57.9051 62.2515 4
      vertex 56.3339 61.451 4
    endloop
  endfacet
  facet normal 0.891 -0.454004 0
    outer loop
      vertex 55.5646 63.6351 7
      vertex 55.8876 64.269 4
      vertex 55.8876 64.269 7
    endloop
  endfacet
  facet normal 0.891 -0.454004 0
    outer loop
      vertex 55.8876 64.269 4
      vertex 55.5646 63.6351 7
      vertex 55.5646 63.6351 4
    endloop
  endfacet
  facet normal -0.156465 -0.987684 0
    outer loop
      vertex 57.0188 64.0898 4
      vertex 55.8876 64.269 7
      vertex 55.8876 64.269 4
    endloop
  endfacet
  facet normal -0.156411 -0.987692 2.07489e-05
    outer loop
      vertex 55.8876 64.269 7
      vertex 57.0188 64.0898 4
      vertex 57.6292 63.9932 7
    endloop
  endfacet
  facet normal -0.156312 -0.987708 -0
    outer loop
      vertex 57.6292 63.9932 7
      vertex 57.0188 64.0898 4
      vertex 57.6292 63.9932 4
    endloop
  endfacet
  facet normal 0.707107 0.707107 0
    outer loop
      vertex 56.3339 61.451 7
      vertex 55.6179 62.167 4
      vertex 55.6179 62.167 7
    endloop
  endfacet
  facet normal 0.707107 0.707107 0
    outer loop
      vertex 55.6179 62.167 4
      vertex 56.3339 61.451 7
      vertex 56.3339 61.451 4
    endloop
  endfacet
  facet normal -0.987685 -0.156458 0
    outer loop
      vertex 57.9051 62.2515 4
      vertex 57.6292 63.9932 7
      vertex 57.6292 63.9932 4
    endloop
  endfacet
  facet normal -0.987685 -0.156458 0
    outer loop
      vertex 57.6292 63.9932 7
      vertex 57.9051 62.2515 4
      vertex 57.9051 62.2515 7
    endloop
  endfacet
  facet normal -0.453972 0.891016 0
    outer loop
      vertex 70.4671 62.167 4
      vertex 69.0618 61.451 7
      vertex 70.4671 62.167 7
    endloop
  endfacet
  facet normal -0.453972 0.891016 0
    outer loop
      vertex 69.0618 61.451 7
      vertex 70.4671 62.167 4
      vertex 69.0618 61.451 4
    endloop
  endfacet
  facet normal 0.890987 -0.454029 0
    outer loop
      vertex 67.8149 62.6979 7
      vertex 68.6155 64.269 4
      vertex 68.6155 64.269 7
    endloop
  endfacet
  facet normal 0.890987 -0.454029 0
    outer loop
      vertex 68.6155 64.269 4
      vertex 67.8149 62.6979 7
      vertex 67.8149 62.6979 4
    endloop
  endfacet
  facet normal -0.156411 -0.987692 0
    outer loop
      vertex 68.6155 64.269 4
      vertex 70.3571 63.9932 7
      vertex 68.6155 64.269 7
    endloop
  endfacet
  facet normal -0.156411 -0.987692 -0
    outer loop
      vertex 70.3571 63.9932 7
      vertex 68.6155 64.269 4
      vertex 70.3571 63.9932 4
    endloop
  endfacet
  facet normal 0.707107 0.707107 0
    outer loop
      vertex 69.0618 61.451 7
      vertex 67.8149 62.6979 4
      vertex 67.8149 62.6979 7
    endloop
  endfacet
  facet normal 0.707107 0.707107 0
    outer loop
      vertex 67.8149 62.6979 4
      vertex 69.0618 61.451 7
      vertex 69.0618 61.451 4
    endloop
  endfacet
  facet normal -0.987689 -0.15643 0
    outer loop
      vertex 70.4138 63.6352 4
      vertex 70.3571 63.9932 7
      vertex 70.3571 63.9932 4
    endloop
  endfacet
  facet normal -0.987689 -0.15643 0
    outer loop
      vertex 70.3571 63.9932 7
      vertex 70.4138 63.6352 4
      vertex 70.4138 63.6352 7
    endloop
  endfacet
  facet normal -0.454029 0.890987 0
    outer loop
      vertex 64.269 68.6155 4
      vertex 62.6979 67.8149 7
      vertex 64.269 68.6155 7
    endloop
  endfacet
  facet normal -0.454029 0.890987 0
    outer loop
      vertex 62.6979 67.8149 7
      vertex 64.269 68.6155 4
      vertex 62.6979 67.8149 4
    endloop
  endfacet
  facet normal 0.891016 -0.453972 0
    outer loop
      vertex 61.451 69.0618 7
      vertex 62.167 70.4671 4
      vertex 62.167 70.4671 7
    endloop
  endfacet
  facet normal 0.891016 -0.453972 0
    outer loop
      vertex 62.167 70.4671 4
      vertex 61.451 69.0618 7
      vertex 61.451 69.0618 4
    endloop
  endfacet
  facet normal -0.15643 -0.987689 0
    outer loop
      vertex 63.6352 70.4138 4
      vertex 63.9932 70.3571 7
      vertex 63.6352 70.4138 7
    endloop
  endfacet
  facet normal -0.15643 -0.987689 -0
    outer loop
      vertex 63.9932 70.3571 7
      vertex 63.6352 70.4138 4
      vertex 63.9932 70.3571 4
    endloop
  endfacet
  facet normal 0.707107 0.707107 -0
    outer loop
      vertex 62.6979 67.8149 4
      vertex 61.451 69.0618 7
      vertex 62.6979 67.8149 7
    endloop
  endfacet
  facet normal 0.707107 0.707107 0
    outer loop
      vertex 61.451 69.0618 7
      vertex 62.6979 67.8149 4
      vertex 61.451 69.0618 4
    endloop
  endfacet
  facet normal -0.987692 -0.156411 0
    outer loop
      vertex 64.269 68.6155 4
      vertex 63.9932 70.3571 7
      vertex 63.9932 70.3571 4
    endloop
  endfacet
  facet normal -0.987692 -0.156411 0
    outer loop
      vertex 63.9932 70.3571 7
      vertex 64.269 68.6155 4
      vertex 64.269 68.6155 7
    endloop
  endfacet
  facet normal -0.453984 0.89101 0
    outer loop
      vertex 64.269 53.7662 4
      vertex 62.6979 52.9657 7
      vertex 64.269 53.7662 7
    endloop
  endfacet
  facet normal -0.453984 0.89101 0
    outer loop
      vertex 62.6979 52.9657 7
      vertex 64.269 53.7662 4
      vertex 62.6979 52.9657 4
    endloop
  endfacet
  facet normal 0.891016 -0.453972 0
    outer loop
      vertex 61.451 54.2126 7
      vertex 62.167 55.6179 4
      vertex 62.167 55.6179 7
    endloop
  endfacet
  facet normal 0.891016 -0.453972 0
    outer loop
      vertex 62.167 55.6179 4
      vertex 61.451 54.2126 7
      vertex 61.451 54.2126 4
    endloop
  endfacet
  facet normal -0.156387 -0.987696 0
    outer loop
      vertex 63.6351 55.5646 4
      vertex 63.9932 55.5079 7
      vertex 63.6351 55.5646 7
    endloop
  endfacet
  facet normal -0.156387 -0.987696 -0
    outer loop
      vertex 63.9932 55.5079 7
      vertex 63.6351 55.5646 4
      vertex 63.9932 55.5079 4
    endloop
  endfacet
  facet normal 0.707107 0.707107 -0
    outer loop
      vertex 62.6979 52.9657 4
      vertex 61.451 54.2126 7
      vertex 62.6979 52.9657 7
    endloop
  endfacet
  facet normal 0.707107 0.707107 0
    outer loop
      vertex 61.451 54.2126 7
      vertex 62.6979 52.9657 4
      vertex 61.451 54.2126 4
    endloop
  endfacet
  facet normal -0.987693 -0.156402 0
    outer loop
      vertex 64.269 53.7662 4
      vertex 63.9932 55.5079 7
      vertex 63.9932 55.5079 4
    endloop
  endfacet
  facet normal -0.987693 -0.156402 0
    outer loop
      vertex 63.9932 55.5079 7
      vertex 64.269 53.7662 4
      vertex 64.269 53.7662 7
    endloop
  endfacet
  facet normal -0.453966 0.891019 0
    outer loop
      vertex 54.5537 61.6248 4
      vertex 55.6179 62.167 7
      vertex 55.6179 62.167 4
    endloop
  endfacet
  facet normal -0.453972 0.891016 2.86163e-06
    outer loop
      vertex 55.6179 62.167 7
      vertex 54.5537 61.6248 4
      vertex 54.2126 61.451 7
    endloop
  endfacet
  facet normal -0.453992 0.891006 0
    outer loop
      vertex 54.2126 61.451 7
      vertex 54.5537 61.6248 4
      vertex 54.2126 61.451 4
    endloop
  endfacet
  facet normal 0.89101 -0.453984 0
    outer loop
      vertex 52.9657 62.6979 7
      vertex 53.7662 64.269 4
      vertex 53.7662 64.269 7
    endloop
  endfacet
  facet normal 0.89101 -0.453984 0
    outer loop
      vertex 53.7662 64.269 4
      vertex 52.9657 62.6979 7
      vertex 52.9657 62.6979 4
    endloop
  endfacet
  facet normal -0.156402 -0.987693 0
    outer loop
      vertex 53.7662 64.269 4
      vertex 55.5079 63.9932 7
      vertex 53.7662 64.269 7
    endloop
  endfacet
  facet normal -0.156402 -0.987693 -0
    outer loop
      vertex 55.5079 63.9932 7
      vertex 53.7662 64.269 4
      vertex 55.5079 63.9932 4
    endloop
  endfacet
  facet normal 0.707107 0.707107 0
    outer loop
      vertex 54.2126 61.451 7
      vertex 52.9657 62.6979 4
      vertex 52.9657 62.6979 7
    endloop
  endfacet
  facet normal 0.707107 0.707107 0
    outer loop
      vertex 52.9657 62.6979 4
      vertex 54.2126 61.451 7
      vertex 54.2126 61.451 4
    endloop
  endfacet
  facet normal -0.987696 -0.156387 0
    outer loop
      vertex 55.5646 63.6351 4
      vertex 55.5079 63.9932 7
      vertex 55.5079 63.9932 4
    endloop
  endfacet
  facet normal -0.987696 -0.156387 0
    outer loop
      vertex 55.5079 63.9932 7
      vertex 55.5646 63.6351 4
      vertex 55.5646 63.6351 7
    endloop
  endfacet
  facet normal -0.453981 0.891011 0
    outer loop
      vertex 71.5243 61.6248 4
      vertex 72.7543 62.2515 7
      vertex 72.7543 62.2515 4
    endloop
  endfacet
  facet normal -0.453961 0.891022 -1.05934e-05
    outer loop
      vertex 72.7543 62.2515 7
      vertex 71.5243 61.6248 4
      vertex 71.1831 61.451 7
    endloop
  endfacet
  facet normal -0.453887 0.891059 0
    outer loop
      vertex 71.1831 61.451 7
      vertex 71.5243 61.6248 4
      vertex 71.1831 61.451 4
    endloop
  endfacet
  facet normal 0.890953 -0.454095 0
    outer loop
      vertex 70.7368 64.269 7
      vertex 70.5155 63.8348 4
      vertex 70.7368 64.269 4
    endloop
  endfacet
  facet normal 0.890971 -0.454061 -6.25095e-06
    outer loop
      vertex 70.4138 63.6352 7
      vertex 70.5155 63.8348 4
      vertex 70.7368 64.269 7
    endloop
  endfacet
  facet normal 0.891009 -0.453986 0
    outer loop
      vertex 70.5155 63.8348 4
      vertex 70.4138 63.6352 7
      vertex 70.4138 63.6352 4
    endloop
  endfacet
  facet normal -0.156411 -0.987692 0
    outer loop
      vertex 70.7368 64.269 4
      vertex 72.4784 63.9932 7
      vertex 70.7368 64.269 7
    endloop
  endfacet
  facet normal -0.156411 -0.987692 -0
    outer loop
      vertex 72.4784 63.9932 7
      vertex 70.7368 64.269 4
      vertex 72.4784 63.9932 4
    endloop
  endfacet
  facet normal 0.707107 0.707107 0
    outer loop
      vertex 71.1831 61.451 7
      vertex 70.4671 62.167 4
      vertex 70.4671 62.167 7
    endloop
  endfacet
  facet normal 0.707107 0.707107 0
    outer loop
      vertex 70.4671 62.167 4
      vertex 71.1831 61.451 7
      vertex 71.1831 61.451 4
    endloop
  endfacet
  facet normal -0.987685 -0.156458 0
    outer loop
      vertex 72.7543 62.2515 4
      vertex 72.4784 63.9932 7
      vertex 72.4784 63.9932 4
    endloop
  endfacet
  facet normal -0.987685 -0.156458 0
    outer loop
      vertex 72.4784 63.9932 7
      vertex 72.7543 62.2515 4
      vertex 72.7543 62.2515 7
    endloop
  endfacet
  facet normal -0.454095 0.890953 0
    outer loop
      vertex 63.8348 70.5155 4
      vertex 64.269 70.7368 7
      vertex 64.269 70.7368 4
    endloop
  endfacet
  facet normal -0.454061 0.890971 -6.25095e-06
    outer loop
      vertex 64.269 70.7368 7
      vertex 63.8348 70.5155 4
      vertex 63.6352 70.4138 7
    endloop
  endfacet
  facet normal -0.453986 0.891009 0
    outer loop
      vertex 63.6352 70.4138 7
      vertex 63.8348 70.5155 4
      vertex 63.6352 70.4138 4
    endloop
  endfacet
  facet normal 0.891011 -0.453981 0
    outer loop
      vertex 62.2515 72.7543 7
      vertex 61.6248 71.5243 4
      vertex 62.2515 72.7543 4
    endloop
  endfacet
  facet normal 0.891022 -0.453961 -1.05934e-05
    outer loop
      vertex 61.451 71.1831 7
      vertex 61.6248 71.5243 4
      vertex 62.2515 72.7543 7
    endloop
  endfacet
  facet normal 0.891059 -0.453887 0
    outer loop
      vertex 61.6248 71.5243 4
      vertex 61.451 71.1831 7
      vertex 61.451 71.1831 4
    endloop
  endfacet
  facet normal -0.156458 -0.987685 0
    outer loop
      vertex 62.2515 72.7543 4
      vertex 63.9932 72.4784 7
      vertex 62.2515 72.7543 7
    endloop
  endfacet
  facet normal -0.156458 -0.987685 -0
    outer loop
      vertex 63.9932 72.4784 7
      vertex 62.2515 72.7543 4
      vertex 63.9932 72.4784 4
    endloop
  endfacet
  facet normal 0.707107 0.707107 0
    outer loop
      vertex 62.167 70.4671 7
      vertex 61.451 71.1831 4
      vertex 61.451 71.1831 7
    endloop
  endfacet
  facet normal 0.707107 0.707107 0
    outer loop
      vertex 61.451 71.1831 4
      vertex 62.167 70.4671 7
      vertex 62.167 70.4671 4
    endloop
  endfacet
  facet normal -0.987692 -0.156411 0
    outer loop
      vertex 64.269 70.7368 4
      vertex 63.9932 72.4784 7
      vertex 63.9932 72.4784 4
    endloop
  endfacet
  facet normal -0.987692 -0.156411 0
    outer loop
      vertex 63.9932 72.4784 7
      vertex 64.269 70.7368 4
      vertex 64.269 70.7368 7
    endloop
  endfacet
  facet normal 0.707107 0.707107 0
    outer loop
      vertex 75.6604 62.9325 7
      vertex 62.9325 75.6604 4
      vertex 62.9325 75.6604 7
    endloop
  endfacet
  facet normal 0.707107 0.707107 0
    outer loop
      vertex 62.9325 75.6604 4
      vertex 75.6604 62.9325 7
      vertex 75.6604 62.9325 4
    endloop
  endfacet
  facet normal 0 0 -1
    outer loop
      vertex 64.269 53.7662 7
      vertex 63.6351 55.5646 7
      vertex 63.9932 55.5079 7
    endloop
  endfacet
  facet normal 0 -0 -1
    outer loop
      vertex 63.6351 55.5646 7
      vertex 64.269 53.7662 7
      vertex 62.6979 52.9657 7
    endloop
  endfacet
  facet normal 0 0 -1
    outer loop
      vertex 63.6351 55.5646 7
      vertex 63.9932 57.6292 7
      vertex 64.269 55.8876 7
    endloop
  endfacet
  facet normal 0 0 -1
    outer loop
      vertex 62.167 55.6179 7
      vertex 63.6351 55.5646 7
      vertex 62.6979 52.9657 7
    endloop
  endfacet
  facet normal 0 -0 -1
    outer loop
      vertex 62.2515 57.9051 7
      vertex 63.6351 55.5646 7
      vertex 62.167 55.6179 7
    endloop
  endfacet
  facet normal 0 0 -1
    outer loop
      vertex 63.6351 55.5646 7
      vertex 62.2515 57.9051 7
      vertex 63.9932 57.6292 7
    endloop
  endfacet
  facet normal 0 -0 -1
    outer loop
      vertex 62.167 55.6179 7
      vertex 62.6979 52.9657 7
      vertex 61.451 54.2126 7
    endloop
  endfacet
  facet normal 0 0 -1
    outer loop
      vertex 62.2515 57.9051 7
      vertex 62.167 55.6179 7
      vertex 61.451 56.3339 7
    endloop
  endfacet
  facet normal 0 0 -1
    outer loop
      vertex 55.6179 62.167 7
      vertex 57.9051 62.2515 7
      vertex 56.3339 61.451 7
    endloop
  endfacet
  facet normal 0 0 -1
    outer loop
      vertex 55.5646 63.6351 7
      vertex 57.9051 62.2515 7
      vertex 55.6179 62.167 7
    endloop
  endfacet
  facet normal 0 0 -1
    outer loop
      vertex 57.9051 62.2515 7
      vertex 55.5646 63.6351 7
      vertex 57.6292 63.9932 7
    endloop
  endfacet
  facet normal -0 0 -1
    outer loop
      vertex 57.6292 63.9932 7
      vertex 55.5646 63.6351 7
      vertex 55.8876 64.269 7
    endloop
  endfacet
  facet normal 0 0 -1
    outer loop
      vertex 52.9657 62.6979 7
      vertex 55.5646 63.6351 7
      vertex 55.6179 62.167 7
    endloop
  endfacet
  facet normal 0 0 -1
    outer loop
      vertex 52.9657 62.6979 7
      vertex 55.6179 62.167 7
      vertex 54.2126 61.451 7
    endloop
  endfacet
  facet normal 0 0 -1
    outer loop
      vertex 55.5646 63.6351 7
      vertex 53.7662 64.269 7
      vertex 55.5079 63.9932 7
    endloop
  endfacet
  facet normal -0 0 -1
    outer loop
      vertex 55.5646 63.6351 7
      vertex 52.9657 62.6979 7
      vertex 53.7662 64.269 7
    endloop
  endfacet
  facet normal 0 0 -1
    outer loop
      vertex 64.269 68.6155 7
      vertex 63.6352 70.4138 7
      vertex 63.9932 70.3571 7
    endloop
  endfacet
  facet normal 0 -0 -1
    outer loop
      vertex 63.6352 70.4138 7
      vertex 64.269 68.6155 7
      vertex 62.6979 67.8149 7
    endloop
  endfacet
  facet normal 0 0 -1
    outer loop
      vertex 63.6352 70.4138 7
      vertex 63.9932 72.4784 7
      vertex 64.269 70.7368 7
    endloop
  endfacet
  facet normal 0 0 -1
    outer loop
      vertex 62.167 70.4671 7
      vertex 63.6352 70.4138 7
      vertex 62.6979 67.8149 7
    endloop
  endfacet
  facet normal 0 -0 -1
    outer loop
      vertex 62.2515 72.7543 7
      vertex 63.6352 70.4138 7
      vertex 62.167 70.4671 7
    endloop
  endfacet
  facet normal 0 0 -1
    outer loop
      vertex 63.6352 70.4138 7
      vertex 62.2515 72.7543 7
      vertex 63.9932 72.4784 7
    endloop
  endfacet
  facet normal 0 -0 -1
    outer loop
      vertex 62.167 70.4671 7
      vertex 62.6979 67.8149 7
      vertex 61.451 69.0618 7
    endloop
  endfacet
  facet normal 0 0 -1
    outer loop
      vertex 62.2515 72.7543 7
      vertex 62.167 70.4671 7
      vertex 61.451 71.1831 7
    endloop
  endfacet
  facet normal 0 0 -1
    outer loop
      vertex 70.4671 62.167 7
      vertex 72.7543 62.2515 7
      vertex 71.1831 61.451 7
    endloop
  endfacet
  facet normal 0 0 -1
    outer loop
      vertex 70.4138 63.6352 7
      vertex 72.7543 62.2515 7
      vertex 70.4671 62.167 7
    endloop
  endfacet
  facet normal 0 0 -1
    outer loop
      vertex 72.7543 62.2515 7
      vertex 70.4138 63.6352 7
      vertex 72.4784 63.9932 7
    endloop
  endfacet
  facet normal -0 0 -1
    outer loop
      vertex 72.4784 63.9932 7
      vertex 70.4138 63.6352 7
      vertex 70.7368 64.269 7
    endloop
  endfacet
  facet normal 0 0 -1
    outer loop
      vertex 67.8149 62.6979 7
      vertex 70.4138 63.6352 7
      vertex 70.4671 62.167 7
    endloop
  endfacet
  facet normal 0 0 -1
    outer loop
      vertex 67.8149 62.6979 7
      vertex 70.4671 62.167 7
      vertex 69.0618 61.451 7
    endloop
  endfacet
  facet normal 0 0 -1
    outer loop
      vertex 70.4138 63.6352 7
      vertex 68.6155 64.269 7
      vertex 70.3571 63.9932 7
    endloop
  endfacet
  facet normal -0 0 -1
    outer loop
      vertex 70.4138 63.6352 7
      vertex 67.8149 62.6979 7
      vertex 68.6155 64.269 7
    endloop
  endfacet
  facet normal 0 0 -1
    outer loop
      vertex 59.0729 52.8532 7
      vertex 50.2046 62.9325 7
      vertex 60.2839 52.8532 7
    endloop
  endfacet
  facet normal 0 0 -1
    outer loop
      vertex 57.5729 51.7634 7
      vertex 50.2046 62.9325 7
      vertex 59.0729 52.8532 7
    endloop
  endfacet
  facet normal 0 0 -1
    outer loop
      vertex 57.4646 51.4299 7
      vertex 50.2046 62.9325 7
      vertex 57.5729 51.7634 7
    endloop
  endfacet
  facet normal -0 -0 -1
    outer loop
      vertex 50.2046 62.9325 7
      vertex 57.4646 51.4299 7
      vertex 45.9619 62.9325 7
    endloop
  endfacet
  facet normal -0 0 -1
    outer loop
      vertex 79.9031 62.9325 7
      vertex 63 50 7
      vertex 75.6604 62.9325 7
    endloop
  endfacet
  facet normal 0 0 -1
    outer loop
      vertex 62.9325 45.9619 7
      vertex 63 50 7
      vertex 79.9031 62.9325 7
    endloop
  endfacet
  facet normal 0 0 -1
    outer loop
      vertex 62.9325 45.9619 7
      vertex 62.4271 48.2366 7
      vertex 63 50 7
    endloop
  endfacet
  facet normal 0 -0 -1
    outer loop
      vertex 62.4271 48.2366 7
      vertex 62.9325 45.9619 7
      vertex 61.4023 47.4921 7
    endloop
  endfacet
  facet normal 0 0 -1
    outer loop
      vertex 62.9325 75.6604 7
      vertex 79.9031 62.9325 7
      vertex 75.6604 62.9325 7
    endloop
  endfacet
  facet normal 0 0 -1
    outer loop
      vertex 62.9325 75.6604 7
      vertex 62.9325 79.9031 7
      vertex 79.9031 62.9325 7
    endloop
  endfacet
  facet normal 0 0 -1
    outer loop
      vertex 50.2046 62.9325 7
      vertex 62.9325 79.9031 7
      vertex 62.9325 75.6604 7
    endloop
  endfacet
  facet normal 0 0 -1
    outer loop
      vertex 62.9325 79.9031 7
      vertex 50.2046 62.9325 7
      vertex 45.9619 62.9325 7
    endloop
  endfacet
  facet normal 0 0 -1
    outer loop
      vertex 75.6604 62.9325 7
      vertex 63 50 7
      vertex 62.9333 50.2054 7
    endloop
  endfacet
  facet normal -0.707107 -0.707107 0
    outer loop
      vertex 53.033 60.1041 4
      vertex 50.2046 62.9325 7
      vertex 50.2046 62.9325 4
    endloop
  endfacet
  facet normal -0.707107 -0.707107 -0
    outer loop
      vertex 60.2839 52.8532 7
      vertex 53.033 60.1041 4
      vertex 60.2839 52.8532 4
    endloop
  endfacet
  facet normal -0.707107 -0.707107 -1.24619e-15
    outer loop
      vertex 53.033 60.1041 4
      vertex 60.2839 52.8532 7
      vertex 50.2046 62.9325 7
    endloop
  endfacet
  facet normal -0.707107 0.707107 0
    outer loop
      vertex 50.2046 62.9325 4
      vertex 62.9325 75.6604 7
      vertex 62.9325 75.6604 4
    endloop
  endfacet
  facet normal -0.707107 0.707107 0
    outer loop
      vertex 62.9325 75.6604 7
      vertex 50.2046 62.9325 4
      vertex 50.2046 62.9325 7
    endloop
  endfacet
  facet normal 0.707107 -0.707107 0
    outer loop
      vertex 75.6604 62.9325 7
      vertex 68.4 55.6721 4
      vertex 75.6604 62.9325 4
    endloop
  endfacet
  facet normal 0.707107 -0.707107 7.89543e-16
    outer loop
      vertex 62.9333 50.2054 7
      vertex 68.4 55.6721 4
      vertex 75.6604 62.9325 7
    endloop
  endfacet
  facet normal 0.707107 -0.707107 0
    outer loop
      vertex 68.4 55.6721 4
      vertex 62.9333 50.2054 7
      vertex 62.9333 50.2054 4
    endloop
  endfacet
  facet normal 0.453989 0.891007 -0
    outer loop
      vertex 69.1959 72.5772 10
      vertex 67.0537 73.6687 24
      vertex 69.1959 72.5772 24
    endloop
  endfacet
  facet normal 0.453989 0.891007 0
    outer loop
      vertex 67.0537 73.6687 24
      vertex 69.1959 72.5772 10
      vertex 67.0537 73.6687 10
    endloop
  endfacet
  facet normal 0.629341 0.77713 -0
    outer loop
      vertex 71.0642 71.0642 10
      vertex 69.1959 72.5772 24
      vertex 71.0642 71.0642 24
    endloop
  endfacet
  facet normal 0.629341 0.77713 0
    outer loop
      vertex 69.1959 72.5772 24
      vertex 71.0642 71.0642 10
      vertex 69.1959 72.5772 10
    endloop
  endfacet
  facet normal 0.891007 0.453989 0
    outer loop
      vertex 73.6687 67.0537 24
      vertex 72.5772 69.1959 10
      vertex 72.5772 69.1959 24
    endloop
  endfacet
  facet normal 0.891007 0.453989 0
    outer loop
      vertex 72.5772 69.1959 10
      vertex 73.6687 67.0537 24
      vertex 73.6687 67.0537 10
    endloop
  endfacet
  facet normal -0.358338 0.933592 0
    outer loop
      vertex 59.9561 74.0406 10
      vertex 57.7116 73.1791 24
      vertex 59.9561 74.0406 24
    endloop
  endfacet
  facet normal -0.358338 0.933592 0
    outer loop
      vertex 57.7116 73.1791 24
      vertex 59.9561 74.0406 10
      vertex 57.7116 73.1791 10
    endloop
  endfacet
  facet normal -0.987687 0.156441 0
    outer loop
      vertex 51.4483 63.5344 10
      vertex 51.8244 65.9089 24
      vertex 51.8244 65.9089 10
    endloop
  endfacet
  facet normal -0.987687 0.156441 0
    outer loop
      vertex 51.8244 65.9089 24
      vertex 51.4483 63.5344 10
      vertex 51.4483 63.5344 24
    endloop
  endfacet
  facet normal -0.933592 0.358338 0
    outer loop
      vertex 51.8244 65.9089 10
      vertex 52.6859 68.1534 24
      vertex 52.6859 68.1534 10
    endloop
  endfacet
  facet normal -0.933592 0.358338 0
    outer loop
      vertex 52.6859 68.1534 24
      vertex 51.8244 65.9089 10
      vertex 51.8244 65.9089 24
    endloop
  endfacet
  facet normal 0.987687 -0.156441 0
    outer loop
      vertex 74.0406 59.9561 24
      vertex 74.4167 62.3306 10
      vertex 74.4167 62.3306 24
    endloop
  endfacet
  facet normal 0.987687 -0.156441 0
    outer loop
      vertex 74.4167 62.3306 10
      vertex 74.0406 59.9561 24
      vertex 74.0406 59.9561 10
    endloop
  endfacet
  facet normal 0.933592 -0.358338 0
    outer loop
      vertex 73.1791 57.7116 24
      vertex 74.0406 59.9561 10
      vertex 74.0406 59.9561 24
    endloop
  endfacet
  facet normal 0.933592 -0.358338 0
    outer loop
      vertex 74.0406 59.9561 10
      vertex 73.1791 57.7116 24
      vertex 73.1791 57.7116 10
    endloop
  endfacet
  facet normal 0.838671 -0.544639 0
    outer loop
      vertex 71.8697 55.6953 24
      vertex 73.1791 57.7116 10
      vertex 73.1791 57.7116 24
    endloop
  endfacet
  facet normal 0.838671 -0.544639 0
    outer loop
      vertex 73.1791 57.7116 10
      vertex 71.8697 55.6953 24
      vertex 71.8697 55.6953 10
    endloop
  endfacet
  facet normal -0.156441 0.987687 0
    outer loop
      vertex 62.3306 74.4167 10
      vertex 59.9561 74.0406 24
      vertex 62.3306 74.4167 24
    endloop
  endfacet
  facet normal -0.156441 0.987687 0
    outer loop
      vertex 59.9561 74.0406 24
      vertex 62.3306 74.4167 10
      vertex 59.9561 74.0406 10
    endloop
  endfacet
  facet normal -0.890999 -0.454006 0
    outer loop
      vertex 53.2878 56.6692 10
      vertex 52.1963 58.8113 24
      vertex 52.1963 58.8113 10
    endloop
  endfacet
  facet normal -0.890999 -0.454006 0
    outer loop
      vertex 52.1963 58.8113 24
      vertex 53.2878 56.6692 10
      vertex 53.2878 56.6692 24
    endloop
  endfacet
  facet normal 0.77713 0.629341 0
    outer loop
      vertex 72.5772 69.1959 24
      vertex 71.0642 71.0642 10
      vertex 71.0642 71.0642 24
    endloop
  endfacet
  facet normal 0.77713 0.629341 0
    outer loop
      vertex 71.0642 71.0642 10
      vertex 72.5772 69.1959 24
      vertex 72.5772 69.1959 10
    endloop
  endfacet
  facet normal -0.99863 -0.0523252 0
    outer loop
      vertex 51.5741 61.1335 10
      vertex 51.4483 63.5344 24
      vertex 51.4483 63.5344 10
    endloop
  endfacet
  facet normal -0.99863 -0.0523252 0
    outer loop
      vertex 51.4483 63.5344 24
      vertex 51.5741 61.1335 10
      vertex 51.5741 61.1335 24
    endloop
  endfacet
  facet normal -0.707107 0.707107 0
    outer loop
      vertex 53.9953 70.1697 10
      vertex 55.6953 71.8697 24
      vertex 55.6953 71.8697 10
    endloop
  endfacet
  facet normal -0.707107 0.707107 0
    outer loop
      vertex 55.6953 71.8697 24
      vertex 53.9953 70.1697 10
      vertex 53.9953 70.1697 24
    endloop
  endfacet
  facet normal 0.965929 0.258807 0
    outer loop
      vertex 74.2909 64.7315 24
      vertex 73.6687 67.0537 10
      vertex 73.6687 67.0537 24
    endloop
  endfacet
  facet normal 0.965929 0.258807 0
    outer loop
      vertex 73.6687 67.0537 10
      vertex 74.2909 64.7315 24
      vertex 74.2909 64.7315 10
    endloop
  endfacet
  facet normal -0.838671 0.544639 0
    outer loop
      vertex 52.6859 68.1534 10
      vertex 53.9953 70.1697 24
      vertex 53.9953 70.1697 10
    endloop
  endfacet
  facet normal -0.838671 0.544639 0
    outer loop
      vertex 53.9953 70.1697 24
      vertex 52.6859 68.1534 10
      vertex 52.6859 68.1534 24
    endloop
  endfacet
  facet normal 0.99863 0.0523252 0
    outer loop
      vertex 74.4167 62.3306 24
      vertex 74.2909 64.7315 10
      vertex 74.2909 64.7315 24
    endloop
  endfacet
  facet normal 0.99863 0.0523252 0
    outer loop
      vertex 74.2909 64.7315 10
      vertex 74.4167 62.3306 24
      vertex 74.4167 62.3306 10
    endloop
  endfacet
  facet normal 0.358338 -0.933592 0
    outer loop
      vertex 65.9089 51.8244 10
      vertex 68.1534 52.6859 24
      vertex 65.9089 51.8244 24
    endloop
  endfacet
  facet normal 0.358338 -0.933592 0
    outer loop
      vertex 68.1534 52.6859 24
      vertex 65.9089 51.8244 10
      vertex 68.1534 52.6859 10
    endloop
  endfacet
  facet normal 0.156441 -0.987687 0
    outer loop
      vertex 63.5344 51.4483 10
      vertex 65.9089 51.8244 24
      vertex 63.5344 51.4483 24
    endloop
  endfacet
  facet normal 0.156441 -0.987687 0
    outer loop
      vertex 65.9089 51.8244 24
      vertex 63.5344 51.4483 10
      vertex 65.9089 51.8244 10
    endloop
  endfacet
  facet normal 0.0523252 0.99863 -0
    outer loop
      vertex 64.7315 74.2909 10
      vertex 62.3306 74.4167 24
      vertex 64.7315 74.2909 24
    endloop
  endfacet
  facet normal 0.0523252 0.99863 0
    outer loop
      vertex 62.3306 74.4167 24
      vertex 64.7315 74.2909 10
      vertex 62.3306 74.4167 10
    endloop
  endfacet
  facet normal -0.777146 -0.62932 0
    outer loop
      vertex 54.8008 54.8008 10
      vertex 53.2878 56.6692 24
      vertex 53.2878 56.6692 10
    endloop
  endfacet
  facet normal -0.777146 -0.62932 0
    outer loop
      vertex 53.2878 56.6692 24
      vertex 54.8008 54.8008 10
      vertex 54.8008 54.8008 24
    endloop
  endfacet
  facet normal 0.707107 -0.707107 0
    outer loop
      vertex 70.1697 53.9953 10
      vertex 71.8697 55.6953 24
      vertex 70.1697 53.9953 24
    endloop
  endfacet
  facet normal 0.707107 -0.707107 0
    outer loop
      vertex 71.8697 55.6953 24
      vertex 70.1697 53.9953 10
      vertex 71.8697 55.6953 10
    endloop
  endfacet
  facet normal 0.258807 0.965929 -0
    outer loop
      vertex 67.0537 73.6687 10
      vertex 64.7315 74.2909 24
      vertex 67.0537 73.6687 24
    endloop
  endfacet
  facet normal 0.258807 0.965929 0
    outer loop
      vertex 64.7315 74.2909 24
      vertex 67.0537 73.6687 10
      vertex 64.7315 74.2909 10
    endloop
  endfacet
  facet normal 0.544639 -0.838671 0
    outer loop
      vertex 68.1534 52.6859 10
      vertex 70.1697 53.9953 24
      vertex 68.1534 52.6859 24
    endloop
  endfacet
  facet normal 0.544639 -0.838671 0
    outer loop
      vertex 70.1697 53.9953 24
      vertex 68.1534 52.6859 10
      vertex 70.1697 53.9953 10
    endloop
  endfacet
  facet normal -0.454007 -0.890998 0
    outer loop
      vertex 56.6692 53.2878 10
      vertex 58.4337 52.3887 24
      vertex 56.6692 53.2878 24
    endloop
  endfacet
  facet normal -0.454007 -0.890998 -0
    outer loop
      vertex 58.4337 52.3887 24
      vertex 56.6692 53.2878 10
      vertex 58.4337 52.3887 10
    endloop
  endfacet
  facet normal -0.0522564 -0.998634 0
    outer loop
      vertex 62.512 51.5018 10
      vertex 63.5344 51.4483 24
      vertex 62.512 51.5018 24
    endloop
  endfacet
  facet normal -0.0522564 -0.998634 -0
    outer loop
      vertex 63.5344 51.4483 24
      vertex 62.512 51.5018 10
      vertex 63.5344 51.4483 10
    endloop
  endfacet
  facet normal -0.544639 0.838671 0
    outer loop
      vertex 57.7116 73.1791 10
      vertex 55.6953 71.8697 24
      vertex 57.7116 73.1791 24
    endloop
  endfacet
  facet normal -0.544639 0.838671 0
    outer loop
      vertex 55.6953 71.8697 24
      vertex 57.7116 73.1791 10
      vertex 55.6953 71.8697 10
    endloop
  endfacet
  facet normal -0 0 1
    outer loop
      vertex 65.4325 62.9325 24
      vertex 74.4167 62.3306 24
      vertex 74.2909 64.7315 24
    endloop
  endfacet
  facet normal 0 0 1
    outer loop
      vertex 65.4325 62.9325 24
      vertex 74.2909 64.7315 24
      vertex 73.6687 67.0537 24
    endloop
  endfacet
  facet normal 0 0 1
    outer loop
      vertex 74.4167 62.3306 24
      vertex 65.4325 62.9325 24
      vertex 74.0406 59.9561 24
    endloop
  endfacet
  facet normal 0 0 1
    outer loop
      vertex 64.7003 64.7003 24
      vertex 73.6687 67.0537 24
      vertex 72.5772 69.1959 24
    endloop
  endfacet
  facet normal 0 0 1
    outer loop
      vertex 74.0406 59.9561 24
      vertex 65.4325 62.9325 24
      vertex 73.1791 57.7116 24
    endloop
  endfacet
  facet normal 0 0 1
    outer loop
      vertex 64.7003 64.7003 24
      vertex 72.5772 69.1959 24
      vertex 71.0642 71.0642 24
    endloop
  endfacet
  facet normal -0 0 1
    outer loop
      vertex 64.7003 61.1647 24
      vertex 73.1791 57.7116 24
      vertex 65.4325 62.9325 24
    endloop
  endfacet
  facet normal 0 0 1
    outer loop
      vertex 64.7003 64.7003 24
      vertex 71.0642 71.0642 24
      vertex 69.1959 72.5772 24
    endloop
  endfacet
  facet normal 0 0 1
    outer loop
      vertex 73.1791 57.7116 24
      vertex 64.7003 61.1647 24
      vertex 71.8697 55.6953 24
    endloop
  endfacet
  facet normal 0 0 1
    outer loop
      vertex 64.7003 64.7003 24
      vertex 69.1959 72.5772 24
      vertex 67.0537 73.6687 24
    endloop
  endfacet
  facet normal 0 0 1
    outer loop
      vertex 71.8697 55.6953 24
      vertex 64.7003 61.1647 24
      vertex 70.1697 53.9953 24
    endloop
  endfacet
  facet normal 0 0 1
    outer loop
      vertex 70.1697 53.9953 24
      vertex 64.7003 61.1647 24
      vertex 68.1534 52.6859 24
    endloop
  endfacet
  facet normal 0 0 1
    outer loop
      vertex 62.9325 65.4325 24
      vertex 67.0537 73.6687 24
      vertex 64.7315 74.2909 24
    endloop
  endfacet
  facet normal 0 0 1
    outer loop
      vertex 73.6687 67.0537 24
      vertex 64.7003 64.7003 24
      vertex 65.4325 62.9325 24
    endloop
  endfacet
  facet normal 0 0 1
    outer loop
      vertex 67.0537 73.6687 24
      vertex 62.9325 65.4325 24
      vertex 64.7003 64.7003 24
    endloop
  endfacet
  facet normal 0 0 1
    outer loop
      vertex 62.3306 74.4167 24
      vertex 62.9325 65.4325 24
      vertex 64.7315 74.2909 24
    endloop
  endfacet
  facet normal -0 0 1
    outer loop
      vertex 59.9561 74.0406 24
      vertex 62.9325 65.4325 24
      vertex 62.3306 74.4167 24
    endloop
  endfacet
  facet normal -0 0 1
    outer loop
      vertex 57.7116 73.1791 24
      vertex 62.9325 65.4325 24
      vertex 59.9561 74.0406 24
    endloop
  endfacet
  facet normal 0 0 1
    outer loop
      vertex 62.9325 65.4325 24
      vertex 57.7116 73.1791 24
      vertex 61.1647 64.7003 24
    endloop
  endfacet
  facet normal -0 0 1
    outer loop
      vertex 62.9325 60.4325 24
      vertex 68.1534 52.6859 24
      vertex 64.7003 61.1647 24
    endloop
  endfacet
  facet normal 0 0 1
    outer loop
      vertex 68.1534 52.6859 24
      vertex 62.9325 60.4325 24
      vertex 65.9089 51.8244 24
    endloop
  endfacet
  facet normal -0 0 1
    outer loop
      vertex 60.9271 52.8532 24
      vertex 65.9089 51.8244 24
      vertex 62.9325 60.4325 24
    endloop
  endfacet
  facet normal 0 0 1
    outer loop
      vertex 65.9089 51.8244 24
      vertex 60.9271 52.8532 24
      vertex 63.5344 51.4483 24
    endloop
  endfacet
  facet normal 0 0 1
    outer loop
      vertex 63.5344 51.4483 24
      vertex 62.4271 51.7634 24
      vertex 62.512 51.5018 24
    endloop
  endfacet
  facet normal 0 0 1
    outer loop
      vertex 60.9271 52.8532 24
      vertex 62.9325 60.4325 24
      vertex 61.1647 61.1647 24
    endloop
  endfacet
  facet normal 0 0 1
    outer loop
      vertex 63.5344 51.4483 24
      vertex 60.9271 52.8532 24
      vertex 62.4271 51.7634 24
    endloop
  endfacet
  facet normal 0 0 1
    outer loop
      vertex 52.1963 58.8113 24
      vertex 61.1647 61.1647 24
      vertex 60.4325 62.9325 24
    endloop
  endfacet
  facet normal 0 0 1
    outer loop
      vertex 61.1647 61.1647 24
      vertex 59.0729 52.8532 24
      vertex 60.9271 52.8532 24
    endloop
  endfacet
  facet normal -0 0 1
    outer loop
      vertex 55.6953 71.8697 24
      vertex 61.1647 64.7003 24
      vertex 57.7116 73.1791 24
    endloop
  endfacet
  facet normal -0 0 1
    outer loop
      vertex 53.9953 70.1697 24
      vertex 61.1647 64.7003 24
      vertex 55.6953 71.8697 24
    endloop
  endfacet
  facet normal -0 0 1
    outer loop
      vertex 52.6859 68.1534 24
      vertex 61.1647 64.7003 24
      vertex 53.9953 70.1697 24
    endloop
  endfacet
  facet normal 0 0 1
    outer loop
      vertex 61.1647 64.7003 24
      vertex 52.6859 68.1534 24
      vertex 60.4325 62.9325 24
    endloop
  endfacet
  facet normal 0 0 1
    outer loop
      vertex 61.1647 61.1647 24
      vertex 56.6692 53.2878 24
      vertex 59.0729 52.8532 24
    endloop
  endfacet
  facet normal 0 0 1
    outer loop
      vertex 59.0729 52.8532 24
      vertex 56.6692 53.2878 24
      vertex 58.4337 52.3887 24
    endloop
  endfacet
  facet normal -0 0 1
    outer loop
      vertex 51.8244 65.9089 24
      vertex 60.4325 62.9325 24
      vertex 52.6859 68.1534 24
    endloop
  endfacet
  facet normal 0 -0 1
    outer loop
      vertex 56.6692 53.2878 24
      vertex 61.1647 61.1647 24
      vertex 54.8008 54.8008 24
    endloop
  endfacet
  facet normal -0 0 1
    outer loop
      vertex 51.4483 63.5344 24
      vertex 60.4325 62.9325 24
      vertex 51.8244 65.9089 24
    endloop
  endfacet
  facet normal 0 0 1
    outer loop
      vertex 61.1647 61.1647 24
      vertex 53.2878 56.6692 24
      vertex 54.8008 54.8008 24
    endloop
  endfacet
  facet normal 0 -0 1
    outer loop
      vertex 51.5741 61.1335 24
      vertex 60.4325 62.9325 24
      vertex 51.4483 63.5344 24
    endloop
  endfacet
  facet normal 0 0 1
    outer loop
      vertex 61.1647 61.1647 24
      vertex 52.1963 58.8113 24
      vertex 53.2878 56.6692 24
    endloop
  endfacet
  facet normal 0 -0 1
    outer loop
      vertex 52.1963 58.8113 24
      vertex 60.4325 62.9325 24
      vertex 51.5741 61.1335 24
    endloop
  endfacet
  facet normal -0.62932 -0.777146 0
    outer loop
      vertex 54.8008 54.8008 10
      vertex 56.6692 53.2878 24
      vertex 54.8008 54.8008 24
    endloop
  endfacet
  facet normal -0.62932 -0.777146 -0
    outer loop
      vertex 56.6692 53.2878 24
      vertex 54.8008 54.8008 10
      vertex 56.6692 53.2878 10
    endloop
  endfacet
  facet normal -0.965929 -0.258807 0
    outer loop
      vertex 52.1963 58.8113 10
      vertex 51.5741 61.1335 24
      vertex 51.5741 61.1335 10
    endloop
  endfacet
  facet normal -0.965929 -0.258807 0
    outer loop
      vertex 51.5741 61.1335 24
      vertex 52.1963 58.8113 10
      vertex 52.1963 58.8113 24
    endloop
  endfacet
  facet normal -0.382663 -0.923888 0
    outer loop
      vertex 61.1647 61.1647 24
      vertex 62.9325 60.4325 29
      vertex 61.1647 61.1647 29
    endloop
  endfacet
  facet normal -0.382663 -0.923888 -0
    outer loop
      vertex 62.9325 60.4325 29
      vertex 61.1647 61.1647 24
      vertex 62.9325 60.4325 24
    endloop
  endfacet
  facet normal -0.382663 0.923888 0
    outer loop
      vertex 62.9325 65.4325 24
      vertex 61.1647 64.7003 29
      vertex 62.9325 65.4325 29
    endloop
  endfacet
  facet normal -0.382663 0.923888 0
    outer loop
      vertex 61.1647 64.7003 29
      vertex 62.9325 65.4325 24
      vertex 61.1647 64.7003 24
    endloop
  endfacet
  facet normal 0.382663 0.923888 -0
    outer loop
      vertex 64.7003 64.7003 24
      vertex 62.9325 65.4325 29
      vertex 64.7003 64.7003 29
    endloop
  endfacet
  facet normal 0.382663 0.923888 0
    outer loop
      vertex 62.9325 65.4325 29
      vertex 64.7003 64.7003 24
      vertex 62.9325 65.4325 24
    endloop
  endfacet
  facet normal 0.923888 0.382663 0
    outer loop
      vertex 65.4325 62.9325 29
      vertex 64.7003 64.7003 24
      vertex 64.7003 64.7003 29
    endloop
  endfacet
  facet normal 0.923888 0.382663 0
    outer loop
      vertex 64.7003 64.7003 24
      vertex 65.4325 62.9325 29
      vertex 65.4325 62.9325 24
    endloop
  endfacet
  facet normal 0.382663 -0.923888 0
    outer loop
      vertex 62.9325 60.4325 24
      vertex 64.7003 61.1647 29
      vertex 62.9325 60.4325 29
    endloop
  endfacet
  facet normal 0.382663 -0.923888 0
    outer loop
      vertex 64.7003 61.1647 29
      vertex 62.9325 60.4325 24
      vertex 64.7003 61.1647 24
    endloop
  endfacet
  facet normal -0.923888 -0.382663 0
    outer loop
      vertex 61.1647 61.1647 24
      vertex 60.4325 62.9325 29
      vertex 60.4325 62.9325 24
    endloop
  endfacet
  facet normal -0.923888 -0.382663 0
    outer loop
      vertex 60.4325 62.9325 29
      vertex 61.1647 61.1647 24
      vertex 61.1647 61.1647 29
    endloop
  endfacet
  facet normal 0.923888 -0.382663 0
    outer loop
      vertex 64.7003 61.1647 29
      vertex 65.4325 62.9325 24
      vertex 65.4325 62.9325 29
    endloop
  endfacet
  facet normal 0.923888 -0.382663 0
    outer loop
      vertex 65.4325 62.9325 24
      vertex 64.7003 61.1647 29
      vertex 64.7003 61.1647 24
    endloop
  endfacet
  facet normal 0 0 1
    outer loop
      vertex 67.5519 64.8459 34
      vertex 67.5519 61.0191 34
      vertex 67.9325 62.9325 34
    endloop
  endfacet
  facet normal 0 0 1
    outer loop
      vertex 66.468 66.468 34
      vertex 67.5519 61.0191 34
      vertex 67.5519 64.8459 34
    endloop
  endfacet
  facet normal 0 0 1
    outer loop
      vertex 66.468 66.468 34
      vertex 66.468 59.397 34
      vertex 67.5519 61.0191 34
    endloop
  endfacet
  facet normal 0 0 1
    outer loop
      vertex 64.8459 67.5519 34
      vertex 66.468 59.397 34
      vertex 66.468 66.468 34
    endloop
  endfacet
  facet normal 0 0 1
    outer loop
      vertex 64.8459 67.5519 34
      vertex 64.8459 58.3131 34
      vertex 66.468 59.397 34
    endloop
  endfacet
  facet normal 0 0 1
    outer loop
      vertex 62.9325 67.9325 34
      vertex 64.8459 58.3131 34
      vertex 64.8459 67.5519 34
    endloop
  endfacet
  facet normal 0 0 1
    outer loop
      vertex 62.9325 67.9325 34
      vertex 62.9325 57.9325 34
      vertex 64.8459 58.3131 34
    endloop
  endfacet
  facet normal -0 0 1
    outer loop
      vertex 61.0191 67.5519 34
      vertex 62.9325 57.9325 34
      vertex 62.9325 67.9325 34
    endloop
  endfacet
  facet normal 0 0 1
    outer loop
      vertex 61.0191 67.5519 34
      vertex 61.0191 58.3131 34
      vertex 62.9325 57.9325 34
    endloop
  endfacet
  facet normal -0 0 1
    outer loop
      vertex 59.397 66.468 34
      vertex 61.0191 58.3131 34
      vertex 61.0191 67.5519 34
    endloop
  endfacet
  facet normal 0 0 1
    outer loop
      vertex 59.397 66.468 34
      vertex 59.397 59.397 34
      vertex 61.0191 58.3131 34
    endloop
  endfacet
  facet normal -0 0 1
    outer loop
      vertex 58.3131 64.8459 34
      vertex 59.397 59.397 34
      vertex 59.397 66.468 34
    endloop
  endfacet
  facet normal 0 0 1
    outer loop
      vertex 58.3131 64.8459 34
      vertex 58.3131 61.0191 34
      vertex 59.397 59.397 34
    endloop
  endfacet
  facet normal 0 -0 1
    outer loop
      vertex 58.3131 61.0191 34
      vertex 58.3131 64.8459 34
      vertex 57.9325 62.9325 34
    endloop
  endfacet
  facet normal -0.923888 0.382663 0
    outer loop
      vertex 60.4325 62.9325 24
      vertex 61.1647 64.7003 29
      vertex 61.1647 64.7003 24
    endloop
  endfacet
  facet normal -0.923888 0.382663 0
    outer loop
      vertex 61.1647 64.7003 29
      vertex 60.4325 62.9325 24
      vertex 60.4325 62.9325 29
    endloop
  endfacet
  facet normal 0.707107 0.707107 0
    outer loop
      vertex 79.9031 62.9325 10
      vertex 62.9325 79.9031 7
      vertex 62.9325 79.9031 10
    endloop
  endfacet
  facet normal 0.707107 0.707107 0
    outer loop
      vertex 62.9325 79.9031 7
      vertex 79.9031 62.9325 10
      vertex 79.9031 62.9325 7
    endloop
  endfacet
  facet normal 0 0 1
    outer loop
      vertex 63.5344 51.4483 10
      vertex 62.512 51.5018 10
      vertex 63 50 10
    endloop
  endfacet
  facet normal 0 0 1
    outer loop
      vertex 79.9031 62.9325 10
      vertex 74.2909 64.7315 10
      vertex 74.4167 62.3306 10
    endloop
  endfacet
  facet normal 0 0 1
    outer loop
      vertex 79.9031 62.9325 10
      vertex 73.6687 67.0537 10
      vertex 74.2909 64.7315 10
    endloop
  endfacet
  facet normal 0 0 1
    outer loop
      vertex 79.9031 62.9325 10
      vertex 72.5772 69.1959 10
      vertex 73.6687 67.0537 10
    endloop
  endfacet
  facet normal 0 0 1
    outer loop
      vertex 79.9031 62.9325 10
      vertex 71.0642 71.0642 10
      vertex 72.5772 69.1959 10
    endloop
  endfacet
  facet normal 0 0 1
    outer loop
      vertex 62.9325 79.9031 10
      vertex 71.0642 71.0642 10
      vertex 79.9031 62.9325 10
    endloop
  endfacet
  facet normal 0 0 1
    outer loop
      vertex 62.9325 79.9031 10
      vertex 69.1959 72.5772 10
      vertex 71.0642 71.0642 10
    endloop
  endfacet
  facet normal 0 0 1
    outer loop
      vertex 62.9325 79.9031 10
      vertex 67.0537 73.6687 10
      vertex 69.1959 72.5772 10
    endloop
  endfacet
  facet normal 0 0 1
    outer loop
      vertex 62.9325 79.9031 10
      vertex 64.7315 74.2909 10
      vertex 67.0537 73.6687 10
    endloop
  endfacet
  facet normal 0 0 1
    outer loop
      vertex 62.9325 79.9031 10
      vertex 62.3306 74.4167 10
      vertex 64.7315 74.2909 10
    endloop
  endfacet
  facet normal 0 0 1
    outer loop
      vertex 62.9325 79.9031 10
      vertex 59.9561 74.0406 10
      vertex 62.3306 74.4167 10
    endloop
  endfacet
  facet normal 0 0 1
    outer loop
      vertex 62.9325 79.9031 10
      vertex 57.7116 73.1791 10
      vertex 59.9561 74.0406 10
    endloop
  endfacet
  facet normal 0 0 1
    outer loop
      vertex 62.9325 79.9031 10
      vertex 55.6953 71.8697 10
      vertex 57.7116 73.1791 10
    endloop
  endfacet
  facet normal 0 0 1
    outer loop
      vertex 62.9325 79.9031 10
      vertex 53.9953 70.1697 10
      vertex 55.6953 71.8697 10
    endloop
  endfacet
  facet normal 0 0 1
    outer loop
      vertex 51.8244 65.9089 10
      vertex 45.9619 62.9325 10
      vertex 51.4483 63.5344 10
    endloop
  endfacet
  facet normal 0 0 1
    outer loop
      vertex 52.6859 68.1534 10
      vertex 45.9619 62.9325 10
      vertex 51.8244 65.9089 10
    endloop
  endfacet
  facet normal 0 0 1
    outer loop
      vertex 53.9953 70.1697 10
      vertex 45.9619 62.9325 10
      vertex 52.6859 68.1534 10
    endloop
  endfacet
  facet normal 0 0 1
    outer loop
      vertex 45.9619 62.9325 10
      vertex 53.9953 70.1697 10
      vertex 62.9325 79.9031 10
    endloop
  endfacet
  facet normal 0 0 1
    outer loop
      vertex 74.0406 59.9561 10
      vertex 79.9031 62.9325 10
      vertex 74.4167 62.3306 10
    endloop
  endfacet
  facet normal 0 0 1
    outer loop
      vertex 73.1791 57.7116 10
      vertex 79.9031 62.9325 10
      vertex 74.0406 59.9561 10
    endloop
  endfacet
  facet normal 0 0 1
    outer loop
      vertex 71.8697 55.6953 10
      vertex 79.9031 62.9325 10
      vertex 73.1791 57.7116 10
    endloop
  endfacet
  facet normal 0 0 1
    outer loop
      vertex 70.1697 53.9953 10
      vertex 79.9031 62.9325 10
      vertex 71.8697 55.6953 10
    endloop
  endfacet
  facet normal 0 0 1
    outer loop
      vertex 63 50 10
      vertex 65.9089 51.8244 10
      vertex 63.5344 51.4483 10
    endloop
  endfacet
  facet normal 0 0 1
    outer loop
      vertex 62.9325 45.9619 10
      vertex 65.9089 51.8244 10
      vertex 63 50 10
    endloop
  endfacet
  facet normal -0 0 1
    outer loop
      vertex 70.1697 53.9953 10
      vertex 62.9325 45.9619 10
      vertex 79.9031 62.9325 10
    endloop
  endfacet
  facet normal -0 0 1
    outer loop
      vertex 68.1534 52.6859 10
      vertex 62.9325 45.9619 10
      vertex 70.1697 53.9953 10
    endloop
  endfacet
  facet normal -0 0 1
    outer loop
      vertex 65.9089 51.8244 10
      vertex 62.9325 45.9619 10
      vertex 68.1534 52.6859 10
    endloop
  endfacet
  facet normal -0 0 1
    outer loop
      vertex 62.4271 48.2366 10
      vertex 62.9325 45.9619 10
      vertex 63 50 10
    endloop
  endfacet
  facet normal 0 0 1
    outer loop
      vertex 62.9325 45.9619 10
      vertex 62.4271 48.2366 10
      vertex 61.4023 47.4921 10
    endloop
  endfacet
  facet normal 0 0 1
    outer loop
      vertex 56.6692 53.2878 10
      vertex 57.5729 51.7634 10
      vertex 58.4337 52.3887 10
    endloop
  endfacet
  facet normal 0 0 1
    outer loop
      vertex 56.6692 53.2878 10
      vertex 57.4646 51.4299 10
      vertex 57.5729 51.7634 10
    endloop
  endfacet
  facet normal 0 0 1
    outer loop
      vertex 54.8008 54.8008 10
      vertex 57.4646 51.4299 10
      vertex 56.6692 53.2878 10
    endloop
  endfacet
  facet normal 0 0 1
    outer loop
      vertex 45.9619 62.9325 10
      vertex 54.8008 54.8008 10
      vertex 53.2878 56.6692 10
    endloop
  endfacet
  facet normal 0 0 1
    outer loop
      vertex 54.8008 54.8008 10
      vertex 45.9619 62.9325 10
      vertex 57.4646 51.4299 10
    endloop
  endfacet
  facet normal 0 0 1
    outer loop
      vertex 52.1963 58.8113 10
      vertex 45.9619 62.9325 10
      vertex 53.2878 56.6692 10
    endloop
  endfacet
  facet normal 0 0 1
    outer loop
      vertex 51.5741 61.1335 10
      vertex 45.9619 62.9325 10
      vertex 52.1963 58.8113 10
    endloop
  endfacet
  facet normal -0 0 1
    outer loop
      vertex 45.9619 62.9325 10
      vertex 51.5741 61.1335 10
      vertex 51.4483 63.5344 10
    endloop
  endfacet
  facet normal -0.707104 -0.70711 0
    outer loop
      vertex 57.4646 51.4299 7
      vertex 45.9619 62.9325 10
      vertex 45.9619 62.9325 7
    endloop
  endfacet
  facet normal -0.707104 -0.70711 0
    outer loop
      vertex 45.9619 62.9325 10
      vertex 57.4646 51.4299 7
      vertex 57.4646 51.4299 10
    endloop
  endfacet
  facet normal -0.707107 -0.707107 0
    outer loop
      vertex 62.9325 45.9619 7
      vertex 61.4023 47.4921 10
      vertex 61.4023 47.4921 7
    endloop
  endfacet
  facet normal -0.707107 -0.707107 0
    outer loop
      vertex 61.4023 47.4921 10
      vertex 62.9325 45.9619 7
      vertex 62.9325 45.9619 10
    endloop
  endfacet
  facet normal -0.707107 0.707107 0
    outer loop
      vertex 45.9619 62.9325 7
      vertex 62.9325 79.9031 10
      vertex 62.9325 79.9031 7
    endloop
  endfacet
  facet normal -0.707107 0.707107 0
    outer loop
      vertex 62.9325 79.9031 10
      vertex 45.9619 62.9325 7
      vertex 45.9619 62.9325 10
    endloop
  endfacet
  facet normal 0.707107 -0.707107 0
    outer loop
      vertex 62.9325 45.9619 7
      vertex 79.9031 62.9325 10
      vertex 62.9325 45.9619 10
    endloop
  endfacet
  facet normal 0.707107 -0.707107 0
    outer loop
      vertex 79.9031 62.9325 10
      vertex 62.9325 45.9619 7
      vertex 79.9031 62.9325 7
    endloop
  endfacet
  facet normal 0.453958 0.891023 -0
    outer loop
      vertex 90.6002 105.537 29
      vertex 81.1376 110.358 30
      vertex 90.6002 105.537 30
    endloop
  endfacet
  facet normal 0.453958 0.891023 0
    outer loop
      vertex 81.1376 110.358 30
      vertex 90.6002 105.537 29
      vertex 81.1376 110.358 29
    endloop
  endfacet
  facet normal 0.629327 0.777141 -0
    outer loop
      vertex 98.8535 98.8535 29
      vertex 90.6002 105.537 30
      vertex 98.8535 98.8535 30
    endloop
  endfacet
  facet normal 0.629327 0.777141 0
    outer loop
      vertex 90.6002 105.537 30
      vertex 98.8535 98.8535 29
      vertex 90.6002 105.537 29
    endloop
  endfacet
  facet normal 0.891023 0.453958 0
    outer loop
      vertex 110.358 81.1376 30
      vertex 105.537 90.6002 29
      vertex 105.537 90.6002 30
    endloop
  endfacet
  facet normal 0.891023 0.453958 0
    outer loop
      vertex 105.537 90.6002 29
      vertex 110.358 81.1376 30
      vertex 110.358 81.1376 29
    endloop
  endfacet
  facet normal -0.70713 0.707083 0
    outer loop
      vertex 30.963 102.412 29
      vertex 23.4535 94.902 30
      vertex 30.963 102.412 30
    endloop
  endfacet
  facet normal -0.70713 0.707083 0
    outer loop
      vertex 23.4535 94.902 30
      vertex 30.963 102.412 29
      vertex 23.4535 94.902 29
    endloop
  endfacet
  facet normal 0 0 -1
    outer loop
      vertex 68.4 57.4 29
      vertex 64.7003 61.1647 29
      vertex 65.4325 62.9325 29
    endloop
  endfacet
  facet normal 0 0 -1
    outer loop
      vertex 68.4 57.4 29
      vertex 62.9325 60.4325 29
      vertex 64.7003 61.1647 29
    endloop
  endfacet
  facet normal 0 0 -1
    outer loop
      vertex 68.4 57.4 29
      vertex 61.1647 61.1647 29
      vertex 62.9325 60.4325 29
    endloop
  endfacet
  facet normal 0 0 -1
    outer loop
      vertex 62.9325 65.4325 29
      vertex 49.7845 112.002 29
      vertex 60.2738 113.663 29
    endloop
  endfacet
  facet normal 0 0 -1
    outer loop
      vertex 61.1647 64.7003 29
      vertex 39.8698 108.196 29
      vertex 49.7845 112.002 29
    endloop
  endfacet
  facet normal 0 0 -1
    outer loop
      vertex 12.6314 57.4 29
      vertex 60.4325 62.9325 29
      vertex 61.1647 61.1647 29
    endloop
  endfacet
  facet normal 0 0 -1
    outer loop
      vertex 61.1647 64.7003 29
      vertex 30.963 102.412 29
      vertex 39.8698 108.196 29
    endloop
  endfacet
  facet normal 0 0 -1
    outer loop
      vertex 61.1647 64.7003 29
      vertex 23.4535 94.902 29
      vertex 30.963 102.412 29
    endloop
  endfacet
  facet normal 0 0 -1
    outer loop
      vertex 61.1647 64.7003 29
      vertex 17.6694 85.9952 29
      vertex 23.4535 94.902 29
    endloop
  endfacet
  facet normal 0 0 -1
    outer loop
      vertex 60.4325 62.9325 29
      vertex 13.8635 76.0805 29
      vertex 17.6694 85.9952 29
    endloop
  endfacet
  facet normal 0 0 -1
    outer loop
      vertex 12.6314 57.4 29
      vertex 61.1647 61.1647 29
      vertex 68.4 57.4 29
    endloop
  endfacet
  facet normal -0 0 -1
    outer loop
      vertex 60.4325 62.9325 29
      vertex 12.6314 57.4 29
      vertex 12.2021 65.5912 29
    endloop
  endfacet
  facet normal 0 0 -1
    outer loop
      vertex 60.4325 62.9325 29
      vertex 12.2021 65.5912 29
      vertex 13.8635 76.0805 29
    endloop
  endfacet
  facet normal 0 0 -1
    outer loop
      vertex 68.4 57.4 29
      vertex 113.663 60.2738 29
      vertex 112.002 49.7845 29
    endloop
  endfacet
  facet normal -0 0 -1
    outer loop
      vertex 113.663 60.2738 29
      vertex 68.4 57.4 29
      vertex 113.107 70.8794 29
    endloop
  endfacet
  facet normal 0 0 -1
    outer loop
      vertex 68.4 57.4 29
      vertex 112.002 49.7845 29
      vertex 108.196 39.8698 29
    endloop
  endfacet
  facet normal -0 0 -1
    outer loop
      vertex 113.107 70.8794 29
      vertex 68.4 57.4 29
      vertex 110.358 81.1376 29
    endloop
  endfacet
  facet normal 0 0 -1
    outer loop
      vertex 68.4 57.4 29
      vertex 108.196 39.8698 29
      vertex 102.412 30.963 29
    endloop
  endfacet
  facet normal 0 0 -1
    outer loop
      vertex 65.4325 62.9325 29
      vertex 110.358 81.1376 29
      vertex 68.4 57.4 29
    endloop
  endfacet
  facet normal 0 0 -1
    outer loop
      vertex 68.4 57.4 29
      vertex 102.412 30.963 29
      vertex 94.902 23.4535 29
    endloop
  endfacet
  facet normal 0 0 -1
    outer loop
      vertex 64.7003 64.7003 29
      vertex 110.358 81.1376 29
      vertex 65.4325 62.9325 29
    endloop
  endfacet
  facet normal 0 0 -1
    outer loop
      vertex 68.4 57.4 29
      vertex 94.902 23.4535 29
      vertex 85.9952 17.6694 29
    endloop
  endfacet
  facet normal -0 0 -1
    outer loop
      vertex 110.358 81.1376 29
      vertex 64.7003 64.7003 29
      vertex 105.537 90.6002 29
    endloop
  endfacet
  facet normal 0 0 -1
    outer loop
      vertex 68.4 57.4 29
      vertex 85.9952 17.6694 29
      vertex 76.0805 13.8635 29
    endloop
  endfacet
  facet normal -0 0 -1
    outer loop
      vertex 105.537 90.6002 29
      vertex 64.7003 64.7003 29
      vertex 98.8535 98.8535 29
    endloop
  endfacet
  facet normal 0 0 -1
    outer loop
      vertex 68.4 57.4 29
      vertex 76.0805 13.8635 29
      vertex 68.4 12.647 29
    endloop
  endfacet
  facet normal -0 0 -1
    outer loop
      vertex 90.6002 105.537 29
      vertex 64.7003 64.7003 29
      vertex 81.1376 110.358 29
    endloop
  endfacet
  facet normal -0 0 -1
    outer loop
      vertex 98.8535 98.8535 29
      vertex 64.7003 64.7003 29
      vertex 90.6002 105.537 29
    endloop
  endfacet
  facet normal 0 0 -1
    outer loop
      vertex 62.9325 65.4325 29
      vertex 81.1376 110.358 29
      vertex 64.7003 64.7003 29
    endloop
  endfacet
  facet normal -0 0 -1
    outer loop
      vertex 81.1376 110.358 29
      vertex 62.9325 65.4325 29
      vertex 70.8794 113.107 29
    endloop
  endfacet
  facet normal 0 0 -1
    outer loop
      vertex 49.7845 112.002 29
      vertex 62.9325 65.4325 29
      vertex 61.1647 64.7003 29
    endloop
  endfacet
  facet normal 0 0 -1
    outer loop
      vertex 17.6694 85.9952 29
      vertex 61.1647 64.7003 29
      vertex 60.4325 62.9325 29
    endloop
  endfacet
  facet normal 0 0 -1
    outer loop
      vertex 62.9325 65.4325 29
      vertex 60.2738 113.663 29
      vertex 70.8794 113.107 29
    endloop
  endfacet
  facet normal -0.987687 0.15644 0
    outer loop
      vertex 12.2021 65.5912 29
      vertex 13.8635 76.0805 30
      vertex 13.8635 76.0805 29
    endloop
  endfacet
  facet normal -0.987687 0.15644 0
    outer loop
      vertex 13.8635 76.0805 30
      vertex 12.2021 65.5912 29
      vertex 12.2021 65.5912 30
    endloop
  endfacet
  facet normal -0.93358 0.358368 0
    outer loop
      vertex 13.8635 76.0805 29
      vertex 17.6694 85.9952 30
      vertex 17.6694 85.9952 29
    endloop
  endfacet
  facet normal -0.93358 0.358368 0
    outer loop
      vertex 17.6694 85.9952 30
      vertex 13.8635 76.0805 29
      vertex 13.8635 76.0805 30
    endloop
  endfacet
  facet normal -0.54463 0.838677 0
    outer loop
      vertex 39.8698 108.196 29
      vertex 30.963 102.412 30
      vertex 39.8698 108.196 30
    endloop
  endfacet
  facet normal -0.54463 0.838677 0
    outer loop
      vertex 30.963 102.412 30
      vertex 39.8698 108.196 29
      vertex 30.963 102.412 29
    endloop
  endfacet
  facet normal 0.838677 -0.54463 0
    outer loop
      vertex 102.412 30.963 30
      vertex 108.196 39.8698 29
      vertex 108.196 39.8698 30
    endloop
  endfacet
  facet normal 0.838677 -0.54463 0
    outer loop
      vertex 108.196 39.8698 29
      vertex 102.412 30.963 30
      vertex 102.412 30.963 29
    endloop
  endfacet
  facet normal 0.987693 -0.156403 0
    outer loop
      vertex 112.002 49.7845 30
      vertex 113.663 60.2738 29
      vertex 113.663 60.2738 30
    endloop
  endfacet
  facet normal 0.987693 -0.156403 0
    outer loop
      vertex 113.663 60.2738 29
      vertex 112.002 49.7845 30
      vertex 112.002 49.7845 29
    endloop
  endfacet
  facet normal -0.156403 0.987693 0
    outer loop
      vertex 60.2738 113.663 29
      vertex 49.7845 112.002 30
      vertex 60.2738 113.663 30
    endloop
  endfacet
  facet normal -0.156403 0.987693 0
    outer loop
      vertex 49.7845 112.002 30
      vertex 60.2738 113.663 29
      vertex 49.7845 112.002 29
    endloop
  endfacet
  facet normal -0.358376 0.933577 0
    outer loop
      vertex 49.7845 112.002 29
      vertex 39.8698 108.196 30
      vertex 49.7845 112.002 30
    endloop
  endfacet
  facet normal -0.358376 0.933577 0
    outer loop
      vertex 39.8698 108.196 30
      vertex 49.7845 112.002 29
      vertex 39.8698 108.196 29
    endloop
  endfacet
  facet normal 0.777141 0.629327 0
    outer loop
      vertex 105.537 90.6002 30
      vertex 98.8535 98.8535 29
      vertex 98.8535 98.8535 30
    endloop
  endfacet
  facet normal 0.777141 0.629327 0
    outer loop
      vertex 98.8535 98.8535 29
      vertex 105.537 90.6002 30
      vertex 105.537 90.6002 29
    endloop
  endfacet
  facet normal 0.358368 -0.93358 0
    outer loop
      vertex 76.0805 13.8635 29
      vertex 85.9952 17.6694 30
      vertex 76.0805 13.8635 30
    endloop
  endfacet
  facet normal 0.358368 -0.93358 0
    outer loop
      vertex 85.9952 17.6694 30
      vertex 76.0805 13.8635 29
      vertex 85.9952 17.6694 29
    endloop
  endfacet
  facet normal -0.838672 0.544636 0
    outer loop
      vertex 17.6694 85.9952 29
      vertex 23.4535 94.902 30
      vertex 23.4535 94.902 29
    endloop
  endfacet
  facet normal -0.838672 0.544636 0
    outer loop
      vertex 23.4535 94.902 30
      vertex 17.6694 85.9952 29
      vertex 17.6694 85.9952 30
    endloop
  endfacet
  facet normal 0.965918 0.258847 0
    outer loop
      vertex 113.107 70.8794 30
      vertex 110.358 81.1376 29
      vertex 110.358 81.1376 30
    endloop
  endfacet
  facet normal 0.965918 0.258847 0
    outer loop
      vertex 110.358 81.1376 29
      vertex 113.107 70.8794 30
      vertex 113.107 70.8794 29
    endloop
  endfacet
  facet normal 0.933577 -0.358376 0
    outer loop
      vertex 108.196 39.8698 30
      vertex 112.002 49.7845 29
      vertex 112.002 49.7845 30
    endloop
  endfacet
  facet normal 0.933577 -0.358376 0
    outer loop
      vertex 112.002 49.7845 29
      vertex 108.196 39.8698 30
      vertex 108.196 39.8698 29
    endloop
  endfacet
  facet normal 0.156438 -0.987688 0
    outer loop
      vertex 68.4 12.647 29
      vertex 76.0805 13.8635 30
      vertex 68.4 12.647 30
    endloop
  endfacet
  facet normal 0.156438 -0.987688 0
    outer loop
      vertex 76.0805 13.8635 30
      vertex 68.4 12.647 29
      vertex 76.0805 13.8635 29
    endloop
  endfacet
  facet normal 0.998629 0.0523532 0
    outer loop
      vertex 113.663 60.2738 30
      vertex 113.107 70.8794 29
      vertex 113.107 70.8794 30
    endloop
  endfacet
  facet normal 0.998629 0.0523532 0
    outer loop
      vertex 113.107 70.8794 29
      vertex 113.663 60.2738 30
      vertex 113.663 60.2738 29
    endloop
  endfacet
  facet normal 0.0523532 0.998629 -0
    outer loop
      vertex 70.8794 113.107 29
      vertex 60.2738 113.663 30
      vertex 70.8794 113.107 30
    endloop
  endfacet
  facet normal 0.0523532 0.998629 0
    outer loop
      vertex 60.2738 113.663 30
      vertex 70.8794 113.107 29
      vertex 60.2738 113.663 29
    endloop
  endfacet
  facet normal 0.258847 0.965918 -0
    outer loop
      vertex 81.1376 110.358 29
      vertex 70.8794 113.107 30
      vertex 81.1376 110.358 30
    endloop
  endfacet
  facet normal 0.258847 0.965918 0
    outer loop
      vertex 70.8794 113.107 30
      vertex 81.1376 110.358 29
      vertex 70.8794 113.107 29
    endloop
  endfacet
  facet normal 0.544636 -0.838672 0
    outer loop
      vertex 85.9952 17.6694 29
      vertex 94.902 23.4535 30
      vertex 85.9952 17.6694 30
    endloop
  endfacet
  facet normal 0.544636 -0.838672 0
    outer loop
      vertex 94.902 23.4535 30
      vertex 85.9952 17.6694 29
      vertex 94.902 23.4535 29
    endloop
  endfacet
  facet normal -0.998629 -0.0523381 0
    outer loop
      vertex 12.6314 57.4 29
      vertex 12.2021 65.5912 30
      vertex 12.2021 65.5912 29
    endloop
  endfacet
  facet normal -0.998629 -0.0523381 0
    outer loop
      vertex 12.2021 65.5912 30
      vertex 12.6314 57.4 29
      vertex 12.6314 57.4 30
    endloop
  endfacet
  facet normal 0.707083 -0.70713 0
    outer loop
      vertex 94.902 23.4535 30
      vertex 102.412 30.963 29
      vertex 102.412 30.963 30
    endloop
  endfacet
  facet normal 0.707083 -0.70713 0
    outer loop
      vertex 102.412 30.963 29
      vertex 94.902 23.4535 30
      vertex 94.902 23.4535 29
    endloop
  endfacet
  facet normal -0.980785 0.195091 0
    outer loop
      vertex 57.9325 62.9325 30
      vertex 58.3131 64.8459 34
      vertex 58.3131 64.8459 30
    endloop
  endfacet
  facet normal -0.980785 0.195091 0
    outer loop
      vertex 58.3131 64.8459 34
      vertex 57.9325 62.9325 30
      vertex 57.9325 62.9325 34
    endloop
  endfacet
  facet normal 0.195091 0.980785 -0
    outer loop
      vertex 64.8459 67.5519 30
      vertex 62.9325 67.9325 34
      vertex 64.8459 67.5519 34
    endloop
  endfacet
  facet normal 0.195091 0.980785 0
    outer loop
      vertex 62.9325 67.9325 34
      vertex 64.8459 67.5519 30
      vertex 62.9325 67.9325 30
    endloop
  endfacet
  facet normal 0.555587 0.831458 -0
    outer loop
      vertex 66.468 66.468 30
      vertex 64.8459 67.5519 34
      vertex 66.468 66.468 34
    endloop
  endfacet
  facet normal 0.555587 0.831458 0
    outer loop
      vertex 64.8459 67.5519 34
      vertex 66.468 66.468 30
      vertex 64.8459 67.5519 30
    endloop
  endfacet
  facet normal -0.980785 -0.195091 0
    outer loop
      vertex 58.3131 61.0191 30
      vertex 57.9325 62.9325 34
      vertex 57.9325 62.9325 30
    endloop
  endfacet
  facet normal -0.980785 -0.195091 0
    outer loop
      vertex 57.9325 62.9325 34
      vertex 58.3131 61.0191 30
      vertex 58.3131 61.0191 34
    endloop
  endfacet
  facet normal 0.555587 -0.831458 0
    outer loop
      vertex 64.8459 58.3131 30
      vertex 66.468 59.397 34
      vertex 64.8459 58.3131 34
    endloop
  endfacet
  facet normal 0.555587 -0.831458 0
    outer loop
      vertex 66.468 59.397 34
      vertex 64.8459 58.3131 30
      vertex 66.468 59.397 30
    endloop
  endfacet
  facet normal 0.831458 -0.555587 0
    outer loop
      vertex 66.468 59.397 34
      vertex 67.5519 61.0191 30
      vertex 67.5519 61.0191 34
    endloop
  endfacet
  facet normal 0.831458 -0.555587 0
    outer loop
      vertex 67.5519 61.0191 30
      vertex 66.468 59.397 34
      vertex 66.468 59.397 30
    endloop
  endfacet
  facet normal 0.980785 -0.195091 0
    outer loop
      vertex 67.5519 61.0191 34
      vertex 67.9325 62.9325 30
      vertex 67.9325 62.9325 34
    endloop
  endfacet
  facet normal 0.980785 -0.195091 0
    outer loop
      vertex 67.9325 62.9325 30
      vertex 67.5519 61.0191 34
      vertex 67.5519 61.0191 30
    endloop
  endfacet
  facet normal 0.980785 0.195091 0
    outer loop
      vertex 67.9325 62.9325 34
      vertex 67.5519 64.8459 30
      vertex 67.5519 64.8459 34
    endloop
  endfacet
  facet normal 0.980785 0.195091 0
    outer loop
      vertex 67.5519 64.8459 30
      vertex 67.9325 62.9325 34
      vertex 67.9325 62.9325 30
    endloop
  endfacet
  facet normal -0.831458 -0.555587 0
    outer loop
      vertex 59.397 59.397 30
      vertex 58.3131 61.0191 34
      vertex 58.3131 61.0191 30
    endloop
  endfacet
  facet normal -0.831458 -0.555587 0
    outer loop
      vertex 58.3131 61.0191 34
      vertex 59.397 59.397 30
      vertex 59.397 59.397 34
    endloop
  endfacet
  facet normal 0.831458 0.555587 0
    outer loop
      vertex 67.5519 64.8459 34
      vertex 66.468 66.468 30
      vertex 66.468 66.468 34
    endloop
  endfacet
  facet normal 0.831458 0.555587 0
    outer loop
      vertex 66.468 66.468 30
      vertex 67.5519 64.8459 34
      vertex 67.5519 64.8459 30
    endloop
  endfacet
  facet normal -0.831458 0.555587 0
    outer loop
      vertex 58.3131 64.8459 30
      vertex 59.397 66.468 34
      vertex 59.397 66.468 30
    endloop
  endfacet
  facet normal -0.831458 0.555587 0
    outer loop
      vertex 59.397 66.468 34
      vertex 58.3131 64.8459 30
      vertex 58.3131 64.8459 34
    endloop
  endfacet
  facet normal -0.555587 0.831458 0
    outer loop
      vertex 61.0191 67.5519 30
      vertex 59.397 66.468 34
      vertex 61.0191 67.5519 34
    endloop
  endfacet
  facet normal -0.555587 0.831458 0
    outer loop
      vertex 59.397 66.468 34
      vertex 61.0191 67.5519 30
      vertex 59.397 66.468 30
    endloop
  endfacet
  facet normal -0.195091 -0.980785 0
    outer loop
      vertex 61.0191 58.3131 30
      vertex 62.9325 57.9325 34
      vertex 61.0191 58.3131 34
    endloop
  endfacet
  facet normal -0.195091 -0.980785 -0
    outer loop
      vertex 62.9325 57.9325 34
      vertex 61.0191 58.3131 30
      vertex 62.9325 57.9325 30
    endloop
  endfacet
  facet normal -0.195091 0.980785 0
    outer loop
      vertex 62.9325 67.9325 30
      vertex 61.0191 67.5519 34
      vertex 62.9325 67.9325 34
    endloop
  endfacet
  facet normal -0.195091 0.980785 0
    outer loop
      vertex 61.0191 67.5519 34
      vertex 62.9325 67.9325 30
      vertex 61.0191 67.5519 30
    endloop
  endfacet
  facet normal -0.555587 -0.831458 0
    outer loop
      vertex 59.397 59.397 30
      vertex 61.0191 58.3131 34
      vertex 59.397 59.397 34
    endloop
  endfacet
  facet normal -0.555587 -0.831458 -0
    outer loop
      vertex 61.0191 58.3131 34
      vertex 59.397 59.397 30
      vertex 61.0191 58.3131 30
    endloop
  endfacet
  facet normal 0.195091 -0.980785 0
    outer loop
      vertex 62.9325 57.9325 30
      vertex 64.8459 58.3131 34
      vertex 62.9325 57.9325 34
    endloop
  endfacet
  facet normal 0.195091 -0.980785 0
    outer loop
      vertex 64.8459 58.3131 34
      vertex 62.9325 57.9325 30
      vertex 64.8459 58.3131 30
    endloop
  endfacet
  facet normal -0.777145 -0.629322 0
    outer loop
      vertex 21.9203 21.9203 7
      vertex 14.2896 31.3434 17
      vertex 14.2896 31.3434 7
    endloop
  endfacet
  facet normal -0.777145 -0.629322 0
    outer loop
      vertex 14.2896 31.3434 17
      vertex 21.9203 21.9203 7
      vertex 21.9203 21.9203 17
    endloop
  endfacet
  facet normal 0.965931 0.2588 0
    outer loop
      vertex 120.218 72.0057 17
      vertex 117.08 83.7178 7
      vertex 117.08 83.7178 17
    endloop
  endfacet
  facet normal 0.965931 0.2588 0
    outer loop
      vertex 117.08 83.7178 7
      vertex 120.218 72.0057 17
      vertex 120.218 72.0057 7
    endloop
  endfacet
  facet normal 0.838669 -0.544642 0
    outer loop
      vertex 108.007 26.4319 17
      vertex 114.611 36.6011 7
      vertex 114.611 36.6011 17
    endloop
  endfacet
  facet normal 0.838669 -0.544642 0
    outer loop
      vertex 114.611 36.6011 7
      vertex 108.007 26.4319 17
      vertex 108.007 26.4319 7
    endloop
  endfacet
  facet normal 0.454003 0.891 -0
    outer loop
      vertex 94.5216 111.575 7
      vertex 83.7178 117.08 17
      vertex 94.5216 111.575 17
    endloop
  endfacet
  facet normal 0.454003 0.891 0
    outer loop
      vertex 83.7178 117.08 17
      vertex 94.5216 111.575 7
      vertex 83.7178 117.08 7
    endloop
  endfacet
  facet normal -0.358346 0.933589 0
    outer loop
      vertex 47.921 118.956 7
      vertex 36.6011 114.611 17
      vertex 47.921 118.956 17
    endloop
  endfacet
  facet normal -0.358346 0.933589 0
    outer loop
      vertex 36.6011 114.611 17
      vertex 47.921 118.956 7
      vertex 36.6011 114.611 7
    endloop
  endfacet
  facet normal -0.83867 0.54464 0
    outer loop
      vertex 11.2541 89.264 7
      vertex 17.858 99.4331 17
      vertex 17.858 99.4331 7
    endloop
  endfacet
  facet normal -0.83867 0.54464 0
    outer loop
      vertex 17.858 99.4331 17
      vertex 11.2541 89.264 7
      vertex 11.2541 89.264 17
    endloop
  endfacet
  facet normal -0.987688 0.156435 0
    outer loop
      vertex 5.01199 65.968 7
      vertex 6.90881 77.944 17
      vertex 6.90881 77.944 7
    endloop
  endfacet
  facet normal -0.987688 0.156435 0
    outer loop
      vertex 6.90881 77.944 17
      vertex 5.01199 65.968 7
      vertex 5.01199 65.968 17
    endloop
  endfacet
  facet normal 0.777183 0.629275 0
    outer loop
      vertex 111.575 94.5216 17
      vertex 103.945 103.945 7
      vertex 103.945 103.945 17
    endloop
  endfacet
  facet normal 0.777183 0.629275 0
    outer loop
      vertex 103.945 103.945 7
      vertex 111.575 94.5216 17
      vertex 111.575 94.5216 7
    endloop
  endfacet
  facet normal 0.629328 0.77714 -0
    outer loop
      vertex 99.2561 107.741 7
      vertex 94.5216 111.575 17
      vertex 99.2561 107.741 17
    endloop
  endfacet
  facet normal 0.629328 0.77714 0
    outer loop
      vertex 94.5216 111.575 17
      vertex 99.2561 107.741 7
      vertex 94.5216 111.575 7
    endloop
  endfacet
  facet normal -0.544642 0.838669 0
    outer loop
      vertex 36.6011 114.611 7
      vertex 26.4319 108.007 17
      vertex 36.6011 114.611 17
    endloop
  endfacet
  facet normal -0.544642 0.838669 0
    outer loop
      vertex 26.4319 108.007 17
      vertex 36.6011 114.611 7
      vertex 26.4319 108.007 7
    endloop
  endfacet
  facet normal -0.891008 -0.453987 0
    outer loop
      vertex 14.2896 31.3434 7
      vertex 8.78484 42.1472 17
      vertex 8.78484 42.1472 7
    endloop
  endfacet
  facet normal -0.891008 -0.453987 0
    outer loop
      vertex 8.78484 42.1472 17
      vertex 14.2896 31.3434 7
      vertex 14.2896 31.3434 17
    endloop
  endfacet
  facet normal -0.453987 -0.891008 0
    outer loop
      vertex 31.3434 14.2896 7
      vertex 42.1472 8.78484 17
      vertex 31.3434 14.2896 17
    endloop
  endfacet
  facet normal -0.453987 -0.891008 -0
    outer loop
      vertex 42.1472 8.78484 17
      vertex 31.3434 14.2896 7
      vertex 42.1472 8.78484 7
    endloop
  endfacet
  facet normal -0.965926 -0.25882 0
    outer loop
      vertex 8.78484 42.1472 7
      vertex 5.64658 53.8593 17
      vertex 5.64658 53.8593 7
    endloop
  endfacet
  facet normal -0.965926 -0.25882 0
    outer loop
      vertex 5.64658 53.8593 17
      vertex 8.78484 42.1472 7
      vertex 8.78484 42.1472 17
    endloop
  endfacet
  facet normal 0.54464 -0.83867 0
    outer loop
      vertex 89.264 11.2541 7
      vertex 99.4331 17.858 17
      vertex 89.264 11.2541 17
    endloop
  endfacet
  facet normal 0.54464 -0.83867 0
    outer loop
      vertex 99.4331 17.858 17
      vertex 89.264 11.2541 7
      vertex 99.4331 17.858 7
    endloop
  endfacet
  facet normal 0.0523697 0.998628 -0
    outer loop
      vertex 72.0057 120.218 7
      vertex 59.897 120.853 17
      vertex 72.0057 120.218 17
    endloop
  endfacet
  facet normal 0.0523697 0.998628 0
    outer loop
      vertex 59.897 120.853 17
      vertex 72.0057 120.218 7
      vertex 59.897 120.853 7
    endloop
  endfacet
  facet normal 0 0 1
    outer loop
      vertex 104.652 104.652 17
      vertex 100.409 108.894 17
      vertex 103.945 103.945 17
    endloop
  endfacet
  facet normal -0 0 1
    outer loop
      vertex 113.663 60.2738 17
      vertex 120.853 59.897 17
      vertex 120.218 72.0057 17
    endloop
  endfacet
  facet normal 0 0 1
    outer loop
      vertex 113.107 70.8794 17
      vertex 120.218 72.0057 17
      vertex 117.08 83.7178 17
    endloop
  endfacet
  facet normal 0 0 1
    outer loop
      vertex 120.853 59.897 17
      vertex 113.663 60.2738 17
      vertex 118.956 47.921 17
    endloop
  endfacet
  facet normal -0 0 1
    outer loop
      vertex 112.002 49.7845 17
      vertex 118.956 47.921 17
      vertex 113.663 60.2738 17
    endloop
  endfacet
  facet normal 0 0 1
    outer loop
      vertex 120.218 72.0057 17
      vertex 113.107 70.8794 17
      vertex 113.663 60.2738 17
    endloop
  endfacet
  facet normal 0 0 1
    outer loop
      vertex 110.358 81.1376 17
      vertex 117.08 83.7178 17
      vertex 111.575 94.5216 17
    endloop
  endfacet
  facet normal 0 0 1
    outer loop
      vertex 117.08 83.7178 17
      vertex 110.358 81.1376 17
      vertex 113.107 70.8794 17
    endloop
  endfacet
  facet normal 0 0 1
    outer loop
      vertex 111.575 94.5216 17
      vertex 105.537 90.6002 17
      vertex 110.358 81.1376 17
    endloop
  endfacet
  facet normal 0 0 1
    outer loop
      vertex 103.945 103.945 17
      vertex 105.537 90.6002 17
      vertex 111.575 94.5216 17
    endloop
  endfacet
  facet normal -0 0 1
    outer loop
      vertex 99.2561 107.741 17
      vertex 103.945 103.945 17
      vertex 100.409 108.894 17
    endloop
  endfacet
  facet normal 0 0 1
    outer loop
      vertex 103.945 103.945 17
      vertex 99.2561 107.741 17
      vertex 98.8535 98.8535 17
    endloop
  endfacet
  facet normal 0 0 1
    outer loop
      vertex 103.945 103.945 17
      vertex 98.8535 98.8535 17
      vertex 105.537 90.6002 17
    endloop
  endfacet
  facet normal 0 0 1
    outer loop
      vertex 90.6002 105.537 17
      vertex 99.2561 107.741 17
      vertex 94.5216 111.575 17
    endloop
  endfacet
  facet normal 0 0 1
    outer loop
      vertex 99.2561 107.741 17
      vertex 90.6002 105.537 17
      vertex 98.8535 98.8535 17
    endloop
  endfacet
  facet normal 0 0 1
    outer loop
      vertex 83.7178 117.08 17
      vertex 90.6002 105.537 17
      vertex 94.5216 111.575 17
    endloop
  endfacet
  facet normal 0 0 1
    outer loop
      vertex 83.7178 117.08 17
      vertex 81.1376 110.358 17
      vertex 90.6002 105.537 17
    endloop
  endfacet
  facet normal 0 0 1
    outer loop
      vertex 72.0057 120.218 17
      vertex 81.1376 110.358 17
      vertex 83.7178 117.08 17
    endloop
  endfacet
  facet normal 0 0 1
    outer loop
      vertex 72.0057 120.218 17
      vertex 70.8794 113.107 17
      vertex 81.1376 110.358 17
    endloop
  endfacet
  facet normal 0 0 1
    outer loop
      vertex 72.0057 120.218 17
      vertex 60.2738 113.663 17
      vertex 70.8794 113.107 17
    endloop
  endfacet
  facet normal 0 0 1
    outer loop
      vertex 59.897 120.853 17
      vertex 60.2738 113.663 17
      vertex 72.0057 120.218 17
    endloop
  endfacet
  facet normal 0 0 1
    outer loop
      vertex 59.897 120.853 17
      vertex 49.7845 112.002 17
      vertex 60.2738 113.663 17
    endloop
  endfacet
  facet normal -0 0 1
    outer loop
      vertex 47.921 118.956 17
      vertex 49.7845 112.002 17
      vertex 59.897 120.853 17
    endloop
  endfacet
  facet normal 0 0 1
    outer loop
      vertex 47.921 118.956 17
      vertex 39.8698 108.196 17
      vertex 49.7845 112.002 17
    endloop
  endfacet
  facet normal -0 0 1
    outer loop
      vertex 36.6011 114.611 17
      vertex 39.8698 108.196 17
      vertex 47.921 118.956 17
    endloop
  endfacet
  facet normal 0 0 1
    outer loop
      vertex 36.6011 114.611 17
      vertex 30.963 102.412 17
      vertex 39.8698 108.196 17
    endloop
  endfacet
  facet normal -0 0 1
    outer loop
      vertex 26.4319 108.007 17
      vertex 30.963 102.412 17
      vertex 36.6011 114.611 17
    endloop
  endfacet
  facet normal -0 0 1
    outer loop
      vertex 22.145 103.72 17
      vertex 30.963 102.412 17
      vertex 26.4319 108.007 17
    endloop
  endfacet
  facet normal 0 0 1
    outer loop
      vertex 30.963 102.412 17
      vertex 22.145 103.72 17
      vertex 23.4535 94.902 17
    endloop
  endfacet
  facet normal 0 0 1
    outer loop
      vertex 17.9023 99.4774 17
      vertex 22.145 103.72 17
      vertex 21.2132 104.652 17
    endloop
  endfacet
  facet normal 0 0 1
    outer loop
      vertex 22.145 103.72 17
      vertex 17.9023 99.4774 17
      vertex 23.4535 94.902 17
    endloop
  endfacet
  facet normal -0 0 1
    outer loop
      vertex 17.858 99.4331 17
      vertex 23.4535 94.902 17
      vertex 17.9023 99.4774 17
    endloop
  endfacet
  facet normal 0 0 1
    outer loop
      vertex 17.858 99.4331 17
      vertex 17.6694 85.9952 17
      vertex 23.4535 94.902 17
    endloop
  endfacet
  facet normal -0 0 1
    outer loop
      vertex 11.2541 89.264 17
      vertex 17.6694 85.9952 17
      vertex 17.858 99.4331 17
    endloop
  endfacet
  facet normal -0 0 1
    outer loop
      vertex 6.90881 77.944 17
      vertex 13.8635 76.0805 17
      vertex 11.2541 89.264 17
    endloop
  endfacet
  facet normal 0 0 1
    outer loop
      vertex 17.6694 85.9952 17
      vertex 11.2541 89.264 17
      vertex 13.8635 76.0805 17
    endloop
  endfacet
  facet normal 0 0 1
    outer loop
      vertex 118.956 47.921 17
      vertex 112.002 49.7845 17
      vertex 114.611 36.6011 17
    endloop
  endfacet
  facet normal -0 0 1
    outer loop
      vertex 108.196 39.8698 17
      vertex 114.611 36.6011 17
      vertex 112.002 49.7845 17
    endloop
  endfacet
  facet normal 0 0 1
    outer loop
      vertex 108.196 39.8698 17
      vertex 108.007 26.4319 17
      vertex 114.611 36.6011 17
    endloop
  endfacet
  facet normal -0 0 1
    outer loop
      vertex 102.412 30.963 17
      vertex 108.007 26.4319 17
      vertex 108.196 39.8698 17
    endloop
  endfacet
  facet normal 0 0 1
    outer loop
      vertex 108.007 26.4319 17
      vertex 102.412 30.963 17
      vertex 107.963 26.3876 17
    endloop
  endfacet
  facet normal 0 -0 1
    outer loop
      vertex 103.72 22.145 17
      vertex 107.963 26.3876 17
      vertex 102.412 30.963 17
    endloop
  endfacet
  facet normal 0 0 1
    outer loop
      vertex 107.963 26.3876 17
      vertex 103.72 22.145 17
      vertex 104.652 21.2132 17
    endloop
  endfacet
  facet normal -0 0 1
    outer loop
      vertex 94.902 23.4535 17
      vertex 103.72 22.145 17
      vertex 102.412 30.963 17
    endloop
  endfacet
  facet normal 0 0 1
    outer loop
      vertex 103.72 22.145 17
      vertex 94.902 23.4535 17
      vertex 99.4331 17.858 17
    endloop
  endfacet
  facet normal 0 0 1
    outer loop
      vertex 94.902 23.4535 17
      vertex 89.264 11.2541 17
      vertex 99.4331 17.858 17
    endloop
  endfacet
  facet normal -0 0 1
    outer loop
      vertex 85.9952 17.6694 17
      vertex 89.264 11.2541 17
      vertex 94.902 23.4535 17
    endloop
  endfacet
  facet normal 0 0 1
    outer loop
      vertex 85.9952 17.6694 17
      vertex 77.944 6.90881 17
      vertex 89.264 11.2541 17
    endloop
  endfacet
  facet normal -0 0 1
    outer loop
      vertex 76.0805 13.8635 17
      vertex 77.944 6.90881 17
      vertex 85.9952 17.6694 17
    endloop
  endfacet
  facet normal 0 0 1
    outer loop
      vertex 76.0805 13.8635 17
      vertex 65.968 5.01199 17
      vertex 77.944 6.90881 17
    endloop
  endfacet
  facet normal -0 0 1
    outer loop
      vertex 65.5912 12.2021 17
      vertex 65.968 5.01199 17
      vertex 76.0805 13.8635 17
    endloop
  endfacet
  facet normal 0 0 1
    outer loop
      vertex 54.9856 12.7579 17
      vertex 65.968 5.01199 17
      vertex 65.5912 12.2021 17
    endloop
  endfacet
  facet normal 0 0 1
    outer loop
      vertex 54.9856 12.7579 17
      vertex 53.8593 5.64658 17
      vertex 65.968 5.01199 17
    endloop
  endfacet
  facet normal 0 0 1
    outer loop
      vertex 44.7274 15.5066 17
      vertex 53.8593 5.64658 17
      vertex 54.9856 12.7579 17
    endloop
  endfacet
  facet normal 0 0 1
    outer loop
      vertex 44.7274 15.5066 17
      vertex 42.1472 8.78484 17
      vertex 53.8593 5.64658 17
    endloop
  endfacet
  facet normal 0 0 1
    outer loop
      vertex 35.2648 20.328 17
      vertex 42.1472 8.78484 17
      vertex 44.7274 15.5066 17
    endloop
  endfacet
  facet normal 0 0 1
    outer loop
      vertex 35.2648 20.328 17
      vertex 31.3434 14.2896 17
      vertex 42.1472 8.78484 17
    endloop
  endfacet
  facet normal 0 0 1
    outer loop
      vertex 26.6089 18.1236 17
      vertex 35.2648 20.328 17
      vertex 27.0115 27.0115 17
    endloop
  endfacet
  facet normal 0 0 1
    outer loop
      vertex 35.2648 20.328 17
      vertex 26.6089 18.1236 17
      vertex 31.3434 14.2896 17
    endloop
  endfacet
  facet normal -0 0 1
    outer loop
      vertex 21.9203 21.9203 17
      vertex 26.6089 18.1236 17
      vertex 27.0115 27.0115 17
    endloop
  endfacet
  facet normal 0 0 1
    outer loop
      vertex 26.6089 18.1236 17
      vertex 21.9203 21.9203 17
      vertex 25.4558 16.9706 17
    endloop
  endfacet
  facet normal 0 0 1
    outer loop
      vertex 20.328 35.2648 17
      vertex 21.9203 21.9203 17
      vertex 27.0115 27.0115 17
    endloop
  endfacet
  facet normal 0 0 1
    outer loop
      vertex 14.2896 31.3434 17
      vertex 20.328 35.2648 17
      vertex 15.5066 44.7274 17
    endloop
  endfacet
  facet normal 0 0 1
    outer loop
      vertex 20.328 35.2648 17
      vertex 14.2896 31.3434 17
      vertex 21.9203 21.9203 17
    endloop
  endfacet
  facet normal 0 0 1
    outer loop
      vertex 8.78484 42.1472 17
      vertex 15.5066 44.7274 17
      vertex 12.7579 54.9856 17
    endloop
  endfacet
  facet normal 0 0 1
    outer loop
      vertex 15.5066 44.7274 17
      vertex 8.78484 42.1472 17
      vertex 14.2896 31.3434 17
    endloop
  endfacet
  facet normal 0 0 1
    outer loop
      vertex 5.64658 53.8593 17
      vertex 12.7579 54.9856 17
      vertex 12.2021 65.5912 17
    endloop
  endfacet
  facet normal 0 0 1
    outer loop
      vertex 13.8635 76.0805 17
      vertex 6.90881 77.944 17
      vertex 12.2021 65.5912 17
    endloop
  endfacet
  facet normal -0 0 1
    outer loop
      vertex 5.01199 65.968 17
      vertex 12.2021 65.5912 17
      vertex 6.90881 77.944 17
    endloop
  endfacet
  facet normal 0 0 1
    outer loop
      vertex 12.7579 54.9856 17
      vertex 5.64658 53.8593 17
      vertex 8.78484 42.1472 17
    endloop
  endfacet
  facet normal 0 0 1
    outer loop
      vertex 12.2021 65.5912 17
      vertex 5.01199 65.968 17
      vertex 5.64658 53.8593 17
    endloop
  endfacet
  facet normal 0 0 1
    outer loop
      vertex 108.894 25.4558 17
      vertex 107.963 26.3876 17
      vertex 104.652 21.2132 17
    endloop
  endfacet
  facet normal 0 0 1
    outer loop
      vertex 21.2132 104.652 17
      vertex 16.9706 100.409 17
      vertex 17.9023 99.4774 17
    endloop
  endfacet
  facet normal 0 0 1
    outer loop
      vertex 25.4558 16.9706 17
      vertex 21.9203 21.9203 17
      vertex 21.2132 21.2132 17
    endloop
  endfacet
  facet normal 0.709505 -0.7047 0
    outer loop
      vertex 107.963 26.3876 17
      vertex 108.007 26.4319 7
      vertex 108.007 26.4319 17
    endloop
  endfacet
  facet normal 0.709505 -0.7047 0
    outer loop
      vertex 108.007 26.4319 7
      vertex 107.963 26.3876 17
      vertex 107.963 26.3876 7
    endloop
  endfacet
  facet normal 0.707115 -0.707099 0
    outer loop
      vertex 99.4331 17.858 17
      vertex 103.72 22.145 7
      vertex 103.72 22.145 17
    endloop
  endfacet
  facet normal 0.707115 -0.707099 0
    outer loop
      vertex 103.72 22.145 7
      vertex 99.4331 17.858 17
      vertex 99.4331 17.858 7
    endloop
  endfacet
  facet normal 0.2588 0.965931 -0
    outer loop
      vertex 83.7178 117.08 7
      vertex 72.0057 120.218 17
      vertex 83.7178 117.08 17
    endloop
  endfacet
  facet normal 0.2588 0.965931 0
    outer loop
      vertex 72.0057 120.218 17
      vertex 83.7178 117.08 7
      vertex 72.0057 120.218 7
    endloop
  endfacet
  facet normal 0.933589 -0.358346 0
    outer loop
      vertex 114.611 36.6011 17
      vertex 118.956 47.921 7
      vertex 118.956 47.921 17
    endloop
  endfacet
  facet normal 0.933589 -0.358346 0
    outer loop
      vertex 118.956 47.921 7
      vertex 114.611 36.6011 17
      vertex 114.611 36.6011 7
    endloop
  endfacet
  facet normal 0.358364 -0.933582 0
    outer loop
      vertex 77.944 6.90881 7
      vertex 89.264 11.2541 17
      vertex 77.944 6.90881 17
    endloop
  endfacet
  facet normal 0.358364 -0.933582 0
    outer loop
      vertex 89.264 11.2541 17
      vertex 77.944 6.90881 7
      vertex 89.264 11.2541 7
    endloop
  endfacet
  facet normal -0.99863 -0.0523359 0
    outer loop
      vertex 5.64658 53.8593 7
      vertex 5.01199 65.968 17
      vertex 5.01199 65.968 7
    endloop
  endfacet
  facet normal -0.99863 -0.0523359 0
    outer loop
      vertex 5.01199 65.968 17
      vertex 5.64658 53.8593 7
      vertex 5.64658 53.8593 17
    endloop
  endfacet
  facet normal 0.987686 -0.15645 0
    outer loop
      vertex 118.956 47.921 17
      vertex 120.853 59.897 7
      vertex 120.853 59.897 17
    endloop
  endfacet
  facet normal 0.987686 -0.15645 0
    outer loop
      vertex 120.853 59.897 7
      vertex 118.956 47.921 17
      vertex 118.956 47.921 7
    endloop
  endfacet
  facet normal 0.156435 -0.987688 0
    outer loop
      vertex 65.968 5.01199 7
      vertex 77.944 6.90881 17
      vertex 65.968 5.01199 17
    endloop
  endfacet
  facet normal 0.156435 -0.987688 0
    outer loop
      vertex 77.944 6.90881 17
      vertex 65.968 5.01199 7
      vertex 77.944 6.90881 7
    endloop
  endfacet
  facet normal -0.707107 0.707107 0
    outer loop
      vertex 17.858 99.4331 7
      vertex 17.9023 99.4774 17
      vertex 17.9023 99.4774 7
    endloop
  endfacet
  facet normal -0.707107 0.707107 0
    outer loop
      vertex 17.9023 99.4774 17
      vertex 17.858 99.4331 7
      vertex 17.858 99.4331 17
    endloop
  endfacet
  facet normal -0.707115 0.707099 0
    outer loop
      vertex 22.145 103.72 7
      vertex 26.4319 108.007 17
      vertex 26.4319 108.007 7
    endloop
  endfacet
  facet normal -0.707115 0.707099 0
    outer loop
      vertex 26.4319 108.007 17
      vertex 22.145 103.72 7
      vertex 22.145 103.72 17
    endloop
  endfacet
  facet normal -0.15645 0.987686 0
    outer loop
      vertex 59.897 120.853 7
      vertex 47.921 118.956 17
      vertex 59.897 120.853 17
    endloop
  endfacet
  facet normal -0.15645 0.987686 0
    outer loop
      vertex 47.921 118.956 17
      vertex 59.897 120.853 7
      vertex 47.921 118.956 7
    endloop
  endfacet
  facet normal 0.998628 0.0523697 0
    outer loop
      vertex 120.853 59.897 17
      vertex 120.218 72.0057 7
      vertex 120.218 72.0057 17
    endloop
  endfacet
  facet normal 0.998628 0.0523697 0
    outer loop
      vertex 120.218 72.0057 7
      vertex 120.853 59.897 17
      vertex 120.853 59.897 7
    endloop
  endfacet
  facet normal -0.933582 0.358364 0
    outer loop
      vertex 6.90881 77.944 7
      vertex 11.2541 89.264 17
      vertex 11.2541 89.264 7
    endloop
  endfacet
  facet normal -0.933582 0.358364 0
    outer loop
      vertex 11.2541 89.264 17
      vertex 6.90881 77.944 7
      vertex 6.90881 77.944 17
    endloop
  endfacet
  facet normal -0 0 -1
    outer loop
      vertex 108.894 25.4558 7
      vertex 104.652 21.2132 7
      vertex 107.963 26.3876 7
    endloop
  endfacet
  facet normal 0 0 -1
    outer loop
      vertex 118.956 47.921 7
      vertex 112.002 49.7845 7
      vertex 113.663 60.2738 7
    endloop
  endfacet
  facet normal 0 0 -1
    outer loop
      vertex 114.611 36.6011 7
      vertex 108.196 39.8698 7
      vertex 112.002 49.7845 7
    endloop
  endfacet
  facet normal 0 0 -1
    outer loop
      vertex 108.007 26.4319 7
      vertex 108.196 39.8698 7
      vertex 114.611 36.6011 7
    endloop
  endfacet
  facet normal 0 0 -1
    outer loop
      vertex 102.412 30.963 7
      vertex 108.007 26.4319 7
      vertex 107.963 26.3876 7
    endloop
  endfacet
  facet normal 0 0 -1
    outer loop
      vertex 103.72 22.145 7
      vertex 107.963 26.3876 7
      vertex 104.652 21.2132 7
    endloop
  endfacet
  facet normal -0 0 -1
    outer loop
      vertex 107.963 26.3876 7
      vertex 103.72 22.145 7
      vertex 102.412 30.963 7
    endloop
  endfacet
  facet normal 0 0 -1
    outer loop
      vertex 108.007 26.4319 7
      vertex 102.412 30.963 7
      vertex 108.196 39.8698 7
    endloop
  endfacet
  facet normal 0 0 -1
    outer loop
      vertex 94.902 23.4535 7
      vertex 103.72 22.145 7
      vertex 99.4331 17.858 7
    endloop
  endfacet
  facet normal 0 0 -1
    outer loop
      vertex 103.72 22.145 7
      vertex 94.902 23.4535 7
      vertex 102.412 30.963 7
    endloop
  endfacet
  facet normal 0 0 -1
    outer loop
      vertex 89.264 11.2541 7
      vertex 94.902 23.4535 7
      vertex 99.4331 17.858 7
    endloop
  endfacet
  facet normal 0 0 -1
    outer loop
      vertex 89.264 11.2541 7
      vertex 85.9952 17.6694 7
      vertex 94.902 23.4535 7
    endloop
  endfacet
  facet normal 0 0 -1
    outer loop
      vertex 77.944 6.90881 7
      vertex 85.9952 17.6694 7
      vertex 89.264 11.2541 7
    endloop
  endfacet
  facet normal 0 0 -1
    outer loop
      vertex 77.944 6.90881 7
      vertex 76.0805 13.8635 7
      vertex 85.9952 17.6694 7
    endloop
  endfacet
  facet normal 0 0 -1
    outer loop
      vertex 65.968 5.01199 7
      vertex 76.0805 13.8635 7
      vertex 77.944 6.90881 7
    endloop
  endfacet
  facet normal 0 0 -1
    outer loop
      vertex 65.968 5.01199 7
      vertex 65.5912 12.2021 7
      vertex 76.0805 13.8635 7
    endloop
  endfacet
  facet normal 0 0 -1
    outer loop
      vertex 65.968 5.01199 7
      vertex 54.9856 12.7579 7
      vertex 65.5912 12.2021 7
    endloop
  endfacet
  facet normal 0 0 -1
    outer loop
      vertex 53.8593 5.64658 7
      vertex 54.9856 12.7579 7
      vertex 65.968 5.01199 7
    endloop
  endfacet
  facet normal 0 0 -1
    outer loop
      vertex 53.8593 5.64658 7
      vertex 44.7274 15.5066 7
      vertex 54.9856 12.7579 7
    endloop
  endfacet
  facet normal 0 0 -1
    outer loop
      vertex 42.1472 8.78484 7
      vertex 44.7274 15.5066 7
      vertex 53.8593 5.64658 7
    endloop
  endfacet
  facet normal 0 0 -1
    outer loop
      vertex 42.1472 8.78484 7
      vertex 35.2648 20.328 7
      vertex 44.7274 15.5066 7
    endloop
  endfacet
  facet normal 0 0 -1
    outer loop
      vertex 31.3434 14.2896 7
      vertex 35.2648 20.328 7
      vertex 42.1472 8.78484 7
    endloop
  endfacet
  facet normal 0 0 -1
    outer loop
      vertex 26.6089 18.1236 7
      vertex 35.2648 20.328 7
      vertex 31.3434 14.2896 7
    endloop
  endfacet
  facet normal -0 0 -1
    outer loop
      vertex 35.2648 20.328 7
      vertex 26.6089 18.1236 7
      vertex 27.0115 27.0115 7
    endloop
  endfacet
  facet normal 0 0 -1
    outer loop
      vertex 21.9203 21.9203 7
      vertex 26.6089 18.1236 7
      vertex 25.4558 16.9706 7
    endloop
  endfacet
  facet normal 0 0 -1
    outer loop
      vertex 26.6089 18.1236 7
      vertex 21.9203 21.9203 7
      vertex 27.0115 27.0115 7
    endloop
  endfacet
  facet normal 0 0 -1
    outer loop
      vertex 21.9203 21.9203 7
      vertex 20.328 35.2648 7
      vertex 27.0115 27.0115 7
    endloop
  endfacet
  facet normal 0 0 -1
    outer loop
      vertex 14.2896 31.3434 7
      vertex 20.328 35.2648 7
      vertex 21.9203 21.9203 7
    endloop
  endfacet
  facet normal -0 0 -1
    outer loop
      vertex 20.328 35.2648 7
      vertex 14.2896 31.3434 7
      vertex 15.5066 44.7274 7
    endloop
  endfacet
  facet normal 0 0 -1
    outer loop
      vertex 8.78484 42.1472 7
      vertex 15.5066 44.7274 7
      vertex 14.2896 31.3434 7
    endloop
  endfacet
  facet normal -0 0 -1
    outer loop
      vertex 15.5066 44.7274 7
      vertex 8.78484 42.1472 7
      vertex 12.7579 54.9856 7
    endloop
  endfacet
  facet normal 0 0 -1
    outer loop
      vertex 5.64658 53.8593 7
      vertex 12.7579 54.9856 7
      vertex 8.78484 42.1472 7
    endloop
  endfacet
  facet normal -0 0 -1
    outer loop
      vertex 12.7579 54.9856 7
      vertex 5.64658 53.8593 7
      vertex 12.2021 65.5912 7
    endloop
  endfacet
  facet normal 0 0 -1
    outer loop
      vertex 12.2021 65.5912 7
      vertex 6.90881 77.944 7
      vertex 11.2541 89.264 7
    endloop
  endfacet
  facet normal 0 0 -1
    outer loop
      vertex 5.01199 65.968 7
      vertex 12.2021 65.5912 7
      vertex 5.64658 53.8593 7
    endloop
  endfacet
  facet normal 0 0 -1
    outer loop
      vertex 12.2021 65.5912 7
      vertex 5.01199 65.968 7
      vertex 6.90881 77.944 7
    endloop
  endfacet
  facet normal 0 0 -1
    outer loop
      vertex 113.663 60.2738 7
      vertex 120.853 59.897 7
      vertex 118.956 47.921 7
    endloop
  endfacet
  facet normal 0 0 -1
    outer loop
      vertex 120.853 59.897 7
      vertex 113.663 60.2738 7
      vertex 120.218 72.0057 7
    endloop
  endfacet
  facet normal 0 0 -1
    outer loop
      vertex 112.002 49.7845 7
      vertex 118.956 47.921 7
      vertex 114.611 36.6011 7
    endloop
  endfacet
  facet normal 0 0 -1
    outer loop
      vertex 113.107 70.8794 7
      vertex 120.218 72.0057 7
      vertex 113.663 60.2738 7
    endloop
  endfacet
  facet normal -0 0 -1
    outer loop
      vertex 120.218 72.0057 7
      vertex 113.107 70.8794 7
      vertex 117.08 83.7178 7
    endloop
  endfacet
  facet normal 0 0 -1
    outer loop
      vertex 110.358 81.1376 7
      vertex 117.08 83.7178 7
      vertex 113.107 70.8794 7
    endloop
  endfacet
  facet normal -0 0 -1
    outer loop
      vertex 117.08 83.7178 7
      vertex 110.358 81.1376 7
      vertex 111.575 94.5216 7
    endloop
  endfacet
  facet normal 0 0 -1
    outer loop
      vertex 105.537 90.6002 7
      vertex 111.575 94.5216 7
      vertex 110.358 81.1376 7
    endloop
  endfacet
  facet normal 0 0 -1
    outer loop
      vertex 105.537 90.6002 7
      vertex 103.945 103.945 7
      vertex 111.575 94.5216 7
    endloop
  endfacet
  facet normal 0 0 -1
    outer loop
      vertex 98.8535 98.8535 7
      vertex 103.945 103.945 7
      vertex 105.537 90.6002 7
    endloop
  endfacet
  facet normal 0 -0 -1
    outer loop
      vertex 99.2561 107.741 7
      vertex 103.945 103.945 7
      vertex 98.8535 98.8535 7
    endloop
  endfacet
  facet normal 0 0 -1
    outer loop
      vertex 103.945 103.945 7
      vertex 99.2561 107.741 7
      vertex 100.409 108.894 7
    endloop
  endfacet
  facet normal 0 0 -1
    outer loop
      vertex 90.6002 105.537 7
      vertex 99.2561 107.741 7
      vertex 98.8535 98.8535 7
    endloop
  endfacet
  facet normal -0 0 -1
    outer loop
      vertex 99.2561 107.741 7
      vertex 90.6002 105.537 7
      vertex 94.5216 111.575 7
    endloop
  endfacet
  facet normal 0 0 -1
    outer loop
      vertex 90.6002 105.537 7
      vertex 83.7178 117.08 7
      vertex 94.5216 111.575 7
    endloop
  endfacet
  facet normal 0 0 -1
    outer loop
      vertex 81.1376 110.358 7
      vertex 83.7178 117.08 7
      vertex 90.6002 105.537 7
    endloop
  endfacet
  facet normal 0 0 -1
    outer loop
      vertex 81.1376 110.358 7
      vertex 72.0057 120.218 7
      vertex 83.7178 117.08 7
    endloop
  endfacet
  facet normal 0 0 -1
    outer loop
      vertex 70.8794 113.107 7
      vertex 72.0057 120.218 7
      vertex 81.1376 110.358 7
    endloop
  endfacet
  facet normal 0 0 -1
    outer loop
      vertex 60.2738 113.663 7
      vertex 72.0057 120.218 7
      vertex 70.8794 113.107 7
    endloop
  endfacet
  facet normal 0 0 -1
    outer loop
      vertex 60.2738 113.663 7
      vertex 59.897 120.853 7
      vertex 72.0057 120.218 7
    endloop
  endfacet
  facet normal 0 0 -1
    outer loop
      vertex 49.7845 112.002 7
      vertex 59.897 120.853 7
      vertex 60.2738 113.663 7
    endloop
  endfacet
  facet normal 0 0 -1
    outer loop
      vertex 49.7845 112.002 7
      vertex 47.921 118.956 7
      vertex 59.897 120.853 7
    endloop
  endfacet
  facet normal 0 0 -1
    outer loop
      vertex 39.8698 108.196 7
      vertex 47.921 118.956 7
      vertex 49.7845 112.002 7
    endloop
  endfacet
  facet normal 0 0 -1
    outer loop
      vertex 39.8698 108.196 7
      vertex 36.6011 114.611 7
      vertex 47.921 118.956 7
    endloop
  endfacet
  facet normal 0 0 -1
    outer loop
      vertex 30.963 102.412 7
      vertex 36.6011 114.611 7
      vertex 39.8698 108.196 7
    endloop
  endfacet
  facet normal 0 0 -1
    outer loop
      vertex 30.963 102.412 7
      vertex 26.4319 108.007 7
      vertex 36.6011 114.611 7
    endloop
  endfacet
  facet normal 0 0 -1
    outer loop
      vertex 22.145 103.72 7
      vertex 30.963 102.412 7
      vertex 23.4535 94.902 7
    endloop
  endfacet
  facet normal 0 0 -1
    outer loop
      vertex 30.963 102.412 7
      vertex 22.145 103.72 7
      vertex 26.4319 108.007 7
    endloop
  endfacet
  facet normal 0 0 -1
    outer loop
      vertex 17.9023 99.4774 7
      vertex 22.145 103.72 7
      vertex 23.4535 94.902 7
    endloop
  endfacet
  facet normal -0 0 -1
    outer loop
      vertex 22.145 103.72 7
      vertex 17.9023 99.4774 7
      vertex 21.2132 104.652 7
    endloop
  endfacet
  facet normal 0 0 -1
    outer loop
      vertex 23.4535 94.902 7
      vertex 17.858 99.4331 7
      vertex 17.9023 99.4774 7
    endloop
  endfacet
  facet normal 0 0 -1
    outer loop
      vertex 17.6694 85.9952 7
      vertex 17.858 99.4331 7
      vertex 23.4535 94.902 7
    endloop
  endfacet
  facet normal 0 0 -1
    outer loop
      vertex 11.2541 89.264 7
      vertex 17.6694 85.9952 7
      vertex 13.8635 76.0805 7
    endloop
  endfacet
  facet normal 0 0 -1
    outer loop
      vertex 17.6694 85.9952 7
      vertex 11.2541 89.264 7
      vertex 17.858 99.4331 7
    endloop
  endfacet
  facet normal 0 0 -1
    outer loop
      vertex 11.2541 89.264 7
      vertex 13.8635 76.0805 7
      vertex 12.2021 65.5912 7
    endloop
  endfacet
  facet normal 0 0 -1
    outer loop
      vertex 25.4558 16.9706 7
      vertex 21.2132 21.2132 7
      vertex 21.9203 21.9203 7
    endloop
  endfacet
  facet normal -0 0 -1
    outer loop
      vertex 104.652 104.652 7
      vertex 103.945 103.945 7
      vertex 100.409 108.894 7
    endloop
  endfacet
  facet normal 0 0 -1
    outer loop
      vertex 21.2132 104.652 7
      vertex 17.9023 99.4774 7
      vertex 16.9706 100.409 7
    endloop
  endfacet
  facet normal -0.25882 -0.965926 0
    outer loop
      vertex 42.1472 8.78484 7
      vertex 53.8593 5.64658 17
      vertex 42.1472 8.78484 17
    endloop
  endfacet
  facet normal -0.25882 -0.965926 -0
    outer loop
      vertex 53.8593 5.64658 17
      vertex 42.1472 8.78484 7
      vertex 53.8593 5.64658 7
    endloop
  endfacet
  facet normal -0.0523359 -0.99863 0
    outer loop
      vertex 53.8593 5.64658 7
      vertex 65.968 5.01199 17
      vertex 53.8593 5.64658 17
    endloop
  endfacet
  facet normal -0.0523359 -0.99863 -0
    outer loop
      vertex 65.968 5.01199 17
      vertex 53.8593 5.64658 7
      vertex 65.968 5.01199 7
    endloop
  endfacet
  facet normal 0.891 0.454003 0
    outer loop
      vertex 117.08 83.7178 17
      vertex 111.575 94.5216 7
      vertex 111.575 94.5216 17
    endloop
  endfacet
  facet normal 0.891 0.454003 0
    outer loop
      vertex 111.575 94.5216 7
      vertex 117.08 83.7178 17
      vertex 117.08 83.7178 7
    endloop
  endfacet
  facet normal -0.629328 -0.77714 0
    outer loop
      vertex 26.6089 18.1236 7
      vertex 31.3434 14.2896 17
      vertex 26.6089 18.1236 17
    endloop
  endfacet
  facet normal -0.629328 -0.77714 -0
    outer loop
      vertex 31.3434 14.2896 17
      vertex 26.6089 18.1236 7
      vertex 31.3434 14.2896 7
    endloop
  endfacet
  facet normal 0.777141 0.629327 0
    outer loop
      vertex 27.0115 27.0115 17
      vertex 20.328 35.2648 7
      vertex 20.328 35.2648 17
    endloop
  endfacet
  facet normal 0.777141 0.629327 0
    outer loop
      vertex 20.328 35.2648 7
      vertex 27.0115 27.0115 17
      vertex 27.0115 27.0115 7
    endloop
  endfacet
  facet normal -0.453958 -0.891023 0
    outer loop
      vertex 81.1376 110.358 7
      vertex 90.6002 105.537 17
      vertex 81.1376 110.358 17
    endloop
  endfacet
  facet normal -0.453958 -0.891023 -0
    outer loop
      vertex 90.6002 105.537 17
      vertex 81.1376 110.358 7
      vertex 90.6002 105.537 7
    endloop
  endfacet
  facet normal 0.54463 -0.838677 0
    outer loop
      vertex 30.963 102.412 7
      vertex 39.8698 108.196 17
      vertex 30.963 102.412 17
    endloop
  endfacet
  facet normal 0.54463 -0.838677 0
    outer loop
      vertex 39.8698 108.196 17
      vertex 30.963 102.412 7
      vertex 39.8698 108.196 7
    endloop
  endfacet
  facet normal 0.358376 -0.933577 0
    outer loop
      vertex 39.8698 108.196 7
      vertex 49.7845 112.002 17
      vertex 39.8698 108.196 17
    endloop
  endfacet
  facet normal 0.358376 -0.933577 0
    outer loop
      vertex 49.7845 112.002 17
      vertex 39.8698 108.196 7
      vertex 49.7845 112.002 7
    endloop
  endfacet
  facet normal 0.99863 0.0523345 0
    outer loop
      vertex 12.7579 54.9856 17
      vertex 12.2021 65.5912 7
      vertex 12.2021 65.5912 17
    endloop
  endfacet
  facet normal 0.99863 0.0523345 0
    outer loop
      vertex 12.2021 65.5912 7
      vertex 12.7579 54.9856 17
      vertex 12.7579 54.9856 7
    endloop
  endfacet
  facet normal -0.777141 -0.629327 0
    outer loop
      vertex 105.537 90.6002 7
      vertex 98.8535 98.8535 17
      vertex 98.8535 98.8535 7
    endloop
  endfacet
  facet normal -0.777141 -0.629327 0
    outer loop
      vertex 98.8535 98.8535 17
      vertex 105.537 90.6002 7
      vertex 105.537 90.6002 17
    endloop
  endfacet
  facet normal -0.629327 -0.777141 0
    outer loop
      vertex 90.6002 105.537 7
      vertex 98.8535 98.8535 17
      vertex 90.6002 105.537 17
    endloop
  endfacet
  facet normal -0.629327 -0.777141 -0
    outer loop
      vertex 98.8535 98.8535 17
      vertex 90.6002 105.537 7
      vertex 98.8535 98.8535 7
    endloop
  endfacet
  facet normal -0.15644 0.987687 0
    outer loop
      vertex 76.0805 13.8635 7
      vertex 65.5912 12.2021 17
      vertex 76.0805 13.8635 17
    endloop
  endfacet
  facet normal -0.15644 0.987687 0
    outer loop
      vertex 65.5912 12.2021 17
      vertex 76.0805 13.8635 7
      vertex 65.5912 12.2021 7
    endloop
  endfacet
  facet normal -0.965918 -0.258847 0
    outer loop
      vertex 113.107 70.8794 7
      vertex 110.358 81.1376 17
      vertex 110.358 81.1376 7
    endloop
  endfacet
  facet normal -0.965918 -0.258847 0
    outer loop
      vertex 110.358 81.1376 17
      vertex 113.107 70.8794 7
      vertex 113.107 70.8794 17
    endloop
  endfacet
  facet normal 0.453988 0.891008 -0
    outer loop
      vertex 44.7274 15.5066 7
      vertex 35.2648 20.328 17
      vertex 44.7274 15.5066 17
    endloop
  endfacet
  facet normal 0.453988 0.891008 0
    outer loop
      vertex 35.2648 20.328 17
      vertex 44.7274 15.5066 7
      vertex 35.2648 20.328 7
    endloop
  endfacet
  facet normal 0.838672 -0.544636 0
    outer loop
      vertex 17.6694 85.9952 17
      vertex 23.4535 94.902 7
      vertex 23.4535 94.902 17
    endloop
  endfacet
  facet normal 0.838672 -0.544636 0
    outer loop
      vertex 23.4535 94.902 7
      vertex 17.6694 85.9952 17
      vertex 17.6694 85.9952 7
    endloop
  endfacet
  facet normal -0.707083 0.70713 0
    outer loop
      vertex 94.902 23.4535 7
      vertex 102.412 30.963 17
      vertex 102.412 30.963 7
    endloop
  endfacet
  facet normal -0.707083 0.70713 0
    outer loop
      vertex 102.412 30.963 17
      vertex 94.902 23.4535 7
      vertex 94.902 23.4535 17
    endloop
  endfacet
  facet normal -0.838677 0.54463 0
    outer loop
      vertex 102.412 30.963 7
      vertex 108.196 39.8698 17
      vertex 108.196 39.8698 7
    endloop
  endfacet
  facet normal -0.838677 0.54463 0
    outer loop
      vertex 108.196 39.8698 17
      vertex 102.412 30.963 7
      vertex 102.412 30.963 17
    endloop
  endfacet
  facet normal -0.258847 -0.965918 0
    outer loop
      vertex 70.8794 113.107 7
      vertex 81.1376 110.358 17
      vertex 70.8794 113.107 17
    endloop
  endfacet
  facet normal -0.258847 -0.965918 -0
    outer loop
      vertex 81.1376 110.358 17
      vertex 70.8794 113.107 7
      vertex 81.1376 110.358 7
    endloop
  endfacet
  facet normal -0.987693 0.156403 0
    outer loop
      vertex 112.002 49.7845 7
      vertex 113.663 60.2738 17
      vertex 113.663 60.2738 7
    endloop
  endfacet
  facet normal -0.987693 0.156403 0
    outer loop
      vertex 113.663 60.2738 17
      vertex 112.002 49.7845 7
      vertex 112.002 49.7845 17
    endloop
  endfacet
  facet normal 0.987687 -0.15644 0
    outer loop
      vertex 12.2021 65.5912 17
      vertex 13.8635 76.0805 7
      vertex 13.8635 76.0805 17
    endloop
  endfacet
  facet normal 0.987687 -0.15644 0
    outer loop
      vertex 13.8635 76.0805 7
      vertex 12.2021 65.5912 17
      vertex 12.2021 65.5912 7
    endloop
  endfacet
  facet normal -0.933577 0.358376 0
    outer loop
      vertex 108.196 39.8698 7
      vertex 112.002 49.7845 17
      vertex 112.002 49.7845 7
    endloop
  endfacet
  facet normal -0.933577 0.358376 0
    outer loop
      vertex 112.002 49.7845 17
      vertex 108.196 39.8698 7
      vertex 108.196 39.8698 17
    endloop
  endfacet
  facet normal -0.998629 -0.0523532 0
    outer loop
      vertex 113.663 60.2738 7
      vertex 113.107 70.8794 17
      vertex 113.107 70.8794 7
    endloop
  endfacet
  facet normal -0.998629 -0.0523532 0
    outer loop
      vertex 113.107 70.8794 17
      vertex 113.663 60.2738 7
      vertex 113.663 60.2738 17
    endloop
  endfacet
  facet normal -0.0523532 -0.998629 0
    outer loop
      vertex 60.2738 113.663 7
      vertex 70.8794 113.107 17
      vertex 60.2738 113.663 17
    endloop
  endfacet
  facet normal -0.0523532 -0.998629 -0
    outer loop
      vertex 70.8794 113.107 17
      vertex 60.2738 113.663 7
      vertex 70.8794 113.107 7
    endloop
  endfacet
  facet normal -0.891023 -0.453958 0
    outer loop
      vertex 110.358 81.1376 7
      vertex 105.537 90.6002 17
      vertex 105.537 90.6002 7
    endloop
  endfacet
  facet normal -0.891023 -0.453958 0
    outer loop
      vertex 105.537 90.6002 17
      vertex 110.358 81.1376 7
      vertex 110.358 81.1376 17
    endloop
  endfacet
  facet normal -0.358368 0.93358 0
    outer loop
      vertex 85.9952 17.6694 7
      vertex 76.0805 13.8635 17
      vertex 85.9952 17.6694 17
    endloop
  endfacet
  facet normal -0.358368 0.93358 0
    outer loop
      vertex 76.0805 13.8635 17
      vertex 85.9952 17.6694 7
      vertex 76.0805 13.8635 7
    endloop
  endfacet
  facet normal 0.0523345 0.99863 -0
    outer loop
      vertex 65.5912 12.2021 7
      vertex 54.9856 12.7579 17
      vertex 65.5912 12.2021 17
    endloop
  endfacet
  facet normal 0.0523345 0.99863 0
    outer loop
      vertex 54.9856 12.7579 17
      vertex 65.5912 12.2021 7
      vertex 54.9856 12.7579 7
    endloop
  endfacet
  facet normal 0.156403 -0.987693 0
    outer loop
      vertex 49.7845 112.002 7
      vertex 60.2738 113.663 17
      vertex 49.7845 112.002 17
    endloop
  endfacet
  facet normal 0.156403 -0.987693 0
    outer loop
      vertex 60.2738 113.663 17
      vertex 49.7845 112.002 7
      vertex 60.2738 113.663 7
    endloop
  endfacet
  facet normal 0.258821 0.965925 -0
    outer loop
      vertex 54.9856 12.7579 7
      vertex 44.7274 15.5066 17
      vertex 54.9856 12.7579 17
    endloop
  endfacet
  facet normal 0.258821 0.965925 0
    outer loop
      vertex 44.7274 15.5066 17
      vertex 54.9856 12.7579 7
      vertex 44.7274 15.5066 7
    endloop
  endfacet
  facet normal -0.544636 0.838672 0
    outer loop
      vertex 94.902 23.4535 7
      vertex 85.9952 17.6694 17
      vertex 94.902 23.4535 17
    endloop
  endfacet
  facet normal -0.544636 0.838672 0
    outer loop
      vertex 85.9952 17.6694 17
      vertex 94.902 23.4535 7
      vertex 85.9952 17.6694 7
    endloop
  endfacet
  facet normal 0.93358 -0.358368 0
    outer loop
      vertex 13.8635 76.0805 17
      vertex 17.6694 85.9952 7
      vertex 17.6694 85.9952 17
    endloop
  endfacet
  facet normal 0.93358 -0.358368 0
    outer loop
      vertex 17.6694 85.9952 7
      vertex 13.8635 76.0805 17
      vertex 13.8635 76.0805 7
    endloop
  endfacet
  facet normal 0.891008 0.453988 0
    outer loop
      vertex 20.328 35.2648 17
      vertex 15.5066 44.7274 7
      vertex 15.5066 44.7274 17
    endloop
  endfacet
  facet normal 0.891008 0.453988 0
    outer loop
      vertex 15.5066 44.7274 7
      vertex 20.328 35.2648 17
      vertex 20.328 35.2648 7
    endloop
  endfacet
  facet normal 0.629327 0.777141 -0
    outer loop
      vertex 35.2648 20.328 7
      vertex 27.0115 27.0115 17
      vertex 35.2648 20.328 17
    endloop
  endfacet
  facet normal 0.629327 0.777141 0
    outer loop
      vertex 27.0115 27.0115 17
      vertex 35.2648 20.328 7
      vertex 27.0115 27.0115 7
    endloop
  endfacet
  facet normal 0.70713 -0.707083 0
    outer loop
      vertex 23.4535 94.902 7
      vertex 30.963 102.412 17
      vertex 23.4535 94.902 17
    endloop
  endfacet
  facet normal 0.70713 -0.707083 0
    outer loop
      vertex 30.963 102.412 17
      vertex 23.4535 94.902 7
      vertex 30.963 102.412 7
    endloop
  endfacet
  facet normal 0.965925 0.258821 0
    outer loop
      vertex 15.5066 44.7274 17
      vertex 12.7579 54.9856 7
      vertex 12.7579 54.9856 17
    endloop
  endfacet
  facet normal 0.965925 0.258821 0
    outer loop
      vertex 12.7579 54.9856 7
      vertex 15.5066 44.7274 17
      vertex 15.5066 44.7274 7
    endloop
  endfacet
  facet normal 0.707023 0.70719 0
    outer loop
      vertex 104.652 104.652 17
      vertex 100.409 108.894 7
      vertex 100.409 108.894 17
    endloop
  endfacet
  facet normal 0.707023 0.70719 0
    outer loop
      vertex 100.409 108.894 7
      vertex 104.652 104.652 17
      vertex 104.652 104.652 7
    endloop
  endfacet
  facet normal -0.707137 0.707076 0
    outer loop
      vertex 99.2561 107.741 7
      vertex 100.409 108.894 17
      vertex 100.409 108.894 7
    endloop
  endfacet
  facet normal -0.707137 0.707076 0
    outer loop
      vertex 100.409 108.894 17
      vertex 99.2561 107.741 7
      vertex 99.2561 107.741 17
    endloop
  endfacet
  facet normal 0.707107 -0.707107 0
    outer loop
      vertex 103.945 103.945 17
      vertex 104.652 104.652 7
      vertex 104.652 104.652 17
    endloop
  endfacet
  facet normal 0.707107 -0.707107 0
    outer loop
      vertex 104.652 104.652 7
      vertex 103.945 103.945 17
      vertex 103.945 103.945 7
    endloop
  endfacet
  facet normal -0.707069 -0.707145 0
    outer loop
      vertex 17.9023 99.4774 7
      vertex 16.9706 100.409 17
      vertex 16.9706 100.409 7
    endloop
  endfacet
  facet normal -0.707069 -0.707145 0
    outer loop
      vertex 16.9706 100.409 17
      vertex 17.9023 99.4774 7
      vertex 17.9023 99.4774 17
    endloop
  endfacet
  facet normal 0.707183 0.707031 0
    outer loop
      vertex 22.145 103.72 17
      vertex 21.2132 104.652 7
      vertex 21.2132 104.652 17
    endloop
  endfacet
  facet normal 0.707183 0.707031 0
    outer loop
      vertex 21.2132 104.652 7
      vertex 22.145 103.72 17
      vertex 22.145 103.72 7
    endloop
  endfacet
  facet normal -0.70714 0.707073 0
    outer loop
      vertex 21.2132 104.652 7
      vertex 16.9706 100.409 17
      vertex 21.2132 104.652 17
    endloop
  endfacet
  facet normal -0.70714 0.707073 0
    outer loop
      vertex 16.9706 100.409 17
      vertex 21.2132 104.652 7
      vertex 16.9706 100.409 7
    endloop
  endfacet
  facet normal -0.707107 -0.707107 0
    outer loop
      vertex 25.4558 16.9706 7
      vertex 21.2132 21.2132 17
      vertex 21.2132 21.2132 7
    endloop
  endfacet
  facet normal -0.707107 -0.707107 0
    outer loop
      vertex 21.2132 21.2132 17
      vertex 25.4558 16.9706 7
      vertex 25.4558 16.9706 17
    endloop
  endfacet
  facet normal 0.707076 -0.707137 0
    outer loop
      vertex 25.4558 16.9706 17
      vertex 26.6089 18.1236 7
      vertex 26.6089 18.1236 17
    endloop
  endfacet
  facet normal 0.707076 -0.707137 0
    outer loop
      vertex 26.6089 18.1236 7
      vertex 25.4558 16.9706 17
      vertex 25.4558 16.9706 7
    endloop
  endfacet
  facet normal -0.707107 0.707107 0
    outer loop
      vertex 21.2132 21.2132 7
      vertex 21.9203 21.9203 17
      vertex 21.9203 21.9203 7
    endloop
  endfacet
  facet normal -0.707107 0.707107 0
    outer loop
      vertex 21.9203 21.9203 17
      vertex 21.2132 21.2132 7
      vertex 21.2132 21.2132 17
    endloop
  endfacet
  facet normal 0.707157 -0.707057 0
    outer loop
      vertex 104.652 21.2132 7
      vertex 108.894 25.4558 17
      vertex 104.652 21.2132 17
    endloop
  endfacet
  facet normal 0.707157 -0.707057 0
    outer loop
      vertex 108.894 25.4558 17
      vertex 104.652 21.2132 7
      vertex 108.894 25.4558 7
    endloop
  endfacet
  facet normal -0.707031 -0.707183 0
    outer loop
      vertex 103.72 22.145 7
      vertex 104.652 21.2132 17
      vertex 103.72 22.145 17
    endloop
  endfacet
  facet normal -0.707031 -0.707183 -0
    outer loop
      vertex 104.652 21.2132 17
      vertex 103.72 22.145 7
      vertex 104.652 21.2132 7
    endloop
  endfacet
  facet normal 0.70741 0.706803 -0
    outer loop
      vertex 108.894 25.4558 7
      vertex 107.963 26.3876 17
      vertex 108.894 25.4558 17
    endloop
  endfacet
  facet normal 0.70741 0.706803 0
    outer loop
      vertex 107.963 26.3876 17
      vertex 108.894 25.4558 7
      vertex 107.963 26.3876 7
    endloop
  endfacet
  facet normal -0.891 -0.454004 0
    outer loop
      vertex -55.5646 63.6351 4
      vertex -55.8876 64.269 7
      vertex -55.8876 64.269 4
    endloop
  endfacet
  facet normal -0.891 -0.454004 0
    outer loop
      vertex -55.8876 64.269 7
      vertex -55.5646 63.6351 4
      vertex -55.5646 63.6351 7
    endloop
  endfacet
  facet normal 0.453961 0.891022 -0
    outer loop
      vertex -56.3339 61.451 4
      vertex -57.9051 62.2515 7
      vertex -56.3339 61.451 7
    endloop
  endfacet
  facet normal 0.453961 0.891022 0
    outer loop
      vertex -57.9051 62.2515 7
      vertex -56.3339 61.451 4
      vertex -57.9051 62.2515 4
    endloop
  endfacet
  facet normal 0.987685 -0.156458 0
    outer loop
      vertex -57.9051 62.2515 7
      vertex -57.6292 63.9932 4
      vertex -57.6292 63.9932 7
    endloop
  endfacet
  facet normal 0.987685 -0.156458 0
    outer loop
      vertex -57.6292 63.9932 4
      vertex -57.9051 62.2515 7
      vertex -57.9051 62.2515 4
    endloop
  endfacet
  facet normal -0.707107 0.707107 0
    outer loop
      vertex -56.3339 61.451 4
      vertex -55.6179 62.167 7
      vertex -55.6179 62.167 4
    endloop
  endfacet
  facet normal -0.707107 0.707107 0
    outer loop
      vertex -55.6179 62.167 7
      vertex -56.3339 61.451 4
      vertex -56.3339 61.451 7
    endloop
  endfacet
  facet normal 0.156312 -0.987708 0
    outer loop
      vertex -57.0188 64.0898 4
      vertex -57.6292 63.9932 7
      vertex -57.6292 63.9932 4
    endloop
  endfacet
  facet normal 0.156411 -0.987692 2.07489e-05
    outer loop
      vertex -57.6292 63.9932 7
      vertex -57.0188 64.0898 4
      vertex -55.8876 64.269 7
    endloop
  endfacet
  facet normal 0.156465 -0.987684 0
    outer loop
      vertex -55.8876 64.269 7
      vertex -57.0188 64.0898 4
      vertex -55.8876 64.269 4
    endloop
  endfacet
  facet normal -0.891022 -0.453961 0
    outer loop
      vertex -61.451 56.3339 4
      vertex -62.2515 57.9051 7
      vertex -62.2515 57.9051 4
    endloop
  endfacet
  facet normal -0.891022 -0.453961 0
    outer loop
      vertex -62.2515 57.9051 7
      vertex -61.451 56.3339 4
      vertex -61.451 56.3339 7
    endloop
  endfacet
  facet normal 0.454004 0.891 -0
    outer loop
      vertex -63.6351 55.5646 4
      vertex -64.269 55.8876 7
      vertex -63.6351 55.5646 7
    endloop
  endfacet
  facet normal 0.454004 0.891 0
    outer loop
      vertex -64.269 55.8876 7
      vertex -63.6351 55.5646 4
      vertex -64.269 55.8876 4
    endloop
  endfacet
  facet normal 0.987692 -0.156411 0
    outer loop
      vertex -64.269 55.8876 7
      vertex -63.9932 57.6292 4
      vertex -63.9932 57.6292 7
    endloop
  endfacet
  facet normal 0.987692 -0.156411 0
    outer loop
      vertex -63.9932 57.6292 4
      vertex -64.269 55.8876 7
      vertex -64.269 55.8876 4
    endloop
  endfacet
  facet normal -0.707107 0.707107 0
    outer loop
      vertex -61.451 56.3339 4
      vertex -62.167 55.6179 7
      vertex -61.451 56.3339 7
    endloop
  endfacet
  facet normal -0.707107 0.707107 0
    outer loop
      vertex -62.167 55.6179 7
      vertex -61.451 56.3339 4
      vertex -62.167 55.6179 4
    endloop
  endfacet
  facet normal 0.156458 -0.987685 0
    outer loop
      vertex -63.9932 57.6292 4
      vertex -62.2515 57.9051 7
      vertex -63.9932 57.6292 7
    endloop
  endfacet
  facet normal 0.156458 -0.987685 0
    outer loop
      vertex -62.2515 57.9051 7
      vertex -63.9932 57.6292 4
      vertex -62.2515 57.9051 4
    endloop
  endfacet
  facet normal -0.891016 -0.453972 0
    outer loop
      vertex -61.451 69.0618 4
      vertex -62.167 70.4671 7
      vertex -62.167 70.4671 4
    endloop
  endfacet
  facet normal -0.891016 -0.453972 0
    outer loop
      vertex -62.167 70.4671 7
      vertex -61.451 69.0618 4
      vertex -61.451 69.0618 7
    endloop
  endfacet
  facet normal 0.454029 0.890987 -0
    outer loop
      vertex -62.6979 67.8149 4
      vertex -64.269 68.6155 7
      vertex -62.6979 67.8149 7
    endloop
  endfacet
  facet normal 0.454029 0.890987 0
    outer loop
      vertex -64.269 68.6155 7
      vertex -62.6979 67.8149 4
      vertex -64.269 68.6155 4
    endloop
  endfacet
  facet normal 0.987692 -0.156411 0
    outer loop
      vertex -64.269 68.6155 7
      vertex -63.9932 70.3571 4
      vertex -63.9932 70.3571 7
    endloop
  endfacet
  facet normal 0.987692 -0.156411 0
    outer loop
      vertex -63.9932 70.3571 4
      vertex -64.269 68.6155 7
      vertex -64.269 68.6155 4
    endloop
  endfacet
  facet normal -0.707107 0.707107 0
    outer loop
      vertex -61.451 69.0618 4
      vertex -62.6979 67.8149 7
      vertex -61.451 69.0618 7
    endloop
  endfacet
  facet normal -0.707107 0.707107 0
    outer loop
      vertex -62.6979 67.8149 7
      vertex -61.451 69.0618 4
      vertex -62.6979 67.8149 4
    endloop
  endfacet
  facet normal 0.15643 -0.987689 0
    outer loop
      vertex -63.9932 70.3571 4
      vertex -63.6352 70.4138 7
      vertex -63.9932 70.3571 7
    endloop
  endfacet
  facet normal 0.15643 -0.987689 0
    outer loop
      vertex -63.6352 70.4138 7
      vertex -63.9932 70.3571 4
      vertex -63.6352 70.4138 4
    endloop
  endfacet
  facet normal -0.890987 -0.454029 0
    outer loop
      vertex -67.8149 62.6979 4
      vertex -68.6155 64.269 7
      vertex -68.6155 64.269 4
    endloop
  endfacet
  facet normal -0.890987 -0.454029 0
    outer loop
      vertex -68.6155 64.269 7
      vertex -67.8149 62.6979 4
      vertex -67.8149 62.6979 7
    endloop
  endfacet
  facet normal 0.453972 0.891016 -0
    outer loop
      vertex -69.0618 61.451 4
      vertex -70.4671 62.167 7
      vertex -69.0618 61.451 7
    endloop
  endfacet
  facet normal 0.453972 0.891016 0
    outer loop
      vertex -70.4671 62.167 7
      vertex -69.0618 61.451 4
      vertex -70.4671 62.167 4
    endloop
  endfacet
  facet normal 0.987689 -0.15643 0
    outer loop
      vertex -70.4138 63.6352 7
      vertex -70.3571 63.9932 4
      vertex -70.3571 63.9932 7
    endloop
  endfacet
  facet normal 0.987689 -0.15643 0
    outer loop
      vertex -70.3571 63.9932 4
      vertex -70.4138 63.6352 7
      vertex -70.4138 63.6352 4
    endloop
  endfacet
  facet normal -0.707107 0.707107 0
    outer loop
      vertex -69.0618 61.451 4
      vertex -67.8149 62.6979 7
      vertex -67.8149 62.6979 4
    endloop
  endfacet
  facet normal -0.707107 0.707107 0
    outer loop
      vertex -67.8149 62.6979 7
      vertex -69.0618 61.451 4
      vertex -69.0618 61.451 7
    endloop
  endfacet
  facet normal 0.156411 -0.987692 0
    outer loop
      vertex -70.3571 63.9932 4
      vertex -68.6155 64.269 7
      vertex -70.3571 63.9932 7
    endloop
  endfacet
  facet normal 0.156411 -0.987692 0
    outer loop
      vertex -68.6155 64.269 7
      vertex -70.3571 63.9932 4
      vertex -68.6155 64.269 4
    endloop
  endfacet
  facet normal -0.89101 -0.453984 0
    outer loop
      vertex -52.9657 62.6979 4
      vertex -53.7662 64.269 7
      vertex -53.7662 64.269 4
    endloop
  endfacet
  facet normal -0.89101 -0.453984 0
    outer loop
      vertex -53.7662 64.269 7
      vertex -52.9657 62.6979 4
      vertex -52.9657 62.6979 7
    endloop
  endfacet
  facet normal 0.453992 0.891006 0
    outer loop
      vertex -54.5537 61.6248 4
      vertex -54.2126 61.451 7
      vertex -54.2126 61.451 4
    endloop
  endfacet
  facet normal 0.453972 0.891016 2.86163e-06
    outer loop
      vertex -54.2126 61.451 7
      vertex -54.5537 61.6248 4
      vertex -55.6179 62.167 7
    endloop
  endfacet
  facet normal 0.453966 0.891019 0
    outer loop
      vertex -55.6179 62.167 7
      vertex -54.5537 61.6248 4
      vertex -55.6179 62.167 4
    endloop
  endfacet
  facet normal 0.987696 -0.156387 0
    outer loop
      vertex -55.5646 63.6351 7
      vertex -55.5079 63.9932 4
      vertex -55.5079 63.9932 7
    endloop
  endfacet
  facet normal 0.987696 -0.156387 0
    outer loop
      vertex -55.5079 63.9932 4
      vertex -55.5646 63.6351 7
      vertex -55.5646 63.6351 4
    endloop
  endfacet
  facet normal -0.707107 0.707107 0
    outer loop
      vertex -54.2126 61.451 4
      vertex -52.9657 62.6979 7
      vertex -52.9657 62.6979 4
    endloop
  endfacet
  facet normal -0.707107 0.707107 0
    outer loop
      vertex -52.9657 62.6979 7
      vertex -54.2126 61.451 4
      vertex -54.2126 61.451 7
    endloop
  endfacet
  facet normal 0.156402 -0.987693 0
    outer loop
      vertex -55.5079 63.9932 4
      vertex -53.7662 64.269 7
      vertex -55.5079 63.9932 7
    endloop
  endfacet
  facet normal 0.156402 -0.987693 0
    outer loop
      vertex -53.7662 64.269 7
      vertex -55.5079 63.9932 4
      vertex -53.7662 64.269 4
    endloop
  endfacet
  facet normal -0.891016 -0.453972 0
    outer loop
      vertex -61.451 54.2126 4
      vertex -62.167 55.6179 7
      vertex -62.167 55.6179 4
    endloop
  endfacet
  facet normal -0.891016 -0.453972 0
    outer loop
      vertex -62.167 55.6179 7
      vertex -61.451 54.2126 4
      vertex -61.451 54.2126 7
    endloop
  endfacet
  facet normal 0.453984 0.89101 -0
    outer loop
      vertex -62.6979 52.9657 4
      vertex -64.269 53.7662 7
      vertex -62.6979 52.9657 7
    endloop
  endfacet
  facet normal 0.453984 0.89101 0
    outer loop
      vertex -64.269 53.7662 7
      vertex -62.6979 52.9657 4
      vertex -64.269 53.7662 4
    endloop
  endfacet
  facet normal 0.987693 -0.156402 0
    outer loop
      vertex -64.269 53.7662 7
      vertex -63.9932 55.5079 4
      vertex -63.9932 55.5079 7
    endloop
  endfacet
  facet normal 0.987693 -0.156402 0
    outer loop
      vertex -63.9932 55.5079 4
      vertex -64.269 53.7662 7
      vertex -64.269 53.7662 4
    endloop
  endfacet
  facet normal -0.707107 0.707107 0
    outer loop
      vertex -61.451 54.2126 4
      vertex -62.6979 52.9657 7
      vertex -61.451 54.2126 7
    endloop
  endfacet
  facet normal -0.707107 0.707107 0
    outer loop
      vertex -62.6979 52.9657 7
      vertex -61.451 54.2126 4
      vertex -62.6979 52.9657 4
    endloop
  endfacet
  facet normal 0.156387 -0.987696 0
    outer loop
      vertex -63.9932 55.5079 4
      vertex -63.6351 55.5646 7
      vertex -63.9932 55.5079 7
    endloop
  endfacet
  facet normal 0.156387 -0.987696 0
    outer loop
      vertex -63.6351 55.5646 7
      vertex -63.9932 55.5079 4
      vertex -63.6351 55.5646 4
    endloop
  endfacet
  facet normal -0.891011 -0.453981 0
    outer loop
      vertex -61.6248 71.5243 4
      vertex -62.2515 72.7543 7
      vertex -62.2515 72.7543 4
    endloop
  endfacet
  facet normal -0.891059 -0.453887 -0
    outer loop
      vertex -61.451 71.1831 7
      vertex -61.6248 71.5243 4
      vertex -61.451 71.1831 4
    endloop
  endfacet
  facet normal -0.891022 -0.453961 -1.05934e-05
    outer loop
      vertex -61.6248 71.5243 4
      vertex -61.451 71.1831 7
      vertex -62.2515 72.7543 7
    endloop
  endfacet
  facet normal 0.453986 0.891009 0
    outer loop
      vertex -63.8348 70.5155 4
      vertex -63.6352 70.4138 7
      vertex -63.6352 70.4138 4
    endloop
  endfacet
  facet normal 0.454061 0.890971 -6.25095e-06
    outer loop
      vertex -63.6352 70.4138 7
      vertex -63.8348 70.5155 4
      vertex -64.269 70.7368 7
    endloop
  endfacet
  facet normal 0.454095 0.890953 0
    outer loop
      vertex -64.269 70.7368 7
      vertex -63.8348 70.5155 4
      vertex -64.269 70.7368 4
    endloop
  endfacet
  facet normal 0.987692 -0.156411 0
    outer loop
      vertex -64.269 70.7368 7
      vertex -63.9932 72.4784 4
      vertex -63.9932 72.4784 7
    endloop
  endfacet
  facet normal 0.987692 -0.156411 0
    outer loop
      vertex -63.9932 72.4784 4
      vertex -64.269 70.7368 7
      vertex -64.269 70.7368 4
    endloop
  endfacet
  facet normal -0.707107 0.707107 0
    outer loop
      vertex -62.167 70.4671 4
      vertex -61.451 71.1831 7
      vertex -61.451 71.1831 4
    endloop
  endfacet
  facet normal -0.707107 0.707107 0
    outer loop
      vertex -61.451 71.1831 7
      vertex -62.167 70.4671 4
      vertex -62.167 70.4671 7
    endloop
  endfacet
  facet normal 0.156458 -0.987685 0
    outer loop
      vertex -63.9932 72.4784 4
      vertex -62.2515 72.7543 7
      vertex -63.9932 72.4784 7
    endloop
  endfacet
  facet normal 0.156458 -0.987685 0
    outer loop
      vertex -62.2515 72.7543 7
      vertex -63.9932 72.4784 4
      vertex -62.2515 72.7543 4
    endloop
  endfacet
  facet normal -0.890953 -0.454095 0
    outer loop
      vertex -70.5155 63.8348 4
      vertex -70.7368 64.269 7
      vertex -70.7368 64.269 4
    endloop
  endfacet
  facet normal -0.891009 -0.453986 -0
    outer loop
      vertex -70.4138 63.6352 7
      vertex -70.5155 63.8348 4
      vertex -70.4138 63.6352 4
    endloop
  endfacet
  facet normal -0.890971 -0.454061 -6.25095e-06
    outer loop
      vertex -70.5155 63.8348 4
      vertex -70.4138 63.6352 7
      vertex -70.7368 64.269 7
    endloop
  endfacet
  facet normal 0.453887 0.891059 0
    outer loop
      vertex -71.5243 61.6248 4
      vertex -71.1831 61.451 7
      vertex -71.1831 61.451 4
    endloop
  endfacet
  facet normal 0.453961 0.891022 -1.05934e-05
    outer loop
      vertex -71.1831 61.451 7
      vertex -71.5243 61.6248 4
      vertex -72.7543 62.2515 7
    endloop
  endfacet
  facet normal 0.453981 0.891011 0
    outer loop
      vertex -72.7543 62.2515 7
      vertex -71.5243 61.6248 4
      vertex -72.7543 62.2515 4
    endloop
  endfacet
  facet normal 0.987685 -0.156458 0
    outer loop
      vertex -72.7543 62.2515 7
      vertex -72.4784 63.9932 4
      vertex -72.4784 63.9932 7
    endloop
  endfacet
  facet normal 0.987685 -0.156458 0
    outer loop
      vertex -72.4784 63.9932 4
      vertex -72.7543 62.2515 7
      vertex -72.7543 62.2515 4
    endloop
  endfacet
  facet normal -0.707107 0.707107 0
    outer loop
      vertex -71.1831 61.451 4
      vertex -70.4671 62.167 7
      vertex -70.4671 62.167 4
    endloop
  endfacet
  facet normal -0.707107 0.707107 0
    outer loop
      vertex -70.4671 62.167 7
      vertex -71.1831 61.451 4
      vertex -71.1831 61.451 7
    endloop
  endfacet
  facet normal 0.156411 -0.987692 0
    outer loop
      vertex -72.4784 63.9932 4
      vertex -70.7368 64.269 7
      vertex -72.4784 63.9932 7
    endloop
  endfacet
  facet normal 0.156411 -0.987692 0
    outer loop
      vertex -70.7368 64.269 7
      vertex -72.4784 63.9932 4
      vertex -70.7368 64.269 4
    endloop
  endfacet
  facet normal -0.707107 0.707107 0
    outer loop
      vertex -75.6604 62.9325 4
      vertex -62.9325 75.6604 7
      vertex -62.9325 75.6604 4
    endloop
  endfacet
  facet normal -0.707107 0.707107 0
    outer loop
      vertex -62.9325 75.6604 7
      vertex -75.6604 62.9325 4
      vertex -75.6604 62.9325 7
    endloop
  endfacet
  facet normal 0 0 -1
    outer loop
      vertex -55.5646 63.6351 7
      vertex -52.9657 62.6979 7
      vertex -54.2126 61.451 7
    endloop
  endfacet
  facet normal 0 0 -1
    outer loop
      vertex -52.9657 62.6979 7
      vertex -55.5646 63.6351 7
      vertex -53.7662 64.269 7
    endloop
  endfacet
  facet normal 0 0 -1
    outer loop
      vertex -53.7662 64.269 7
      vertex -55.5646 63.6351 7
      vertex -55.5079 63.9932 7
    endloop
  endfacet
  facet normal 0 0 -1
    outer loop
      vertex -55.6179 62.167 7
      vertex -55.5646 63.6351 7
      vertex -54.2126 61.451 7
    endloop
  endfacet
  facet normal 0 0 -1
    outer loop
      vertex -57.9051 62.2515 7
      vertex -55.5646 63.6351 7
      vertex -55.6179 62.167 7
    endloop
  endfacet
  facet normal 0 0 -1
    outer loop
      vertex -57.9051 62.2515 7
      vertex -55.6179 62.167 7
      vertex -56.3339 61.451 7
    endloop
  endfacet
  facet normal 0 0 -1
    outer loop
      vertex -55.5646 63.6351 7
      vertex -57.6292 63.9932 7
      vertex -55.8876 64.269 7
    endloop
  endfacet
  facet normal -0 0 -1
    outer loop
      vertex -55.5646 63.6351 7
      vertex -57.9051 62.2515 7
      vertex -57.6292 63.9932 7
    endloop
  endfacet
  facet normal 0 0 -1
    outer loop
      vertex -64.269 53.7662 7
      vertex -63.6351 55.5646 7
      vertex -62.6979 52.9657 7
    endloop
  endfacet
  facet normal 0 0 -1
    outer loop
      vertex -63.6351 55.5646 7
      vertex -64.269 53.7662 7
      vertex -63.9932 55.5079 7
    endloop
  endfacet
  facet normal 0 0 -1
    outer loop
      vertex -62.6979 52.9657 7
      vertex -62.167 55.6179 7
      vertex -61.451 54.2126 7
    endloop
  endfacet
  facet normal 0 0 -1
    outer loop
      vertex -63.6351 55.5646 7
      vertex -62.167 55.6179 7
      vertex -62.6979 52.9657 7
    endloop
  endfacet
  facet normal -0 0 -1
    outer loop
      vertex -62.167 55.6179 7
      vertex -63.6351 55.5646 7
      vertex -62.2515 57.9051 7
    endloop
  endfacet
  facet normal 0 0 -1
    outer loop
      vertex -63.6351 55.5646 7
      vertex -63.9932 57.6292 7
      vertex -62.2515 57.9051 7
    endloop
  endfacet
  facet normal 0 -0 -1
    outer loop
      vertex -63.9932 57.6292 7
      vertex -63.6351 55.5646 7
      vertex -64.269 55.8876 7
    endloop
  endfacet
  facet normal -0 0 -1
    outer loop
      vertex -61.451 56.3339 7
      vertex -62.167 55.6179 7
      vertex -62.2515 57.9051 7
    endloop
  endfacet
  facet normal 0 0 -1
    outer loop
      vertex -70.4138 63.6352 7
      vertex -67.8149 62.6979 7
      vertex -69.0618 61.451 7
    endloop
  endfacet
  facet normal 0 0 -1
    outer loop
      vertex -67.8149 62.6979 7
      vertex -70.4138 63.6352 7
      vertex -68.6155 64.269 7
    endloop
  endfacet
  facet normal 0 0 -1
    outer loop
      vertex -68.6155 64.269 7
      vertex -70.4138 63.6352 7
      vertex -70.3571 63.9932 7
    endloop
  endfacet
  facet normal 0 0 -1
    outer loop
      vertex -70.4671 62.167 7
      vertex -70.4138 63.6352 7
      vertex -69.0618 61.451 7
    endloop
  endfacet
  facet normal 0 0 -1
    outer loop
      vertex -72.7543 62.2515 7
      vertex -70.4138 63.6352 7
      vertex -70.4671 62.167 7
    endloop
  endfacet
  facet normal 0 0 -1
    outer loop
      vertex -72.7543 62.2515 7
      vertex -70.4671 62.167 7
      vertex -71.1831 61.451 7
    endloop
  endfacet
  facet normal 0 0 -1
    outer loop
      vertex -70.4138 63.6352 7
      vertex -72.4784 63.9932 7
      vertex -70.7368 64.269 7
    endloop
  endfacet
  facet normal -0 0 -1
    outer loop
      vertex -70.4138 63.6352 7
      vertex -72.7543 62.2515 7
      vertex -72.4784 63.9932 7
    endloop
  endfacet
  facet normal 0 0 -1
    outer loop
      vertex -64.269 68.6155 7
      vertex -63.6352 70.4138 7
      vertex -62.6979 67.8149 7
    endloop
  endfacet
  facet normal 0 0 -1
    outer loop
      vertex -63.6352 70.4138 7
      vertex -64.269 68.6155 7
      vertex -63.9932 70.3571 7
    endloop
  endfacet
  facet normal 0 0 -1
    outer loop
      vertex -62.6979 67.8149 7
      vertex -62.167 70.4671 7
      vertex -61.451 69.0618 7
    endloop
  endfacet
  facet normal 0 0 -1
    outer loop
      vertex -63.6352 70.4138 7
      vertex -62.167 70.4671 7
      vertex -62.6979 67.8149 7
    endloop
  endfacet
  facet normal -0 0 -1
    outer loop
      vertex -62.167 70.4671 7
      vertex -63.6352 70.4138 7
      vertex -62.2515 72.7543 7
    endloop
  endfacet
  facet normal 0 0 -1
    outer loop
      vertex -63.6352 70.4138 7
      vertex -63.9932 72.4784 7
      vertex -62.2515 72.7543 7
    endloop
  endfacet
  facet normal 0 -0 -1
    outer loop
      vertex -63.9932 72.4784 7
      vertex -63.6352 70.4138 7
      vertex -64.269 70.7368 7
    endloop
  endfacet
  facet normal -0 0 -1
    outer loop
      vertex -61.451 71.1831 7
      vertex -62.167 70.4671 7
      vertex -62.2515 72.7543 7
    endloop
  endfacet
  facet normal 0 0 -1
    outer loop
      vertex -62.9325 45.9619 7
      vertex -62.4271 48.2366 7
      vertex -61.4023 47.4921 7
    endloop
  endfacet
  facet normal 0 0 -1
    outer loop
      vertex -62.9325 45.9619 7
      vertex -63 50 7
      vertex -62.4271 48.2366 7
    endloop
  endfacet
  facet normal 0 0 -1
    outer loop
      vertex -79.9031 62.9325 7
      vertex -63 50 7
      vertex -62.9325 45.9619 7
    endloop
  endfacet
  facet normal 0 0 -1
    outer loop
      vertex -63 50 7
      vertex -79.9031 62.9325 7
      vertex -75.6604 62.9325 7
    endloop
  endfacet
  facet normal -0 0 -1
    outer loop
      vertex -62.9333 50.2054 7
      vertex -63 50 7
      vertex -75.6604 62.9325 7
    endloop
  endfacet
  facet normal 0 0 -1
    outer loop
      vertex -57.4646 51.4299 7
      vertex -50.2046 62.9325 7
      vertex -45.9619 62.9325 7
    endloop
  endfacet
  facet normal 0 0 -1
    outer loop
      vertex -57.5729 51.7634 7
      vertex -50.2046 62.9325 7
      vertex -57.4646 51.4299 7
    endloop
  endfacet
  facet normal 0 0 -1
    outer loop
      vertex -59.0729 52.8532 7
      vertex -50.2046 62.9325 7
      vertex -57.5729 51.7634 7
    endloop
  endfacet
  facet normal 0 0 -1
    outer loop
      vertex -50.2046 62.9325 7
      vertex -59.0729 52.8532 7
      vertex -60.2839 52.8532 7
    endloop
  endfacet
  facet normal 0 0 -1
    outer loop
      vertex -62.9325 75.6604 7
      vertex -45.9619 62.9325 7
      vertex -50.2046 62.9325 7
    endloop
  endfacet
  facet normal 0 0 -1
    outer loop
      vertex -62.9325 75.6604 7
      vertex -62.9325 79.9031 7
      vertex -45.9619 62.9325 7
    endloop
  endfacet
  facet normal 0 0 -1
    outer loop
      vertex -75.6604 62.9325 7
      vertex -62.9325 79.9031 7
      vertex -62.9325 75.6604 7
    endloop
  endfacet
  facet normal 0 0 -1
    outer loop
      vertex -62.9325 79.9031 7
      vertex -75.6604 62.9325 7
      vertex -79.9031 62.9325 7
    endloop
  endfacet
  facet normal 0.707107 -0.707107 0
    outer loop
      vertex -50.2046 62.9325 7
      vertex -53.033 60.1041 4
      vertex -50.2046 62.9325 4
    endloop
  endfacet
  facet normal 0.707107 -0.707107 -9.96953e-16
    outer loop
      vertex -60.2839 52.8532 7
      vertex -53.033 60.1041 4
      vertex -50.2046 62.9325 7
    endloop
  endfacet
  facet normal 0.707107 -0.707107 0
    outer loop
      vertex -53.033 60.1041 4
      vertex -60.2839 52.8532 7
      vertex -60.2839 52.8532 4
    endloop
  endfacet
  facet normal -0.707107 -0.707107 0
    outer loop
      vertex -68.4 55.6721 4
      vertex -75.6604 62.9325 7
      vertex -75.6604 62.9325 4
    endloop
  endfacet
  facet normal -0.707107 -0.707107 -0
    outer loop
      vertex -62.9333 50.2054 7
      vertex -68.4 55.6721 4
      vertex -62.9333 50.2054 4
    endloop
  endfacet
  facet normal -0.707107 -0.707107 6.57952e-16
    outer loop
      vertex -68.4 55.6721 4
      vertex -62.9333 50.2054 7
      vertex -75.6604 62.9325 7
    endloop
  endfacet
  facet normal 0.707107 0.707107 0
    outer loop
      vertex -50.2046 62.9325 7
      vertex -62.9325 75.6604 4
      vertex -62.9325 75.6604 7
    endloop
  endfacet
  facet normal 0.707107 0.707107 0
    outer loop
      vertex -62.9325 75.6604 4
      vertex -50.2046 62.9325 7
      vertex -50.2046 62.9325 4
    endloop
  endfacet
  facet normal -0.891007 0.453989 0
    outer loop
      vertex -73.6687 67.0537 10
      vertex -72.5772 69.1959 24
      vertex -72.5772 69.1959 10
    endloop
  endfacet
  facet normal -0.891007 0.453989 0
    outer loop
      vertex -72.5772 69.1959 24
      vertex -73.6687 67.0537 10
      vertex -73.6687 67.0537 24
    endloop
  endfacet
  facet normal -0.77713 0.629341 0
    outer loop
      vertex -72.5772 69.1959 10
      vertex -71.0642 71.0642 24
      vertex -71.0642 71.0642 10
    endloop
  endfacet
  facet normal -0.77713 0.629341 0
    outer loop
      vertex -71.0642 71.0642 24
      vertex -72.5772 69.1959 10
      vertex -72.5772 69.1959 24
    endloop
  endfacet
  facet normal -0.453989 0.891007 0
    outer loop
      vertex -67.0537 73.6687 10
      vertex -69.1959 72.5772 24
      vertex -67.0537 73.6687 24
    endloop
  endfacet
  facet normal -0.453989 0.891007 0
    outer loop
      vertex -69.1959 72.5772 24
      vertex -67.0537 73.6687 10
      vertex -69.1959 72.5772 10
    endloop
  endfacet
  facet normal -0.933592 -0.358338 0
    outer loop
      vertex -73.1791 57.7116 10
      vertex -74.0406 59.9561 24
      vertex -74.0406 59.9561 10
    endloop
  endfacet
  facet normal -0.933592 -0.358338 0
    outer loop
      vertex -74.0406 59.9561 24
      vertex -73.1791 57.7116 10
      vertex -73.1791 57.7116 24
    endloop
  endfacet
  facet normal -0.156441 -0.987687 0
    outer loop
      vertex -65.9089 51.8244 10
      vertex -63.5344 51.4483 24
      vertex -65.9089 51.8244 24
    endloop
  endfacet
  facet normal -0.156441 -0.987687 -0
    outer loop
      vertex -63.5344 51.4483 24
      vertex -65.9089 51.8244 10
      vertex -63.5344 51.4483 10
    endloop
  endfacet
  facet normal -0.358338 -0.933592 0
    outer loop
      vertex -68.1534 52.6859 10
      vertex -65.9089 51.8244 24
      vertex -68.1534 52.6859 24
    endloop
  endfacet
  facet normal -0.358338 -0.933592 -0
    outer loop
      vertex -65.9089 51.8244 24
      vertex -68.1534 52.6859 10
      vertex -65.9089 51.8244 10
    endloop
  endfacet
  facet normal 0.156441 0.987687 -0
    outer loop
      vertex -59.9561 74.0406 10
      vertex -62.3306 74.4167 24
      vertex -59.9561 74.0406 24
    endloop
  endfacet
  facet normal 0.156441 0.987687 0
    outer loop
      vertex -62.3306 74.4167 24
      vertex -59.9561 74.0406 10
      vertex -62.3306 74.4167 10
    endloop
  endfacet
  facet normal 0.965929 -0.258807 0
    outer loop
      vertex -52.1963 58.8113 24
      vertex -51.5741 61.1335 10
      vertex -51.5741 61.1335 24
    endloop
  endfacet
  facet normal 0.965929 -0.258807 0
    outer loop
      vertex -51.5741 61.1335 10
      vertex -52.1963 58.8113 24
      vertex -52.1963 58.8113 10
    endloop
  endfacet
  facet normal 0.358338 0.933592 -0
    outer loop
      vertex -57.7116 73.1791 10
      vertex -59.9561 74.0406 24
      vertex -57.7116 73.1791 24
    endloop
  endfacet
  facet normal 0.358338 0.933592 0
    outer loop
      vertex -59.9561 74.0406 24
      vertex -57.7116 73.1791 10
      vertex -59.9561 74.0406 10
    endloop
  endfacet
  facet normal 0.544639 0.838671 -0
    outer loop
      vertex -55.6953 71.8697 10
      vertex -57.7116 73.1791 24
      vertex -55.6953 71.8697 24
    endloop
  endfacet
  facet normal 0.544639 0.838671 0
    outer loop
      vertex -57.7116 73.1791 24
      vertex -55.6953 71.8697 10
      vertex -57.7116 73.1791 10
    endloop
  endfacet
  facet normal -0.987687 -0.156441 0
    outer loop
      vertex -74.0406 59.9561 10
      vertex -74.4167 62.3306 24
      vertex -74.4167 62.3306 10
    endloop
  endfacet
  facet normal -0.987687 -0.156441 0
    outer loop
      vertex -74.4167 62.3306 24
      vertex -74.0406 59.9561 10
      vertex -74.0406 59.9561 24
    endloop
  endfacet
  facet normal 0.454007 -0.890998 0
    outer loop
      vertex -58.4337 52.3887 10
      vertex -56.6692 53.2878 24
      vertex -58.4337 52.3887 24
    endloop
  endfacet
  facet normal 0.454007 -0.890998 0
    outer loop
      vertex -56.6692 53.2878 24
      vertex -58.4337 52.3887 10
      vertex -56.6692 53.2878 10
    endloop
  endfacet
  facet normal -0.629341 0.77713 0
    outer loop
      vertex -69.1959 72.5772 10
      vertex -71.0642 71.0642 24
      vertex -69.1959 72.5772 24
    endloop
  endfacet
  facet normal -0.629341 0.77713 0
    outer loop
      vertex -71.0642 71.0642 24
      vertex -69.1959 72.5772 10
      vertex -71.0642 71.0642 10
    endloop
  endfacet
  facet normal 0.0522564 -0.998634 0
    outer loop
      vertex -63.5344 51.4483 10
      vertex -62.512 51.5018 24
      vertex -63.5344 51.4483 24
    endloop
  endfacet
  facet normal 0.0522564 -0.998634 0
    outer loop
      vertex -62.512 51.5018 24
      vertex -63.5344 51.4483 10
      vertex -62.512 51.5018 10
    endloop
  endfacet
  facet normal -0.707107 -0.707107 0
    outer loop
      vertex -71.8697 55.6953 10
      vertex -70.1697 53.9953 24
      vertex -71.8697 55.6953 24
    endloop
  endfacet
  facet normal -0.707107 -0.707107 -0
    outer loop
      vertex -70.1697 53.9953 24
      vertex -71.8697 55.6953 10
      vertex -70.1697 53.9953 10
    endloop
  endfacet
  facet normal -0.258807 0.965929 0
    outer loop
      vertex -64.7315 74.2909 10
      vertex -67.0537 73.6687 24
      vertex -64.7315 74.2909 24
    endloop
  endfacet
  facet normal -0.258807 0.965929 0
    outer loop
      vertex -67.0537 73.6687 24
      vertex -64.7315 74.2909 10
      vertex -67.0537 73.6687 10
    endloop
  endfacet
  facet normal -0.544639 -0.838671 0
    outer loop
      vertex -70.1697 53.9953 10
      vertex -68.1534 52.6859 24
      vertex -70.1697 53.9953 24
    endloop
  endfacet
  facet normal -0.544639 -0.838671 -0
    outer loop
      vertex -68.1534 52.6859 24
      vertex -70.1697 53.9953 10
      vertex -68.1534 52.6859 10
    endloop
  endfacet
  facet normal -0.0523252 0.99863 0
    outer loop
      vertex -62.3306 74.4167 10
      vertex -64.7315 74.2909 24
      vertex -62.3306 74.4167 24
    endloop
  endfacet
  facet normal -0.0523252 0.99863 0
    outer loop
      vertex -64.7315 74.2909 24
      vertex -62.3306 74.4167 10
      vertex -64.7315 74.2909 10
    endloop
  endfacet
  facet normal 0.933592 0.358338 0
    outer loop
      vertex -51.8244 65.9089 24
      vertex -52.6859 68.1534 10
      vertex -52.6859 68.1534 24
    endloop
  endfacet
  facet normal 0.933592 0.358338 0
    outer loop
      vertex -52.6859 68.1534 10
      vertex -51.8244 65.9089 24
      vertex -51.8244 65.9089 10
    endloop
  endfacet
  facet normal 0.987687 0.156441 0
    outer loop
      vertex -51.4483 63.5344 24
      vertex -51.8244 65.9089 10
      vertex -51.8244 65.9089 24
    endloop
  endfacet
  facet normal 0.987687 0.156441 0
    outer loop
      vertex -51.8244 65.9089 10
      vertex -51.4483 63.5344 24
      vertex -51.4483 63.5344 10
    endloop
  endfacet
  facet normal -0.99863 0.0523252 0
    outer loop
      vertex -74.4167 62.3306 10
      vertex -74.2909 64.7315 24
      vertex -74.2909 64.7315 10
    endloop
  endfacet
  facet normal -0.99863 0.0523252 0
    outer loop
      vertex -74.2909 64.7315 24
      vertex -74.4167 62.3306 10
      vertex -74.4167 62.3306 24
    endloop
  endfacet
  facet normal 0.62932 -0.777146 0
    outer loop
      vertex -56.6692 53.2878 10
      vertex -54.8008 54.8008 24
      vertex -56.6692 53.2878 24
    endloop
  endfacet
  facet normal 0.62932 -0.777146 0
    outer loop
      vertex -54.8008 54.8008 24
      vertex -56.6692 53.2878 10
      vertex -54.8008 54.8008 10
    endloop
  endfacet
  facet normal 0.707107 0.707107 0
    outer loop
      vertex -53.9953 70.1697 24
      vertex -55.6953 71.8697 10
      vertex -55.6953 71.8697 24
    endloop
  endfacet
  facet normal 0.707107 0.707107 0
    outer loop
      vertex -55.6953 71.8697 10
      vertex -53.9953 70.1697 24
      vertex -53.9953 70.1697 10
    endloop
  endfacet
  facet normal -0.965929 0.258807 0
    outer loop
      vertex -74.2909 64.7315 10
      vertex -73.6687 67.0537 24
      vertex -73.6687 67.0537 10
    endloop
  endfacet
  facet normal -0.965929 0.258807 0
    outer loop
      vertex -73.6687 67.0537 24
      vertex -74.2909 64.7315 10
      vertex -74.2909 64.7315 24
    endloop
  endfacet
  facet normal 0.838671 0.544639 0
    outer loop
      vertex -52.6859 68.1534 24
      vertex -53.9953 70.1697 10
      vertex -53.9953 70.1697 24
    endloop
  endfacet
  facet normal 0.838671 0.544639 0
    outer loop
      vertex -53.9953 70.1697 10
      vertex -52.6859 68.1534 24
      vertex -52.6859 68.1534 10
    endloop
  endfacet
  facet normal 0.890999 -0.454006 0
    outer loop
      vertex -53.2878 56.6692 24
      vertex -52.1963 58.8113 10
      vertex -52.1963 58.8113 24
    endloop
  endfacet
  facet normal 0.890999 -0.454006 0
    outer loop
      vertex -52.1963 58.8113 10
      vertex -53.2878 56.6692 24
      vertex -53.2878 56.6692 10
    endloop
  endfacet
  facet normal 0.99863 -0.0523252 0
    outer loop
      vertex -51.5741 61.1335 24
      vertex -51.4483 63.5344 10
      vertex -51.4483 63.5344 24
    endloop
  endfacet
  facet normal 0.99863 -0.0523252 0
    outer loop
      vertex -51.4483 63.5344 10
      vertex -51.5741 61.1335 24
      vertex -51.5741 61.1335 10
    endloop
  endfacet
  facet normal -0.838671 -0.544639 0
    outer loop
      vertex -71.8697 55.6953 10
      vertex -73.1791 57.7116 24
      vertex -73.1791 57.7116 10
    endloop
  endfacet
  facet normal -0.838671 -0.544639 0
    outer loop
      vertex -73.1791 57.7116 24
      vertex -71.8697 55.6953 10
      vertex -71.8697 55.6953 24
    endloop
  endfacet
  facet normal 0 0 1
    outer loop
      vertex -52.6859 68.1534 24
      vertex -61.1647 64.7003 24
      vertex -60.4325 62.9325 24
    endloop
  endfacet
  facet normal 0 0 1
    outer loop
      vertex -62.9325 65.4325 24
      vertex -59.9561 74.0406 24
      vertex -62.3306 74.4167 24
    endloop
  endfacet
  facet normal 0 0 1
    outer loop
      vertex -57.7116 73.1791 24
      vertex -62.9325 65.4325 24
      vertex -61.1647 64.7003 24
    endloop
  endfacet
  facet normal -0 0 1
    outer loop
      vertex -64.7315 74.2909 24
      vertex -62.9325 65.4325 24
      vertex -62.3306 74.4167 24
    endloop
  endfacet
  facet normal -0 0 1
    outer loop
      vertex -67.0537 73.6687 24
      vertex -62.9325 65.4325 24
      vertex -64.7315 74.2909 24
    endloop
  endfacet
  facet normal 0 0 1
    outer loop
      vertex -62.9325 65.4325 24
      vertex -67.0537 73.6687 24
      vertex -64.7003 64.7003 24
    endloop
  endfacet
  facet normal -0 0 1
    outer loop
      vertex -69.1959 72.5772 24
      vertex -64.7003 64.7003 24
      vertex -67.0537 73.6687 24
    endloop
  endfacet
  facet normal -0 0 1
    outer loop
      vertex -71.0642 71.0642 24
      vertex -64.7003 64.7003 24
      vertex -69.1959 72.5772 24
    endloop
  endfacet
  facet normal 0 0 1
    outer loop
      vertex -65.4325 62.9325 24
      vertex -68.1534 52.6859 24
      vertex -65.9089 51.8244 24
    endloop
  endfacet
  facet normal -0 0 1
    outer loop
      vertex -72.5772 69.1959 24
      vertex -64.7003 64.7003 24
      vertex -71.0642 71.0642 24
    endloop
  endfacet
  facet normal 0 0 1
    outer loop
      vertex -65.4325 62.9325 24
      vertex -70.1697 53.9953 24
      vertex -68.1534 52.6859 24
    endloop
  endfacet
  facet normal -0 0 1
    outer loop
      vertex -73.6687 67.0537 24
      vertex -64.7003 64.7003 24
      vertex -72.5772 69.1959 24
    endloop
  endfacet
  facet normal 0 0 1
    outer loop
      vertex -65.4325 62.9325 24
      vertex -71.8697 55.6953 24
      vertex -70.1697 53.9953 24
    endloop
  endfacet
  facet normal 0 0 1
    outer loop
      vertex -64.7003 64.7003 24
      vertex -73.6687 67.0537 24
      vertex -65.4325 62.9325 24
    endloop
  endfacet
  facet normal 0 0 1
    outer loop
      vertex -65.4325 62.9325 24
      vertex -73.1791 57.7116 24
      vertex -71.8697 55.6953 24
    endloop
  endfacet
  facet normal -0 0 1
    outer loop
      vertex -74.2909 64.7315 24
      vertex -65.4325 62.9325 24
      vertex -73.6687 67.0537 24
    endloop
  endfacet
  facet normal 0 0 1
    outer loop
      vertex -65.4325 62.9325 24
      vertex -74.0406 59.9561 24
      vertex -73.1791 57.7116 24
    endloop
  endfacet
  facet normal 0 0 1
    outer loop
      vertex -74.4167 62.3306 24
      vertex -65.4325 62.9325 24
      vertex -74.2909 64.7315 24
    endloop
  endfacet
  facet normal 0 0 1
    outer loop
      vertex -65.4325 62.9325 24
      vertex -74.4167 62.3306 24
      vertex -74.0406 59.9561 24
    endloop
  endfacet
  facet normal 0 0 1
    outer loop
      vertex -60.4325 62.9325 24
      vertex -51.4483 63.5344 24
      vertex -51.8244 65.9089 24
    endloop
  endfacet
  facet normal 0 0 1
    outer loop
      vertex -51.4483 63.5344 24
      vertex -60.4325 62.9325 24
      vertex -51.5741 61.1335 24
    endloop
  endfacet
  facet normal 0 0 1
    outer loop
      vertex -60.4325 62.9325 24
      vertex -51.8244 65.9089 24
      vertex -52.6859 68.1534 24
    endloop
  endfacet
  facet normal 0 0 1
    outer loop
      vertex -51.5741 61.1335 24
      vertex -60.4325 62.9325 24
      vertex -52.1963 58.8113 24
    endloop
  endfacet
  facet normal 0 0 1
    outer loop
      vertex -61.1647 64.7003 24
      vertex -52.6859 68.1534 24
      vertex -53.9953 70.1697 24
    endloop
  endfacet
  facet normal -0 0 1
    outer loop
      vertex -61.1647 61.1647 24
      vertex -52.1963 58.8113 24
      vertex -60.4325 62.9325 24
    endloop
  endfacet
  facet normal 0 0 1
    outer loop
      vertex -61.1647 64.7003 24
      vertex -53.9953 70.1697 24
      vertex -55.6953 71.8697 24
    endloop
  endfacet
  facet normal 0 0 1
    outer loop
      vertex -52.1963 58.8113 24
      vertex -61.1647 61.1647 24
      vertex -53.2878 56.6692 24
    endloop
  endfacet
  facet normal 0 0 1
    outer loop
      vertex -61.1647 64.7003 24
      vertex -55.6953 71.8697 24
      vertex -57.7116 73.1791 24
    endloop
  endfacet
  facet normal 0 0 1
    outer loop
      vertex -53.2878 56.6692 24
      vertex -61.1647 61.1647 24
      vertex -54.8008 54.8008 24
    endloop
  endfacet
  facet normal 0 0 1
    outer loop
      vertex -54.8008 54.8008 24
      vertex -61.1647 61.1647 24
      vertex -56.6692 53.2878 24
    endloop
  endfacet
  facet normal 0 0 1
    outer loop
      vertex -62.9325 65.4325 24
      vertex -57.7116 73.1791 24
      vertex -59.9561 74.0406 24
    endloop
  endfacet
  facet normal 0 -0 1
    outer loop
      vertex -59.0729 52.8532 24
      vertex -56.6692 53.2878 24
      vertex -61.1647 61.1647 24
    endloop
  endfacet
  facet normal 0 0 1
    outer loop
      vertex -56.6692 53.2878 24
      vertex -59.0729 52.8532 24
      vertex -58.4337 52.3887 24
    endloop
  endfacet
  facet normal 0 0 1
    outer loop
      vertex -59.0729 52.8532 24
      vertex -61.1647 61.1647 24
      vertex -60.9271 52.8532 24
    endloop
  endfacet
  facet normal -0 0 1
    outer loop
      vertex -62.9325 60.4325 24
      vertex -60.9271 52.8532 24
      vertex -61.1647 61.1647 24
    endloop
  endfacet
  facet normal 0 0 1
    outer loop
      vertex -65.9089 51.8244 24
      vertex -60.9271 52.8532 24
      vertex -62.9325 60.4325 24
    endloop
  endfacet
  facet normal 0 0 1
    outer loop
      vertex -60.9271 52.8532 24
      vertex -65.9089 51.8244 24
      vertex -62.4271 51.7634 24
    endloop
  endfacet
  facet normal 0 0 1
    outer loop
      vertex -62.4271 51.7634 24
      vertex -63.5344 51.4483 24
      vertex -62.512 51.5018 24
    endloop
  endfacet
  facet normal 0 0 1
    outer loop
      vertex -65.9089 51.8244 24
      vertex -62.9325 60.4325 24
      vertex -64.7003 61.1647 24
    endloop
  endfacet
  facet normal 0 0 1
    outer loop
      vertex -65.9089 51.8244 24
      vertex -64.7003 61.1647 24
      vertex -65.4325 62.9325 24
    endloop
  endfacet
  facet normal 0 0 1
    outer loop
      vertex -62.4271 51.7634 24
      vertex -65.9089 51.8244 24
      vertex -63.5344 51.4483 24
    endloop
  endfacet
  facet normal 0.777146 -0.62932 0
    outer loop
      vertex -54.8008 54.8008 24
      vertex -53.2878 56.6692 10
      vertex -53.2878 56.6692 24
    endloop
  endfacet
  facet normal 0.777146 -0.62932 0
    outer loop
      vertex -53.2878 56.6692 10
      vertex -54.8008 54.8008 24
      vertex -54.8008 54.8008 10
    endloop
  endfacet
  facet normal 0.923888 -0.382663 0
    outer loop
      vertex -61.1647 61.1647 29
      vertex -60.4325 62.9325 24
      vertex -60.4325 62.9325 29
    endloop
  endfacet
  facet normal 0.923888 -0.382663 0
    outer loop
      vertex -60.4325 62.9325 24
      vertex -61.1647 61.1647 29
      vertex -61.1647 61.1647 24
    endloop
  endfacet
  facet normal -0.923888 -0.382663 0
    outer loop
      vertex -64.7003 61.1647 24
      vertex -65.4325 62.9325 29
      vertex -65.4325 62.9325 24
    endloop
  endfacet
  facet normal -0.923888 -0.382663 0
    outer loop
      vertex -65.4325 62.9325 29
      vertex -64.7003 61.1647 24
      vertex -64.7003 61.1647 29
    endloop
  endfacet
  facet normal -0.923888 0.382663 0
    outer loop
      vertex -65.4325 62.9325 24
      vertex -64.7003 64.7003 29
      vertex -64.7003 64.7003 24
    endloop
  endfacet
  facet normal -0.923888 0.382663 0
    outer loop
      vertex -64.7003 64.7003 29
      vertex -65.4325 62.9325 24
      vertex -65.4325 62.9325 29
    endloop
  endfacet
  facet normal -0.382663 0.923888 0
    outer loop
      vertex -62.9325 65.4325 24
      vertex -64.7003 64.7003 29
      vertex -62.9325 65.4325 29
    endloop
  endfacet
  facet normal -0.382663 0.923888 0
    outer loop
      vertex -64.7003 64.7003 29
      vertex -62.9325 65.4325 24
      vertex -64.7003 64.7003 24
    endloop
  endfacet
  facet normal 0.923888 0.382663 0
    outer loop
      vertex -60.4325 62.9325 29
      vertex -61.1647 64.7003 24
      vertex -61.1647 64.7003 29
    endloop
  endfacet
  facet normal 0.923888 0.382663 0
    outer loop
      vertex -61.1647 64.7003 24
      vertex -60.4325 62.9325 29
      vertex -60.4325 62.9325 24
    endloop
  endfacet
  facet normal 0.382663 -0.923888 0
    outer loop
      vertex -62.9325 60.4325 24
      vertex -61.1647 61.1647 29
      vertex -62.9325 60.4325 29
    endloop
  endfacet
  facet normal 0.382663 -0.923888 0
    outer loop
      vertex -61.1647 61.1647 29
      vertex -62.9325 60.4325 24
      vertex -61.1647 61.1647 24
    endloop
  endfacet
  facet normal 0.382663 0.923888 -0
    outer loop
      vertex -61.1647 64.7003 24
      vertex -62.9325 65.4325 29
      vertex -61.1647 64.7003 29
    endloop
  endfacet
  facet normal 0.382663 0.923888 0
    outer loop
      vertex -62.9325 65.4325 29
      vertex -61.1647 64.7003 24
      vertex -62.9325 65.4325 24
    endloop
  endfacet
  facet normal 0 0 1
    outer loop
      vertex -58.3131 64.8459 34
      vertex -58.3131 61.0191 34
      vertex -57.9325 62.9325 34
    endloop
  endfacet
  facet normal 0 0 1
    outer loop
      vertex -59.397 66.468 34
      vertex -58.3131 61.0191 34
      vertex -58.3131 64.8459 34
    endloop
  endfacet
  facet normal 0 0 1
    outer loop
      vertex -59.397 66.468 34
      vertex -59.397 59.397 34
      vertex -58.3131 61.0191 34
    endloop
  endfacet
  facet normal 0 0 1
    outer loop
      vertex -61.0191 67.5519 34
      vertex -59.397 59.397 34
      vertex -59.397 66.468 34
    endloop
  endfacet
  facet normal 0 0 1
    outer loop
      vertex -61.0191 67.5519 34
      vertex -61.0191 58.3131 34
      vertex -59.397 59.397 34
    endloop
  endfacet
  facet normal 0 0 1
    outer loop
      vertex -62.9325 67.9325 34
      vertex -61.0191 58.3131 34
      vertex -61.0191 67.5519 34
    endloop
  endfacet
  facet normal 0 0 1
    outer loop
      vertex -62.9325 67.9325 34
      vertex -62.9325 57.9325 34
      vertex -61.0191 58.3131 34
    endloop
  endfacet
  facet normal -0 0 1
    outer loop
      vertex -64.8459 67.5519 34
      vertex -62.9325 57.9325 34
      vertex -62.9325 67.9325 34
    endloop
  endfacet
  facet normal 0 0 1
    outer loop
      vertex -64.8459 67.5519 34
      vertex -64.8459 58.3131 34
      vertex -62.9325 57.9325 34
    endloop
  endfacet
  facet normal -0 0 1
    outer loop
      vertex -66.468 66.468 34
      vertex -64.8459 58.3131 34
      vertex -64.8459 67.5519 34
    endloop
  endfacet
  facet normal 0 0 1
    outer loop
      vertex -66.468 66.468 34
      vertex -66.468 59.397 34
      vertex -64.8459 58.3131 34
    endloop
  endfacet
  facet normal -0 0 1
    outer loop
      vertex -67.5519 64.8459 34
      vertex -66.468 59.397 34
      vertex -66.468 66.468 34
    endloop
  endfacet
  facet normal 0 0 1
    outer loop
      vertex -67.5519 64.8459 34
      vertex -67.5519 61.0191 34
      vertex -66.468 59.397 34
    endloop
  endfacet
  facet normal 0 -0 1
    outer loop
      vertex -67.5519 61.0191 34
      vertex -67.5519 64.8459 34
      vertex -67.9325 62.9325 34
    endloop
  endfacet
  facet normal -0.382663 -0.923888 0
    outer loop
      vertex -64.7003 61.1647 24
      vertex -62.9325 60.4325 29
      vertex -64.7003 61.1647 29
    endloop
  endfacet
  facet normal -0.382663 -0.923888 -0
    outer loop
      vertex -62.9325 60.4325 29
      vertex -64.7003 61.1647 24
      vertex -62.9325 60.4325 24
    endloop
  endfacet
  facet normal -0.707107 0.707107 0
    outer loop
      vertex -79.9031 62.9325 7
      vertex -62.9325 79.9031 10
      vertex -62.9325 79.9031 7
    endloop
  endfacet
  facet normal -0.707107 0.707107 0
    outer loop
      vertex -62.9325 79.9031 10
      vertex -79.9031 62.9325 7
      vertex -79.9031 62.9325 10
    endloop
  endfacet
  facet normal 0 0 1
    outer loop
      vertex -45.9619 62.9325 10
      vertex -51.8244 65.9089 10
      vertex -51.4483 63.5344 10
    endloop
  endfacet
  facet normal 0 0 1
    outer loop
      vertex -45.9619 62.9325 10
      vertex -52.6859 68.1534 10
      vertex -51.8244 65.9089 10
    endloop
  endfacet
  facet normal 0 0 1
    outer loop
      vertex -45.9619 62.9325 10
      vertex -53.9953 70.1697 10
      vertex -52.6859 68.1534 10
    endloop
  endfacet
  facet normal 0 0 1
    outer loop
      vertex -45.9619 62.9325 10
      vertex -55.6953 71.8697 10
      vertex -53.9953 70.1697 10
    endloop
  endfacet
  facet normal 0 0 1
    outer loop
      vertex -62.9325 79.9031 10
      vertex -55.6953 71.8697 10
      vertex -45.9619 62.9325 10
    endloop
  endfacet
  facet normal 0 0 1
    outer loop
      vertex -62.9325 79.9031 10
      vertex -57.7116 73.1791 10
      vertex -55.6953 71.8697 10
    endloop
  endfacet
  facet normal 0 0 1
    outer loop
      vertex -62.9325 79.9031 10
      vertex -59.9561 74.0406 10
      vertex -57.7116 73.1791 10
    endloop
  endfacet
  facet normal 0 0 1
    outer loop
      vertex -62.9325 79.9031 10
      vertex -62.3306 74.4167 10
      vertex -59.9561 74.0406 10
    endloop
  endfacet
  facet normal 0 0 1
    outer loop
      vertex -62.9325 79.9031 10
      vertex -64.7315 74.2909 10
      vertex -62.3306 74.4167 10
    endloop
  endfacet
  facet normal 0 0 1
    outer loop
      vertex -62.9325 79.9031 10
      vertex -67.0537 73.6687 10
      vertex -64.7315 74.2909 10
    endloop
  endfacet
  facet normal 0 0 1
    outer loop
      vertex -62.9325 79.9031 10
      vertex -69.1959 72.5772 10
      vertex -67.0537 73.6687 10
    endloop
  endfacet
  facet normal 0 0 1
    outer loop
      vertex -62.9325 79.9031 10
      vertex -71.0642 71.0642 10
      vertex -69.1959 72.5772 10
    endloop
  endfacet
  facet normal 0 0 1
    outer loop
      vertex -74.2909 64.7315 10
      vertex -79.9031 62.9325 10
      vertex -74.4167 62.3306 10
    endloop
  endfacet
  facet normal 0 0 1
    outer loop
      vertex -73.6687 67.0537 10
      vertex -79.9031 62.9325 10
      vertex -74.2909 64.7315 10
    endloop
  endfacet
  facet normal 0 0 1
    outer loop
      vertex -72.5772 69.1959 10
      vertex -79.9031 62.9325 10
      vertex -73.6687 67.0537 10
    endloop
  endfacet
  facet normal 0 0 1
    outer loop
      vertex -71.0642 71.0642 10
      vertex -79.9031 62.9325 10
      vertex -72.5772 69.1959 10
    endloop
  endfacet
  facet normal 0 0 1
    outer loop
      vertex -79.9031 62.9325 10
      vertex -71.0642 71.0642 10
      vertex -62.9325 79.9031 10
    endloop
  endfacet
  facet normal 0 0 1
    outer loop
      vertex -51.5741 61.1335 10
      vertex -45.9619 62.9325 10
      vertex -51.4483 63.5344 10
    endloop
  endfacet
  facet normal 0 0 1
    outer loop
      vertex -52.1963 58.8113 10
      vertex -45.9619 62.9325 10
      vertex -51.5741 61.1335 10
    endloop
  endfacet
  facet normal 0 0 1
    outer loop
      vertex -53.2878 56.6692 10
      vertex -45.9619 62.9325 10
      vertex -52.1963 58.8113 10
    endloop
  endfacet
  facet normal 0 0 1
    outer loop
      vertex -54.8008 54.8008 10
      vertex -45.9619 62.9325 10
      vertex -53.2878 56.6692 10
    endloop
  endfacet
  facet normal -0 0 1
    outer loop
      vertex -54.8008 54.8008 10
      vertex -57.4646 51.4299 10
      vertex -45.9619 62.9325 10
    endloop
  endfacet
  facet normal -0 0 1
    outer loop
      vertex -56.6692 53.2878 10
      vertex -57.4646 51.4299 10
      vertex -54.8008 54.8008 10
    endloop
  endfacet
  facet normal 0 0 1
    outer loop
      vertex -56.6692 53.2878 10
      vertex -57.5729 51.7634 10
      vertex -57.4646 51.4299 10
    endloop
  endfacet
  facet normal 0 -0 1
    outer loop
      vertex -57.5729 51.7634 10
      vertex -56.6692 53.2878 10
      vertex -58.4337 52.3887 10
    endloop
  endfacet
  facet normal 0 0 1
    outer loop
      vertex -62.512 51.5018 10
      vertex -63.5344 51.4483 10
      vertex -63 50 10
    endloop
  endfacet
  facet normal 0 0 1
    outer loop
      vertex -62.4271 48.2366 10
      vertex -62.9325 45.9619 10
      vertex -61.4023 47.4921 10
    endloop
  endfacet
  facet normal 0 0 1
    outer loop
      vertex -63 50 10
      vertex -62.9325 45.9619 10
      vertex -62.4271 48.2366 10
    endloop
  endfacet
  facet normal 0 0 1
    outer loop
      vertex -65.9089 51.8244 10
      vertex -63 50 10
      vertex -63.5344 51.4483 10
    endloop
  endfacet
  facet normal 0 0 1
    outer loop
      vertex -63 50 10
      vertex -65.9089 51.8244 10
      vertex -62.9325 45.9619 10
    endloop
  endfacet
  facet normal 0 0 1
    outer loop
      vertex -68.1534 52.6859 10
      vertex -62.9325 45.9619 10
      vertex -65.9089 51.8244 10
    endloop
  endfacet
  facet normal 0 0 1
    outer loop
      vertex -70.1697 53.9953 10
      vertex -62.9325 45.9619 10
      vertex -68.1534 52.6859 10
    endloop
  endfacet
  facet normal 0 0 1
    outer loop
      vertex -71.8697 55.6953 10
      vertex -62.9325 45.9619 10
      vertex -70.1697 53.9953 10
    endloop
  endfacet
  facet normal 0 0 1
    outer loop
      vertex -71.8697 55.6953 10
      vertex -79.9031 62.9325 10
      vertex -62.9325 45.9619 10
    endloop
  endfacet
  facet normal 0 0 1
    outer loop
      vertex -73.1791 57.7116 10
      vertex -79.9031 62.9325 10
      vertex -71.8697 55.6953 10
    endloop
  endfacet
  facet normal 0 0 1
    outer loop
      vertex -74.0406 59.9561 10
      vertex -79.9031 62.9325 10
      vertex -73.1791 57.7116 10
    endloop
  endfacet
  facet normal 0 0 1
    outer loop
      vertex -79.9031 62.9325 10
      vertex -74.0406 59.9561 10
      vertex -74.4167 62.3306 10
    endloop
  endfacet
  facet normal 0.707107 -0.707107 0
    outer loop
      vertex -62.9325 45.9619 10
      vertex -61.4023 47.4921 7
      vertex -61.4023 47.4921 10
    endloop
  endfacet
  facet normal 0.707107 -0.707107 0
    outer loop
      vertex -61.4023 47.4921 7
      vertex -62.9325 45.9619 10
      vertex -62.9325 45.9619 7
    endloop
  endfacet
  facet normal 0.707104 -0.70711 0
    outer loop
      vertex -57.4646 51.4299 10
      vertex -45.9619 62.9325 7
      vertex -45.9619 62.9325 10
    endloop
  endfacet
  facet normal 0.707104 -0.70711 0
    outer loop
      vertex -45.9619 62.9325 7
      vertex -57.4646 51.4299 10
      vertex -57.4646 51.4299 7
    endloop
  endfacet
  facet normal -0.707107 -0.707107 0
    outer loop
      vertex -79.9031 62.9325 7
      vertex -62.9325 45.9619 10
      vertex -79.9031 62.9325 10
    endloop
  endfacet
  facet normal -0.707107 -0.707107 -0
    outer loop
      vertex -62.9325 45.9619 10
      vertex -79.9031 62.9325 7
      vertex -62.9325 45.9619 7
    endloop
  endfacet
  facet normal 0.707107 0.707107 0
    outer loop
      vertex -45.9619 62.9325 10
      vertex -62.9325 79.9031 7
      vertex -62.9325 79.9031 10
    endloop
  endfacet
  facet normal 0.707107 0.707107 0
    outer loop
      vertex -62.9325 79.9031 7
      vertex -45.9619 62.9325 10
      vertex -45.9619 62.9325 7
    endloop
  endfacet
  facet normal -0.891023 0.453958 0
    outer loop
      vertex -110.358 81.1376 29
      vertex -105.537 90.6002 30
      vertex -105.537 90.6002 29
    endloop
  endfacet
  facet normal -0.891023 0.453958 0
    outer loop
      vertex -105.537 90.6002 30
      vertex -110.358 81.1376 29
      vertex -110.358 81.1376 30
    endloop
  endfacet
  facet normal -0.777141 0.629327 0
    outer loop
      vertex -105.537 90.6002 29
      vertex -98.8535 98.8535 30
      vertex -98.8535 98.8535 29
    endloop
  endfacet
  facet normal -0.777141 0.629327 0
    outer loop
      vertex -98.8535 98.8535 30
      vertex -105.537 90.6002 29
      vertex -105.537 90.6002 30
    endloop
  endfacet
  facet normal -0.453958 0.891023 0
    outer loop
      vertex -81.1376 110.358 29
      vertex -90.6002 105.537 30
      vertex -81.1376 110.358 30
    endloop
  endfacet
  facet normal -0.453958 0.891023 0
    outer loop
      vertex -90.6002 105.537 30
      vertex -81.1376 110.358 29
      vertex -90.6002 105.537 29
    endloop
  endfacet
  facet normal -0.707083 -0.70713 0
    outer loop
      vertex -94.902 23.4535 29
      vertex -102.412 30.963 30
      vertex -102.412 30.963 29
    endloop
  endfacet
  facet normal -0.707083 -0.70713 0
    outer loop
      vertex -102.412 30.963 30
      vertex -94.902 23.4535 29
      vertex -94.902 23.4535 30
    endloop
  endfacet
  facet normal 0 0 -1
    outer loop
      vertex -76.0805 13.8635 29
      vertex -68.4 57.4 29
      vertex -68.4 12.647 29
    endloop
  endfacet
  facet normal 0 0 -1
    outer loop
      vertex -68.4 57.4 29
      vertex -76.0805 13.8635 29
      vertex -85.9952 17.6694 29
    endloop
  endfacet
  facet normal 0 0 -1
    outer loop
      vertex -68.4 57.4 29
      vertex -81.1376 110.358 29
      vertex -70.8794 113.107 29
    endloop
  endfacet
  facet normal 0 0 -1
    outer loop
      vertex -68.4 57.4 29
      vertex -85.9952 17.6694 29
      vertex -94.902 23.4535 29
    endloop
  endfacet
  facet normal 0 0 -1
    outer loop
      vertex -68.4 57.4 29
      vertex -90.6002 105.537 29
      vertex -81.1376 110.358 29
    endloop
  endfacet
  facet normal 0 0 -1
    outer loop
      vertex -102.412 30.963 29
      vertex -68.4 57.4 29
      vertex -94.902 23.4535 29
    endloop
  endfacet
  facet normal 0 0 -1
    outer loop
      vertex -68.4 57.4 29
      vertex -98.8535 98.8535 29
      vertex -90.6002 105.537 29
    endloop
  endfacet
  facet normal 0 0 -1
    outer loop
      vertex -108.196 39.8698 29
      vertex -68.4 57.4 29
      vertex -102.412 30.963 29
    endloop
  endfacet
  facet normal 0 0 -1
    outer loop
      vertex -68.4 57.4 29
      vertex -105.537 90.6002 29
      vertex -98.8535 98.8535 29
    endloop
  endfacet
  facet normal 0 0 -1
    outer loop
      vertex -112.002 49.7845 29
      vertex -68.4 57.4 29
      vertex -108.196 39.8698 29
    endloop
  endfacet
  facet normal 0 0 -1
    outer loop
      vertex -68.4 57.4 29
      vertex -110.358 81.1376 29
      vertex -105.537 90.6002 29
    endloop
  endfacet
  facet normal 0 0 -1
    outer loop
      vertex -113.663 60.2738 29
      vertex -68.4 57.4 29
      vertex -112.002 49.7845 29
    endloop
  endfacet
  facet normal 0 0 -1
    outer loop
      vertex -68.4 57.4 29
      vertex -113.107 70.8794 29
      vertex -110.358 81.1376 29
    endloop
  endfacet
  facet normal 0 0 -1
    outer loop
      vertex -68.4 57.4 29
      vertex -113.663 60.2738 29
      vertex -113.107 70.8794 29
    endloop
  endfacet
  facet normal 0 0 -1
    outer loop
      vertex -60.4325 62.9325 29
      vertex -12.2021 65.5912 29
      vertex -12.6314 57.4 29
    endloop
  endfacet
  facet normal -0 0 -1
    outer loop
      vertex -12.2021 65.5912 29
      vertex -60.4325 62.9325 29
      vertex -13.8635 76.0805 29
    endloop
  endfacet
  facet normal -0 0 -1
    outer loop
      vertex -13.8635 76.0805 29
      vertex -60.4325 62.9325 29
      vertex -17.6694 85.9952 29
    endloop
  endfacet
  facet normal 0 0 -1
    outer loop
      vertex -61.1647 64.7003 29
      vertex -17.6694 85.9952 29
      vertex -60.4325 62.9325 29
    endloop
  endfacet
  facet normal -0 0 -1
    outer loop
      vertex -23.4535 94.902 29
      vertex -61.1647 64.7003 29
      vertex -30.963 102.412 29
    endloop
  endfacet
  facet normal -0 0 -1
    outer loop
      vertex -30.963 102.412 29
      vertex -61.1647 64.7003 29
      vertex -39.8698 108.196 29
    endloop
  endfacet
  facet normal 0 0 -1
    outer loop
      vertex -62.9325 65.4325 29
      vertex -39.8698 108.196 29
      vertex -61.1647 64.7003 29
    endloop
  endfacet
  facet normal -0 0 -1
    outer loop
      vertex -17.6694 85.9952 29
      vertex -61.1647 64.7003 29
      vertex -23.4535 94.902 29
    endloop
  endfacet
  facet normal 0 0 -1
    outer loop
      vertex -12.6314 57.4 29
      vertex -61.1647 61.1647 29
      vertex -60.4325 62.9325 29
    endloop
  endfacet
  facet normal 0 0 -1
    outer loop
      vertex -68.4 57.4 29
      vertex -61.1647 61.1647 29
      vertex -12.6314 57.4 29
    endloop
  endfacet
  facet normal -0 0 -1
    outer loop
      vertex -64.7003 61.1647 29
      vertex -68.4 57.4 29
      vertex -65.4325 62.9325 29
    endloop
  endfacet
  facet normal -0 0 -1
    outer loop
      vertex -62.9325 60.4325 29
      vertex -68.4 57.4 29
      vertex -64.7003 61.1647 29
    endloop
  endfacet
  facet normal 0 0 -1
    outer loop
      vertex -61.1647 61.1647 29
      vertex -68.4 57.4 29
      vertex -62.9325 60.4325 29
    endloop
  endfacet
  facet normal -0 0 -1
    outer loop
      vertex -39.8698 108.196 29
      vertex -62.9325 65.4325 29
      vertex -49.7845 112.002 29
    endloop
  endfacet
  facet normal -0 0 -1
    outer loop
      vertex -49.7845 112.002 29
      vertex -62.9325 65.4325 29
      vertex -60.2738 113.663 29
    endloop
  endfacet
  facet normal 0 0 -1
    outer loop
      vertex -70.8794 113.107 29
      vertex -62.9325 65.4325 29
      vertex -64.7003 64.7003 29
    endloop
  endfacet
  facet normal 0 0 -1
    outer loop
      vertex -68.4 57.4 29
      vertex -64.7003 64.7003 29
      vertex -65.4325 62.9325 29
    endloop
  endfacet
  facet normal -0 0 -1
    outer loop
      vertex -64.7003 64.7003 29
      vertex -68.4 57.4 29
      vertex -70.8794 113.107 29
    endloop
  endfacet
  facet normal 0 0 -1
    outer loop
      vertex -62.9325 65.4325 29
      vertex -70.8794 113.107 29
      vertex -60.2738 113.663 29
    endloop
  endfacet
  facet normal -0.156438 -0.987688 0
    outer loop
      vertex -76.0805 13.8635 29
      vertex -68.4 12.647 30
      vertex -76.0805 13.8635 30
    endloop
  endfacet
  facet normal -0.156438 -0.987688 -0
    outer loop
      vertex -68.4 12.647 30
      vertex -76.0805 13.8635 29
      vertex -68.4 12.647 29
    endloop
  endfacet
  facet normal -0.358368 -0.93358 0
    outer loop
      vertex -85.9952 17.6694 29
      vertex -76.0805 13.8635 30
      vertex -85.9952 17.6694 30
    endloop
  endfacet
  facet normal -0.358368 -0.93358 -0
    outer loop
      vertex -76.0805 13.8635 30
      vertex -85.9952 17.6694 29
      vertex -76.0805 13.8635 29
    endloop
  endfacet
  facet normal -0.838677 -0.54463 0
    outer loop
      vertex -102.412 30.963 29
      vertex -108.196 39.8698 30
      vertex -108.196 39.8698 29
    endloop
  endfacet
  facet normal -0.838677 -0.54463 0
    outer loop
      vertex -108.196 39.8698 30
      vertex -102.412 30.963 29
      vertex -102.412 30.963 30
    endloop
  endfacet
  facet normal 0.54463 0.838677 -0
    outer loop
      vertex -30.963 102.412 29
      vertex -39.8698 108.196 30
      vertex -30.963 102.412 30
    endloop
  endfacet
  facet normal 0.54463 0.838677 0
    outer loop
      vertex -39.8698 108.196 30
      vertex -30.963 102.412 29
      vertex -39.8698 108.196 29
    endloop
  endfacet
  facet normal 0.156403 0.987693 -0
    outer loop
      vertex -49.7845 112.002 29
      vertex -60.2738 113.663 30
      vertex -49.7845 112.002 30
    endloop
  endfacet
  facet normal 0.156403 0.987693 0
    outer loop
      vertex -60.2738 113.663 30
      vertex -49.7845 112.002 29
      vertex -60.2738 113.663 29
    endloop
  endfacet
  facet normal -0.987693 -0.156403 0
    outer loop
      vertex -112.002 49.7845 29
      vertex -113.663 60.2738 30
      vertex -113.663 60.2738 29
    endloop
  endfacet
  facet normal -0.987693 -0.156403 0
    outer loop
      vertex -113.663 60.2738 30
      vertex -112.002 49.7845 29
      vertex -112.002 49.7845 30
    endloop
  endfacet
  facet normal -0.933577 -0.358376 0
    outer loop
      vertex -108.196 39.8698 29
      vertex -112.002 49.7845 30
      vertex -112.002 49.7845 29
    endloop
  endfacet
  facet normal -0.933577 -0.358376 0
    outer loop
      vertex -112.002 49.7845 30
      vertex -108.196 39.8698 29
      vertex -108.196 39.8698 30
    endloop
  endfacet
  facet normal -0.629327 0.777141 0
    outer loop
      vertex -90.6002 105.537 29
      vertex -98.8535 98.8535 30
      vertex -90.6002 105.537 30
    endloop
  endfacet
  facet normal -0.629327 0.777141 0
    outer loop
      vertex -98.8535 98.8535 30
      vertex -90.6002 105.537 29
      vertex -98.8535 98.8535 29
    endloop
  endfacet
  facet normal 0.93358 0.358368 0
    outer loop
      vertex -13.8635 76.0805 30
      vertex -17.6694 85.9952 29
      vertex -17.6694 85.9952 30
    endloop
  endfacet
  facet normal 0.93358 0.358368 0
    outer loop
      vertex -17.6694 85.9952 29
      vertex -13.8635 76.0805 30
      vertex -13.8635 76.0805 29
    endloop
  endfacet
  facet normal -0.544636 -0.838672 0
    outer loop
      vertex -94.902 23.4535 29
      vertex -85.9952 17.6694 30
      vertex -94.902 23.4535 30
    endloop
  endfacet
  facet normal -0.544636 -0.838672 -0
    outer loop
      vertex -85.9952 17.6694 30
      vertex -94.902 23.4535 29
      vertex -85.9952 17.6694 29
    endloop
  endfacet
  facet normal -0.258847 0.965918 0
    outer loop
      vertex -70.8794 113.107 29
      vertex -81.1376 110.358 30
      vertex -70.8794 113.107 30
    endloop
  endfacet
  facet normal -0.258847 0.965918 0
    outer loop
      vertex -81.1376 110.358 30
      vertex -70.8794 113.107 29
      vertex -81.1376 110.358 29
    endloop
  endfacet
  facet normal 0.358376 0.933577 -0
    outer loop
      vertex -39.8698 108.196 29
      vertex -49.7845 112.002 30
      vertex -39.8698 108.196 30
    endloop
  endfacet
  facet normal 0.358376 0.933577 0
    outer loop
      vertex -49.7845 112.002 30
      vertex -39.8698 108.196 29
      vertex -49.7845 112.002 29
    endloop
  endfacet
  facet normal 0.987687 0.15644 0
    outer loop
      vertex -12.2021 65.5912 30
      vertex -13.8635 76.0805 29
      vertex -13.8635 76.0805 30
    endloop
  endfacet
  facet normal 0.987687 0.15644 0
    outer loop
      vertex -13.8635 76.0805 29
      vertex -12.2021 65.5912 30
      vertex -12.2021 65.5912 29
    endloop
  endfacet
  facet normal -0.0523532 0.998629 0
    outer loop
      vertex -60.2738 113.663 29
      vertex -70.8794 113.107 30
      vertex -60.2738 113.663 30
    endloop
  endfacet
  facet normal -0.0523532 0.998629 0
    outer loop
      vertex -70.8794 113.107 30
      vertex -60.2738 113.663 29
      vertex -70.8794 113.107 29
    endloop
  endfacet
  facet normal -0.998629 0.0523532 0
    outer loop
      vertex -113.663 60.2738 29
      vertex -113.107 70.8794 30
      vertex -113.107 70.8794 29
    endloop
  endfacet
  facet normal -0.998629 0.0523532 0
    outer loop
      vertex -113.107 70.8794 30
      vertex -113.663 60.2738 29
      vertex -113.663 60.2738 30
    endloop
  endfacet
  facet normal -0.965918 0.258847 0
    outer loop
      vertex -113.107 70.8794 29
      vertex -110.358 81.1376 30
      vertex -110.358 81.1376 29
    endloop
  endfacet
  facet normal -0.965918 0.258847 0
    outer loop
      vertex -110.358 81.1376 30
      vertex -113.107 70.8794 29
      vertex -113.107 70.8794 30
    endloop
  endfacet
  facet normal 0.838672 0.544636 0
    outer loop
      vertex -17.6694 85.9952 30
      vertex -23.4535 94.902 29
      vertex -23.4535 94.902 30
    endloop
  endfacet
  facet normal 0.838672 0.544636 0
    outer loop
      vertex -23.4535 94.902 29
      vertex -17.6694 85.9952 30
      vertex -17.6694 85.9952 29
    endloop
  endfacet
  facet normal 0.70713 0.707083 -0
    outer loop
      vertex -23.4535 94.902 29
      vertex -30.963 102.412 30
      vertex -23.4535 94.902 30
    endloop
  endfacet
  facet normal 0.70713 0.707083 0
    outer loop
      vertex -30.963 102.412 30
      vertex -23.4535 94.902 29
      vertex -30.963 102.412 29
    endloop
  endfacet
  facet normal 0.998629 -0.0523381 0
    outer loop
      vertex -12.6314 57.4 30
      vertex -12.2021 65.5912 29
      vertex -12.2021 65.5912 30
    endloop
  endfacet
  facet normal 0.998629 -0.0523381 0
    outer loop
      vertex -12.2021 65.5912 29
      vertex -12.6314 57.4 30
      vertex -12.6314 57.4 29
    endloop
  endfacet
  facet normal -0.195091 -0.980785 0
    outer loop
      vertex -64.8459 58.3131 30
      vertex -62.9325 57.9325 34
      vertex -64.8459 58.3131 34
    endloop
  endfacet
  facet normal -0.195091 -0.980785 -0
    outer loop
      vertex -62.9325 57.9325 34
      vertex -64.8459 58.3131 30
      vertex -62.9325 57.9325 30
    endloop
  endfacet
  facet normal -0.980785 0.195091 0
    outer loop
      vertex -67.9325 62.9325 30
      vertex -67.5519 64.8459 34
      vertex -67.5519 64.8459 30
    endloop
  endfacet
  facet normal -0.980785 0.195091 0
    outer loop
      vertex -67.5519 64.8459 34
      vertex -67.9325 62.9325 30
      vertex -67.9325 62.9325 34
    endloop
  endfacet
  facet normal -0.831458 0.555587 0
    outer loop
      vertex -67.5519 64.8459 30
      vertex -66.468 66.468 34
      vertex -66.468 66.468 30
    endloop
  endfacet
  facet normal -0.831458 0.555587 0
    outer loop
      vertex -66.468 66.468 34
      vertex -67.5519 64.8459 30
      vertex -67.5519 64.8459 34
    endloop
  endfacet
  facet normal 0.195091 -0.980785 0
    outer loop
      vertex -62.9325 57.9325 30
      vertex -61.0191 58.3131 34
      vertex -62.9325 57.9325 34
    endloop
  endfacet
  facet normal 0.195091 -0.980785 0
    outer loop
      vertex -61.0191 58.3131 34
      vertex -62.9325 57.9325 30
      vertex -61.0191 58.3131 30
    endloop
  endfacet
  facet normal 0.831458 0.555587 0
    outer loop
      vertex -58.3131 64.8459 34
      vertex -59.397 66.468 30
      vertex -59.397 66.468 34
    endloop
  endfacet
  facet normal 0.831458 0.555587 0
    outer loop
      vertex -59.397 66.468 30
      vertex -58.3131 64.8459 34
      vertex -58.3131 64.8459 30
    endloop
  endfacet
  facet normal 0.555587 0.831458 -0
    outer loop
      vertex -59.397 66.468 30
      vertex -61.0191 67.5519 34
      vertex -59.397 66.468 34
    endloop
  endfacet
  facet normal 0.555587 0.831458 0
    outer loop
      vertex -61.0191 67.5519 34
      vertex -59.397 66.468 30
      vertex -61.0191 67.5519 30
    endloop
  endfacet
  facet normal 0.195091 0.980785 -0
    outer loop
      vertex -61.0191 67.5519 30
      vertex -62.9325 67.9325 34
      vertex -61.0191 67.5519 34
    endloop
  endfacet
  facet normal 0.195091 0.980785 0
    outer loop
      vertex -62.9325 67.9325 34
      vertex -61.0191 67.5519 30
      vertex -62.9325 67.9325 30
    endloop
  endfacet
  facet normal -0.195091 0.980785 0
    outer loop
      vertex -62.9325 67.9325 30
      vertex -64.8459 67.5519 34
      vertex -62.9325 67.9325 34
    endloop
  endfacet
  facet normal -0.195091 0.980785 0
    outer loop
      vertex -64.8459 67.5519 34
      vertex -62.9325 67.9325 30
      vertex -64.8459 67.5519 30
    endloop
  endfacet
  facet normal 0.555587 -0.831458 0
    outer loop
      vertex -61.0191 58.3131 30
      vertex -59.397 59.397 34
      vertex -61.0191 58.3131 34
    endloop
  endfacet
  facet normal 0.555587 -0.831458 0
    outer loop
      vertex -59.397 59.397 34
      vertex -61.0191 58.3131 30
      vertex -59.397 59.397 30
    endloop
  endfacet
  facet normal -0.555587 0.831458 0
    outer loop
      vertex -64.8459 67.5519 30
      vertex -66.468 66.468 34
      vertex -64.8459 67.5519 34
    endloop
  endfacet
  facet normal -0.555587 0.831458 0
    outer loop
      vertex -66.468 66.468 34
      vertex -64.8459 67.5519 30
      vertex -66.468 66.468 30
    endloop
  endfacet
  facet normal -0.555587 -0.831458 0
    outer loop
      vertex -66.468 59.397 30
      vertex -64.8459 58.3131 34
      vertex -66.468 59.397 34
    endloop
  endfacet
  facet normal -0.555587 -0.831458 -0
    outer loop
      vertex -64.8459 58.3131 34
      vertex -66.468 59.397 30
      vertex -64.8459 58.3131 30
    endloop
  endfacet
  facet normal -0.831458 -0.555587 0
    outer loop
      vertex -66.468 59.397 30
      vertex -67.5519 61.0191 34
      vertex -67.5519 61.0191 30
    endloop
  endfacet
  facet normal -0.831458 -0.555587 0
    outer loop
      vertex -67.5519 61.0191 34
      vertex -66.468 59.397 30
      vertex -66.468 59.397 34
    endloop
  endfacet
  facet normal 0.980785 -0.195091 0
    outer loop
      vertex -58.3131 61.0191 34
      vertex -57.9325 62.9325 30
      vertex -57.9325 62.9325 34
    endloop
  endfacet
  facet normal 0.980785 -0.195091 0
    outer loop
      vertex -57.9325 62.9325 30
      vertex -58.3131 61.0191 34
      vertex -58.3131 61.0191 30
    endloop
  endfacet
  facet normal -0.980785 -0.195091 0
    outer loop
      vertex -67.5519 61.0191 30
      vertex -67.9325 62.9325 34
      vertex -67.9325 62.9325 30
    endloop
  endfacet
  facet normal -0.980785 -0.195091 0
    outer loop
      vertex -67.9325 62.9325 34
      vertex -67.5519 61.0191 30
      vertex -67.5519 61.0191 34
    endloop
  endfacet
  facet normal 0.831458 -0.555587 0
    outer loop
      vertex -59.397 59.397 34
      vertex -58.3131 61.0191 30
      vertex -58.3131 61.0191 34
    endloop
  endfacet
  facet normal 0.831458 -0.555587 0
    outer loop
      vertex -58.3131 61.0191 30
      vertex -59.397 59.397 34
      vertex -59.397 59.397 30
    endloop
  endfacet
  facet normal 0.980785 0.195091 0
    outer loop
      vertex -57.9325 62.9325 34
      vertex -58.3131 64.8459 30
      vertex -58.3131 64.8459 34
    endloop
  endfacet
  facet normal 0.980785 0.195091 0
    outer loop
      vertex -58.3131 64.8459 30
      vertex -57.9325 62.9325 34
      vertex -57.9325 62.9325 30
    endloop
  endfacet
  facet normal 0.629322 -0.777145 0
    outer loop
      vertex -31.3434 14.2896 7
      vertex -21.9203 21.9203 17
      vertex -31.3434 14.2896 17
    endloop
  endfacet
  facet normal 0.629322 -0.777145 0
    outer loop
      vertex -21.9203 21.9203 17
      vertex -31.3434 14.2896 7
      vertex -21.9203 21.9203 7
    endloop
  endfacet
  facet normal -0.2588 0.965931 0
    outer loop
      vertex -72.0057 120.218 7
      vertex -83.7178 117.08 17
      vertex -72.0057 120.218 17
    endloop
  endfacet
  facet normal -0.2588 0.965931 0
    outer loop
      vertex -83.7178 117.08 17
      vertex -72.0057 120.218 7
      vertex -83.7178 117.08 7
    endloop
  endfacet
  facet normal 0.544642 0.838669 -0
    outer loop
      vertex -26.4319 108.007 7
      vertex -36.6011 114.611 17
      vertex -26.4319 108.007 17
    endloop
  endfacet
  facet normal 0.544642 0.838669 0
    outer loop
      vertex -36.6011 114.611 17
      vertex -26.4319 108.007 7
      vertex -36.6011 114.611 7
    endloop
  endfacet
  facet normal -0.891 0.454003 0
    outer loop
      vertex -117.08 83.7178 7
      vertex -111.575 94.5216 17
      vertex -111.575 94.5216 7
    endloop
  endfacet
  facet normal -0.891 0.454003 0
    outer loop
      vertex -111.575 94.5216 17
      vertex -117.08 83.7178 7
      vertex -117.08 83.7178 17
    endloop
  endfacet
  facet normal -0.933589 -0.358346 0
    outer loop
      vertex -114.611 36.6011 7
      vertex -118.956 47.921 17
      vertex -118.956 47.921 7
    endloop
  endfacet
  facet normal -0.933589 -0.358346 0
    outer loop
      vertex -118.956 47.921 17
      vertex -114.611 36.6011 7
      vertex -114.611 36.6011 17
    endloop
  endfacet
  facet normal -0.54464 -0.83867 0
    outer loop
      vertex -99.4331 17.858 7
      vertex -89.264 11.2541 17
      vertex -99.4331 17.858 17
    endloop
  endfacet
  facet normal -0.54464 -0.83867 -0
    outer loop
      vertex -89.264 11.2541 17
      vertex -99.4331 17.858 7
      vertex -89.264 11.2541 7
    endloop
  endfacet
  facet normal -0.156435 -0.987688 0
    outer loop
      vertex -77.944 6.90881 7
      vertex -65.968 5.01199 17
      vertex -77.944 6.90881 17
    endloop
  endfacet
  facet normal -0.156435 -0.987688 -0
    outer loop
      vertex -65.968 5.01199 17
      vertex -77.944 6.90881 7
      vertex -65.968 5.01199 7
    endloop
  endfacet
  facet normal -0.629275 0.777183 0
    outer loop
      vertex -94.5216 111.575 7
      vertex -103.945 103.945 17
      vertex -94.5216 111.575 17
    endloop
  endfacet
  facet normal -0.629275 0.777183 0
    outer loop
      vertex -103.945 103.945 17
      vertex -94.5216 111.575 7
      vertex -103.945 103.945 7
    endloop
  endfacet
  facet normal -0.77714 0.629328 0
    outer loop
      vertex -111.575 94.5216 7
      vertex -107.741 99.2561 17
      vertex -107.741 99.2561 7
    endloop
  endfacet
  facet normal -0.77714 0.629328 0
    outer loop
      vertex -107.741 99.2561 17
      vertex -111.575 94.5216 7
      vertex -111.575 94.5216 17
    endloop
  endfacet
  facet normal -0.838669 -0.544642 0
    outer loop
      vertex -108.007 26.4319 7
      vertex -114.611 36.6011 17
      vertex -114.611 36.6011 7
    endloop
  endfacet
  facet normal -0.838669 -0.544642 0
    outer loop
      vertex -114.611 36.6011 17
      vertex -108.007 26.4319 7
      vertex -108.007 26.4319 17
    endloop
  endfacet
  facet normal 0.453987 -0.891008 0
    outer loop
      vertex -42.1472 8.78484 7
      vertex -31.3434 14.2896 17
      vertex -42.1472 8.78484 17
    endloop
  endfacet
  facet normal 0.453987 -0.891008 0
    outer loop
      vertex -31.3434 14.2896 17
      vertex -42.1472 8.78484 7
      vertex -31.3434 14.2896 7
    endloop
  endfacet
  facet normal 0.891008 -0.453987 0
    outer loop
      vertex -14.2896 31.3434 17
      vertex -8.78484 42.1472 7
      vertex -8.78484 42.1472 17
    endloop
  endfacet
  facet normal 0.891008 -0.453987 0
    outer loop
      vertex -8.78484 42.1472 7
      vertex -14.2896 31.3434 17
      vertex -14.2896 31.3434 7
    endloop
  endfacet
  facet normal 0.25882 -0.965926 0
    outer loop
      vertex -53.8593 5.64658 7
      vertex -42.1472 8.78484 17
      vertex -53.8593 5.64658 17
    endloop
  endfacet
  facet normal 0.25882 -0.965926 0
    outer loop
      vertex -42.1472 8.78484 17
      vertex -53.8593 5.64658 7
      vertex -42.1472 8.78484 7
    endloop
  endfacet
  facet normal 0.83867 0.54464 0
    outer loop
      vertex -11.2541 89.264 17
      vertex -17.858 99.4331 7
      vertex -17.858 99.4331 17
    endloop
  endfacet
  facet normal 0.83867 0.54464 0
    outer loop
      vertex -17.858 99.4331 7
      vertex -11.2541 89.264 17
      vertex -11.2541 89.264 7
    endloop
  endfacet
  facet normal -0.998628 0.0523697 0
    outer loop
      vertex -120.853 59.897 7
      vertex -120.218 72.0057 17
      vertex -120.218 72.0057 7
    endloop
  endfacet
  facet normal -0.998628 0.0523697 0
    outer loop
      vertex -120.218 72.0057 17
      vertex -120.853 59.897 7
      vertex -120.853 59.897 17
    endloop
  endfacet
  facet normal 0 0 1
    outer loop
      vertex -6.90881 77.944 17
      vertex -13.8635 76.0805 17
      vertex -12.2021 65.5912 17
    endloop
  endfacet
  facet normal 0 0 1
    outer loop
      vertex -11.2541 89.264 17
      vertex -17.6694 85.9952 17
      vertex -13.8635 76.0805 17
    endloop
  endfacet
  facet normal 0 0 1
    outer loop
      vertex -17.858 99.4331 17
      vertex -17.6694 85.9952 17
      vertex -11.2541 89.264 17
    endloop
  endfacet
  facet normal 0 0 1
    outer loop
      vertex -23.4535 94.902 17
      vertex -17.858 99.4331 17
      vertex -22.145 103.72 17
    endloop
  endfacet
  facet normal 0 0 1
    outer loop
      vertex -17.858 99.4331 17
      vertex -23.4535 94.902 17
      vertex -17.6694 85.9952 17
    endloop
  endfacet
  facet normal 0 0 1
    outer loop
      vertex -12.2021 65.5912 17
      vertex -5.01199 65.968 17
      vertex -6.90881 77.944 17
    endloop
  endfacet
  facet normal 0 0 1
    outer loop
      vertex -5.01199 65.968 17
      vertex -12.2021 65.5912 17
      vertex -5.64658 53.8593 17
    endloop
  endfacet
  facet normal 0 0 1
    outer loop
      vertex -13.8635 76.0805 17
      vertex -6.90881 77.944 17
      vertex -11.2541 89.264 17
    endloop
  endfacet
  facet normal -0 0 1
    outer loop
      vertex -12.7579 54.9856 17
      vertex -5.64658 53.8593 17
      vertex -12.2021 65.5912 17
    endloop
  endfacet
  facet normal 0 0 1
    outer loop
      vertex -5.64658 53.8593 17
      vertex -12.7579 54.9856 17
      vertex -8.78484 42.1472 17
    endloop
  endfacet
  facet normal -0 0 1
    outer loop
      vertex -15.5066 44.7274 17
      vertex -8.78484 42.1472 17
      vertex -12.7579 54.9856 17
    endloop
  endfacet
  facet normal 0 0 1
    outer loop
      vertex -8.78484 42.1472 17
      vertex -15.5066 44.7274 17
      vertex -14.2896 31.3434 17
    endloop
  endfacet
  facet normal -0 0 1
    outer loop
      vertex -20.328 35.2648 17
      vertex -14.2896 31.3434 17
      vertex -15.5066 44.7274 17
    endloop
  endfacet
  facet normal 0 0 1
    outer loop
      vertex -14.2896 31.3434 17
      vertex -20.328 35.2648 17
      vertex -18.1236 26.6089 17
    endloop
  endfacet
  facet normal 0 0 1
    outer loop
      vertex -21.9203 21.9203 17
      vertex -16.9706 25.4558 17
      vertex -18.1236 26.6089 17
    endloop
  endfacet
  facet normal -0 0 1
    outer loop
      vertex -27.0115 27.0115 17
      vertex -18.1236 26.6089 17
      vertex -20.328 35.2648 17
    endloop
  endfacet
  facet normal 0 0 1
    outer loop
      vertex -16.9706 25.4558 17
      vertex -21.9203 21.9203 17
      vertex -21.2132 21.2132 17
    endloop
  endfacet
  facet normal 0 0 1
    outer loop
      vertex -18.1236 26.6089 17
      vertex -27.0115 27.0115 17
      vertex -21.9203 21.9203 17
    endloop
  endfacet
  facet normal 0 0 1
    outer loop
      vertex -27.0115 27.0115 17
      vertex -31.3434 14.2896 17
      vertex -21.9203 21.9203 17
    endloop
  endfacet
  facet normal -0 0 1
    outer loop
      vertex -35.2648 20.328 17
      vertex -31.3434 14.2896 17
      vertex -27.0115 27.0115 17
    endloop
  endfacet
  facet normal 0 0 1
    outer loop
      vertex -35.2648 20.328 17
      vertex -42.1472 8.78484 17
      vertex -31.3434 14.2896 17
    endloop
  endfacet
  facet normal -0 0 1
    outer loop
      vertex -44.7274 15.5066 17
      vertex -42.1472 8.78484 17
      vertex -35.2648 20.328 17
    endloop
  endfacet
  facet normal 0 0 1
    outer loop
      vertex -44.7274 15.5066 17
      vertex -53.8593 5.64658 17
      vertex -42.1472 8.78484 17
    endloop
  endfacet
  facet normal -0 0 1
    outer loop
      vertex -54.9856 12.7579 17
      vertex -53.8593 5.64658 17
      vertex -44.7274 15.5066 17
    endloop
  endfacet
  facet normal -0 0 1
    outer loop
      vertex -65.5912 12.2021 17
      vertex -53.8593 5.64658 17
      vertex -54.9856 12.7579 17
    endloop
  endfacet
  facet normal 0 0 1
    outer loop
      vertex -65.5912 12.2021 17
      vertex -65.968 5.01199 17
      vertex -53.8593 5.64658 17
    endloop
  endfacet
  facet normal 0 0 1
    outer loop
      vertex -76.0805 13.8635 17
      vertex -65.968 5.01199 17
      vertex -65.5912 12.2021 17
    endloop
  endfacet
  facet normal 0 0 1
    outer loop
      vertex -76.0805 13.8635 17
      vertex -77.944 6.90881 17
      vertex -65.968 5.01199 17
    endloop
  endfacet
  facet normal 0 0 1
    outer loop
      vertex -85.9952 17.6694 17
      vertex -77.944 6.90881 17
      vertex -76.0805 13.8635 17
    endloop
  endfacet
  facet normal 0 0 1
    outer loop
      vertex -85.9952 17.6694 17
      vertex -89.264 11.2541 17
      vertex -77.944 6.90881 17
    endloop
  endfacet
  facet normal 0 0 1
    outer loop
      vertex -94.902 23.4535 17
      vertex -89.264 11.2541 17
      vertex -85.9952 17.6694 17
    endloop
  endfacet
  facet normal 0 0 1
    outer loop
      vertex -94.902 23.4535 17
      vertex -99.4331 17.858 17
      vertex -89.264 11.2541 17
    endloop
  endfacet
  facet normal 0 0 1
    outer loop
      vertex -94.902 23.4535 17
      vertex -99.4774 17.9023 17
      vertex -99.4331 17.858 17
    endloop
  endfacet
  facet normal -0 0 1
    outer loop
      vertex -103.72 22.145 17
      vertex -99.4774 17.9023 17
      vertex -94.902 23.4535 17
    endloop
  endfacet
  facet normal 0 0 1
    outer loop
      vertex -103.72 22.145 17
      vertex -94.902 23.4535 17
      vertex -102.412 30.963 17
    endloop
  endfacet
  facet normal 0 0 1
    outer loop
      vertex -99.4774 17.9023 17
      vertex -103.72 22.145 17
      vertex -100.409 16.9706 17
    endloop
  endfacet
  facet normal 0 0 1
    outer loop
      vertex -100.409 16.9706 17
      vertex -103.72 22.145 17
      vertex -104.652 21.2132 17
    endloop
  endfacet
  facet normal 0 0 1
    outer loop
      vertex -102.412 30.963 17
      vertex -108.007 26.4319 17
      vertex -103.72 22.145 17
    endloop
  endfacet
  facet normal 0 0 1
    outer loop
      vertex -108.196 39.8698 17
      vertex -108.007 26.4319 17
      vertex -102.412 30.963 17
    endloop
  endfacet
  facet normal 0 0 1
    outer loop
      vertex -114.611 36.6011 17
      vertex -108.196 39.8698 17
      vertex -112.002 49.7845 17
    endloop
  endfacet
  facet normal 0 0 1
    outer loop
      vertex -108.196 39.8698 17
      vertex -114.611 36.6011 17
      vertex -108.007 26.4319 17
    endloop
  endfacet
  facet normal 0 0 1
    outer loop
      vertex -118.956 47.921 17
      vertex -112.002 49.7845 17
      vertex -113.663 60.2738 17
    endloop
  endfacet
  facet normal 0 0 1
    outer loop
      vertex -25.4558 108.894 17
      vertex -22.145 103.72 17
      vertex -21.2132 104.652 17
    endloop
  endfacet
  facet normal -0 0 1
    outer loop
      vertex -26.3876 107.963 17
      vertex -22.145 103.72 17
      vertex -25.4558 108.894 17
    endloop
  endfacet
  facet normal 0 0 1
    outer loop
      vertex -30.963 102.412 17
      vertex -22.145 103.72 17
      vertex -26.3876 107.963 17
    endloop
  endfacet
  facet normal 0 0 1
    outer loop
      vertex -30.963 102.412 17
      vertex -26.3876 107.963 17
      vertex -26.4319 108.007 17
    endloop
  endfacet
  facet normal 0 0 1
    outer loop
      vertex -22.145 103.72 17
      vertex -30.963 102.412 17
      vertex -23.4535 94.902 17
    endloop
  endfacet
  facet normal 0 0 1
    outer loop
      vertex -36.6011 114.611 17
      vertex -30.963 102.412 17
      vertex -26.4319 108.007 17
    endloop
  endfacet
  facet normal 0 0 1
    outer loop
      vertex -36.6011 114.611 17
      vertex -39.8698 108.196 17
      vertex -30.963 102.412 17
    endloop
  endfacet
  facet normal 0 0 1
    outer loop
      vertex -47.921 118.956 17
      vertex -39.8698 108.196 17
      vertex -36.6011 114.611 17
    endloop
  endfacet
  facet normal 0 0 1
    outer loop
      vertex -47.921 118.956 17
      vertex -49.7845 112.002 17
      vertex -39.8698 108.196 17
    endloop
  endfacet
  facet normal 0 0 1
    outer loop
      vertex -59.897 120.853 17
      vertex -49.7845 112.002 17
      vertex -47.921 118.956 17
    endloop
  endfacet
  facet normal 0 0 1
    outer loop
      vertex -59.897 120.853 17
      vertex -60.2738 113.663 17
      vertex -49.7845 112.002 17
    endloop
  endfacet
  facet normal 0 0 1
    outer loop
      vertex -59.897 120.853 17
      vertex -70.8794 113.107 17
      vertex -60.2738 113.663 17
    endloop
  endfacet
  facet normal -0 0 1
    outer loop
      vertex -72.0057 120.218 17
      vertex -70.8794 113.107 17
      vertex -59.897 120.853 17
    endloop
  endfacet
  facet normal 0 0 1
    outer loop
      vertex -72.0057 120.218 17
      vertex -81.1376 110.358 17
      vertex -70.8794 113.107 17
    endloop
  endfacet
  facet normal -0 0 1
    outer loop
      vertex -83.7178 117.08 17
      vertex -81.1376 110.358 17
      vertex -72.0057 120.218 17
    endloop
  endfacet
  facet normal 0 0 1
    outer loop
      vertex -83.7178 117.08 17
      vertex -90.6002 105.537 17
      vertex -81.1376 110.358 17
    endloop
  endfacet
  facet normal -0 0 1
    outer loop
      vertex -94.5216 111.575 17
      vertex -90.6002 105.537 17
      vertex -83.7178 117.08 17
    endloop
  endfacet
  facet normal 0 0 1
    outer loop
      vertex -94.5216 111.575 17
      vertex -98.8535 98.8535 17
      vertex -90.6002 105.537 17
    endloop
  endfacet
  facet normal -0 0 1
    outer loop
      vertex -103.945 103.945 17
      vertex -98.8535 98.8535 17
      vertex -94.5216 111.575 17
    endloop
  endfacet
  facet normal 0 0 1
    outer loop
      vertex -108.894 100.409 17
      vertex -103.945 103.945 17
      vertex -104.652 104.652 17
    endloop
  endfacet
  facet normal 0 0 1
    outer loop
      vertex -103.945 103.945 17
      vertex -107.741 99.2561 17
      vertex -98.8535 98.8535 17
    endloop
  endfacet
  facet normal 0 0 1
    outer loop
      vertex -98.8535 98.8535 17
      vertex -107.741 99.2561 17
      vertex -105.537 90.6002 17
    endloop
  endfacet
  facet normal 0 0 1
    outer loop
      vertex -103.945 103.945 17
      vertex -108.894 100.409 17
      vertex -107.741 99.2561 17
    endloop
  endfacet
  facet normal -0 0 1
    outer loop
      vertex -111.575 94.5216 17
      vertex -105.537 90.6002 17
      vertex -107.741 99.2561 17
    endloop
  endfacet
  facet normal 0 0 1
    outer loop
      vertex -105.537 90.6002 17
      vertex -111.575 94.5216 17
      vertex -110.358 81.1376 17
    endloop
  endfacet
  facet normal -0 0 1
    outer loop
      vertex -117.08 83.7178 17
      vertex -110.358 81.1376 17
      vertex -111.575 94.5216 17
    endloop
  endfacet
  facet normal 0 0 1
    outer loop
      vertex -110.358 81.1376 17
      vertex -117.08 83.7178 17
      vertex -113.107 70.8794 17
    endloop
  endfacet
  facet normal -0 0 1
    outer loop
      vertex -120.218 72.0057 17
      vertex -113.107 70.8794 17
      vertex -117.08 83.7178 17
    endloop
  endfacet
  facet normal 0 0 1
    outer loop
      vertex -113.107 70.8794 17
      vertex -120.218 72.0057 17
      vertex -113.663 60.2738 17
    endloop
  endfacet
  facet normal 0 0 1
    outer loop
      vertex -112.002 49.7845 17
      vertex -118.956 47.921 17
      vertex -114.611 36.6011 17
    endloop
  endfacet
  facet normal 0 0 1
    outer loop
      vertex -120.853 59.897 17
      vertex -113.663 60.2738 17
      vertex -120.218 72.0057 17
    endloop
  endfacet
  facet normal 0 0 1
    outer loop
      vertex -113.663 60.2738 17
      vertex -120.853 59.897 17
      vertex -118.956 47.921 17
    endloop
  endfacet
  facet normal 0.7047 0.709505 -0
    outer loop
      vertex -26.3876 107.963 7
      vertex -26.4319 108.007 17
      vertex -26.3876 107.963 17
    endloop
  endfacet
  facet normal 0.7047 0.709505 0
    outer loop
      vertex -26.4319 108.007 17
      vertex -26.3876 107.963 7
      vertex -26.4319 108.007 7
    endloop
  endfacet
  facet normal 0.707099 0.707115 0
    outer loop
      vertex -17.858 99.4331 17
      vertex -22.145 103.72 7
      vertex -22.145 103.72 17
    endloop
  endfacet
  facet normal 0.707099 0.707115 0
    outer loop
      vertex -22.145 103.72 7
      vertex -17.858 99.4331 17
      vertex -17.858 99.4331 7
    endloop
  endfacet
  facet normal -0.965931 0.2588 0
    outer loop
      vertex -120.218 72.0057 7
      vertex -117.08 83.7178 17
      vertex -117.08 83.7178 7
    endloop
  endfacet
  facet normal -0.965931 0.2588 0
    outer loop
      vertex -117.08 83.7178 17
      vertex -120.218 72.0057 7
      vertex -120.218 72.0057 17
    endloop
  endfacet
  facet normal 0.358346 0.933589 -0
    outer loop
      vertex -36.6011 114.611 7
      vertex -47.921 118.956 17
      vertex -36.6011 114.611 17
    endloop
  endfacet
  facet normal 0.358346 0.933589 0
    outer loop
      vertex -47.921 118.956 17
      vertex -36.6011 114.611 7
      vertex -47.921 118.956 7
    endloop
  endfacet
  facet normal 0.933582 0.358364 0
    outer loop
      vertex -6.90881 77.944 17
      vertex -11.2541 89.264 7
      vertex -11.2541 89.264 17
    endloop
  endfacet
  facet normal 0.933582 0.358364 0
    outer loop
      vertex -11.2541 89.264 7
      vertex -6.90881 77.944 17
      vertex -6.90881 77.944 7
    endloop
  endfacet
  facet normal 0.0523359 -0.99863 0
    outer loop
      vertex -65.968 5.01199 7
      vertex -53.8593 5.64658 17
      vertex -65.968 5.01199 17
    endloop
  endfacet
  facet normal 0.0523359 -0.99863 0
    outer loop
      vertex -53.8593 5.64658 17
      vertex -65.968 5.01199 7
      vertex -53.8593 5.64658 7
    endloop
  endfacet
  facet normal 0.15645 0.987686 -0
    outer loop
      vertex -47.921 118.956 7
      vertex -59.897 120.853 17
      vertex -47.921 118.956 17
    endloop
  endfacet
  facet normal 0.15645 0.987686 0
    outer loop
      vertex -59.897 120.853 17
      vertex -47.921 118.956 7
      vertex -59.897 120.853 7
    endloop
  endfacet
  facet normal 0.987688 0.156435 0
    outer loop
      vertex -5.01199 65.968 17
      vertex -6.90881 77.944 7
      vertex -6.90881 77.944 17
    endloop
  endfacet
  facet normal 0.987688 0.156435 0
    outer loop
      vertex -6.90881 77.944 7
      vertex -5.01199 65.968 17
      vertex -5.01199 65.968 7
    endloop
  endfacet
  facet normal -0.707107 -0.707107 0
    outer loop
      vertex -99.4774 17.9023 7
      vertex -99.4331 17.858 17
      vertex -99.4774 17.9023 17
    endloop
  endfacet
  facet normal -0.707107 -0.707107 -0
    outer loop
      vertex -99.4331 17.858 17
      vertex -99.4774 17.9023 7
      vertex -99.4331 17.858 7
    endloop
  endfacet
  facet normal -0.707099 -0.707115 0
    outer loop
      vertex -103.72 22.145 7
      vertex -108.007 26.4319 17
      vertex -108.007 26.4319 7
    endloop
  endfacet
  facet normal -0.707099 -0.707115 0
    outer loop
      vertex -108.007 26.4319 17
      vertex -103.72 22.145 7
      vertex -103.72 22.145 17
    endloop
  endfacet
  facet normal -0.987686 -0.15645 0
    outer loop
      vertex -118.956 47.921 7
      vertex -120.853 59.897 17
      vertex -120.853 59.897 7
    endloop
  endfacet
  facet normal -0.987686 -0.15645 0
    outer loop
      vertex -120.853 59.897 17
      vertex -118.956 47.921 7
      vertex -118.956 47.921 17
    endloop
  endfacet
  facet normal -0.0523697 0.998628 0
    outer loop
      vertex -59.897 120.853 7
      vertex -72.0057 120.218 17
      vertex -59.897 120.853 17
    endloop
  endfacet
  facet normal -0.0523697 0.998628 0
    outer loop
      vertex -72.0057 120.218 17
      vertex -59.897 120.853 7
      vertex -72.0057 120.218 7
    endloop
  endfacet
  facet normal -0.358364 -0.933582 0
    outer loop
      vertex -89.264 11.2541 7
      vertex -77.944 6.90881 17
      vertex -89.264 11.2541 17
    endloop
  endfacet
  facet normal -0.358364 -0.933582 -0
    outer loop
      vertex -77.944 6.90881 17
      vertex -89.264 11.2541 7
      vertex -77.944 6.90881 7
    endloop
  endfacet
  facet normal 0 0 -1
    outer loop
      vertex -21.9203 21.9203 7
      vertex -16.9706 25.4558 7
      vertex -21.2132 21.2132 7
    endloop
  endfacet
  facet normal -0 0 -1
    outer loop
      vertex -16.9706 25.4558 7
      vertex -21.9203 21.9203 7
      vertex -18.1236 26.6089 7
    endloop
  endfacet
  facet normal 0 0 -1
    outer loop
      vertex -27.0115 27.0115 7
      vertex -18.1236 26.6089 7
      vertex -21.9203 21.9203 7
    endloop
  endfacet
  facet normal 0 0 -1
    outer loop
      vertex -18.1236 26.6089 7
      vertex -27.0115 27.0115 7
      vertex -20.328 35.2648 7
    endloop
  endfacet
  facet normal 0 0 -1
    outer loop
      vertex -31.3434 14.2896 7
      vertex -27.0115 27.0115 7
      vertex -21.9203 21.9203 7
    endloop
  endfacet
  facet normal 0 0 -1
    outer loop
      vertex -31.3434 14.2896 7
      vertex -35.2648 20.328 7
      vertex -27.0115 27.0115 7
    endloop
  endfacet
  facet normal 0 0 -1
    outer loop
      vertex -42.1472 8.78484 7
      vertex -35.2648 20.328 7
      vertex -31.3434 14.2896 7
    endloop
  endfacet
  facet normal 0 0 -1
    outer loop
      vertex -42.1472 8.78484 7
      vertex -44.7274 15.5066 7
      vertex -35.2648 20.328 7
    endloop
  endfacet
  facet normal 0 0 -1
    outer loop
      vertex -53.8593 5.64658 7
      vertex -44.7274 15.5066 7
      vertex -42.1472 8.78484 7
    endloop
  endfacet
  facet normal 0 0 -1
    outer loop
      vertex -53.8593 5.64658 7
      vertex -54.9856 12.7579 7
      vertex -44.7274 15.5066 7
    endloop
  endfacet
  facet normal 0 0 -1
    outer loop
      vertex -53.8593 5.64658 7
      vertex -65.5912 12.2021 7
      vertex -54.9856 12.7579 7
    endloop
  endfacet
  facet normal 0 0 -1
    outer loop
      vertex -65.968 5.01199 7
      vertex -65.5912 12.2021 7
      vertex -53.8593 5.64658 7
    endloop
  endfacet
  facet normal 0 0 -1
    outer loop
      vertex -65.968 5.01199 7
      vertex -76.0805 13.8635 7
      vertex -65.5912 12.2021 7
    endloop
  endfacet
  facet normal 0 0 -1
    outer loop
      vertex -77.944 6.90881 7
      vertex -76.0805 13.8635 7
      vertex -65.968 5.01199 7
    endloop
  endfacet
  facet normal 0 0 -1
    outer loop
      vertex -77.944 6.90881 7
      vertex -85.9952 17.6694 7
      vertex -76.0805 13.8635 7
    endloop
  endfacet
  facet normal 0 0 -1
    outer loop
      vertex -89.264 11.2541 7
      vertex -85.9952 17.6694 7
      vertex -77.944 6.90881 7
    endloop
  endfacet
  facet normal 0 0 -1
    outer loop
      vertex -89.264 11.2541 7
      vertex -94.902 23.4535 7
      vertex -85.9952 17.6694 7
    endloop
  endfacet
  facet normal 0 0 -1
    outer loop
      vertex -99.4331 17.858 7
      vertex -94.902 23.4535 7
      vertex -89.264 11.2541 7
    endloop
  endfacet
  facet normal 0 0 -1
    outer loop
      vertex -99.4774 17.9023 7
      vertex -94.902 23.4535 7
      vertex -99.4331 17.858 7
    endloop
  endfacet
  facet normal 0 0 -1
    outer loop
      vertex -103.72 22.145 7
      vertex -99.4774 17.9023 7
      vertex -100.409 16.9706 7
    endloop
  endfacet
  facet normal 0 0 -1
    outer loop
      vertex -99.4774 17.9023 7
      vertex -103.72 22.145 7
      vertex -94.902 23.4535 7
    endloop
  endfacet
  facet normal -0 0 -1
    outer loop
      vertex -94.902 23.4535 7
      vertex -103.72 22.145 7
      vertex -102.412 30.963 7
    endloop
  endfacet
  facet normal 0 -0 -1
    outer loop
      vertex -103.72 22.145 7
      vertex -100.409 16.9706 7
      vertex -104.652 21.2132 7
    endloop
  endfacet
  facet normal 0 0 -1
    outer loop
      vertex -12.2021 65.5912 7
      vertex -5.01199 65.968 7
      vertex -5.64658 53.8593 7
    endloop
  endfacet
  facet normal 0 0 -1
    outer loop
      vertex -12.7579 54.9856 7
      vertex -5.64658 53.8593 7
      vertex -8.78484 42.1472 7
    endloop
  endfacet
  facet normal -0 0 -1
    outer loop
      vertex -5.01199 65.968 7
      vertex -12.2021 65.5912 7
      vertex -6.90881 77.944 7
    endloop
  endfacet
  facet normal 0 0 -1
    outer loop
      vertex -13.8635 76.0805 7
      vertex -6.90881 77.944 7
      vertex -12.2021 65.5912 7
    endloop
  endfacet
  facet normal 0 0 -1
    outer loop
      vertex -5.64658 53.8593 7
      vertex -12.7579 54.9856 7
      vertex -12.2021 65.5912 7
    endloop
  endfacet
  facet normal 0 0 -1
    outer loop
      vertex -15.5066 44.7274 7
      vertex -8.78484 42.1472 7
      vertex -14.2896 31.3434 7
    endloop
  endfacet
  facet normal 0 0 -1
    outer loop
      vertex -8.78484 42.1472 7
      vertex -15.5066 44.7274 7
      vertex -12.7579 54.9856 7
    endloop
  endfacet
  facet normal 0 0 -1
    outer loop
      vertex -20.328 35.2648 7
      vertex -14.2896 31.3434 7
      vertex -18.1236 26.6089 7
    endloop
  endfacet
  facet normal 0 0 -1
    outer loop
      vertex -14.2896 31.3434 7
      vertex -20.328 35.2648 7
      vertex -15.5066 44.7274 7
    endloop
  endfacet
  facet normal -0 0 -1
    outer loop
      vertex -6.90881 77.944 7
      vertex -13.8635 76.0805 7
      vertex -11.2541 89.264 7
    endloop
  endfacet
  facet normal 0 0 -1
    outer loop
      vertex -17.6694 85.9952 7
      vertex -11.2541 89.264 7
      vertex -13.8635 76.0805 7
    endloop
  endfacet
  facet normal 0 0 -1
    outer loop
      vertex -17.6694 85.9952 7
      vertex -17.858 99.4331 7
      vertex -11.2541 89.264 7
    endloop
  endfacet
  facet normal 0 0 -1
    outer loop
      vertex -23.4535 94.902 7
      vertex -17.858 99.4331 7
      vertex -17.6694 85.9952 7
    endloop
  endfacet
  facet normal -0 0 -1
    outer loop
      vertex -17.858 99.4331 7
      vertex -23.4535 94.902 7
      vertex -22.145 103.72 7
    endloop
  endfacet
  facet normal 0 0 -1
    outer loop
      vertex -22.145 103.72 7
      vertex -25.4558 108.894 7
      vertex -21.2132 104.652 7
    endloop
  endfacet
  facet normal 0 0 -1
    outer loop
      vertex -30.963 102.412 7
      vertex -22.145 103.72 7
      vertex -23.4535 94.902 7
    endloop
  endfacet
  facet normal 0 0 -1
    outer loop
      vertex -22.145 103.72 7
      vertex -26.3876 107.963 7
      vertex -25.4558 108.894 7
    endloop
  endfacet
  facet normal -0 0 -1
    outer loop
      vertex -22.145 103.72 7
      vertex -30.963 102.412 7
      vertex -26.3876 107.963 7
    endloop
  endfacet
  facet normal -0 0 -1
    outer loop
      vertex -26.3876 107.963 7
      vertex -30.963 102.412 7
      vertex -26.4319 108.007 7
    endloop
  endfacet
  facet normal 0 0 -1
    outer loop
      vertex -30.963 102.412 7
      vertex -36.6011 114.611 7
      vertex -26.4319 108.007 7
    endloop
  endfacet
  facet normal 0 0 -1
    outer loop
      vertex -39.8698 108.196 7
      vertex -36.6011 114.611 7
      vertex -30.963 102.412 7
    endloop
  endfacet
  facet normal 0 0 -1
    outer loop
      vertex -39.8698 108.196 7
      vertex -47.921 118.956 7
      vertex -36.6011 114.611 7
    endloop
  endfacet
  facet normal 0 0 -1
    outer loop
      vertex -49.7845 112.002 7
      vertex -47.921 118.956 7
      vertex -39.8698 108.196 7
    endloop
  endfacet
  facet normal 0 0 -1
    outer loop
      vertex -49.7845 112.002 7
      vertex -59.897 120.853 7
      vertex -47.921 118.956 7
    endloop
  endfacet
  facet normal 0 0 -1
    outer loop
      vertex -60.2738 113.663 7
      vertex -59.897 120.853 7
      vertex -49.7845 112.002 7
    endloop
  endfacet
  facet normal 0 0 -1
    outer loop
      vertex -70.8794 113.107 7
      vertex -59.897 120.853 7
      vertex -60.2738 113.663 7
    endloop
  endfacet
  facet normal 0 0 -1
    outer loop
      vertex -70.8794 113.107 7
      vertex -72.0057 120.218 7
      vertex -59.897 120.853 7
    endloop
  endfacet
  facet normal 0 0 -1
    outer loop
      vertex -81.1376 110.358 7
      vertex -72.0057 120.218 7
      vertex -70.8794 113.107 7
    endloop
  endfacet
  facet normal 0 0 -1
    outer loop
      vertex -81.1376 110.358 7
      vertex -83.7178 117.08 7
      vertex -72.0057 120.218 7
    endloop
  endfacet
  facet normal 0 0 -1
    outer loop
      vertex -90.6002 105.537 7
      vertex -83.7178 117.08 7
      vertex -81.1376 110.358 7
    endloop
  endfacet
  facet normal 0 0 -1
    outer loop
      vertex -90.6002 105.537 7
      vertex -94.5216 111.575 7
      vertex -83.7178 117.08 7
    endloop
  endfacet
  facet normal 0 0 -1
    outer loop
      vertex -98.8535 98.8535 7
      vertex -94.5216 111.575 7
      vertex -90.6002 105.537 7
    endloop
  endfacet
  facet normal 0 0 -1
    outer loop
      vertex -98.8535 98.8535 7
      vertex -103.945 103.945 7
      vertex -94.5216 111.575 7
    endloop
  endfacet
  facet normal 0 0 -1
    outer loop
      vertex -107.741 99.2561 7
      vertex -103.945 103.945 7
      vertex -98.8535 98.8535 7
    endloop
  endfacet
  facet normal 0 0 -1
    outer loop
      vertex -107.741 99.2561 7
      vertex -98.8535 98.8535 7
      vertex -105.537 90.6002 7
    endloop
  endfacet
  facet normal 0 0 -1
    outer loop
      vertex -108.894 100.409 7
      vertex -103.945 103.945 7
      vertex -107.741 99.2561 7
    endloop
  endfacet
  facet normal -0 0 -1
    outer loop
      vertex -103.945 103.945 7
      vertex -108.894 100.409 7
      vertex -104.652 104.652 7
    endloop
  endfacet
  facet normal 0 0 -1
    outer loop
      vertex -111.575 94.5216 7
      vertex -105.537 90.6002 7
      vertex -110.358 81.1376 7
    endloop
  endfacet
  facet normal 0 0 -1
    outer loop
      vertex -105.537 90.6002 7
      vertex -111.575 94.5216 7
      vertex -107.741 99.2561 7
    endloop
  endfacet
  facet normal 0 0 -1
    outer loop
      vertex -117.08 83.7178 7
      vertex -110.358 81.1376 7
      vertex -113.107 70.8794 7
    endloop
  endfacet
  facet normal 0 0 -1
    outer loop
      vertex -110.358 81.1376 7
      vertex -117.08 83.7178 7
      vertex -111.575 94.5216 7
    endloop
  endfacet
  facet normal 0 0 -1
    outer loop
      vertex -120.218 72.0057 7
      vertex -113.107 70.8794 7
      vertex -113.663 60.2738 7
    endloop
  endfacet
  facet normal -0 0 -1
    outer loop
      vertex -112.002 49.7845 7
      vertex -118.956 47.921 7
      vertex -113.663 60.2738 7
    endloop
  endfacet
  facet normal 0 0 -1
    outer loop
      vertex -120.853 59.897 7
      vertex -113.663 60.2738 7
      vertex -118.956 47.921 7
    endloop
  endfacet
  facet normal 0 0 -1
    outer loop
      vertex -113.107 70.8794 7
      vertex -120.218 72.0057 7
      vertex -117.08 83.7178 7
    endloop
  endfacet
  facet normal -0 0 -1
    outer loop
      vertex -113.663 60.2738 7
      vertex -120.853 59.897 7
      vertex -120.218 72.0057 7
    endloop
  endfacet
  facet normal 0 0 -1
    outer loop
      vertex -108.007 26.4319 7
      vertex -102.412 30.963 7
      vertex -103.72 22.145 7
    endloop
  endfacet
  facet normal 0 0 -1
    outer loop
      vertex -108.007 26.4319 7
      vertex -108.196 39.8698 7
      vertex -102.412 30.963 7
    endloop
  endfacet
  facet normal 0 0 -1
    outer loop
      vertex -114.611 36.6011 7
      vertex -108.196 39.8698 7
      vertex -108.007 26.4319 7
    endloop
  endfacet
  facet normal 0 0 -1
    outer loop
      vertex -118.956 47.921 7
      vertex -112.002 49.7845 7
      vertex -114.611 36.6011 7
    endloop
  endfacet
  facet normal -0 0 -1
    outer loop
      vertex -108.196 39.8698 7
      vertex -114.611 36.6011 7
      vertex -112.002 49.7845 7
    endloop
  endfacet
  facet normal 0.965926 -0.25882 0
    outer loop
      vertex -8.78484 42.1472 17
      vertex -5.64658 53.8593 7
      vertex -5.64658 53.8593 17
    endloop
  endfacet
  facet normal 0.965926 -0.25882 0
    outer loop
      vertex -5.64658 53.8593 7
      vertex -8.78484 42.1472 17
      vertex -8.78484 42.1472 7
    endloop
  endfacet
  facet normal 0.99863 -0.0523359 0
    outer loop
      vertex -5.64658 53.8593 17
      vertex -5.01199 65.968 7
      vertex -5.01199 65.968 17
    endloop
  endfacet
  facet normal 0.99863 -0.0523359 0
    outer loop
      vertex -5.01199 65.968 7
      vertex -5.64658 53.8593 17
      vertex -5.64658 53.8593 7
    endloop
  endfacet
  facet normal -0.454003 0.891 0
    outer loop
      vertex -83.7178 117.08 7
      vertex -94.5216 111.575 17
      vertex -83.7178 117.08 17
    endloop
  endfacet
  facet normal -0.454003 0.891 0
    outer loop
      vertex -94.5216 111.575 17
      vertex -83.7178 117.08 7
      vertex -94.5216 111.575 7
    endloop
  endfacet
  facet normal 0.77714 -0.629328 0
    outer loop
      vertex -18.1236 26.6089 17
      vertex -14.2896 31.3434 7
      vertex -14.2896 31.3434 17
    endloop
  endfacet
  facet normal 0.77714 -0.629328 0
    outer loop
      vertex -14.2896 31.3434 7
      vertex -18.1236 26.6089 17
      vertex -18.1236 26.6089 7
    endloop
  endfacet
  facet normal -0.629327 0.777141 0
    outer loop
      vertex -27.0115 27.0115 7
      vertex -35.2648 20.328 17
      vertex -27.0115 27.0115 17
    endloop
  endfacet
  facet normal -0.629327 0.777141 0
    outer loop
      vertex -35.2648 20.328 17
      vertex -27.0115 27.0115 7
      vertex -35.2648 20.328 7
    endloop
  endfacet
  facet normal 0.891023 -0.453958 0
    outer loop
      vertex -110.358 81.1376 17
      vertex -105.537 90.6002 7
      vertex -105.537 90.6002 17
    endloop
  endfacet
  facet normal 0.891023 -0.453958 0
    outer loop
      vertex -105.537 90.6002 7
      vertex -110.358 81.1376 17
      vertex -110.358 81.1376 7
    endloop
  endfacet
  facet normal 0.838677 0.54463 0
    outer loop
      vertex -102.412 30.963 17
      vertex -108.196 39.8698 7
      vertex -108.196 39.8698 17
    endloop
  endfacet
  facet normal 0.838677 0.54463 0
    outer loop
      vertex -108.196 39.8698 7
      vertex -102.412 30.963 17
      vertex -102.412 30.963 7
    endloop
  endfacet
  facet normal 0.933577 0.358376 0
    outer loop
      vertex -108.196 39.8698 17
      vertex -112.002 49.7845 7
      vertex -112.002 49.7845 17
    endloop
  endfacet
  facet normal 0.933577 0.358376 0
    outer loop
      vertex -112.002 49.7845 7
      vertex -108.196 39.8698 17
      vertex -108.196 39.8698 7
    endloop
  endfacet
  facet normal -0.0523345 0.99863 0
    outer loop
      vertex -54.9856 12.7579 7
      vertex -65.5912 12.2021 17
      vertex -54.9856 12.7579 17
    endloop
  endfacet
  facet normal -0.0523345 0.99863 0
    outer loop
      vertex -65.5912 12.2021 17
      vertex -54.9856 12.7579 7
      vertex -65.5912 12.2021 7
    endloop
  endfacet
  facet normal 0.629327 -0.777141 0
    outer loop
      vertex -98.8535 98.8535 7
      vertex -90.6002 105.537 17
      vertex -98.8535 98.8535 17
    endloop
  endfacet
  facet normal 0.629327 -0.777141 0
    outer loop
      vertex -90.6002 105.537 17
      vertex -98.8535 98.8535 7
      vertex -90.6002 105.537 7
    endloop
  endfacet
  facet normal 0.777141 -0.629327 0
    outer loop
      vertex -105.537 90.6002 17
      vertex -98.8535 98.8535 7
      vertex -98.8535 98.8535 17
    endloop
  endfacet
  facet normal 0.777141 -0.629327 0
    outer loop
      vertex -98.8535 98.8535 7
      vertex -105.537 90.6002 17
      vertex -105.537 90.6002 7
    endloop
  endfacet
  facet normal -0.987687 -0.15644 0
    outer loop
      vertex -12.2021 65.5912 7
      vertex -13.8635 76.0805 17
      vertex -13.8635 76.0805 7
    endloop
  endfacet
  facet normal -0.987687 -0.15644 0
    outer loop
      vertex -13.8635 76.0805 17
      vertex -12.2021 65.5912 7
      vertex -12.2021 65.5912 17
    endloop
  endfacet
  facet normal 0.258847 -0.965918 0
    outer loop
      vertex -81.1376 110.358 7
      vertex -70.8794 113.107 17
      vertex -81.1376 110.358 17
    endloop
  endfacet
  facet normal 0.258847 -0.965918 0
    outer loop
      vertex -70.8794 113.107 17
      vertex -81.1376 110.358 7
      vertex -70.8794 113.107 7
    endloop
  endfacet
  facet normal -0.891008 0.453988 0
    outer loop
      vertex -20.328 35.2648 7
      vertex -15.5066 44.7274 17
      vertex -15.5066 44.7274 7
    endloop
  endfacet
  facet normal -0.891008 0.453988 0
    outer loop
      vertex -15.5066 44.7274 17
      vertex -20.328 35.2648 7
      vertex -20.328 35.2648 17
    endloop
  endfacet
  facet normal 0.544636 0.838672 -0
    outer loop
      vertex -85.9952 17.6694 7
      vertex -94.902 23.4535 17
      vertex -85.9952 17.6694 17
    endloop
  endfacet
  facet normal 0.544636 0.838672 0
    outer loop
      vertex -94.902 23.4535 17
      vertex -85.9952 17.6694 7
      vertex -94.902 23.4535 7
    endloop
  endfacet
  facet normal -0.70713 -0.707083 0
    outer loop
      vertex -30.963 102.412 7
      vertex -23.4535 94.902 17
      vertex -30.963 102.412 17
    endloop
  endfacet
  facet normal -0.70713 -0.707083 -0
    outer loop
      vertex -23.4535 94.902 17
      vertex -30.963 102.412 7
      vertex -23.4535 94.902 7
    endloop
  endfacet
  facet normal -0.54463 -0.838677 0
    outer loop
      vertex -39.8698 108.196 7
      vertex -30.963 102.412 17
      vertex -39.8698 108.196 17
    endloop
  endfacet
  facet normal -0.54463 -0.838677 -0
    outer loop
      vertex -30.963 102.412 17
      vertex -39.8698 108.196 7
      vertex -30.963 102.412 7
    endloop
  endfacet
  facet normal 0.965918 -0.258847 0
    outer loop
      vertex -113.107 70.8794 17
      vertex -110.358 81.1376 7
      vertex -110.358 81.1376 17
    endloop
  endfacet
  facet normal 0.965918 -0.258847 0
    outer loop
      vertex -110.358 81.1376 7
      vertex -113.107 70.8794 17
      vertex -113.107 70.8794 7
    endloop
  endfacet
  facet normal -0.156403 -0.987693 0
    outer loop
      vertex -60.2738 113.663 7
      vertex -49.7845 112.002 17
      vertex -60.2738 113.663 17
    endloop
  endfacet
  facet normal -0.156403 -0.987693 -0
    outer loop
      vertex -49.7845 112.002 17
      vertex -60.2738 113.663 7
      vertex -49.7845 112.002 7
    endloop
  endfacet
  facet normal 0.15644 0.987687 -0
    outer loop
      vertex -65.5912 12.2021 7
      vertex -76.0805 13.8635 17
      vertex -65.5912 12.2021 17
    endloop
  endfacet
  facet normal 0.15644 0.987687 0
    outer loop
      vertex -76.0805 13.8635 17
      vertex -65.5912 12.2021 7
      vertex -76.0805 13.8635 7
    endloop
  endfacet
  facet normal -0.358376 -0.933577 0
    outer loop
      vertex -49.7845 112.002 7
      vertex -39.8698 108.196 17
      vertex -49.7845 112.002 17
    endloop
  endfacet
  facet normal -0.358376 -0.933577 -0
    outer loop
      vertex -39.8698 108.196 17
      vertex -49.7845 112.002 7
      vertex -39.8698 108.196 7
    endloop
  endfacet
  facet normal 0.0523532 -0.998629 0
    outer loop
      vertex -70.8794 113.107 7
      vertex -60.2738 113.663 17
      vertex -70.8794 113.107 17
    endloop
  endfacet
  facet normal 0.0523532 -0.998629 0
    outer loop
      vertex -60.2738 113.663 17
      vertex -70.8794 113.107 7
      vertex -60.2738 113.663 7
    endloop
  endfacet
  facet normal 0.998629 -0.0523532 0
    outer loop
      vertex -113.663 60.2738 17
      vertex -113.107 70.8794 7
      vertex -113.107 70.8794 17
    endloop
  endfacet
  facet normal 0.998629 -0.0523532 0
    outer loop
      vertex -113.107 70.8794 7
      vertex -113.663 60.2738 17
      vertex -113.663 60.2738 7
    endloop
  endfacet
  facet normal 0.453958 -0.891023 0
    outer loop
      vertex -90.6002 105.537 7
      vertex -81.1376 110.358 17
      vertex -90.6002 105.537 17
    endloop
  endfacet
  facet normal 0.453958 -0.891023 0
    outer loop
      vertex -81.1376 110.358 17
      vertex -90.6002 105.537 7
      vertex -81.1376 110.358 7
    endloop
  endfacet
  facet normal -0.93358 -0.358368 0
    outer loop
      vertex -13.8635 76.0805 7
      vertex -17.6694 85.9952 17
      vertex -17.6694 85.9952 7
    endloop
  endfacet
  facet normal -0.93358 -0.358368 0
    outer loop
      vertex -17.6694 85.9952 17
      vertex -13.8635 76.0805 7
      vertex -13.8635 76.0805 17
    endloop
  endfacet
  facet normal -0.99863 0.0523345 0
    outer loop
      vertex -12.7579 54.9856 7
      vertex -12.2021 65.5912 17
      vertex -12.2021 65.5912 7
    endloop
  endfacet
  facet normal -0.99863 0.0523345 0
    outer loop
      vertex -12.2021 65.5912 17
      vertex -12.7579 54.9856 7
      vertex -12.7579 54.9856 17
    endloop
  endfacet
  facet normal 0.987693 0.156403 0
    outer loop
      vertex -112.002 49.7845 17
      vertex -113.663 60.2738 7
      vertex -113.663 60.2738 17
    endloop
  endfacet
  facet normal 0.987693 0.156403 0
    outer loop
      vertex -113.663 60.2738 7
      vertex -112.002 49.7845 17
      vertex -112.002 49.7845 7
    endloop
  endfacet
  facet normal -0.965925 0.258821 0
    outer loop
      vertex -15.5066 44.7274 7
      vertex -12.7579 54.9856 17
      vertex -12.7579 54.9856 7
    endloop
  endfacet
  facet normal -0.965925 0.258821 0
    outer loop
      vertex -12.7579 54.9856 17
      vertex -15.5066 44.7274 7
      vertex -15.5066 44.7274 17
    endloop
  endfacet
  facet normal -0.838672 -0.544636 0
    outer loop
      vertex -17.6694 85.9952 7
      vertex -23.4535 94.902 17
      vertex -23.4535 94.902 7
    endloop
  endfacet
  facet normal -0.838672 -0.544636 0
    outer loop
      vertex -23.4535 94.902 17
      vertex -17.6694 85.9952 7
      vertex -17.6694 85.9952 17
    endloop
  endfacet
  facet normal 0.358368 0.93358 -0
    outer loop
      vertex -76.0805 13.8635 7
      vertex -85.9952 17.6694 17
      vertex -76.0805 13.8635 17
    endloop
  endfacet
  facet normal 0.358368 0.93358 0
    outer loop
      vertex -85.9952 17.6694 17
      vertex -76.0805 13.8635 7
      vertex -85.9952 17.6694 7
    endloop
  endfacet
  facet normal -0.453988 0.891008 0
    outer loop
      vertex -35.2648 20.328 7
      vertex -44.7274 15.5066 17
      vertex -35.2648 20.328 17
    endloop
  endfacet
  facet normal -0.453988 0.891008 0
    outer loop
      vertex -44.7274 15.5066 17
      vertex -35.2648 20.328 7
      vertex -44.7274 15.5066 7
    endloop
  endfacet
  facet normal -0.777141 0.629327 0
    outer loop
      vertex -27.0115 27.0115 7
      vertex -20.328 35.2648 17
      vertex -20.328 35.2648 7
    endloop
  endfacet
  facet normal -0.777141 0.629327 0
    outer loop
      vertex -20.328 35.2648 17
      vertex -27.0115 27.0115 7
      vertex -27.0115 27.0115 17
    endloop
  endfacet
  facet normal 0.707083 0.70713 0
    outer loop
      vertex -94.902 23.4535 17
      vertex -102.412 30.963 7
      vertex -102.412 30.963 17
    endloop
  endfacet
  facet normal 0.707083 0.70713 0
    outer loop
      vertex -102.412 30.963 7
      vertex -94.902 23.4535 17
      vertex -94.902 23.4535 7
    endloop
  endfacet
  facet normal -0.258821 0.965925 0
    outer loop
      vertex -44.7274 15.5066 7
      vertex -54.9856 12.7579 17
      vertex -44.7274 15.5066 17
    endloop
  endfacet
  facet normal -0.258821 0.965925 0
    outer loop
      vertex -54.9856 12.7579 17
      vertex -44.7274 15.5066 7
      vertex -54.9856 12.7579 7
    endloop
  endfacet
  facet normal -0.70719 0.707023 0
    outer loop
      vertex -104.652 104.652 7
      vertex -108.894 100.409 17
      vertex -104.652 104.652 17
    endloop
  endfacet
  facet normal -0.70719 0.707023 0
    outer loop
      vertex -108.894 100.409 17
      vertex -104.652 104.652 7
      vertex -108.894 100.409 7
    endloop
  endfacet
  facet normal -0.707076 -0.707137 0
    outer loop
      vertex -107.741 99.2561 7
      vertex -108.894 100.409 17
      vertex -108.894 100.409 7
    endloop
  endfacet
  facet normal -0.707076 -0.707137 0
    outer loop
      vertex -108.894 100.409 17
      vertex -107.741 99.2561 7
      vertex -107.741 99.2561 17
    endloop
  endfacet
  facet normal 0.707107 0.707107 0
    outer loop
      vertex -103.945 103.945 17
      vertex -104.652 104.652 7
      vertex -104.652 104.652 17
    endloop
  endfacet
  facet normal 0.707107 0.707107 0
    outer loop
      vertex -104.652 104.652 7
      vertex -103.945 103.945 17
      vertex -103.945 103.945 7
    endloop
  endfacet
  facet normal 0.707145 -0.707069 0
    outer loop
      vertex -100.409 16.9706 17
      vertex -99.4774 17.9023 7
      vertex -99.4774 17.9023 17
    endloop
  endfacet
  facet normal 0.707145 -0.707069 0
    outer loop
      vertex -99.4774 17.9023 7
      vertex -100.409 16.9706 17
      vertex -100.409 16.9706 7
    endloop
  endfacet
  facet normal -0.707031 0.707183 0
    outer loop
      vertex -103.72 22.145 7
      vertex -104.652 21.2132 17
      vertex -103.72 22.145 17
    endloop
  endfacet
  facet normal -0.707031 0.707183 0
    outer loop
      vertex -104.652 21.2132 17
      vertex -103.72 22.145 7
      vertex -104.652 21.2132 7
    endloop
  endfacet
  facet normal -0.707073 -0.70714 0
    outer loop
      vertex -100.409 16.9706 7
      vertex -104.652 21.2132 17
      vertex -104.652 21.2132 7
    endloop
  endfacet
  facet normal -0.707073 -0.70714 0
    outer loop
      vertex -104.652 21.2132 17
      vertex -100.409 16.9706 7
      vertex -100.409 16.9706 17
    endloop
  endfacet
  facet normal 0.707107 -0.707107 0
    outer loop
      vertex -21.2132 21.2132 17
      vertex -16.9706 25.4558 7
      vertex -16.9706 25.4558 17
    endloop
  endfacet
  facet normal 0.707107 -0.707107 0
    outer loop
      vertex -16.9706 25.4558 7
      vertex -21.2132 21.2132 17
      vertex -21.2132 21.2132 7
    endloop
  endfacet
  facet normal 0.707137 0.707076 0
    outer loop
      vertex -16.9706 25.4558 17
      vertex -18.1236 26.6089 7
      vertex -18.1236 26.6089 17
    endloop
  endfacet
  facet normal 0.707137 0.707076 0
    outer loop
      vertex -18.1236 26.6089 7
      vertex -16.9706 25.4558 17
      vertex -16.9706 25.4558 7
    endloop
  endfacet
  facet normal -0.707107 -0.707107 0
    outer loop
      vertex -21.2132 21.2132 7
      vertex -21.9203 21.9203 17
      vertex -21.9203 21.9203 7
    endloop
  endfacet
  facet normal -0.707107 -0.707107 0
    outer loop
      vertex -21.9203 21.9203 17
      vertex -21.2132 21.2132 7
      vertex -21.2132 21.2132 17
    endloop
  endfacet
  facet normal 0.707057 0.707157 0
    outer loop
      vertex -21.2132 104.652 17
      vertex -25.4558 108.894 7
      vertex -25.4558 108.894 17
    endloop
  endfacet
  facet normal 0.707057 0.707157 0
    outer loop
      vertex -25.4558 108.894 7
      vertex -21.2132 104.652 17
      vertex -21.2132 104.652 7
    endloop
  endfacet
  facet normal 0.707183 -0.707031 0
    outer loop
      vertex -22.145 103.72 17
      vertex -21.2132 104.652 7
      vertex -21.2132 104.652 17
    endloop
  endfacet
  facet normal 0.707183 -0.707031 0
    outer loop
      vertex -21.2132 104.652 7
      vertex -22.145 103.72 17
      vertex -22.145 103.72 7
    endloop
  endfacet
  facet normal -0.706803 0.70741 0
    outer loop
      vertex -26.3876 107.963 7
      vertex -25.4558 108.894 17
      vertex -25.4558 108.894 7
    endloop
  endfacet
  facet normal -0.706803 0.70741 0
    outer loop
      vertex -25.4558 108.894 17
      vertex -26.3876 107.963 7
      vertex -26.3876 107.963 17
    endloop
  endfacet
  facet normal 0.454004 -0.891 0
    outer loop
      vertex -64.269 -55.8876 4
      vertex -63.6351 -55.5646 7
      vertex -64.269 -55.8876 7
    endloop
  endfacet
  facet normal 0.454004 -0.891 0
    outer loop
      vertex -63.6351 -55.5646 7
      vertex -64.269 -55.8876 4
      vertex -63.6351 -55.5646 4
    endloop
  endfacet
  facet normal -0.891022 0.453961 0
    outer loop
      vertex -62.2515 -57.9051 4
      vertex -61.451 -56.3339 7
      vertex -61.451 -56.3339 4
    endloop
  endfacet
  facet normal -0.891022 0.453961 0
    outer loop
      vertex -61.451 -56.3339 7
      vertex -62.2515 -57.9051 4
      vertex -62.2515 -57.9051 7
    endloop
  endfacet
  facet normal 0.156458 0.987685 -0
    outer loop
      vertex -62.2515 -57.9051 4
      vertex -63.9932 -57.6292 7
      vertex -62.2515 -57.9051 7
    endloop
  endfacet
  facet normal 0.156458 0.987685 0
    outer loop
      vertex -63.9932 -57.6292 7
      vertex -62.2515 -57.9051 4
      vertex -63.9932 -57.6292 4
    endloop
  endfacet
  facet normal -0.707107 -0.707107 0
    outer loop
      vertex -62.167 -55.6179 4
      vertex -61.451 -56.3339 7
      vertex -62.167 -55.6179 7
    endloop
  endfacet
  facet normal -0.707107 -0.707107 -0
    outer loop
      vertex -61.451 -56.3339 7
      vertex -62.167 -55.6179 4
      vertex -61.451 -56.3339 4
    endloop
  endfacet
  facet normal 0.987692 0.156411 0
    outer loop
      vertex -63.9932 -57.6292 7
      vertex -64.269 -55.8876 4
      vertex -64.269 -55.8876 7
    endloop
  endfacet
  facet normal 0.987692 0.156411 0
    outer loop
      vertex -64.269 -55.8876 4
      vertex -63.9932 -57.6292 7
      vertex -63.9932 -57.6292 4
    endloop
  endfacet
  facet normal 0.453961 -0.891022 0
    outer loop
      vertex -57.9051 -62.2515 4
      vertex -56.3339 -61.451 7
      vertex -57.9051 -62.2515 7
    endloop
  endfacet
  facet normal 0.453961 -0.891022 0
    outer loop
      vertex -56.3339 -61.451 7
      vertex -57.9051 -62.2515 4
      vertex -56.3339 -61.451 4
    endloop
  endfacet
  facet normal -0.891 0.454004 0
    outer loop
      vertex -55.8876 -64.269 4
      vertex -55.5646 -63.6351 7
      vertex -55.5646 -63.6351 4
    endloop
  endfacet
  facet normal -0.891 0.454004 0
    outer loop
      vertex -55.5646 -63.6351 7
      vertex -55.8876 -64.269 4
      vertex -55.8876 -64.269 7
    endloop
  endfacet
  facet normal 0.156465 0.987684 0
    outer loop
      vertex -57.0188 -64.0898 4
      vertex -55.8876 -64.269 7
      vertex -55.8876 -64.269 4
    endloop
  endfacet
  facet normal 0.156411 0.987692 2.07489e-05
    outer loop
      vertex -55.8876 -64.269 7
      vertex -57.0188 -64.0898 4
      vertex -57.6292 -63.9932 7
    endloop
  endfacet
  facet normal 0.156312 0.987708 0
    outer loop
      vertex -57.6292 -63.9932 7
      vertex -57.0188 -64.0898 4
      vertex -57.6292 -63.9932 4
    endloop
  endfacet
  facet normal -0.707107 -0.707107 0
    outer loop
      vertex -55.6179 -62.167 4
      vertex -56.3339 -61.451 7
      vertex -56.3339 -61.451 4
    endloop
  endfacet
  facet normal -0.707107 -0.707107 0
    outer loop
      vertex -56.3339 -61.451 7
      vertex -55.6179 -62.167 4
      vertex -55.6179 -62.167 7
    endloop
  endfacet
  facet normal 0.987685 0.156458 0
    outer loop
      vertex -57.6292 -63.9932 7
      vertex -57.9051 -62.2515 4
      vertex -57.9051 -62.2515 7
    endloop
  endfacet
  facet normal 0.987685 0.156458 0
    outer loop
      vertex -57.9051 -62.2515 4
      vertex -57.6292 -63.9932 7
      vertex -57.6292 -63.9932 4
    endloop
  endfacet
  facet normal 0.453972 -0.891016 0
    outer loop
      vertex -70.4671 -62.167 4
      vertex -69.0618 -61.451 7
      vertex -70.4671 -62.167 7
    endloop
  endfacet
  facet normal 0.453972 -0.891016 0
    outer loop
      vertex -69.0618 -61.451 7
      vertex -70.4671 -62.167 4
      vertex -69.0618 -61.451 4
    endloop
  endfacet
  facet normal -0.890987 0.454029 0
    outer loop
      vertex -68.6155 -64.269 4
      vertex -67.8149 -62.6979 7
      vertex -67.8149 -62.6979 4
    endloop
  endfacet
  facet normal -0.890987 0.454029 0
    outer loop
      vertex -67.8149 -62.6979 7
      vertex -68.6155 -64.269 4
      vertex -68.6155 -64.269 7
    endloop
  endfacet
  facet normal 0.156411 0.987692 -0
    outer loop
      vertex -68.6155 -64.269 4
      vertex -70.3571 -63.9932 7
      vertex -68.6155 -64.269 7
    endloop
  endfacet
  facet normal 0.156411 0.987692 0
    outer loop
      vertex -70.3571 -63.9932 7
      vertex -68.6155 -64.269 4
      vertex -70.3571 -63.9932 4
    endloop
  endfacet
  facet normal -0.707107 -0.707107 0
    outer loop
      vertex -67.8149 -62.6979 4
      vertex -69.0618 -61.451 7
      vertex -69.0618 -61.451 4
    endloop
  endfacet
  facet normal -0.707107 -0.707107 0
    outer loop
      vertex -69.0618 -61.451 7
      vertex -67.8149 -62.6979 4
      vertex -67.8149 -62.6979 7
    endloop
  endfacet
  facet normal 0.987689 0.15643 0
    outer loop
      vertex -70.3571 -63.9932 7
      vertex -70.4138 -63.6352 4
      vertex -70.4138 -63.6352 7
    endloop
  endfacet
  facet normal 0.987689 0.15643 0
    outer loop
      vertex -70.4138 -63.6352 4
      vertex -70.3571 -63.9932 7
      vertex -70.3571 -63.9932 4
    endloop
  endfacet
  facet normal 0.454029 -0.890987 0
    outer loop
      vertex -64.269 -68.6155 4
      vertex -62.6979 -67.8149 7
      vertex -64.269 -68.6155 7
    endloop
  endfacet
  facet normal 0.454029 -0.890987 0
    outer loop
      vertex -62.6979 -67.8149 7
      vertex -64.269 -68.6155 4
      vertex -62.6979 -67.8149 4
    endloop
  endfacet
  facet normal -0.891016 0.453972 0
    outer loop
      vertex -62.167 -70.4671 4
      vertex -61.451 -69.0618 7
      vertex -61.451 -69.0618 4
    endloop
  endfacet
  facet normal -0.891016 0.453972 0
    outer loop
      vertex -61.451 -69.0618 7
      vertex -62.167 -70.4671 4
      vertex -62.167 -70.4671 7
    endloop
  endfacet
  facet normal 0.15643 0.987689 -0
    outer loop
      vertex -63.6352 -70.4138 4
      vertex -63.9932 -70.3571 7
      vertex -63.6352 -70.4138 7
    endloop
  endfacet
  facet normal 0.15643 0.987689 0
    outer loop
      vertex -63.9932 -70.3571 7
      vertex -63.6352 -70.4138 4
      vertex -63.9932 -70.3571 4
    endloop
  endfacet
  facet normal -0.707107 -0.707107 0
    outer loop
      vertex -62.6979 -67.8149 4
      vertex -61.451 -69.0618 7
      vertex -62.6979 -67.8149 7
    endloop
  endfacet
  facet normal -0.707107 -0.707107 -0
    outer loop
      vertex -61.451 -69.0618 7
      vertex -62.6979 -67.8149 4
      vertex -61.451 -69.0618 4
    endloop
  endfacet
  facet normal 0.987692 0.156411 0
    outer loop
      vertex -63.9932 -70.3571 7
      vertex -64.269 -68.6155 4
      vertex -64.269 -68.6155 7
    endloop
  endfacet
  facet normal 0.987692 0.156411 0
    outer loop
      vertex -64.269 -68.6155 4
      vertex -63.9932 -70.3571 7
      vertex -63.9932 -70.3571 4
    endloop
  endfacet
  facet normal 0.453984 -0.89101 0
    outer loop
      vertex -64.269 -53.7662 4
      vertex -62.6979 -52.9657 7
      vertex -64.269 -53.7662 7
    endloop
  endfacet
  facet normal 0.453984 -0.89101 0
    outer loop
      vertex -62.6979 -52.9657 7
      vertex -64.269 -53.7662 4
      vertex -62.6979 -52.9657 4
    endloop
  endfacet
  facet normal -0.891016 0.453972 0
    outer loop
      vertex -62.167 -55.6179 4
      vertex -61.451 -54.2126 7
      vertex -61.451 -54.2126 4
    endloop
  endfacet
  facet normal -0.891016 0.453972 0
    outer loop
      vertex -61.451 -54.2126 7
      vertex -62.167 -55.6179 4
      vertex -62.167 -55.6179 7
    endloop
  endfacet
  facet normal 0.156387 0.987696 -0
    outer loop
      vertex -63.6351 -55.5646 4
      vertex -63.9932 -55.5079 7
      vertex -63.6351 -55.5646 7
    endloop
  endfacet
  facet normal 0.156387 0.987696 0
    outer loop
      vertex -63.9932 -55.5079 7
      vertex -63.6351 -55.5646 4
      vertex -63.9932 -55.5079 4
    endloop
  endfacet
  facet normal -0.707107 -0.707107 0
    outer loop
      vertex -62.6979 -52.9657 4
      vertex -61.451 -54.2126 7
      vertex -62.6979 -52.9657 7
    endloop
  endfacet
  facet normal -0.707107 -0.707107 -0
    outer loop
      vertex -61.451 -54.2126 7
      vertex -62.6979 -52.9657 4
      vertex -61.451 -54.2126 4
    endloop
  endfacet
  facet normal 0.987693 0.156402 0
    outer loop
      vertex -63.9932 -55.5079 7
      vertex -64.269 -53.7662 4
      vertex -64.269 -53.7662 7
    endloop
  endfacet
  facet normal 0.987693 0.156402 0
    outer loop
      vertex -64.269 -53.7662 4
      vertex -63.9932 -55.5079 7
      vertex -63.9932 -55.5079 4
    endloop
  endfacet
  facet normal 0.453966 -0.891019 0
    outer loop
      vertex -54.5537 -61.6248 4
      vertex -55.6179 -62.167 7
      vertex -55.6179 -62.167 4
    endloop
  endfacet
  facet normal 0.453972 -0.891016 2.86163e-06
    outer loop
      vertex -55.6179 -62.167 7
      vertex -54.5537 -61.6248 4
      vertex -54.2126 -61.451 7
    endloop
  endfacet
  facet normal 0.453992 -0.891006 0
    outer loop
      vertex -54.2126 -61.451 7
      vertex -54.5537 -61.6248 4
      vertex -54.2126 -61.451 4
    endloop
  endfacet
  facet normal -0.89101 0.453984 0
    outer loop
      vertex -53.7662 -64.269 4
      vertex -52.9657 -62.6979 7
      vertex -52.9657 -62.6979 4
    endloop
  endfacet
  facet normal -0.89101 0.453984 0
    outer loop
      vertex -52.9657 -62.6979 7
      vertex -53.7662 -64.269 4
      vertex -53.7662 -64.269 7
    endloop
  endfacet
  facet normal 0.156402 0.987693 -0
    outer loop
      vertex -53.7662 -64.269 4
      vertex -55.5079 -63.9932 7
      vertex -53.7662 -64.269 7
    endloop
  endfacet
  facet normal 0.156402 0.987693 0
    outer loop
      vertex -55.5079 -63.9932 7
      vertex -53.7662 -64.269 4
      vertex -55.5079 -63.9932 4
    endloop
  endfacet
  facet normal -0.707107 -0.707107 0
    outer loop
      vertex -52.9657 -62.6979 4
      vertex -54.2126 -61.451 7
      vertex -54.2126 -61.451 4
    endloop
  endfacet
  facet normal -0.707107 -0.707107 0
    outer loop
      vertex -54.2126 -61.451 7
      vertex -52.9657 -62.6979 4
      vertex -52.9657 -62.6979 7
    endloop
  endfacet
  facet normal 0.987696 0.156387 0
    outer loop
      vertex -55.5079 -63.9932 7
      vertex -55.5646 -63.6351 4
      vertex -55.5646 -63.6351 7
    endloop
  endfacet
  facet normal 0.987696 0.156387 0
    outer loop
      vertex -55.5646 -63.6351 4
      vertex -55.5079 -63.9932 7
      vertex -55.5079 -63.9932 4
    endloop
  endfacet
  facet normal 0.453981 -0.891011 0
    outer loop
      vertex -71.5243 -61.6248 4
      vertex -72.7543 -62.2515 7
      vertex -72.7543 -62.2515 4
    endloop
  endfacet
  facet normal 0.453961 -0.891022 -1.05934e-05
    outer loop
      vertex -72.7543 -62.2515 7
      vertex -71.5243 -61.6248 4
      vertex -71.1831 -61.451 7
    endloop
  endfacet
  facet normal 0.453887 -0.891059 0
    outer loop
      vertex -71.1831 -61.451 7
      vertex -71.5243 -61.6248 4
      vertex -71.1831 -61.451 4
    endloop
  endfacet
  facet normal -0.891009 0.453986 0
    outer loop
      vertex -70.5155 -63.8348 4
      vertex -70.4138 -63.6352 7
      vertex -70.4138 -63.6352 4
    endloop
  endfacet
  facet normal -0.890953 0.454095 0
    outer loop
      vertex -70.7368 -64.269 7
      vertex -70.5155 -63.8348 4
      vertex -70.7368 -64.269 4
    endloop
  endfacet
  facet normal -0.890971 0.454061 -6.25095e-06
    outer loop
      vertex -70.5155 -63.8348 4
      vertex -70.7368 -64.269 7
      vertex -70.4138 -63.6352 7
    endloop
  endfacet
  facet normal 0.156411 0.987692 -0
    outer loop
      vertex -70.7368 -64.269 4
      vertex -72.4784 -63.9932 7
      vertex -70.7368 -64.269 7
    endloop
  endfacet
  facet normal 0.156411 0.987692 0
    outer loop
      vertex -72.4784 -63.9932 7
      vertex -70.7368 -64.269 4
      vertex -72.4784 -63.9932 4
    endloop
  endfacet
  facet normal -0.707107 -0.707107 0
    outer loop
      vertex -70.4671 -62.167 4
      vertex -71.1831 -61.451 7
      vertex -71.1831 -61.451 4
    endloop
  endfacet
  facet normal -0.707107 -0.707107 0
    outer loop
      vertex -71.1831 -61.451 7
      vertex -70.4671 -62.167 4
      vertex -70.4671 -62.167 7
    endloop
  endfacet
  facet normal 0.987685 0.156458 0
    outer loop
      vertex -72.4784 -63.9932 7
      vertex -72.7543 -62.2515 4
      vertex -72.7543 -62.2515 7
    endloop
  endfacet
  facet normal 0.987685 0.156458 0
    outer loop
      vertex -72.7543 -62.2515 4
      vertex -72.4784 -63.9932 7
      vertex -72.4784 -63.9932 4
    endloop
  endfacet
  facet normal 0.454095 -0.890953 0
    outer loop
      vertex -63.8348 -70.5155 4
      vertex -64.269 -70.7368 7
      vertex -64.269 -70.7368 4
    endloop
  endfacet
  facet normal 0.454061 -0.890971 -6.25095e-06
    outer loop
      vertex -64.269 -70.7368 7
      vertex -63.8348 -70.5155 4
      vertex -63.6352 -70.4138 7
    endloop
  endfacet
  facet normal 0.453986 -0.891009 0
    outer loop
      vertex -63.6352 -70.4138 7
      vertex -63.8348 -70.5155 4
      vertex -63.6352 -70.4138 4
    endloop
  endfacet
  facet normal -0.891059 0.453887 0
    outer loop
      vertex -61.6248 -71.5243 4
      vertex -61.451 -71.1831 7
      vertex -61.451 -71.1831 4
    endloop
  endfacet
  facet normal -0.891011 0.453981 0
    outer loop
      vertex -62.2515 -72.7543 7
      vertex -61.6248 -71.5243 4
      vertex -62.2515 -72.7543 4
    endloop
  endfacet
  facet normal -0.891022 0.453961 -1.05934e-05
    outer loop
      vertex -61.6248 -71.5243 4
      vertex -62.2515 -72.7543 7
      vertex -61.451 -71.1831 7
    endloop
  endfacet
  facet normal 0.156458 0.987685 -0
    outer loop
      vertex -62.2515 -72.7543 4
      vertex -63.9932 -72.4784 7
      vertex -62.2515 -72.7543 7
    endloop
  endfacet
  facet normal 0.156458 0.987685 0
    outer loop
      vertex -63.9932 -72.4784 7
      vertex -62.2515 -72.7543 4
      vertex -63.9932 -72.4784 4
    endloop
  endfacet
  facet normal -0.707107 -0.707107 0
    outer loop
      vertex -61.451 -71.1831 4
      vertex -62.167 -70.4671 7
      vertex -62.167 -70.4671 4
    endloop
  endfacet
  facet normal -0.707107 -0.707107 0
    outer loop
      vertex -62.167 -70.4671 7
      vertex -61.451 -71.1831 4
      vertex -61.451 -71.1831 7
    endloop
  endfacet
  facet normal 0.987692 0.156411 0
    outer loop
      vertex -63.9932 -72.4784 7
      vertex -64.269 -70.7368 4
      vertex -64.269 -70.7368 7
    endloop
  endfacet
  facet normal 0.987692 0.156411 0
    outer loop
      vertex -64.269 -70.7368 4
      vertex -63.9932 -72.4784 7
      vertex -63.9932 -72.4784 4
    endloop
  endfacet
  facet normal -0.707107 -0.707107 0
    outer loop
      vertex -62.9325 -75.6604 4
      vertex -75.6604 -62.9325 7
      vertex -75.6604 -62.9325 4
    endloop
  endfacet
  facet normal -0.707107 -0.707107 0
    outer loop
      vertex -75.6604 -62.9325 7
      vertex -62.9325 -75.6604 4
      vertex -62.9325 -75.6604 7
    endloop
  endfacet
  facet normal -0 0 -1
    outer loop
      vertex -61.451 -56.3339 7
      vertex -62.2515 -57.9051 7
      vertex -62.167 -55.6179 7
    endloop
  endfacet
  facet normal 0 0 -1
    outer loop
      vertex -62.167 -55.6179 7
      vertex -62.6979 -52.9657 7
      vertex -61.451 -54.2126 7
    endloop
  endfacet
  facet normal 0 0 -1
    outer loop
      vertex -63.6351 -55.5646 7
      vertex -62.167 -55.6179 7
      vertex -62.2515 -57.9051 7
    endloop
  endfacet
  facet normal 0 0 -1
    outer loop
      vertex -62.167 -55.6179 7
      vertex -63.6351 -55.5646 7
      vertex -62.6979 -52.9657 7
    endloop
  endfacet
  facet normal 0 0 -1
    outer loop
      vertex -63.9932 -57.6292 7
      vertex -63.6351 -55.5646 7
      vertex -62.2515 -57.9051 7
    endloop
  endfacet
  facet normal 0 0 -1
    outer loop
      vertex -63.6351 -55.5646 7
      vertex -63.9932 -57.6292 7
      vertex -64.269 -55.8876 7
    endloop
  endfacet
  facet normal 0 0 -1
    outer loop
      vertex -64.269 -53.7662 7
      vertex -63.6351 -55.5646 7
      vertex -63.9932 -55.5079 7
    endloop
  endfacet
  facet normal 0 0 -1
    outer loop
      vertex -63.6351 -55.5646 7
      vertex -64.269 -53.7662 7
      vertex -62.6979 -52.9657 7
    endloop
  endfacet
  facet normal 0 0 -1
    outer loop
      vertex -55.5646 -63.6351 7
      vertex -52.9657 -62.6979 7
      vertex -53.7662 -64.269 7
    endloop
  endfacet
  facet normal 0 0 -1
    outer loop
      vertex -55.5646 -63.6351 7
      vertex -53.7662 -64.269 7
      vertex -55.5079 -63.9932 7
    endloop
  endfacet
  facet normal -0 0 -1
    outer loop
      vertex -52.9657 -62.6979 7
      vertex -55.5646 -63.6351 7
      vertex -54.2126 -61.451 7
    endloop
  endfacet
  facet normal 0 0 -1
    outer loop
      vertex -55.5646 -63.6351 7
      vertex -55.6179 -62.167 7
      vertex -54.2126 -61.451 7
    endloop
  endfacet
  facet normal 0 0 -1
    outer loop
      vertex -57.6292 -63.9932 7
      vertex -55.5646 -63.6351 7
      vertex -55.8876 -64.269 7
    endloop
  endfacet
  facet normal 0 0 -1
    outer loop
      vertex -57.9051 -62.2515 7
      vertex -55.5646 -63.6351 7
      vertex -57.6292 -63.9932 7
    endloop
  endfacet
  facet normal 0 0 -1
    outer loop
      vertex -55.5646 -63.6351 7
      vertex -57.9051 -62.2515 7
      vertex -55.6179 -62.167 7
    endloop
  endfacet
  facet normal -0 0 -1
    outer loop
      vertex -55.6179 -62.167 7
      vertex -57.9051 -62.2515 7
      vertex -56.3339 -61.451 7
    endloop
  endfacet
  facet normal -0 0 -1
    outer loop
      vertex -61.451 -71.1831 7
      vertex -62.2515 -72.7543 7
      vertex -62.167 -70.4671 7
    endloop
  endfacet
  facet normal 0 0 -1
    outer loop
      vertex -62.167 -70.4671 7
      vertex -62.6979 -67.8149 7
      vertex -61.451 -69.0618 7
    endloop
  endfacet
  facet normal 0 0 -1
    outer loop
      vertex -63.6352 -70.4138 7
      vertex -62.167 -70.4671 7
      vertex -62.2515 -72.7543 7
    endloop
  endfacet
  facet normal 0 0 -1
    outer loop
      vertex -62.167 -70.4671 7
      vertex -63.6352 -70.4138 7
      vertex -62.6979 -67.8149 7
    endloop
  endfacet
  facet normal 0 0 -1
    outer loop
      vertex -63.9932 -72.4784 7
      vertex -63.6352 -70.4138 7
      vertex -62.2515 -72.7543 7
    endloop
  endfacet
  facet normal 0 0 -1
    outer loop
      vertex -63.6352 -70.4138 7
      vertex -63.9932 -72.4784 7
      vertex -64.269 -70.7368 7
    endloop
  endfacet
  facet normal 0 0 -1
    outer loop
      vertex -64.269 -68.6155 7
      vertex -63.6352 -70.4138 7
      vertex -63.9932 -70.3571 7
    endloop
  endfacet
  facet normal 0 0 -1
    outer loop
      vertex -63.6352 -70.4138 7
      vertex -64.269 -68.6155 7
      vertex -62.6979 -67.8149 7
    endloop
  endfacet
  facet normal 0 0 -1
    outer loop
      vertex -70.4138 -63.6352 7
      vertex -67.8149 -62.6979 7
      vertex -68.6155 -64.269 7
    endloop
  endfacet
  facet normal 0 0 -1
    outer loop
      vertex -70.4138 -63.6352 7
      vertex -68.6155 -64.269 7
      vertex -70.3571 -63.9932 7
    endloop
  endfacet
  facet normal -0 0 -1
    outer loop
      vertex -67.8149 -62.6979 7
      vertex -70.4138 -63.6352 7
      vertex -69.0618 -61.451 7
    endloop
  endfacet
  facet normal 0 0 -1
    outer loop
      vertex -70.4138 -63.6352 7
      vertex -70.4671 -62.167 7
      vertex -69.0618 -61.451 7
    endloop
  endfacet
  facet normal 0 0 -1
    outer loop
      vertex -72.4784 -63.9932 7
      vertex -70.4138 -63.6352 7
      vertex -70.7368 -64.269 7
    endloop
  endfacet
  facet normal 0 0 -1
    outer loop
      vertex -72.7543 -62.2515 7
      vertex -70.4138 -63.6352 7
      vertex -72.4784 -63.9932 7
    endloop
  endfacet
  facet normal 0 0 -1
    outer loop
      vertex -70.4138 -63.6352 7
      vertex -72.7543 -62.2515 7
      vertex -70.4671 -62.167 7
    endloop
  endfacet
  facet normal -0 0 -1
    outer loop
      vertex -70.4671 -62.167 7
      vertex -72.7543 -62.2515 7
      vertex -71.1831 -61.451 7
    endloop
  endfacet
  facet normal -0 0 -1
    outer loop
      vertex -62.9333 -50.2054 7
      vertex -75.6604 -62.9325 7
      vertex -63 -50 7
    endloop
  endfacet
  facet normal 0 0 -1
    outer loop
      vertex -62.9325 -79.9031 7
      vertex -50.2046 -62.9325 7
      vertex -45.9619 -62.9325 7
    endloop
  endfacet
  facet normal 0 0 -1
    outer loop
      vertex -62.9325 -79.9031 7
      vertex -62.9325 -75.6604 7
      vertex -50.2046 -62.9325 7
    endloop
  endfacet
  facet normal 0 0 -1
    outer loop
      vertex -62.9325 -79.9031 7
      vertex -75.6604 -62.9325 7
      vertex -62.9325 -75.6604 7
    endloop
  endfacet
  facet normal -0 -0 -1
    outer loop
      vertex -75.6604 -62.9325 7
      vertex -62.9325 -79.9031 7
      vertex -79.9031 -62.9325 7
    endloop
  endfacet
  facet normal 0 0 -1
    outer loop
      vertex -50.2046 -62.9325 7
      vertex -57.4646 -51.4299 7
      vertex -45.9619 -62.9325 7
    endloop
  endfacet
  facet normal 0 0 -1
    outer loop
      vertex -50.2046 -62.9325 7
      vertex -57.5729 -51.7634 7
      vertex -57.4646 -51.4299 7
    endloop
  endfacet
  facet normal 0 0 -1
    outer loop
      vertex -50.2046 -62.9325 7
      vertex -59.0729 -52.8532 7
      vertex -57.5729 -51.7634 7
    endloop
  endfacet
  facet normal -0 -0 -1
    outer loop
      vertex -59.0729 -52.8532 7
      vertex -50.2046 -62.9325 7
      vertex -60.2839 -52.8532 7
    endloop
  endfacet
  facet normal 0 0 -1
    outer loop
      vertex -62.4271 -48.2366 7
      vertex -62.9325 -45.9619 7
      vertex -61.4023 -47.4921 7
    endloop
  endfacet
  facet normal 0 0 -1
    outer loop
      vertex -63 -50 7
      vertex -62.9325 -45.9619 7
      vertex -62.4271 -48.2366 7
    endloop
  endfacet
  facet normal 0 0 -1
    outer loop
      vertex -79.9031 -62.9325 7
      vertex -63 -50 7
      vertex -75.6604 -62.9325 7
    endloop
  endfacet
  facet normal -0 0 -1
    outer loop
      vertex -63 -50 7
      vertex -79.9031 -62.9325 7
      vertex -62.9325 -45.9619 7
    endloop
  endfacet
  facet normal 0.707107 0.707107 0
    outer loop
      vertex -60.2839 -52.8532 7
      vertex -53.033 -60.1041 4
      vertex -60.2839 -52.8532 4
    endloop
  endfacet
  facet normal 0.707107 0.707107 -1.24619e-15
    outer loop
      vertex -50.2046 -62.9325 7
      vertex -53.033 -60.1041 4
      vertex -60.2839 -52.8532 7
    endloop
  endfacet
  facet normal 0.707107 0.707107 0
    outer loop
      vertex -53.033 -60.1041 4
      vertex -50.2046 -62.9325 7
      vertex -50.2046 -62.9325 4
    endloop
  endfacet
  facet normal 0.707107 -0.707107 0
    outer loop
      vertex -62.9325 -75.6604 7
      vertex -50.2046 -62.9325 4
      vertex -50.2046 -62.9325 7
    endloop
  endfacet
  facet normal 0.707107 -0.707107 0
    outer loop
      vertex -50.2046 -62.9325 4
      vertex -62.9325 -75.6604 7
      vertex -62.9325 -75.6604 4
    endloop
  endfacet
  facet normal -0.707107 0.707107 0
    outer loop
      vertex -68.4 -55.6721 4
      vertex -62.9333 -50.2054 7
      vertex -62.9333 -50.2054 4
    endloop
  endfacet
  facet normal -0.707107 0.707107 0
    outer loop
      vertex -75.6604 -62.9325 7
      vertex -68.4 -55.6721 4
      vertex -75.6604 -62.9325 4
    endloop
  endfacet
  facet normal -0.707107 0.707107 6.57952e-16
    outer loop
      vertex -68.4 -55.6721 4
      vertex -75.6604 -62.9325 7
      vertex -62.9333 -50.2054 7
    endloop
  endfacet
  facet normal -0.453989 -0.891007 0
    outer loop
      vertex -69.1959 -72.5772 10
      vertex -67.0537 -73.6687 24
      vertex -69.1959 -72.5772 24
    endloop
  endfacet
  facet normal -0.453989 -0.891007 -0
    outer loop
      vertex -67.0537 -73.6687 24
      vertex -69.1959 -72.5772 10
      vertex -67.0537 -73.6687 10
    endloop
  endfacet
  facet normal -0.629341 -0.77713 0
    outer loop
      vertex -71.0642 -71.0642 10
      vertex -69.1959 -72.5772 24
      vertex -71.0642 -71.0642 24
    endloop
  endfacet
  facet normal -0.629341 -0.77713 -0
    outer loop
      vertex -69.1959 -72.5772 24
      vertex -71.0642 -71.0642 10
      vertex -69.1959 -72.5772 10
    endloop
  endfacet
  facet normal -0.891007 -0.453989 0
    outer loop
      vertex -72.5772 -69.1959 10
      vertex -73.6687 -67.0537 24
      vertex -73.6687 -67.0537 10
    endloop
  endfacet
  facet normal -0.891007 -0.453989 0
    outer loop
      vertex -73.6687 -67.0537 24
      vertex -72.5772 -69.1959 10
      vertex -72.5772 -69.1959 24
    endloop
  endfacet
  facet normal 0.358338 -0.933592 0
    outer loop
      vertex -59.9561 -74.0406 10
      vertex -57.7116 -73.1791 24
      vertex -59.9561 -74.0406 24
    endloop
  endfacet
  facet normal 0.358338 -0.933592 0
    outer loop
      vertex -57.7116 -73.1791 24
      vertex -59.9561 -74.0406 10
      vertex -57.7116 -73.1791 10
    endloop
  endfacet
  facet normal 0.987687 -0.156441 0
    outer loop
      vertex -51.8244 -65.9089 24
      vertex -51.4483 -63.5344 10.9
      vertex -51.4483 -63.5344 24
    endloop
  endfacet
  facet normal 0.987687 -0.156441 0
    outer loop
      vertex -51.4483 -63.5344 10.9
      vertex -51.8244 -65.9089 24
      vertex -51.8244 -65.9089 10.9
    endloop
  endfacet
  facet normal 0.933581 -0.358365 0
    outer loop
      vertex -51.8244 -65.9089 24
      vertex -52.0513 -66.5 10.9
      vertex -51.8244 -65.9089 10.9
    endloop
  endfacet
  facet normal 0.933592 -0.358338 -1.40977e-06
    outer loop
      vertex -52.6859 -68.1534 24
      vertex -52.0513 -66.5 10.9
      vertex -51.8244 -65.9089 24
    endloop
  endfacet
  facet normal 0.933596 -0.358328 0
    outer loop
      vertex -52.6859 -68.1534 10
      vertex -52.0513 -66.5 10.9
      vertex -52.6859 -68.1534 24
    endloop
  endfacet
  facet normal 0.933596 -0.358328 0
    outer loop
      vertex -52.0513 -66.5 10.9
      vertex -52.6859 -68.1534 10
      vertex -52.0513 -66.5 10
    endloop
  endfacet
  facet normal -0.987687 0.156441 0
    outer loop
      vertex -74.4167 -62.3306 10
      vertex -74.0406 -59.9561 24
      vertex -74.0406 -59.9561 10
    endloop
  endfacet
  facet normal -0.987687 0.156441 0
    outer loop
      vertex -74.0406 -59.9561 24
      vertex -74.4167 -62.3306 10
      vertex -74.4167 -62.3306 24
    endloop
  endfacet
  facet normal -0.933592 0.358338 0
    outer loop
      vertex -74.0406 -59.9561 10
      vertex -73.1791 -57.7116 24
      vertex -73.1791 -57.7116 10
    endloop
  endfacet
  facet normal -0.933592 0.358338 0
    outer loop
      vertex -73.1791 -57.7116 24
      vertex -74.0406 -59.9561 10
      vertex -74.0406 -59.9561 24
    endloop
  endfacet
  facet normal -0.838671 0.544639 0
    outer loop
      vertex -73.1791 -57.7116 10
      vertex -71.8697 -55.6953 24
      vertex -71.8697 -55.6953 10
    endloop
  endfacet
  facet normal -0.838671 0.544639 0
    outer loop
      vertex -71.8697 -55.6953 24
      vertex -73.1791 -57.7116 10
      vertex -73.1791 -57.7116 24
    endloop
  endfacet
  facet normal 0.156441 -0.987687 0
    outer loop
      vertex -62.3306 -74.4167 10
      vertex -59.9561 -74.0406 24
      vertex -62.3306 -74.4167 24
    endloop
  endfacet
  facet normal 0.156441 -0.987687 0
    outer loop
      vertex -59.9561 -74.0406 24
      vertex -62.3306 -74.4167 10
      vertex -59.9561 -74.0406 10
    endloop
  endfacet
  facet normal 0.890999 0.454006 0
    outer loop
      vertex -52.1963 -58.8113 24
      vertex -53.2878 -56.6692 10.9
      vertex -53.2878 -56.6692 24
    endloop
  endfacet
  facet normal 0.890999 0.454006 0
    outer loop
      vertex -53.2878 -56.6692 10.9
      vertex -52.1963 -58.8113 24
      vertex -52.1963 -58.8113 10.9
    endloop
  endfacet
  facet normal -0.77713 -0.629341 0
    outer loop
      vertex -71.0642 -71.0642 10
      vertex -72.5772 -69.1959 24
      vertex -72.5772 -69.1959 10
    endloop
  endfacet
  facet normal -0.77713 -0.629341 0
    outer loop
      vertex -72.5772 -69.1959 24
      vertex -71.0642 -71.0642 10
      vertex -71.0642 -71.0642 24
    endloop
  endfacet
  facet normal 0.99863 0.0523252 0
    outer loop
      vertex -51.4483 -63.5344 24
      vertex -51.5741 -61.1335 10.9
      vertex -51.5741 -61.1335 24
    endloop
  endfacet
  facet normal 0.99863 0.0523252 0
    outer loop
      vertex -51.5741 -61.1335 10.9
      vertex -51.4483 -63.5344 24
      vertex -51.4483 -63.5344 10.9
    endloop
  endfacet
  facet normal 0.707107 -0.707107 0
    outer loop
      vertex -55.6953 -71.8697 24
      vertex -53.9953 -70.1697 10
      vertex -53.9953 -70.1697 24
    endloop
  endfacet
  facet normal 0.707107 -0.707107 0
    outer loop
      vertex -53.9953 -70.1697 10
      vertex -55.6953 -71.8697 24
      vertex -55.6953 -71.8697 10
    endloop
  endfacet
  facet normal -0.965929 -0.258807 0
    outer loop
      vertex -73.6687 -67.0537 10
      vertex -74.2909 -64.7315 24
      vertex -74.2909 -64.7315 10
    endloop
  endfacet
  facet normal -0.965929 -0.258807 0
    outer loop
      vertex -74.2909 -64.7315 24
      vertex -73.6687 -67.0537 10
      vertex -73.6687 -67.0537 24
    endloop
  endfacet
  facet normal 0.838671 -0.544639 0
    outer loop
      vertex -53.9953 -70.1697 24
      vertex -52.6859 -68.1534 10
      vertex -52.6859 -68.1534 24
    endloop
  endfacet
  facet normal 0.838671 -0.544639 0
    outer loop
      vertex -52.6859 -68.1534 10
      vertex -53.9953 -70.1697 24
      vertex -53.9953 -70.1697 10
    endloop
  endfacet
  facet normal -0.99863 -0.0523252 0
    outer loop
      vertex -74.2909 -64.7315 10
      vertex -74.4167 -62.3306 24
      vertex -74.4167 -62.3306 10
    endloop
  endfacet
  facet normal -0.99863 -0.0523252 0
    outer loop
      vertex -74.4167 -62.3306 24
      vertex -74.2909 -64.7315 10
      vertex -74.2909 -64.7315 24
    endloop
  endfacet
  facet normal -0.358338 0.933592 0
    outer loop
      vertex -65.9089 -51.8244 10
      vertex -68.1534 -52.6859 24
      vertex -65.9089 -51.8244 24
    endloop
  endfacet
  facet normal -0.358338 0.933592 0
    outer loop
      vertex -68.1534 -52.6859 24
      vertex -65.9089 -51.8244 10
      vertex -68.1534 -52.6859 10
    endloop
  endfacet
  facet normal -0.156441 0.987687 0
    outer loop
      vertex -63.5344 -51.4483 10
      vertex -65.9089 -51.8244 24
      vertex -63.5344 -51.4483 24
    endloop
  endfacet
  facet normal -0.156441 0.987687 0
    outer loop
      vertex -65.9089 -51.8244 24
      vertex -63.5344 -51.4483 10
      vertex -65.9089 -51.8244 10
    endloop
  endfacet
  facet normal -0.0523252 -0.99863 0
    outer loop
      vertex -64.7315 -74.2909 10
      vertex -62.3306 -74.4167 24
      vertex -64.7315 -74.2909 24
    endloop
  endfacet
  facet normal -0.0523252 -0.99863 -0
    outer loop
      vertex -62.3306 -74.4167 24
      vertex -64.7315 -74.2909 10
      vertex -62.3306 -74.4167 10
    endloop
  endfacet
  facet normal 0.777146 0.62932 0
    outer loop
      vertex -53.2878 -56.6692 24
      vertex -54.8008 -54.8008 10.9
      vertex -54.8008 -54.8008 24
    endloop
  endfacet
  facet normal 0.777146 0.62932 0
    outer loop
      vertex -54.8008 -54.8008 10.9
      vertex -53.2878 -56.6692 24
      vertex -53.2878 -56.6692 10.9
    endloop
  endfacet
  facet normal -0.707107 0.707107 0
    outer loop
      vertex -71.5 -55.3256 10.9
      vertex -70.1697 -53.9953 24
      vertex -70.1697 -53.9953 10.9
    endloop
  endfacet
  facet normal -0.707107 0.707107 2.11508e-16
    outer loop
      vertex -70.1697 -53.9953 24
      vertex -71.5 -55.3256 10.9
      vertex -71.8697 -55.6953 24
    endloop
  endfacet
  facet normal -0.707107 0.707107 0
    outer loop
      vertex -71.8697 -55.6953 10
      vertex -71.5 -55.3256 10.9
      vertex -71.5 -55.3256 10
    endloop
  endfacet
  facet normal -0.707107 0.707107 0
    outer loop
      vertex -71.5 -55.3256 10.9
      vertex -71.8697 -55.6953 10
      vertex -71.8697 -55.6953 24
    endloop
  endfacet
  facet normal -0.258807 -0.965929 0
    outer loop
      vertex -67.0537 -73.6687 10
      vertex -64.7315 -74.2909 24
      vertex -67.0537 -73.6687 24
    endloop
  endfacet
  facet normal -0.258807 -0.965929 -0
    outer loop
      vertex -64.7315 -74.2909 24
      vertex -67.0537 -73.6687 10
      vertex -64.7315 -74.2909 10
    endloop
  endfacet
  facet normal -0.544639 0.838671 -1.90192e-07
    outer loop
      vertex -68.1534 -52.6859 24
      vertex -69.407 -53.5 10.9
      vertex -70.1697 -53.9953 24
    endloop
  endfacet
  facet normal -0.54464 0.83867 0
    outer loop
      vertex -68.1534 -52.6859 10
      vertex -69.407 -53.5 10.9
      vertex -68.1534 -52.6859 24
    endloop
  endfacet
  facet normal -0.54464 0.83867 0
    outer loop
      vertex -69.407 -53.5 10.9
      vertex -68.1534 -52.6859 10
      vertex -69.407 -53.5 10
    endloop
  endfacet
  facet normal -0.544637 0.838672 0
    outer loop
      vertex -70.1697 -53.9953 24
      vertex -69.407 -53.5 10.9
      vertex -70.1697 -53.9953 10.9
    endloop
  endfacet
  facet normal 0.454007 0.890998 -0
    outer loop
      vertex -56.6692 -53.2878 10
      vertex -58.4337 -52.3887 24
      vertex -56.6692 -53.2878 24
    endloop
  endfacet
  facet normal 0.454007 0.890998 0
    outer loop
      vertex -58.4337 -52.3887 24
      vertex -56.6692 -53.2878 10
      vertex -58.4337 -52.3887 10
    endloop
  endfacet
  facet normal 0.0522564 0.998634 -0
    outer loop
      vertex -62.512 -51.5018 10
      vertex -63.5344 -51.4483 24
      vertex -62.512 -51.5018 24
    endloop
  endfacet
  facet normal 0.0522564 0.998634 0
    outer loop
      vertex -63.5344 -51.4483 24
      vertex -62.512 -51.5018 10
      vertex -63.5344 -51.4483 10
    endloop
  endfacet
  facet normal 0.544639 -0.838671 0
    outer loop
      vertex -57.7116 -73.1791 10
      vertex -55.6953 -71.8697 24
      vertex -57.7116 -73.1791 24
    endloop
  endfacet
  facet normal 0.544639 -0.838671 0
    outer loop
      vertex -55.6953 -71.8697 24
      vertex -57.7116 -73.1791 10
      vertex -55.6953 -71.8697 10
    endloop
  endfacet
  facet normal -0 0 1
    outer loop
      vertex -60.4325 -62.9325 24
      vertex -51.4483 -63.5344 24
      vertex -51.5741 -61.1335 24
    endloop
  endfacet
  facet normal 0 0 1
    outer loop
      vertex -60.4325 -62.9325 24
      vertex -51.5741 -61.1335 24
      vertex -52.1963 -58.8113 24
    endloop
  endfacet
  facet normal 0 0 1
    outer loop
      vertex -51.4483 -63.5344 24
      vertex -60.4325 -62.9325 24
      vertex -51.8244 -65.9089 24
    endloop
  endfacet
  facet normal 0 0 1
    outer loop
      vertex -61.1647 -61.1647 24
      vertex -52.1963 -58.8113 24
      vertex -53.2878 -56.6692 24
    endloop
  endfacet
  facet normal 0 0 1
    outer loop
      vertex -51.8244 -65.9089 24
      vertex -60.4325 -62.9325 24
      vertex -52.6859 -68.1534 24
    endloop
  endfacet
  facet normal 0 0 1
    outer loop
      vertex -61.1647 -61.1647 24
      vertex -53.2878 -56.6692 24
      vertex -54.8008 -54.8008 24
    endloop
  endfacet
  facet normal -0 0 1
    outer loop
      vertex -61.1647 -64.7003 24
      vertex -52.6859 -68.1534 24
      vertex -60.4325 -62.9325 24
    endloop
  endfacet
  facet normal 0 0 1
    outer loop
      vertex -61.1647 -61.1647 24
      vertex -54.8008 -54.8008 24
      vertex -56.6692 -53.2878 24
    endloop
  endfacet
  facet normal 0 0 1
    outer loop
      vertex -52.6859 -68.1534 24
      vertex -61.1647 -64.7003 24
      vertex -53.9953 -70.1697 24
    endloop
  endfacet
  facet normal -0 0 1
    outer loop
      vertex -59.0729 -52.8532 24
      vertex -56.6692 -53.2878 24
      vertex -58.4337 -52.3887 24
    endloop
  endfacet
  facet normal 0 0 1
    outer loop
      vertex -56.6692 -53.2878 24
      vertex -59.0729 -52.8532 24
      vertex -61.1647 -61.1647 24
    endloop
  endfacet
  facet normal 0 0 1
    outer loop
      vertex -53.9953 -70.1697 24
      vertex -61.1647 -64.7003 24
      vertex -55.6953 -71.8697 24
    endloop
  endfacet
  facet normal 0 0 1
    outer loop
      vertex -55.6953 -71.8697 24
      vertex -61.1647 -64.7003 24
      vertex -57.7116 -73.1791 24
    endloop
  endfacet
  facet normal 0 0 1
    outer loop
      vertex -61.1647 -61.1647 24
      vertex -59.0729 -52.8532 24
      vertex -60.9271 -52.8532 24
    endloop
  endfacet
  facet normal 0 0 1
    outer loop
      vertex -52.1963 -58.8113 24
      vertex -61.1647 -61.1647 24
      vertex -60.4325 -62.9325 24
    endloop
  endfacet
  facet normal -0 0 1
    outer loop
      vertex -65.9089 -51.8244 24
      vertex -60.9271 -52.8532 24
      vertex -62.4271 -51.7634 24
    endloop
  endfacet
  facet normal 0 0 1
    outer loop
      vertex -63.5344 -51.4483 24
      vertex -62.4271 -51.7634 24
      vertex -62.512 -51.5018 24
    endloop
  endfacet
  facet normal 0 0 1
    outer loop
      vertex -60.9271 -52.8532 24
      vertex -62.9325 -60.4325 24
      vertex -61.1647 -61.1647 24
    endloop
  endfacet
  facet normal 0 0 1
    outer loop
      vertex -65.9089 -51.8244 24
      vertex -62.4271 -51.7634 24
      vertex -63.5344 -51.4483 24
    endloop
  endfacet
  facet normal 0 0 1
    outer loop
      vertex -60.9271 -52.8532 24
      vertex -65.9089 -51.8244 24
      vertex -62.9325 -60.4325 24
    endloop
  endfacet
  facet normal -0 0 1
    outer loop
      vertex -68.1534 -52.6859 24
      vertex -62.9325 -60.4325 24
      vertex -65.9089 -51.8244 24
    endloop
  endfacet
  facet normal 0 0 1
    outer loop
      vertex -62.9325 -60.4325 24
      vertex -68.1534 -52.6859 24
      vertex -64.7003 -61.1647 24
    endloop
  endfacet
  facet normal -0 0 1
    outer loop
      vertex -62.9325 -65.4325 24
      vertex -57.7116 -73.1791 24
      vertex -61.1647 -64.7003 24
    endloop
  endfacet
  facet normal 0 0 1
    outer loop
      vertex -57.7116 -73.1791 24
      vertex -62.9325 -65.4325 24
      vertex -59.9561 -74.0406 24
    endloop
  endfacet
  facet normal 0 0 1
    outer loop
      vertex -59.9561 -74.0406 24
      vertex -62.9325 -65.4325 24
      vertex -62.3306 -74.4167 24
    endloop
  endfacet
  facet normal 0 0 1
    outer loop
      vertex -67.0537 -73.6687 24
      vertex -62.9325 -65.4325 24
      vertex -64.7003 -64.7003 24
    endloop
  endfacet
  facet normal 0 0 1
    outer loop
      vertex -62.9325 -65.4325 24
      vertex -64.7315 -74.2909 24
      vertex -62.3306 -74.4167 24
    endloop
  endfacet
  facet normal 0 0 1
    outer loop
      vertex -73.6687 -67.0537 24
      vertex -64.7003 -64.7003 24
      vertex -65.4325 -62.9325 24
    endloop
  endfacet
  facet normal 0 0 1
    outer loop
      vertex -62.9325 -65.4325 24
      vertex -67.0537 -73.6687 24
      vertex -64.7315 -74.2909 24
    endloop
  endfacet
  facet normal -0 0 1
    outer loop
      vertex -70.1697 -53.9953 24
      vertex -64.7003 -61.1647 24
      vertex -68.1534 -52.6859 24
    endloop
  endfacet
  facet normal -0 0 1
    outer loop
      vertex -71.8697 -55.6953 24
      vertex -64.7003 -61.1647 24
      vertex -70.1697 -53.9953 24
    endloop
  endfacet
  facet normal 0 0 1
    outer loop
      vertex -64.7003 -64.7003 24
      vertex -69.1959 -72.5772 24
      vertex -67.0537 -73.6687 24
    endloop
  endfacet
  facet normal -0 0 1
    outer loop
      vertex -73.1791 -57.7116 24
      vertex -64.7003 -61.1647 24
      vertex -71.8697 -55.6953 24
    endloop
  endfacet
  facet normal 0 0 1
    outer loop
      vertex -64.7003 -64.7003 24
      vertex -71.0642 -71.0642 24
      vertex -69.1959 -72.5772 24
    endloop
  endfacet
  facet normal 0 0 1
    outer loop
      vertex -64.7003 -61.1647 24
      vertex -73.1791 -57.7116 24
      vertex -65.4325 -62.9325 24
    endloop
  endfacet
  facet normal 0 0 1
    outer loop
      vertex -64.7003 -64.7003 24
      vertex -72.5772 -69.1959 24
      vertex -71.0642 -71.0642 24
    endloop
  endfacet
  facet normal -0 0 1
    outer loop
      vertex -74.0406 -59.9561 24
      vertex -65.4325 -62.9325 24
      vertex -73.1791 -57.7116 24
    endloop
  endfacet
  facet normal 0 0 1
    outer loop
      vertex -64.7003 -64.7003 24
      vertex -73.6687 -67.0537 24
      vertex -72.5772 -69.1959 24
    endloop
  endfacet
  facet normal -0 0 1
    outer loop
      vertex -74.4167 -62.3306 24
      vertex -65.4325 -62.9325 24
      vertex -74.0406 -59.9561 24
    endloop
  endfacet
  facet normal 0 0 1
    outer loop
      vertex -65.4325 -62.9325 24
      vertex -74.2909 -64.7315 24
      vertex -73.6687 -67.0537 24
    endloop
  endfacet
  facet normal 0 0 1
    outer loop
      vertex -65.4325 -62.9325 24
      vertex -74.4167 -62.3306 24
      vertex -74.2909 -64.7315 24
    endloop
  endfacet
  facet normal 0.629333 0.777136 0
    outer loop
      vertex -56.4071 -53.5 10.9
      vertex -54.8008 -54.8008 24
      vertex -54.8008 -54.8008 10.9
    endloop
  endfacet
  facet normal 0.62932 0.777146 2.62964e-06
    outer loop
      vertex -54.8008 -54.8008 24
      vertex -56.4071 -53.5 10.9
      vertex -56.6692 -53.2878 24
    endloop
  endfacet
  facet normal 0.629241 0.77721 0
    outer loop
      vertex -56.6692 -53.2878 10
      vertex -56.4071 -53.5 10.9
      vertex -56.4071 -53.5 10
    endloop
  endfacet
  facet normal 0.629241 0.77721 0
    outer loop
      vertex -56.4071 -53.5 10.9
      vertex -56.6692 -53.2878 10
      vertex -56.6692 -53.2878 24
    endloop
  endfacet
  facet normal 0.965929 0.258807 0
    outer loop
      vertex -51.5741 -61.1335 24
      vertex -52.1963 -58.8113 10.9
      vertex -52.1963 -58.8113 24
    endloop
  endfacet
  facet normal 0.965929 0.258807 0
    outer loop
      vertex -52.1963 -58.8113 10.9
      vertex -51.5741 -61.1335 24
      vertex -51.5741 -61.1335 10.9
    endloop
  endfacet
  facet normal 0.382663 0.923888 -0
    outer loop
      vertex -61.1647 -61.1647 24
      vertex -62.9325 -60.4325 29
      vertex -61.1647 -61.1647 29
    endloop
  endfacet
  facet normal 0.382663 0.923888 0
    outer loop
      vertex -62.9325 -60.4325 29
      vertex -61.1647 -61.1647 24
      vertex -62.9325 -60.4325 24
    endloop
  endfacet
  facet normal 0.382663 -0.923888 0
    outer loop
      vertex -62.9325 -65.4325 24
      vertex -61.1647 -64.7003 29
      vertex -62.9325 -65.4325 29
    endloop
  endfacet
  facet normal 0.382663 -0.923888 0
    outer loop
      vertex -61.1647 -64.7003 29
      vertex -62.9325 -65.4325 24
      vertex -61.1647 -64.7003 24
    endloop
  endfacet
  facet normal -0.382663 -0.923888 0
    outer loop
      vertex -64.7003 -64.7003 24
      vertex -62.9325 -65.4325 29
      vertex -64.7003 -64.7003 29
    endloop
  endfacet
  facet normal -0.382663 -0.923888 -0
    outer loop
      vertex -62.9325 -65.4325 29
      vertex -64.7003 -64.7003 24
      vertex -62.9325 -65.4325 24
    endloop
  endfacet
  facet normal -0.923888 -0.382663 0
    outer loop
      vertex -64.7003 -64.7003 24
      vertex -65.4325 -62.9325 29
      vertex -65.4325 -62.9325 24
    endloop
  endfacet
  facet normal -0.923888 -0.382663 0
    outer loop
      vertex -65.4325 -62.9325 29
      vertex -64.7003 -64.7003 24
      vertex -64.7003 -64.7003 29
    endloop
  endfacet
  facet normal -0.382663 0.923888 0
    outer loop
      vertex -62.9325 -60.4325 24
      vertex -64.7003 -61.1647 29
      vertex -62.9325 -60.4325 29
    endloop
  endfacet
  facet normal -0.382663 0.923888 0
    outer loop
      vertex -64.7003 -61.1647 29
      vertex -62.9325 -60.4325 24
      vertex -64.7003 -61.1647 24
    endloop
  endfacet
  facet normal 0.923888 0.382663 0
    outer loop
      vertex -60.4325 -62.9325 29
      vertex -61.1647 -61.1647 24
      vertex -61.1647 -61.1647 29
    endloop
  endfacet
  facet normal 0.923888 0.382663 0
    outer loop
      vertex -61.1647 -61.1647 24
      vertex -60.4325 -62.9325 29
      vertex -60.4325 -62.9325 24
    endloop
  endfacet
  facet normal -0.923888 0.382663 0
    outer loop
      vertex -65.4325 -62.9325 24
      vertex -64.7003 -61.1647 29
      vertex -64.7003 -61.1647 24
    endloop
  endfacet
  facet normal -0.923888 0.382663 0
    outer loop
      vertex -64.7003 -61.1647 29
      vertex -65.4325 -62.9325 24
      vertex -65.4325 -62.9325 29
    endloop
  endfacet
  facet normal 0 0 1
    outer loop
      vertex -58.3131 -61.0191 34
      vertex -58.3131 -64.8459 34
      vertex -57.9325 -62.9325 34
    endloop
  endfacet
  facet normal 0 0 1
    outer loop
      vertex -59.397 -59.397 34
      vertex -58.3131 -64.8459 34
      vertex -58.3131 -61.0191 34
    endloop
  endfacet
  facet normal 0 0 1
    outer loop
      vertex -59.397 -59.397 34
      vertex -59.397 -66.468 34
      vertex -58.3131 -64.8459 34
    endloop
  endfacet
  facet normal 0 0 1
    outer loop
      vertex -61.0191 -58.3131 34
      vertex -59.397 -66.468 34
      vertex -59.397 -59.397 34
    endloop
  endfacet
  facet normal 0 0 1
    outer loop
      vertex -61.0191 -58.3131 34
      vertex -61.0191 -67.5519 34
      vertex -59.397 -66.468 34
    endloop
  endfacet
  facet normal 0 0 1
    outer loop
      vertex -62.9325 -57.9325 34
      vertex -61.0191 -67.5519 34
      vertex -61.0191 -58.3131 34
    endloop
  endfacet
  facet normal 0 0 1
    outer loop
      vertex -62.9325 -57.9325 34
      vertex -62.9325 -67.9325 34
      vertex -61.0191 -67.5519 34
    endloop
  endfacet
  facet normal -0 0 1
    outer loop
      vertex -64.8459 -58.3131 34
      vertex -62.9325 -67.9325 34
      vertex -62.9325 -57.9325 34
    endloop
  endfacet
  facet normal 0 0 1
    outer loop
      vertex -64.8459 -58.3131 34
      vertex -64.8459 -67.5519 34
      vertex -62.9325 -67.9325 34
    endloop
  endfacet
  facet normal -0 0 1
    outer loop
      vertex -66.468 -59.397 34
      vertex -64.8459 -67.5519 34
      vertex -64.8459 -58.3131 34
    endloop
  endfacet
  facet normal 0 0 1
    outer loop
      vertex -66.468 -59.397 34
      vertex -66.468 -66.468 34
      vertex -64.8459 -67.5519 34
    endloop
  endfacet
  facet normal -0 0 1
    outer loop
      vertex -67.5519 -61.0191 34
      vertex -66.468 -66.468 34
      vertex -66.468 -59.397 34
    endloop
  endfacet
  facet normal 0 0 1
    outer loop
      vertex -67.5519 -61.0191 34
      vertex -67.5519 -64.8459 34
      vertex -66.468 -66.468 34
    endloop
  endfacet
  facet normal 0 -0 1
    outer loop
      vertex -67.5519 -64.8459 34
      vertex -67.5519 -61.0191 34
      vertex -67.9325 -62.9325 34
    endloop
  endfacet
  facet normal 0.923888 -0.382663 0
    outer loop
      vertex -61.1647 -64.7003 29
      vertex -60.4325 -62.9325 24
      vertex -60.4325 -62.9325 29
    endloop
  endfacet
  facet normal 0.923888 -0.382663 0
    outer loop
      vertex -60.4325 -62.9325 24
      vertex -61.1647 -64.7003 29
      vertex -61.1647 -64.7003 24
    endloop
  endfacet
  facet normal -0.707107 -0.707107 0
    outer loop
      vertex -62.9325 -79.9031 7
      vertex -79.9031 -62.9325 10
      vertex -79.9031 -62.9325 7
    endloop
  endfacet
  facet normal -0.707107 -0.707107 0
    outer loop
      vertex -79.9031 -62.9325 10
      vertex -62.9325 -79.9031 7
      vertex -62.9325 -79.9031 10
    endloop
  endfacet
  facet normal 0 0 1
    outer loop
      vertex -48.5 -60.3944 10
      vertex -48.5 -65.4706 10
      vertex -45.9619 -62.9325 10
    endloop
  endfacet
  facet normal 0 0 1
    outer loop
      vertex -71.5 -54.5294 10
      vertex -71.8697 -55.6953 10
      vertex -71.5 -55.3256 10
    endloop
  endfacet
  facet normal 0 0 1
    outer loop
      vertex -71.5 -54.5294 10
      vertex -73.1791 -57.7116 10
      vertex -71.8697 -55.6953 10
    endloop
  endfacet
  facet normal 0 0 1
    outer loop
      vertex -74.0406 -59.9561 10
      vertex -79.9031 -62.9325 10
      vertex -74.4167 -62.3306 10
    endloop
  endfacet
  facet normal 0 0 1
    outer loop
      vertex -73.1791 -57.7116 10
      vertex -79.9031 -62.9325 10
      vertex -74.0406 -59.9561 10
    endloop
  endfacet
  facet normal 0 0 1
    outer loop
      vertex -79.9031 -62.9325 10
      vertex -73.1791 -57.7116 10
      vertex -71.5 -54.5294 10
    endloop
  endfacet
  facet normal 0 0 1
    outer loop
      vertex -52.6859 -68.1534 10
      vertex -49.5294 -66.5 10
      vertex -52.0513 -66.5 10
    endloop
  endfacet
  facet normal 0 0 1
    outer loop
      vertex -53.9953 -70.1697 10
      vertex -49.5294 -66.5 10
      vertex -52.6859 -68.1534 10
    endloop
  endfacet
  facet normal 0 0 1
    outer loop
      vertex -55.6953 -71.8697 10
      vertex -49.5294 -66.5 10
      vertex -53.9953 -70.1697 10
    endloop
  endfacet
  facet normal -0 0 1
    outer loop
      vertex -55.6953 -71.8697 10
      vertex -62.9325 -79.9031 10
      vertex -49.5294 -66.5 10
    endloop
  endfacet
  facet normal -0 0 1
    outer loop
      vertex -57.7116 -73.1791 10
      vertex -62.9325 -79.9031 10
      vertex -55.6953 -71.8697 10
    endloop
  endfacet
  facet normal -0 0 1
    outer loop
      vertex -59.9561 -74.0406 10
      vertex -62.9325 -79.9031 10
      vertex -57.7116 -73.1791 10
    endloop
  endfacet
  facet normal -0 0 1
    outer loop
      vertex -62.3306 -74.4167 10
      vertex -62.9325 -79.9031 10
      vertex -59.9561 -74.0406 10
    endloop
  endfacet
  facet normal 0 0 1
    outer loop
      vertex -64.7315 -74.2909 10
      vertex -62.9325 -79.9031 10
      vertex -62.3306 -74.4167 10
    endloop
  endfacet
  facet normal 0 0 1
    outer loop
      vertex -67.0537 -73.6687 10
      vertex -62.9325 -79.9031 10
      vertex -64.7315 -74.2909 10
    endloop
  endfacet
  facet normal 0 0 1
    outer loop
      vertex -69.1959 -72.5772 10
      vertex -62.9325 -79.9031 10
      vertex -67.0537 -73.6687 10
    endloop
  endfacet
  facet normal 0 0 1
    outer loop
      vertex -71.0642 -71.0642 10
      vertex -62.9325 -79.9031 10
      vertex -69.1959 -72.5772 10
    endloop
  endfacet
  facet normal 0 0 1
    outer loop
      vertex -71.0642 -71.0642 10
      vertex -79.9031 -62.9325 10
      vertex -62.9325 -79.9031 10
    endloop
  endfacet
  facet normal 0 0 1
    outer loop
      vertex -72.5772 -69.1959 10
      vertex -79.9031 -62.9325 10
      vertex -71.0642 -71.0642 10
    endloop
  endfacet
  facet normal 0 0 1
    outer loop
      vertex -73.6687 -67.0537 10
      vertex -79.9031 -62.9325 10
      vertex -72.5772 -69.1959 10
    endloop
  endfacet
  facet normal 0 0 1
    outer loop
      vertex -74.2909 -64.7315 10
      vertex -79.9031 -62.9325 10
      vertex -73.6687 -67.0537 10
    endloop
  endfacet
  facet normal -0 0 1
    outer loop
      vertex -79.9031 -62.9325 10
      vertex -74.2909 -64.7315 10
      vertex -74.4167 -62.3306 10
    endloop
  endfacet
  facet normal 0 0 1
    outer loop
      vertex -62.9325 -45.9619 10
      vertex -62.4271 -48.2366 10
      vertex -61.4023 -47.4921 10
    endloop
  endfacet
  facet normal 0 0 1
    outer loop
      vertex -62.9325 -45.9619 10
      vertex -63 -50 10
      vertex -62.4271 -48.2366 10
    endloop
  endfacet
  facet normal 0 0 1
    outer loop
      vertex -65.9089 -51.8244 10
      vertex -63 -50 10
      vertex -62.9325 -45.9619 10
    endloop
  endfacet
  facet normal 0 0 1
    outer loop
      vertex -63 -50 10
      vertex -65.9089 -51.8244 10
      vertex -63.5344 -51.4483 10
    endloop
  endfacet
  facet normal 0 0 1
    outer loop
      vertex -62.9325 -45.9619 10
      vertex -68.1534 -52.6859 10
      vertex -65.9089 -51.8244 10
    endloop
  endfacet
  facet normal 0 0 1
    outer loop
      vertex -70.4706 -53.5 10
      vertex -68.1534 -52.6859 10
      vertex -62.9325 -45.9619 10
    endloop
  endfacet
  facet normal 0 0 1
    outer loop
      vertex -68.1534 -52.6859 10
      vertex -70.4706 -53.5 10
      vertex -69.407 -53.5 10
    endloop
  endfacet
  facet normal 0 0 1
    outer loop
      vertex -62.512 -51.5018 10
      vertex -63 -50 10
      vertex -63.5344 -51.4483 10
    endloop
  endfacet
  facet normal 0 0 1
    outer loop
      vertex -55.3944 -53.5 10
      vertex -56.6692 -53.2878 10
      vertex -56.4071 -53.5 10
    endloop
  endfacet
  facet normal 0 0 1
    outer loop
      vertex -57.4646 -51.4299 10
      vertex -56.6692 -53.2878 10
      vertex -55.3944 -53.5 10
    endloop
  endfacet
  facet normal -0 0 1
    outer loop
      vertex -57.5729 -51.7634 10
      vertex -56.6692 -53.2878 10
      vertex -57.4646 -51.4299 10
    endloop
  endfacet
  facet normal 0 0 1
    outer loop
      vertex -56.6692 -53.2878 10
      vertex -57.5729 -51.7634 10
      vertex -58.4337 -52.3887 10
    endloop
  endfacet
  facet normal 0.707107 0.707107 0
    outer loop
      vertex -48.5 -60.3944 10
      vertex -45.9619 -62.9325 10
      vertex -48.5 -60.3944 8
    endloop
  endfacet
  facet normal 0.70709 0.707124 -0
    outer loop
      vertex -55.3944 -53.5 8
      vertex -57.4646 -51.4299 10
      vertex -55.3944 -53.5 10
    endloop
  endfacet
  facet normal 0.70709 0.707124 0
    outer loop
      vertex -57.4646 -51.4299 10
      vertex -55.3944 -53.5 8
      vertex -57.4646 -51.4299 7
    endloop
  endfacet
  facet normal 0.707107 0.707107 -7.07107e-05
    outer loop
      vertex -48.5 -60.3944 8
      vertex -57.4646 -51.4299 7
      vertex -55.3944 -53.5 8
    endloop
  endfacet
  facet normal 0.707104 0.70711 -1.56026e-05
    outer loop
      vertex -48.5 -60.3944 8
      vertex -45.9619 -62.9325 7
      vertex -57.4646 -51.4299 7
    endloop
  endfacet
  facet normal 0.707107 0.707107 -0
    outer loop
      vertex -45.9619 -62.9325 7
      vertex -48.5 -60.3944 8
      vertex -45.9619 -62.9325 10
    endloop
  endfacet
  facet normal 0.707107 0.707107 0
    outer loop
      vertex -61.4023 -47.4921 10
      vertex -62.9325 -45.9619 7
      vertex -62.9325 -45.9619 10
    endloop
  endfacet
  facet normal 0.707107 0.707107 0
    outer loop
      vertex -62.9325 -45.9619 7
      vertex -61.4023 -47.4921 10
      vertex -61.4023 -47.4921 7
    endloop
  endfacet
  facet normal 0.707107 -0.707107 0
    outer loop
      vertex -49.5294 -66.5 10
      vertex -62.9325 -79.9031 10
      vertex -49.5294 -66.5 8
    endloop
  endfacet
  facet normal 0.707107 -0.707107 0
    outer loop
      vertex -48.5 -65.4706 8
      vertex -45.9619 -62.9325 10
      vertex -48.5 -65.4706 10
    endloop
  endfacet
  facet normal 0.707107 -0.707107 0
    outer loop
      vertex -45.9619 -62.9325 10
      vertex -48.5 -65.4706 8
      vertex -45.9619 -62.9325 7
    endloop
  endfacet
  facet normal 0.707107 -0.707107 -1.73879e-14
    outer loop
      vertex -49.5294 -66.5 8
      vertex -45.9619 -62.9325 7
      vertex -48.5 -65.4706 8
    endloop
  endfacet
  facet normal 0.707107 -0.707107 0
    outer loop
      vertex -62.9325 -79.9031 7
      vertex -49.5294 -66.5 8
      vertex -62.9325 -79.9031 10
    endloop
  endfacet
  facet normal 0.707107 -0.707107 0
    outer loop
      vertex -49.5294 -66.5 8
      vertex -62.9325 -79.9031 7
      vertex -45.9619 -62.9325 7
    endloop
  endfacet
  facet normal -0.707107 0.707107 0
    outer loop
      vertex -62.9325 -45.9619 10
      vertex -70.4706 -53.5 8
      vertex -70.4706 -53.5 10
    endloop
  endfacet
  facet normal -0.707107 0.707107 -4.14868e-14
    outer loop
      vertex -70.4706 -53.5 8
      vertex -62.9325 -45.9619 7
      vertex -71.5 -54.5294 8
    endloop
  endfacet
  facet normal -0.707107 0.707107 0
    outer loop
      vertex -62.9325 -45.9619 7
      vertex -70.4706 -53.5 8
      vertex -62.9325 -45.9619 10
    endloop
  endfacet
  facet normal -0.707107 0.707107 0
    outer loop
      vertex -71.5 -54.5294 8
      vertex -79.9031 -62.9325 10
      vertex -71.5 -54.5294 10
    endloop
  endfacet
  facet normal -0.707107 0.707107 0
    outer loop
      vertex -71.5 -54.5294 8
      vertex -79.9031 -62.9325 7
      vertex -79.9031 -62.9325 10
    endloop
  endfacet
  facet normal -0.707107 0.707107 0
    outer loop
      vertex -79.9031 -62.9325 7
      vertex -71.5 -54.5294 8
      vertex -62.9325 -45.9619 7
    endloop
  endfacet
  facet normal -0.453958 -0.891023 0
    outer loop
      vertex -90.6002 -105.537 29
      vertex -81.1376 -110.358 30
      vertex -90.6002 -105.537 30
    endloop
  endfacet
  facet normal -0.453958 -0.891023 -0
    outer loop
      vertex -81.1376 -110.358 30
      vertex -90.6002 -105.537 29
      vertex -81.1376 -110.358 29
    endloop
  endfacet
  facet normal -0.629327 -0.777141 0
    outer loop
      vertex -98.8535 -98.8535 29
      vertex -90.6002 -105.537 30
      vertex -98.8535 -98.8535 30
    endloop
  endfacet
  facet normal -0.629327 -0.777141 -0
    outer loop
      vertex -90.6002 -105.537 30
      vertex -98.8535 -98.8535 29
      vertex -90.6002 -105.537 29
    endloop
  endfacet
  facet normal -0.891023 -0.453958 0
    outer loop
      vertex -105.537 -90.6002 29
      vertex -110.358 -81.1376 30
      vertex -110.358 -81.1376 29
    endloop
  endfacet
  facet normal -0.891023 -0.453958 0
    outer loop
      vertex -110.358 -81.1376 30
      vertex -105.537 -90.6002 29
      vertex -105.537 -90.6002 30
    endloop
  endfacet
  facet normal 0.70713 -0.707083 0
    outer loop
      vertex -30.963 -102.412 29
      vertex -23.4535 -94.902 30
      vertex -30.963 -102.412 30
    endloop
  endfacet
  facet normal 0.70713 -0.707083 0
    outer loop
      vertex -23.4535 -94.902 30
      vertex -30.963 -102.412 29
      vertex -23.4535 -94.902 29
    endloop
  endfacet
  facet normal 0 0 -1
    outer loop
      vertex -17.6694 -85.9952 29
      vertex -61.1647 -64.7003 29
      vertex -60.4325 -62.9325 29
    endloop
  endfacet
  facet normal 0 0 -1
    outer loop
      vertex -49.7845 -112.002 29
      vertex -62.9325 -65.4325 29
      vertex -61.1647 -64.7003 29
    endloop
  endfacet
  facet normal 0 0 -1
    outer loop
      vertex -70.8794 -113.107 29
      vertex -62.9325 -65.4325 29
      vertex -60.2738 -113.663 29
    endloop
  endfacet
  facet normal 0 0 -1
    outer loop
      vertex -81.1376 -110.358 29
      vertex -62.9325 -65.4325 29
      vertex -70.8794 -113.107 29
    endloop
  endfacet
  facet normal -0 0 -1
    outer loop
      vertex -62.9325 -65.4325 29
      vertex -81.1376 -110.358 29
      vertex -64.7003 -64.7003 29
    endloop
  endfacet
  facet normal 0 0 -1
    outer loop
      vertex -90.6002 -105.537 29
      vertex -64.7003 -64.7003 29
      vertex -81.1376 -110.358 29
    endloop
  endfacet
  facet normal 0 0 -1
    outer loop
      vertex -98.8535 -98.8535 29
      vertex -64.7003 -64.7003 29
      vertex -90.6002 -105.537 29
    endloop
  endfacet
  facet normal 0 0 -1
    outer loop
      vertex -105.537 -90.6002 29
      vertex -64.7003 -64.7003 29
      vertex -98.8535 -98.8535 29
    endloop
  endfacet
  facet normal 0 0 -1
    outer loop
      vertex -110.358 -81.1376 29
      vertex -64.7003 -64.7003 29
      vertex -105.537 -90.6002 29
    endloop
  endfacet
  facet normal 0 0 -1
    outer loop
      vertex -68.4 -57.4 29
      vertex -76.0805 -13.8635 29
      vertex -68.4 -12.647 29
    endloop
  endfacet
  facet normal 0 -0 -1
    outer loop
      vertex -85.9952 -17.6694 29
      vertex -68.4 -57.4 29
      vertex -94.902 -23.4535 29
    endloop
  endfacet
  facet normal 0 -0 -1
    outer loop
      vertex -76.0805 -13.8635 29
      vertex -68.4 -57.4 29
      vertex -85.9952 -17.6694 29
    endloop
  endfacet
  facet normal -0 0 -1
    outer loop
      vertex -64.7003 -64.7003 29
      vertex -110.358 -81.1376 29
      vertex -65.4325 -62.9325 29
    endloop
  endfacet
  facet normal 0 0 -1
    outer loop
      vertex -68.4 -57.4 29
      vertex -102.412 -30.963 29
      vertex -94.902 -23.4535 29
    endloop
  endfacet
  facet normal -0 0 -1
    outer loop
      vertex -65.4325 -62.9325 29
      vertex -110.358 -81.1376 29
      vertex -68.4 -57.4 29
    endloop
  endfacet
  facet normal 0 0 -1
    outer loop
      vertex -68.4 -57.4 29
      vertex -108.196 -39.8698 29
      vertex -102.412 -30.963 29
    endloop
  endfacet
  facet normal 0 0 -1
    outer loop
      vertex -113.107 -70.8794 29
      vertex -68.4 -57.4 29
      vertex -110.358 -81.1376 29
    endloop
  endfacet
  facet normal 0 0 -1
    outer loop
      vertex -68.4 -57.4 29
      vertex -112.002 -49.7845 29
      vertex -108.196 -39.8698 29
    endloop
  endfacet
  facet normal 0 0 -1
    outer loop
      vertex -113.663 -60.2738 29
      vertex -68.4 -57.4 29
      vertex -113.107 -70.8794 29
    endloop
  endfacet
  facet normal -0 0 -1
    outer loop
      vertex -68.4 -57.4 29
      vertex -113.663 -60.2738 29
      vertex -112.002 -49.7845 29
    endloop
  endfacet
  facet normal 0 0 -1
    outer loop
      vertex -60.4325 -62.9325 29
      vertex -12.2021 -65.5912 29
      vertex -13.8635 -76.0805 29
    endloop
  endfacet
  facet normal 0 0 -1
    outer loop
      vertex -60.4325 -62.9325 29
      vertex -13.8635 -76.0805 29
      vertex -17.6694 -85.9952 29
    endloop
  endfacet
  facet normal 0 0 -1
    outer loop
      vertex -61.1647 -64.7003 29
      vertex -17.6694 -85.9952 29
      vertex -23.4535 -94.902 29
    endloop
  endfacet
  facet normal 0 0 -1
    outer loop
      vertex -61.1647 -64.7003 29
      vertex -23.4535 -94.902 29
      vertex -30.963 -102.412 29
    endloop
  endfacet
  facet normal 0 0 -1
    outer loop
      vertex -61.1647 -64.7003 29
      vertex -30.963 -102.412 29
      vertex -39.8698 -108.196 29
    endloop
  endfacet
  facet normal 0 0 -1
    outer loop
      vertex -61.1647 -64.7003 29
      vertex -39.8698 -108.196 29
      vertex -49.7845 -112.002 29
    endloop
  endfacet
  facet normal 0 0 -1
    outer loop
      vertex -62.9325 -65.4325 29
      vertex -49.7845 -112.002 29
      vertex -60.2738 -113.663 29
    endloop
  endfacet
  facet normal 0 0 -1
    outer loop
      vertex -12.2021 -65.5912 29
      vertex -60.4325 -62.9325 29
      vertex -12.6314 -57.4 29
    endloop
  endfacet
  facet normal 0 0 -1
    outer loop
      vertex -61.1647 -61.1647 29
      vertex -12.6314 -57.4 29
      vertex -60.4325 -62.9325 29
    endloop
  endfacet
  facet normal 0 0 -1
    outer loop
      vertex -68.4 -57.4 29
      vertex -61.1647 -61.1647 29
      vertex -62.9325 -60.4325 29
    endloop
  endfacet
  facet normal 0 0 -1
    outer loop
      vertex -61.1647 -61.1647 29
      vertex -68.4 -57.4 29
      vertex -12.6314 -57.4 29
    endloop
  endfacet
  facet normal 0 0 -1
    outer loop
      vertex -64.7003 -61.1647 29
      vertex -68.4 -57.4 29
      vertex -62.9325 -60.4325 29
    endloop
  endfacet
  facet normal 0 0 -1
    outer loop
      vertex -68.4 -57.4 29
      vertex -64.7003 -61.1647 29
      vertex -65.4325 -62.9325 29
    endloop
  endfacet
  facet normal 0.987687 -0.15644 0
    outer loop
      vertex -13.8635 -76.0805 30
      vertex -12.2021 -65.5912 29
      vertex -12.2021 -65.5912 30
    endloop
  endfacet
  facet normal 0.987687 -0.15644 0
    outer loop
      vertex -12.2021 -65.5912 29
      vertex -13.8635 -76.0805 30
      vertex -13.8635 -76.0805 29
    endloop
  endfacet
  facet normal 0.93358 -0.358368 0
    outer loop
      vertex -17.6694 -85.9952 30
      vertex -13.8635 -76.0805 29
      vertex -13.8635 -76.0805 30
    endloop
  endfacet
  facet normal 0.93358 -0.358368 0
    outer loop
      vertex -13.8635 -76.0805 29
      vertex -17.6694 -85.9952 30
      vertex -17.6694 -85.9952 29
    endloop
  endfacet
  facet normal 0.54463 -0.838677 0
    outer loop
      vertex -39.8698 -108.196 29
      vertex -30.963 -102.412 30
      vertex -39.8698 -108.196 30
    endloop
  endfacet
  facet normal 0.54463 -0.838677 0
    outer loop
      vertex -30.963 -102.412 30
      vertex -39.8698 -108.196 29
      vertex -30.963 -102.412 29
    endloop
  endfacet
  facet normal -0.838677 0.54463 0
    outer loop
      vertex -108.196 -39.8698 29
      vertex -102.412 -30.963 30
      vertex -102.412 -30.963 29
    endloop
  endfacet
  facet normal -0.838677 0.54463 0
    outer loop
      vertex -102.412 -30.963 30
      vertex -108.196 -39.8698 29
      vertex -108.196 -39.8698 30
    endloop
  endfacet
  facet normal -0.987693 0.156403 0
    outer loop
      vertex -113.663 -60.2738 29
      vertex -112.002 -49.7845 30
      vertex -112.002 -49.7845 29
    endloop
  endfacet
  facet normal -0.987693 0.156403 0
    outer loop
      vertex -112.002 -49.7845 30
      vertex -113.663 -60.2738 29
      vertex -113.663 -60.2738 30
    endloop
  endfacet
  facet normal 0.156403 -0.987693 0
    outer loop
      vertex -60.2738 -113.663 29
      vertex -49.7845 -112.002 30
      vertex -60.2738 -113.663 30
    endloop
  endfacet
  facet normal 0.156403 -0.987693 0
    outer loop
      vertex -49.7845 -112.002 30
      vertex -60.2738 -113.663 29
      vertex -49.7845 -112.002 29
    endloop
  endfacet
  facet normal 0.358376 -0.933577 0
    outer loop
      vertex -49.7845 -112.002 29
      vertex -39.8698 -108.196 30
      vertex -49.7845 -112.002 30
    endloop
  endfacet
  facet normal 0.358376 -0.933577 0
    outer loop
      vertex -39.8698 -108.196 30
      vertex -49.7845 -112.002 29
      vertex -39.8698 -108.196 29
    endloop
  endfacet
  facet normal -0.777141 -0.629327 0
    outer loop
      vertex -98.8535 -98.8535 29
      vertex -105.537 -90.6002 30
      vertex -105.537 -90.6002 29
    endloop
  endfacet
  facet normal -0.777141 -0.629327 0
    outer loop
      vertex -105.537 -90.6002 30
      vertex -98.8535 -98.8535 29
      vertex -98.8535 -98.8535 30
    endloop
  endfacet
  facet normal -0.358368 0.93358 0
    outer loop
      vertex -76.0805 -13.8635 29
      vertex -85.9952 -17.6694 30
      vertex -76.0805 -13.8635 30
    endloop
  endfacet
  facet normal -0.358368 0.93358 0
    outer loop
      vertex -85.9952 -17.6694 30
      vertex -76.0805 -13.8635 29
      vertex -85.9952 -17.6694 29
    endloop
  endfacet
  facet normal 0.838672 -0.544636 0
    outer loop
      vertex -23.4535 -94.902 30
      vertex -17.6694 -85.9952 29
      vertex -17.6694 -85.9952 30
    endloop
  endfacet
  facet normal 0.838672 -0.544636 0
    outer loop
      vertex -17.6694 -85.9952 29
      vertex -23.4535 -94.902 30
      vertex -23.4535 -94.902 29
    endloop
  endfacet
  facet normal -0.965918 -0.258847 0
    outer loop
      vertex -110.358 -81.1376 29
      vertex -113.107 -70.8794 30
      vertex -113.107 -70.8794 29
    endloop
  endfacet
  facet normal -0.965918 -0.258847 0
    outer loop
      vertex -113.107 -70.8794 30
      vertex -110.358 -81.1376 29
      vertex -110.358 -81.1376 30
    endloop
  endfacet
  facet normal -0.933577 0.358376 0
    outer loop
      vertex -112.002 -49.7845 29
      vertex -108.196 -39.8698 30
      vertex -108.196 -39.8698 29
    endloop
  endfacet
  facet normal -0.933577 0.358376 0
    outer loop
      vertex -108.196 -39.8698 30
      vertex -112.002 -49.7845 29
      vertex -112.002 -49.7845 30
    endloop
  endfacet
  facet normal -0.156438 0.987688 0
    outer loop
      vertex -68.4 -12.647 29
      vertex -76.0805 -13.8635 30
      vertex -68.4 -12.647 30
    endloop
  endfacet
  facet normal -0.156438 0.987688 0
    outer loop
      vertex -76.0805 -13.8635 30
      vertex -68.4 -12.647 29
      vertex -76.0805 -13.8635 29
    endloop
  endfacet
  facet normal -0.998629 -0.0523532 0
    outer loop
      vertex -113.107 -70.8794 29
      vertex -113.663 -60.2738 30
      vertex -113.663 -60.2738 29
    endloop
  endfacet
  facet normal -0.998629 -0.0523532 0
    outer loop
      vertex -113.663 -60.2738 30
      vertex -113.107 -70.8794 29
      vertex -113.107 -70.8794 30
    endloop
  endfacet
  facet normal -0.0523532 -0.998629 0
    outer loop
      vertex -70.8794 -113.107 29
      vertex -60.2738 -113.663 30
      vertex -70.8794 -113.107 30
    endloop
  endfacet
  facet normal -0.0523532 -0.998629 -0
    outer loop
      vertex -60.2738 -113.663 30
      vertex -70.8794 -113.107 29
      vertex -60.2738 -113.663 29
    endloop
  endfacet
  facet normal -0.258847 -0.965918 0
    outer loop
      vertex -81.1376 -110.358 29
      vertex -70.8794 -113.107 30
      vertex -81.1376 -110.358 30
    endloop
  endfacet
  facet normal -0.258847 -0.965918 -0
    outer loop
      vertex -70.8794 -113.107 30
      vertex -81.1376 -110.358 29
      vertex -70.8794 -113.107 29
    endloop
  endfacet
  facet normal -0.544636 0.838672 0
    outer loop
      vertex -85.9952 -17.6694 29
      vertex -94.902 -23.4535 30
      vertex -85.9952 -17.6694 30
    endloop
  endfacet
  facet normal -0.544636 0.838672 0
    outer loop
      vertex -94.902 -23.4535 30
      vertex -85.9952 -17.6694 29
      vertex -94.902 -23.4535 29
    endloop
  endfacet
  facet normal 0.998629 0.0523381 0
    outer loop
      vertex -12.2021 -65.5912 30
      vertex -12.6314 -57.4 29
      vertex -12.6314 -57.4 30
    endloop
  endfacet
  facet normal 0.998629 0.0523381 0
    outer loop
      vertex -12.6314 -57.4 29
      vertex -12.2021 -65.5912 30
      vertex -12.2021 -65.5912 29
    endloop
  endfacet
  facet normal -0.707083 0.70713 0
    outer loop
      vertex -102.412 -30.963 29
      vertex -94.902 -23.4535 30
      vertex -94.902 -23.4535 29
    endloop
  endfacet
  facet normal -0.707083 0.70713 0
    outer loop
      vertex -94.902 -23.4535 30
      vertex -102.412 -30.963 29
      vertex -102.412 -30.963 30
    endloop
  endfacet
  facet normal 0.980785 -0.195091 0
    outer loop
      vertex -58.3131 -64.8459 34
      vertex -57.9325 -62.9325 30
      vertex -57.9325 -62.9325 34
    endloop
  endfacet
  facet normal 0.980785 -0.195091 0
    outer loop
      vertex -57.9325 -62.9325 30
      vertex -58.3131 -64.8459 34
      vertex -58.3131 -64.8459 30
    endloop
  endfacet
  facet normal -0.195091 -0.980785 0
    outer loop
      vertex -64.8459 -67.5519 30
      vertex -62.9325 -67.9325 34
      vertex -64.8459 -67.5519 34
    endloop
  endfacet
  facet normal -0.195091 -0.980785 -0
    outer loop
      vertex -62.9325 -67.9325 34
      vertex -64.8459 -67.5519 30
      vertex -62.9325 -67.9325 30
    endloop
  endfacet
  facet normal -0.555587 -0.831458 0
    outer loop
      vertex -66.468 -66.468 30
      vertex -64.8459 -67.5519 34
      vertex -66.468 -66.468 34
    endloop
  endfacet
  facet normal -0.555587 -0.831458 -0
    outer loop
      vertex -64.8459 -67.5519 34
      vertex -66.468 -66.468 30
      vertex -64.8459 -67.5519 30
    endloop
  endfacet
  facet normal 0.980785 0.195091 0
    outer loop
      vertex -57.9325 -62.9325 34
      vertex -58.3131 -61.0191 30
      vertex -58.3131 -61.0191 34
    endloop
  endfacet
  facet normal 0.980785 0.195091 0
    outer loop
      vertex -58.3131 -61.0191 30
      vertex -57.9325 -62.9325 34
      vertex -57.9325 -62.9325 30
    endloop
  endfacet
  facet normal -0.555587 0.831458 0
    outer loop
      vertex -64.8459 -58.3131 30
      vertex -66.468 -59.397 34
      vertex -64.8459 -58.3131 34
    endloop
  endfacet
  facet normal -0.555587 0.831458 0
    outer loop
      vertex -66.468 -59.397 34
      vertex -64.8459 -58.3131 30
      vertex -66.468 -59.397 30
    endloop
  endfacet
  facet normal -0.831458 0.555587 0
    outer loop
      vertex -67.5519 -61.0191 30
      vertex -66.468 -59.397 34
      vertex -66.468 -59.397 30
    endloop
  endfacet
  facet normal -0.831458 0.555587 0
    outer loop
      vertex -66.468 -59.397 34
      vertex -67.5519 -61.0191 30
      vertex -67.5519 -61.0191 34
    endloop
  endfacet
  facet normal -0.980785 0.195091 0
    outer loop
      vertex -67.9325 -62.9325 30
      vertex -67.5519 -61.0191 34
      vertex -67.5519 -61.0191 30
    endloop
  endfacet
  facet normal -0.980785 0.195091 0
    outer loop
      vertex -67.5519 -61.0191 34
      vertex -67.9325 -62.9325 30
      vertex -67.9325 -62.9325 34
    endloop
  endfacet
  facet normal -0.980785 -0.195091 0
    outer loop
      vertex -67.5519 -64.8459 30
      vertex -67.9325 -62.9325 34
      vertex -67.9325 -62.9325 30
    endloop
  endfacet
  facet normal -0.980785 -0.195091 0
    outer loop
      vertex -67.9325 -62.9325 34
      vertex -67.5519 -64.8459 30
      vertex -67.5519 -64.8459 34
    endloop
  endfacet
  facet normal 0.831458 0.555587 0
    outer loop
      vertex -58.3131 -61.0191 34
      vertex -59.397 -59.397 30
      vertex -59.397 -59.397 34
    endloop
  endfacet
  facet normal 0.831458 0.555587 0
    outer loop
      vertex -59.397 -59.397 30
      vertex -58.3131 -61.0191 34
      vertex -58.3131 -61.0191 30
    endloop
  endfacet
  facet normal -0.831458 -0.555587 0
    outer loop
      vertex -66.468 -66.468 30
      vertex -67.5519 -64.8459 34
      vertex -67.5519 -64.8459 30
    endloop
  endfacet
  facet normal -0.831458 -0.555587 0
    outer loop
      vertex -67.5519 -64.8459 34
      vertex -66.468 -66.468 30
      vertex -66.468 -66.468 34
    endloop
  endfacet
  facet normal 0.831458 -0.555587 0
    outer loop
      vertex -59.397 -66.468 34
      vertex -58.3131 -64.8459 30
      vertex -58.3131 -64.8459 34
    endloop
  endfacet
  facet normal 0.831458 -0.555587 0
    outer loop
      vertex -58.3131 -64.8459 30
      vertex -59.397 -66.468 34
      vertex -59.397 -66.468 30
    endloop
  endfacet
  facet normal 0.555587 -0.831458 0
    outer loop
      vertex -61.0191 -67.5519 30
      vertex -59.397 -66.468 34
      vertex -61.0191 -67.5519 34
    endloop
  endfacet
  facet normal 0.555587 -0.831458 0
    outer loop
      vertex -59.397 -66.468 34
      vertex -61.0191 -67.5519 30
      vertex -59.397 -66.468 30
    endloop
  endfacet
  facet normal 0.195091 0.980785 -0
    outer loop
      vertex -61.0191 -58.3131 30
      vertex -62.9325 -57.9325 34
      vertex -61.0191 -58.3131 34
    endloop
  endfacet
  facet normal 0.195091 0.980785 0
    outer loop
      vertex -62.9325 -57.9325 34
      vertex -61.0191 -58.3131 30
      vertex -62.9325 -57.9325 30
    endloop
  endfacet
  facet normal 0.195091 -0.980785 0
    outer loop
      vertex -62.9325 -67.9325 30
      vertex -61.0191 -67.5519 34
      vertex -62.9325 -67.9325 34
    endloop
  endfacet
  facet normal 0.195091 -0.980785 0
    outer loop
      vertex -61.0191 -67.5519 34
      vertex -62.9325 -67.9325 30
      vertex -61.0191 -67.5519 30
    endloop
  endfacet
  facet normal 0.555587 0.831458 -0
    outer loop
      vertex -59.397 -59.397 30
      vertex -61.0191 -58.3131 34
      vertex -59.397 -59.397 34
    endloop
  endfacet
  facet normal 0.555587 0.831458 0
    outer loop
      vertex -61.0191 -58.3131 34
      vertex -59.397 -59.397 30
      vertex -61.0191 -58.3131 30
    endloop
  endfacet
  facet normal -0.195091 0.980785 0
    outer loop
      vertex -62.9325 -57.9325 30
      vertex -64.8459 -58.3131 34
      vertex -62.9325 -57.9325 34
    endloop
  endfacet
  facet normal -0.195091 0.980785 0
    outer loop
      vertex -64.8459 -58.3131 34
      vertex -62.9325 -57.9325 30
      vertex -64.8459 -58.3131 30
    endloop
  endfacet
  facet normal 0.777145 0.629322 0
    outer loop
      vertex -14.2896 -31.3434 17
      vertex -21.9203 -21.9203 7
      vertex -21.9203 -21.9203 17
    endloop
  endfacet
  facet normal 0.777145 0.629322 0
    outer loop
      vertex -21.9203 -21.9203 7
      vertex -14.2896 -31.3434 17
      vertex -14.2896 -31.3434 7
    endloop
  endfacet
  facet normal -0.965931 -0.2588 0
    outer loop
      vertex -117.08 -83.7178 7
      vertex -120.218 -72.0057 17
      vertex -120.218 -72.0057 7
    endloop
  endfacet
  facet normal -0.965931 -0.2588 0
    outer loop
      vertex -120.218 -72.0057 17
      vertex -117.08 -83.7178 7
      vertex -117.08 -83.7178 17
    endloop
  endfacet
  facet normal -0.838669 0.544642 0
    outer loop
      vertex -114.611 -36.6011 7
      vertex -108.007 -26.4319 17
      vertex -108.007 -26.4319 7
    endloop
  endfacet
  facet normal -0.838669 0.544642 0
    outer loop
      vertex -108.007 -26.4319 17
      vertex -114.611 -36.6011 7
      vertex -114.611 -36.6011 17
    endloop
  endfacet
  facet normal -0.454003 -0.891 0
    outer loop
      vertex -94.5216 -111.575 7
      vertex -83.7178 -117.08 17
      vertex -94.5216 -111.575 17
    endloop
  endfacet
  facet normal -0.454003 -0.891 -0
    outer loop
      vertex -83.7178 -117.08 17
      vertex -94.5216 -111.575 7
      vertex -83.7178 -117.08 7
    endloop
  endfacet
  facet normal 0.358346 -0.933589 0
    outer loop
      vertex -47.921 -118.956 7
      vertex -36.6011 -114.611 17
      vertex -47.921 -118.956 17
    endloop
  endfacet
  facet normal 0.358346 -0.933589 0
    outer loop
      vertex -36.6011 -114.611 17
      vertex -47.921 -118.956 7
      vertex -36.6011 -114.611 7
    endloop
  endfacet
  facet normal 0.83867 -0.54464 0
    outer loop
      vertex -17.858 -99.4331 17
      vertex -11.2541 -89.264 7
      vertex -11.2541 -89.264 17
    endloop
  endfacet
  facet normal 0.83867 -0.54464 0
    outer loop
      vertex -11.2541 -89.264 7
      vertex -17.858 -99.4331 17
      vertex -17.858 -99.4331 7
    endloop
  endfacet
  facet normal 0.987688 -0.156435 0
    outer loop
      vertex -6.90881 -77.944 17
      vertex -5.01199 -65.968 7
      vertex -5.01199 -65.968 17
    endloop
  endfacet
  facet normal 0.987688 -0.156435 0
    outer loop
      vertex -5.01199 -65.968 7
      vertex -6.90881 -77.944 17
      vertex -6.90881 -77.944 7
    endloop
  endfacet
  facet normal -0.777183 -0.629275 0
    outer loop
      vertex -103.945 -103.945 7
      vertex -111.575 -94.5216 17
      vertex -111.575 -94.5216 7
    endloop
  endfacet
  facet normal -0.777183 -0.629275 0
    outer loop
      vertex -111.575 -94.5216 17
      vertex -103.945 -103.945 7
      vertex -103.945 -103.945 17
    endloop
  endfacet
  facet normal -0.629328 -0.77714 0
    outer loop
      vertex -99.2561 -107.741 7
      vertex -94.5216 -111.575 17
      vertex -99.2561 -107.741 17
    endloop
  endfacet
  facet normal -0.629328 -0.77714 -0
    outer loop
      vertex -94.5216 -111.575 17
      vertex -99.2561 -107.741 7
      vertex -94.5216 -111.575 7
    endloop
  endfacet
  facet normal 0.544642 -0.838669 0
    outer loop
      vertex -36.6011 -114.611 7
      vertex -26.4319 -108.007 17
      vertex -36.6011 -114.611 17
    endloop
  endfacet
  facet normal 0.544642 -0.838669 0
    outer loop
      vertex -26.4319 -108.007 17
      vertex -36.6011 -114.611 7
      vertex -26.4319 -108.007 7
    endloop
  endfacet
  facet normal 0.891012 0.453979 0
    outer loop
      vertex -14.2896 -31.3434 17
      vertex -12.5 -34.8558 12
      vertex -14.2896 -31.3434 7
    endloop
  endfacet
  facet normal 0.891008 0.453987 -7.2335e-06
    outer loop
      vertex -8.78484 -42.1472 17
      vertex -12.5 -34.8558 12
      vertex -14.2896 -31.3434 17
    endloop
  endfacet
  facet normal 0.891006 0.453991 0
    outer loop
      vertex -12.5 -34.8558 12
      vertex -8.78484 -42.1472 17
      vertex -8.78484 -42.1472 12
    endloop
  endfacet
  facet normal 0.891012 0.453979 0
    outer loop
      vertex -14.2896 -31.3434 7
      vertex -12.5 -34.8558 12
      vertex -12.5 -34.8558 7
    endloop
  endfacet
  facet normal 0.453987 0.891008 -0
    outer loop
      vertex -31.3434 -14.2896 7
      vertex -42.1472 -8.78484 17
      vertex -31.3434 -14.2896 17
    endloop
  endfacet
  facet normal 0.453987 0.891008 0
    outer loop
      vertex -42.1472 -8.78484 17
      vertex -31.3434 -14.2896 7
      vertex -42.1472 -8.78484 7
    endloop
  endfacet
  facet normal 0.965926 0.25882 0
    outer loop
      vertex -8.78484 -42.1472 17
      vertex -6.94863 -49 12
      vertex -8.78484 -42.1472 12
    endloop
  endfacet
  facet normal 0.965926 0.25882 1.15676e-07
    outer loop
      vertex -5.64658 -53.8593 17
      vertex -6.94863 -49 12
      vertex -8.78484 -42.1472 17
    endloop
  endfacet
  facet normal 0.965926 0.25882 -0
    outer loop
      vertex -5.64658 -53.8593 7
      vertex -6.94863 -49 12
      vertex -5.64658 -53.8593 17
    endloop
  endfacet
  facet normal 0.965926 0.25882 0
    outer loop
      vertex -6.94863 -49 12
      vertex -5.64658 -53.8593 7
      vertex -6.94863 -49 7
    endloop
  endfacet
  facet normal -0.54464 0.83867 0
    outer loop
      vertex -89.264 -11.2541 7
      vertex -99.4331 -17.858 17
      vertex -89.264 -11.2541 17
    endloop
  endfacet
  facet normal -0.54464 0.83867 0
    outer loop
      vertex -99.4331 -17.858 17
      vertex -89.264 -11.2541 7
      vertex -99.4331 -17.858 7
    endloop
  endfacet
  facet normal -0.0523697 -0.998628 0
    outer loop
      vertex -72.0057 -120.218 7
      vertex -59.897 -120.853 17
      vertex -72.0057 -120.218 17
    endloop
  endfacet
  facet normal -0.0523697 -0.998628 -0
    outer loop
      vertex -59.897 -120.853 17
      vertex -72.0057 -120.218 7
      vertex -59.897 -120.853 7
    endloop
  endfacet
  facet normal 0 0 1
    outer loop
      vertex -21.2132 -21.2132 17
      vertex -25.4558 -16.9706 17
      vertex -21.9203 -21.9203 17
    endloop
  endfacet
  facet normal -0 0 1
    outer loop
      vertex -12.2021 -65.5912 17
      vertex -5.01199 -65.968 17
      vertex -5.64658 -53.8593 17
    endloop
  endfacet
  facet normal 0 0 1
    outer loop
      vertex -12.7579 -54.9856 17
      vertex -5.64658 -53.8593 17
      vertex -8.78484 -42.1472 17
    endloop
  endfacet
  facet normal 0 0 1
    outer loop
      vertex -5.01199 -65.968 17
      vertex -12.2021 -65.5912 17
      vertex -6.90881 -77.944 17
    endloop
  endfacet
  facet normal -0 0 1
    outer loop
      vertex -13.8635 -76.0805 17
      vertex -6.90881 -77.944 17
      vertex -12.2021 -65.5912 17
    endloop
  endfacet
  facet normal 0 0 1
    outer loop
      vertex -5.64658 -53.8593 17
      vertex -12.7579 -54.9856 17
      vertex -12.2021 -65.5912 17
    endloop
  endfacet
  facet normal 0 0 1
    outer loop
      vertex -15.5066 -44.7274 17
      vertex -8.78484 -42.1472 17
      vertex -14.2896 -31.3434 17
    endloop
  endfacet
  facet normal 0 0 1
    outer loop
      vertex -8.78484 -42.1472 17
      vertex -15.5066 -44.7274 17
      vertex -12.7579 -54.9856 17
    endloop
  endfacet
  facet normal 0 0 1
    outer loop
      vertex -14.2896 -31.3434 17
      vertex -20.328 -35.2648 17
      vertex -15.5066 -44.7274 17
    endloop
  endfacet
  facet normal 0 0 1
    outer loop
      vertex -21.9203 -21.9203 17
      vertex -20.328 -35.2648 17
      vertex -14.2896 -31.3434 17
    endloop
  endfacet
  facet normal -0 0 1
    outer loop
      vertex -26.6089 -18.1236 17
      vertex -21.9203 -21.9203 17
      vertex -25.4558 -16.9706 17
    endloop
  endfacet
  facet normal 0 0 1
    outer loop
      vertex -21.9203 -21.9203 17
      vertex -26.6089 -18.1236 17
      vertex -27.0115 -27.0115 17
    endloop
  endfacet
  facet normal 0 0 1
    outer loop
      vertex -21.9203 -21.9203 17
      vertex -27.0115 -27.0115 17
      vertex -20.328 -35.2648 17
    endloop
  endfacet
  facet normal 0 0 1
    outer loop
      vertex -35.2648 -20.328 17
      vertex -26.6089 -18.1236 17
      vertex -31.3434 -14.2896 17
    endloop
  endfacet
  facet normal 0 0 1
    outer loop
      vertex -26.6089 -18.1236 17
      vertex -35.2648 -20.328 17
      vertex -27.0115 -27.0115 17
    endloop
  endfacet
  facet normal 0 0 1
    outer loop
      vertex -42.1472 -8.78484 17
      vertex -35.2648 -20.328 17
      vertex -31.3434 -14.2896 17
    endloop
  endfacet
  facet normal 0 0 1
    outer loop
      vertex -42.1472 -8.78484 17
      vertex -44.7274 -15.5066 17
      vertex -35.2648 -20.328 17
    endloop
  endfacet
  facet normal 0 0 1
    outer loop
      vertex -53.8593 -5.64658 17
      vertex -44.7274 -15.5066 17
      vertex -42.1472 -8.78484 17
    endloop
  endfacet
  facet normal 0 0 1
    outer loop
      vertex -53.8593 -5.64658 17
      vertex -54.9856 -12.7579 17
      vertex -44.7274 -15.5066 17
    endloop
  endfacet
  facet normal 0 0 1
    outer loop
      vertex -53.8593 -5.64658 17
      vertex -65.5912 -12.2021 17
      vertex -54.9856 -12.7579 17
    endloop
  endfacet
  facet normal 0 0 1
    outer loop
      vertex -65.968 -5.01199 17
      vertex -65.5912 -12.2021 17
      vertex -53.8593 -5.64658 17
    endloop
  endfacet
  facet normal 0 0 1
    outer loop
      vertex -65.968 -5.01199 17
      vertex -76.0805 -13.8635 17
      vertex -65.5912 -12.2021 17
    endloop
  endfacet
  facet normal -0 0 1
    outer loop
      vertex -77.944 -6.90881 17
      vertex -76.0805 -13.8635 17
      vertex -65.968 -5.01199 17
    endloop
  endfacet
  facet normal 0 0 1
    outer loop
      vertex -77.944 -6.90881 17
      vertex -85.9952 -17.6694 17
      vertex -76.0805 -13.8635 17
    endloop
  endfacet
  facet normal -0 0 1
    outer loop
      vertex -89.264 -11.2541 17
      vertex -85.9952 -17.6694 17
      vertex -77.944 -6.90881 17
    endloop
  endfacet
  facet normal 0 0 1
    outer loop
      vertex -89.264 -11.2541 17
      vertex -94.902 -23.4535 17
      vertex -85.9952 -17.6694 17
    endloop
  endfacet
  facet normal -0 0 1
    outer loop
      vertex -99.4331 -17.858 17
      vertex -94.902 -23.4535 17
      vertex -89.264 -11.2541 17
    endloop
  endfacet
  facet normal -0 0 1
    outer loop
      vertex -103.72 -22.145 17
      vertex -94.902 -23.4535 17
      vertex -99.4331 -17.858 17
    endloop
  endfacet
  facet normal 0 0 1
    outer loop
      vertex -94.902 -23.4535 17
      vertex -103.72 -22.145 17
      vertex -102.412 -30.963 17
    endloop
  endfacet
  facet normal 0 0 1
    outer loop
      vertex -107.963 -26.3876 17
      vertex -103.72 -22.145 17
      vertex -104.652 -21.2132 17
    endloop
  endfacet
  facet normal 0 0 1
    outer loop
      vertex -103.72 -22.145 17
      vertex -107.963 -26.3876 17
      vertex -102.412 -30.963 17
    endloop
  endfacet
  facet normal -0 0 1
    outer loop
      vertex -108.007 -26.4319 17
      vertex -102.412 -30.963 17
      vertex -107.963 -26.3876 17
    endloop
  endfacet
  facet normal 0 0 1
    outer loop
      vertex -108.007 -26.4319 17
      vertex -108.196 -39.8698 17
      vertex -102.412 -30.963 17
    endloop
  endfacet
  facet normal -0 0 1
    outer loop
      vertex -114.611 -36.6011 17
      vertex -108.196 -39.8698 17
      vertex -108.007 -26.4319 17
    endloop
  endfacet
  facet normal -0 0 1
    outer loop
      vertex -118.956 -47.921 17
      vertex -112.002 -49.7845 17
      vertex -114.611 -36.6011 17
    endloop
  endfacet
  facet normal 0 0 1
    outer loop
      vertex -108.196 -39.8698 17
      vertex -114.611 -36.6011 17
      vertex -112.002 -49.7845 17
    endloop
  endfacet
  facet normal 0 0 1
    outer loop
      vertex -6.90881 -77.944 17
      vertex -13.8635 -76.0805 17
      vertex -11.2541 -89.264 17
    endloop
  endfacet
  facet normal -0 0 1
    outer loop
      vertex -17.6694 -85.9952 17
      vertex -11.2541 -89.264 17
      vertex -13.8635 -76.0805 17
    endloop
  endfacet
  facet normal 0 0 1
    outer loop
      vertex -17.6694 -85.9952 17
      vertex -17.858 -99.4331 17
      vertex -11.2541 -89.264 17
    endloop
  endfacet
  facet normal -0 0 1
    outer loop
      vertex -23.4535 -94.902 17
      vertex -17.858 -99.4331 17
      vertex -17.6694 -85.9952 17
    endloop
  endfacet
  facet normal 0 0 1
    outer loop
      vertex -17.858 -99.4331 17
      vertex -23.4535 -94.902 17
      vertex -17.9023 -99.4774 17
    endloop
  endfacet
  facet normal 0 -0 1
    outer loop
      vertex -22.145 -103.72 17
      vertex -17.9023 -99.4774 17
      vertex -23.4535 -94.902 17
    endloop
  endfacet
  facet normal 0 0 1
    outer loop
      vertex -17.9023 -99.4774 17
      vertex -22.145 -103.72 17
      vertex -21.2132 -104.652 17
    endloop
  endfacet
  facet normal -0 0 1
    outer loop
      vertex -30.963 -102.412 17
      vertex -22.145 -103.72 17
      vertex -23.4535 -94.902 17
    endloop
  endfacet
  facet normal 0 0 1
    outer loop
      vertex -22.145 -103.72 17
      vertex -30.963 -102.412 17
      vertex -26.4319 -108.007 17
    endloop
  endfacet
  facet normal 0 0 1
    outer loop
      vertex -30.963 -102.412 17
      vertex -36.6011 -114.611 17
      vertex -26.4319 -108.007 17
    endloop
  endfacet
  facet normal -0 0 1
    outer loop
      vertex -39.8698 -108.196 17
      vertex -36.6011 -114.611 17
      vertex -30.963 -102.412 17
    endloop
  endfacet
  facet normal 0 0 1
    outer loop
      vertex -39.8698 -108.196 17
      vertex -47.921 -118.956 17
      vertex -36.6011 -114.611 17
    endloop
  endfacet
  facet normal -0 0 1
    outer loop
      vertex -49.7845 -112.002 17
      vertex -47.921 -118.956 17
      vertex -39.8698 -108.196 17
    endloop
  endfacet
  facet normal 0 0 1
    outer loop
      vertex -49.7845 -112.002 17
      vertex -59.897 -120.853 17
      vertex -47.921 -118.956 17
    endloop
  endfacet
  facet normal -0 0 1
    outer loop
      vertex -60.2738 -113.663 17
      vertex -59.897 -120.853 17
      vertex -49.7845 -112.002 17
    endloop
  endfacet
  facet normal 0 0 1
    outer loop
      vertex -70.8794 -113.107 17
      vertex -59.897 -120.853 17
      vertex -60.2738 -113.663 17
    endloop
  endfacet
  facet normal 0 0 1
    outer loop
      vertex -70.8794 -113.107 17
      vertex -72.0057 -120.218 17
      vertex -59.897 -120.853 17
    endloop
  endfacet
  facet normal 0 0 1
    outer loop
      vertex -81.1376 -110.358 17
      vertex -72.0057 -120.218 17
      vertex -70.8794 -113.107 17
    endloop
  endfacet
  facet normal 0 0 1
    outer loop
      vertex -81.1376 -110.358 17
      vertex -83.7178 -117.08 17
      vertex -72.0057 -120.218 17
    endloop
  endfacet
  facet normal 0 0 1
    outer loop
      vertex -90.6002 -105.537 17
      vertex -83.7178 -117.08 17
      vertex -81.1376 -110.358 17
    endloop
  endfacet
  facet normal 0 0 1
    outer loop
      vertex -90.6002 -105.537 17
      vertex -94.5216 -111.575 17
      vertex -83.7178 -117.08 17
    endloop
  endfacet
  facet normal 0 0 1
    outer loop
      vertex -99.2561 -107.741 17
      vertex -90.6002 -105.537 17
      vertex -98.8535 -98.8535 17
    endloop
  endfacet
  facet normal 0 0 1
    outer loop
      vertex -90.6002 -105.537 17
      vertex -99.2561 -107.741 17
      vertex -94.5216 -111.575 17
    endloop
  endfacet
  facet normal -0 0 1
    outer loop
      vertex -103.945 -103.945 17
      vertex -99.2561 -107.741 17
      vertex -98.8535 -98.8535 17
    endloop
  endfacet
  facet normal 0 0 1
    outer loop
      vertex -99.2561 -107.741 17
      vertex -103.945 -103.945 17
      vertex -100.409 -108.894 17
    endloop
  endfacet
  facet normal 0 0 1
    outer loop
      vertex -105.537 -90.6002 17
      vertex -103.945 -103.945 17
      vertex -98.8535 -98.8535 17
    endloop
  endfacet
  facet normal 0 0 1
    outer loop
      vertex -111.575 -94.5216 17
      vertex -105.537 -90.6002 17
      vertex -110.358 -81.1376 17
    endloop
  endfacet
  facet normal 0 0 1
    outer loop
      vertex -105.537 -90.6002 17
      vertex -111.575 -94.5216 17
      vertex -103.945 -103.945 17
    endloop
  endfacet
  facet normal 0 0 1
    outer loop
      vertex -117.08 -83.7178 17
      vertex -110.358 -81.1376 17
      vertex -113.107 -70.8794 17
    endloop
  endfacet
  facet normal 0 0 1
    outer loop
      vertex -110.358 -81.1376 17
      vertex -117.08 -83.7178 17
      vertex -111.575 -94.5216 17
    endloop
  endfacet
  facet normal 0 0 1
    outer loop
      vertex -120.218 -72.0057 17
      vertex -113.107 -70.8794 17
      vertex -113.663 -60.2738 17
    endloop
  endfacet
  facet normal 0 0 1
    outer loop
      vertex -112.002 -49.7845 17
      vertex -118.956 -47.921 17
      vertex -113.663 -60.2738 17
    endloop
  endfacet
  facet normal -0 0 1
    outer loop
      vertex -120.853 -59.897 17
      vertex -113.663 -60.2738 17
      vertex -118.956 -47.921 17
    endloop
  endfacet
  facet normal 0 0 1
    outer loop
      vertex -113.107 -70.8794 17
      vertex -120.218 -72.0057 17
      vertex -117.08 -83.7178 17
    endloop
  endfacet
  facet normal 0 0 1
    outer loop
      vertex -113.663 -60.2738 17
      vertex -120.853 -59.897 17
      vertex -120.218 -72.0057 17
    endloop
  endfacet
  facet normal 0 0 1
    outer loop
      vertex -16.9706 -100.409 17
      vertex -17.9023 -99.4774 17
      vertex -21.2132 -104.652 17
    endloop
  endfacet
  facet normal 0 0 1
    outer loop
      vertex -104.652 -21.2132 17
      vertex -108.894 -25.4558 17
      vertex -107.963 -26.3876 17
    endloop
  endfacet
  facet normal 0 0 1
    outer loop
      vertex -100.409 -108.894 17
      vertex -103.945 -103.945 17
      vertex -104.652 -104.652 17
    endloop
  endfacet
  facet normal -0.709505 0.7047 0
    outer loop
      vertex -108.007 -26.4319 7
      vertex -107.963 -26.3876 17
      vertex -107.963 -26.3876 7
    endloop
  endfacet
  facet normal -0.709505 0.7047 0
    outer loop
      vertex -107.963 -26.3876 17
      vertex -108.007 -26.4319 7
      vertex -108.007 -26.4319 17
    endloop
  endfacet
  facet normal -0.707115 0.707099 0
    outer loop
      vertex -103.72 -22.145 7
      vertex -99.4331 -17.858 17
      vertex -99.4331 -17.858 7
    endloop
  endfacet
  facet normal -0.707115 0.707099 0
    outer loop
      vertex -99.4331 -17.858 17
      vertex -103.72 -22.145 7
      vertex -103.72 -22.145 17
    endloop
  endfacet
  facet normal -0.2588 -0.965931 0
    outer loop
      vertex -83.7178 -117.08 7
      vertex -72.0057 -120.218 17
      vertex -83.7178 -117.08 17
    endloop
  endfacet
  facet normal -0.2588 -0.965931 -0
    outer loop
      vertex -72.0057 -120.218 17
      vertex -83.7178 -117.08 7
      vertex -72.0057 -120.218 7
    endloop
  endfacet
  facet normal -0.933589 0.358346 0
    outer loop
      vertex -118.956 -47.921 7
      vertex -114.611 -36.6011 17
      vertex -114.611 -36.6011 7
    endloop
  endfacet
  facet normal -0.933589 0.358346 0
    outer loop
      vertex -114.611 -36.6011 17
      vertex -118.956 -47.921 7
      vertex -118.956 -47.921 17
    endloop
  endfacet
  facet normal -0.358364 0.933582 0
    outer loop
      vertex -77.944 -6.90881 7
      vertex -89.264 -11.2541 17
      vertex -77.944 -6.90881 17
    endloop
  endfacet
  facet normal -0.358364 0.933582 0
    outer loop
      vertex -89.264 -11.2541 17
      vertex -77.944 -6.90881 7
      vertex -89.264 -11.2541 7
    endloop
  endfacet
  facet normal 0.99863 0.0523359 0
    outer loop
      vertex -5.01199 -65.968 17
      vertex -5.64658 -53.8593 7
      vertex -5.64658 -53.8593 17
    endloop
  endfacet
  facet normal 0.99863 0.0523359 0
    outer loop
      vertex -5.64658 -53.8593 7
      vertex -5.01199 -65.968 17
      vertex -5.01199 -65.968 7
    endloop
  endfacet
  facet normal -0.987686 0.15645 0
    outer loop
      vertex -120.853 -59.897 7
      vertex -118.956 -47.921 17
      vertex -118.956 -47.921 7
    endloop
  endfacet
  facet normal -0.987686 0.15645 0
    outer loop
      vertex -118.956 -47.921 17
      vertex -120.853 -59.897 7
      vertex -120.853 -59.897 17
    endloop
  endfacet
  facet normal -0.156435 0.987688 0
    outer loop
      vertex -65.968 -5.01199 7
      vertex -77.944 -6.90881 17
      vertex -65.968 -5.01199 17
    endloop
  endfacet
  facet normal -0.156435 0.987688 0
    outer loop
      vertex -77.944 -6.90881 17
      vertex -65.968 -5.01199 7
      vertex -77.944 -6.90881 7
    endloop
  endfacet
  facet normal 0.707107 -0.707107 0
    outer loop
      vertex -17.9023 -99.4774 17
      vertex -17.858 -99.4331 7
      vertex -17.858 -99.4331 17
    endloop
  endfacet
  facet normal 0.707107 -0.707107 0
    outer loop
      vertex -17.858 -99.4331 7
      vertex -17.9023 -99.4774 17
      vertex -17.9023 -99.4774 7
    endloop
  endfacet
  facet normal 0.707115 -0.707099 0
    outer loop
      vertex -26.4319 -108.007 17
      vertex -22.145 -103.72 7
      vertex -22.145 -103.72 17
    endloop
  endfacet
  facet normal 0.707115 -0.707099 0
    outer loop
      vertex -22.145 -103.72 7
      vertex -26.4319 -108.007 17
      vertex -26.4319 -108.007 7
    endloop
  endfacet
  facet normal 0.15645 -0.987686 0
    outer loop
      vertex -59.897 -120.853 7
      vertex -47.921 -118.956 17
      vertex -59.897 -120.853 17
    endloop
  endfacet
  facet normal 0.15645 -0.987686 0
    outer loop
      vertex -47.921 -118.956 17
      vertex -59.897 -120.853 7
      vertex -47.921 -118.956 7
    endloop
  endfacet
  facet normal -0.998628 -0.0523697 0
    outer loop
      vertex -120.218 -72.0057 7
      vertex -120.853 -59.897 17
      vertex -120.853 -59.897 7
    endloop
  endfacet
  facet normal -0.998628 -0.0523697 0
    outer loop
      vertex -120.853 -59.897 17
      vertex -120.218 -72.0057 7
      vertex -120.218 -72.0057 17
    endloop
  endfacet
  facet normal 0.933582 -0.358364 0
    outer loop
      vertex -11.2541 -89.264 17
      vertex -6.90881 -77.944 7
      vertex -6.90881 -77.944 17
    endloop
  endfacet
  facet normal 0.933582 -0.358364 0
    outer loop
      vertex -6.90881 -77.944 7
      vertex -11.2541 -89.264 17
      vertex -11.2541 -89.264 7
    endloop
  endfacet
  facet normal -0 0 -1
    outer loop
      vertex -16.9706 -100.409 7
      vertex -21.2132 -104.652 7
      vertex -17.9023 -99.4774 7
    endloop
  endfacet
  facet normal 0 0 -1
    outer loop
      vertex -6.90881 -77.944 7
      vertex -13.8635 -76.0805 7
      vertex -12.2021 -65.5912 7
    endloop
  endfacet
  facet normal 0 0 -1
    outer loop
      vertex -11.2541 -89.264 7
      vertex -17.6694 -85.9952 7
      vertex -13.8635 -76.0805 7
    endloop
  endfacet
  facet normal 0 0 -1
    outer loop
      vertex -17.858 -99.4331 7
      vertex -17.6694 -85.9952 7
      vertex -11.2541 -89.264 7
    endloop
  endfacet
  facet normal 0 0 -1
    outer loop
      vertex -23.4535 -94.902 7
      vertex -17.858 -99.4331 7
      vertex -17.9023 -99.4774 7
    endloop
  endfacet
  facet normal 0 0 -1
    outer loop
      vertex -22.145 -103.72 7
      vertex -17.9023 -99.4774 7
      vertex -21.2132 -104.652 7
    endloop
  endfacet
  facet normal -0 0 -1
    outer loop
      vertex -17.9023 -99.4774 7
      vertex -22.145 -103.72 7
      vertex -23.4535 -94.902 7
    endloop
  endfacet
  facet normal 0 0 -1
    outer loop
      vertex -17.858 -99.4331 7
      vertex -23.4535 -94.902 7
      vertex -17.6694 -85.9952 7
    endloop
  endfacet
  facet normal 0 0 -1
    outer loop
      vertex -30.963 -102.412 7
      vertex -22.145 -103.72 7
      vertex -26.4319 -108.007 7
    endloop
  endfacet
  facet normal 0 0 -1
    outer loop
      vertex -22.145 -103.72 7
      vertex -30.963 -102.412 7
      vertex -23.4535 -94.902 7
    endloop
  endfacet
  facet normal 0 0 -1
    outer loop
      vertex -36.6011 -114.611 7
      vertex -30.963 -102.412 7
      vertex -26.4319 -108.007 7
    endloop
  endfacet
  facet normal 0 0 -1
    outer loop
      vertex -36.6011 -114.611 7
      vertex -39.8698 -108.196 7
      vertex -30.963 -102.412 7
    endloop
  endfacet
  facet normal 0 0 -1
    outer loop
      vertex -47.921 -118.956 7
      vertex -39.8698 -108.196 7
      vertex -36.6011 -114.611 7
    endloop
  endfacet
  facet normal 0 0 -1
    outer loop
      vertex -47.921 -118.956 7
      vertex -49.7845 -112.002 7
      vertex -39.8698 -108.196 7
    endloop
  endfacet
  facet normal 0 0 -1
    outer loop
      vertex -59.897 -120.853 7
      vertex -49.7845 -112.002 7
      vertex -47.921 -118.956 7
    endloop
  endfacet
  facet normal 0 0 -1
    outer loop
      vertex -59.897 -120.853 7
      vertex -60.2738 -113.663 7
      vertex -49.7845 -112.002 7
    endloop
  endfacet
  facet normal 0 0 -1
    outer loop
      vertex -59.897 -120.853 7
      vertex -70.8794 -113.107 7
      vertex -60.2738 -113.663 7
    endloop
  endfacet
  facet normal 0 0 -1
    outer loop
      vertex -72.0057 -120.218 7
      vertex -70.8794 -113.107 7
      vertex -59.897 -120.853 7
    endloop
  endfacet
  facet normal 0 0 -1
    outer loop
      vertex -72.0057 -120.218 7
      vertex -81.1376 -110.358 7
      vertex -70.8794 -113.107 7
    endloop
  endfacet
  facet normal 0 0 -1
    outer loop
      vertex -83.7178 -117.08 7
      vertex -81.1376 -110.358 7
      vertex -72.0057 -120.218 7
    endloop
  endfacet
  facet normal 0 0 -1
    outer loop
      vertex -83.7178 -117.08 7
      vertex -90.6002 -105.537 7
      vertex -81.1376 -110.358 7
    endloop
  endfacet
  facet normal 0 0 -1
    outer loop
      vertex -94.5216 -111.575 7
      vertex -90.6002 -105.537 7
      vertex -83.7178 -117.08 7
    endloop
  endfacet
  facet normal 0 0 -1
    outer loop
      vertex -99.2561 -107.741 7
      vertex -90.6002 -105.537 7
      vertex -94.5216 -111.575 7
    endloop
  endfacet
  facet normal -0 0 -1
    outer loop
      vertex -90.6002 -105.537 7
      vertex -99.2561 -107.741 7
      vertex -98.8535 -98.8535 7
    endloop
  endfacet
  facet normal 0 0 -1
    outer loop
      vertex -103.945 -103.945 7
      vertex -99.2561 -107.741 7
      vertex -100.409 -108.894 7
    endloop
  endfacet
  facet normal 0 0 -1
    outer loop
      vertex -99.2561 -107.741 7
      vertex -103.945 -103.945 7
      vertex -98.8535 -98.8535 7
    endloop
  endfacet
  facet normal 0 0 -1
    outer loop
      vertex -103.945 -103.945 7
      vertex -105.537 -90.6002 7
      vertex -98.8535 -98.8535 7
    endloop
  endfacet
  facet normal 0 0 -1
    outer loop
      vertex -111.575 -94.5216 7
      vertex -105.537 -90.6002 7
      vertex -103.945 -103.945 7
    endloop
  endfacet
  facet normal -0 0 -1
    outer loop
      vertex -105.537 -90.6002 7
      vertex -111.575 -94.5216 7
      vertex -110.358 -81.1376 7
    endloop
  endfacet
  facet normal 0 0 -1
    outer loop
      vertex -117.08 -83.7178 7
      vertex -110.358 -81.1376 7
      vertex -111.575 -94.5216 7
    endloop
  endfacet
  facet normal -0 0 -1
    outer loop
      vertex -110.358 -81.1376 7
      vertex -117.08 -83.7178 7
      vertex -113.107 -70.8794 7
    endloop
  endfacet
  facet normal 0 0 -1
    outer loop
      vertex -120.218 -72.0057 7
      vertex -113.107 -70.8794 7
      vertex -117.08 -83.7178 7
    endloop
  endfacet
  facet normal -0 0 -1
    outer loop
      vertex -113.107 -70.8794 7
      vertex -120.218 -72.0057 7
      vertex -113.663 -60.2738 7
    endloop
  endfacet
  facet normal 0 0 -1
    outer loop
      vertex -113.663 -60.2738 7
      vertex -118.956 -47.921 7
      vertex -114.611 -36.6011 7
    endloop
  endfacet
  facet normal 0 0 -1
    outer loop
      vertex -120.853 -59.897 7
      vertex -113.663 -60.2738 7
      vertex -120.218 -72.0057 7
    endloop
  endfacet
  facet normal 0 0 -1
    outer loop
      vertex -113.663 -60.2738 7
      vertex -120.853 -59.897 7
      vertex -118.956 -47.921 7
    endloop
  endfacet
  facet normal 0 0 -1
    outer loop
      vertex -12.2021 -65.5912 7
      vertex -5.01199 -65.968 7
      vertex -6.90881 -77.944 7
    endloop
  endfacet
  facet normal 0 0 -1
    outer loop
      vertex -5.01199 -65.968 7
      vertex -12.2021 -65.5912 7
      vertex -5.64658 -53.8593 7
    endloop
  endfacet
  facet normal 0 0 -1
    outer loop
      vertex -13.8635 -76.0805 7
      vertex -6.90881 -77.944 7
      vertex -11.2541 -89.264 7
    endloop
  endfacet
  facet normal 0 0 -1
    outer loop
      vertex -12.7579 -54.9856 7
      vertex -5.64658 -53.8593 7
      vertex -12.2021 -65.5912 7
    endloop
  endfacet
  facet normal -0 0 -1
    outer loop
      vertex -5.64658 -53.8593 7
      vertex -12.7579 -54.9856 7
      vertex -6.94863 -49 7
    endloop
  endfacet
  facet normal -0 0 -1
    outer loop
      vertex -6.94863 -49 7
      vertex -12.7579 -54.9856 7
      vertex -12.5 -49 7
    endloop
  endfacet
  facet normal 0 0 -1
    outer loop
      vertex -15.5066 -44.7274 7
      vertex -12.5 -49 7
      vertex -12.7579 -54.9856 7
    endloop
  endfacet
  facet normal 0 0 -1
    outer loop
      vertex -12.5 -49 7
      vertex -15.5066 -44.7274 7
      vertex -12.5 -34.8558 7
    endloop
  endfacet
  facet normal 0 0 -1
    outer loop
      vertex -20.328 -35.2648 7
      vertex -12.5 -34.8558 7
      vertex -15.5066 -44.7274 7
    endloop
  endfacet
  facet normal -0 0 -1
    outer loop
      vertex -12.5 -34.8558 7
      vertex -20.328 -35.2648 7
      vertex -14.2896 -31.3434 7
    endloop
  endfacet
  facet normal 0 0 -1
    outer loop
      vertex -20.328 -35.2648 7
      vertex -21.9203 -21.9203 7
      vertex -14.2896 -31.3434 7
    endloop
  endfacet
  facet normal 0 0 -1
    outer loop
      vertex -27.0115 -27.0115 7
      vertex -21.9203 -21.9203 7
      vertex -20.328 -35.2648 7
    endloop
  endfacet
  facet normal 0 -0 -1
    outer loop
      vertex -26.6089 -18.1236 7
      vertex -21.9203 -21.9203 7
      vertex -27.0115 -27.0115 7
    endloop
  endfacet
  facet normal 0 0 -1
    outer loop
      vertex -21.9203 -21.9203 7
      vertex -26.6089 -18.1236 7
      vertex -25.4558 -16.9706 7
    endloop
  endfacet
  facet normal 0 0 -1
    outer loop
      vertex -35.2648 -20.328 7
      vertex -26.6089 -18.1236 7
      vertex -27.0115 -27.0115 7
    endloop
  endfacet
  facet normal -0 0 -1
    outer loop
      vertex -26.6089 -18.1236 7
      vertex -35.2648 -20.328 7
      vertex -31.3434 -14.2896 7
    endloop
  endfacet
  facet normal 0 0 -1
    outer loop
      vertex -35.2648 -20.328 7
      vertex -42.1472 -8.78484 7
      vertex -31.3434 -14.2896 7
    endloop
  endfacet
  facet normal 0 0 -1
    outer loop
      vertex -44.7274 -15.5066 7
      vertex -42.1472 -8.78484 7
      vertex -35.2648 -20.328 7
    endloop
  endfacet
  facet normal 0 0 -1
    outer loop
      vertex -44.7274 -15.5066 7
      vertex -53.8593 -5.64658 7
      vertex -42.1472 -8.78484 7
    endloop
  endfacet
  facet normal 0 0 -1
    outer loop
      vertex -54.9856 -12.7579 7
      vertex -53.8593 -5.64658 7
      vertex -44.7274 -15.5066 7
    endloop
  endfacet
  facet normal 0 0 -1
    outer loop
      vertex -65.5912 -12.2021 7
      vertex -53.8593 -5.64658 7
      vertex -54.9856 -12.7579 7
    endloop
  endfacet
  facet normal 0 0 -1
    outer loop
      vertex -65.5912 -12.2021 7
      vertex -65.968 -5.01199 7
      vertex -53.8593 -5.64658 7
    endloop
  endfacet
  facet normal 0 0 -1
    outer loop
      vertex -76.0805 -13.8635 7
      vertex -65.968 -5.01199 7
      vertex -65.5912 -12.2021 7
    endloop
  endfacet
  facet normal 0 0 -1
    outer loop
      vertex -76.0805 -13.8635 7
      vertex -77.944 -6.90881 7
      vertex -65.968 -5.01199 7
    endloop
  endfacet
  facet normal 0 0 -1
    outer loop
      vertex -85.9952 -17.6694 7
      vertex -77.944 -6.90881 7
      vertex -76.0805 -13.8635 7
    endloop
  endfacet
  facet normal 0 0 -1
    outer loop
      vertex -85.9952 -17.6694 7
      vertex -89.264 -11.2541 7
      vertex -77.944 -6.90881 7
    endloop
  endfacet
  facet normal 0 0 -1
    outer loop
      vertex -94.902 -23.4535 7
      vertex -89.264 -11.2541 7
      vertex -85.9952 -17.6694 7
    endloop
  endfacet
  facet normal 0 0 -1
    outer loop
      vertex -94.902 -23.4535 7
      vertex -99.4331 -17.858 7
      vertex -89.264 -11.2541 7
    endloop
  endfacet
  facet normal 0 0 -1
    outer loop
      vertex -103.72 -22.145 7
      vertex -94.902 -23.4535 7
      vertex -102.412 -30.963 7
    endloop
  endfacet
  facet normal 0 0 -1
    outer loop
      vertex -94.902 -23.4535 7
      vertex -103.72 -22.145 7
      vertex -99.4331 -17.858 7
    endloop
  endfacet
  facet normal 0 0 -1
    outer loop
      vertex -107.963 -26.3876 7
      vertex -103.72 -22.145 7
      vertex -102.412 -30.963 7
    endloop
  endfacet
  facet normal -0 0 -1
    outer loop
      vertex -103.72 -22.145 7
      vertex -107.963 -26.3876 7
      vertex -104.652 -21.2132 7
    endloop
  endfacet
  facet normal 0 0 -1
    outer loop
      vertex -102.412 -30.963 7
      vertex -108.007 -26.4319 7
      vertex -107.963 -26.3876 7
    endloop
  endfacet
  facet normal 0 0 -1
    outer loop
      vertex -108.196 -39.8698 7
      vertex -108.007 -26.4319 7
      vertex -102.412 -30.963 7
    endloop
  endfacet
  facet normal 0 0 -1
    outer loop
      vertex -114.611 -36.6011 7
      vertex -108.196 -39.8698 7
      vertex -112.002 -49.7845 7
    endloop
  endfacet
  facet normal 0 0 -1
    outer loop
      vertex -108.196 -39.8698 7
      vertex -114.611 -36.6011 7
      vertex -108.007 -26.4319 7
    endloop
  endfacet
  facet normal 0 0 -1
    outer loop
      vertex -114.611 -36.6011 7
      vertex -112.002 -49.7845 7
      vertex -113.663 -60.2738 7
    endloop
  endfacet
  facet normal 0 0 -1
    outer loop
      vertex -100.409 -108.894 7
      vertex -104.652 -104.652 7
      vertex -103.945 -103.945 7
    endloop
  endfacet
  facet normal -0 0 -1
    outer loop
      vertex -21.2132 -21.2132 7
      vertex -21.9203 -21.9203 7
      vertex -25.4558 -16.9706 7
    endloop
  endfacet
  facet normal 0 0 -1
    outer loop
      vertex -104.652 -21.2132 7
      vertex -107.963 -26.3876 7
      vertex -108.894 -25.4558 7
    endloop
  endfacet
  facet normal 0.25882 0.965926 -0
    outer loop
      vertex -42.1472 -8.78484 7
      vertex -53.8593 -5.64658 17
      vertex -42.1472 -8.78484 17
    endloop
  endfacet
  facet normal 0.25882 0.965926 0
    outer loop
      vertex -53.8593 -5.64658 17
      vertex -42.1472 -8.78484 7
      vertex -53.8593 -5.64658 7
    endloop
  endfacet
  facet normal 0.0523359 0.99863 -0
    outer loop
      vertex -53.8593 -5.64658 7
      vertex -65.968 -5.01199 17
      vertex -53.8593 -5.64658 17
    endloop
  endfacet
  facet normal 0.0523359 0.99863 0
    outer loop
      vertex -65.968 -5.01199 17
      vertex -53.8593 -5.64658 7
      vertex -65.968 -5.01199 7
    endloop
  endfacet
  facet normal -0.891 -0.454003 0
    outer loop
      vertex -111.575 -94.5216 7
      vertex -117.08 -83.7178 17
      vertex -117.08 -83.7178 7
    endloop
  endfacet
  facet normal -0.891 -0.454003 0
    outer loop
      vertex -117.08 -83.7178 17
      vertex -111.575 -94.5216 7
      vertex -111.575 -94.5216 17
    endloop
  endfacet
  facet normal 0.629328 0.77714 -0
    outer loop
      vertex -26.6089 -18.1236 7
      vertex -31.3434 -14.2896 17
      vertex -26.6089 -18.1236 17
    endloop
  endfacet
  facet normal 0.629328 0.77714 0
    outer loop
      vertex -31.3434 -14.2896 17
      vertex -26.6089 -18.1236 7
      vertex -31.3434 -14.2896 7
    endloop
  endfacet
  facet normal -0.777141 -0.629327 0
    outer loop
      vertex -20.328 -35.2648 7
      vertex -27.0115 -27.0115 17
      vertex -27.0115 -27.0115 7
    endloop
  endfacet
  facet normal -0.777141 -0.629327 0
    outer loop
      vertex -27.0115 -27.0115 17
      vertex -20.328 -35.2648 7
      vertex -20.328 -35.2648 17
    endloop
  endfacet
  facet normal 0.453958 0.891023 -0
    outer loop
      vertex -81.1376 -110.358 7
      vertex -90.6002 -105.537 17
      vertex -81.1376 -110.358 17
    endloop
  endfacet
  facet normal 0.453958 0.891023 0
    outer loop
      vertex -90.6002 -105.537 17
      vertex -81.1376 -110.358 7
      vertex -90.6002 -105.537 7
    endloop
  endfacet
  facet normal -0.54463 0.838677 0
    outer loop
      vertex -30.963 -102.412 7
      vertex -39.8698 -108.196 17
      vertex -30.963 -102.412 17
    endloop
  endfacet
  facet normal -0.54463 0.838677 0
    outer loop
      vertex -39.8698 -108.196 17
      vertex -30.963 -102.412 7
      vertex -39.8698 -108.196 7
    endloop
  endfacet
  facet normal -0.358376 0.933577 0
    outer loop
      vertex -39.8698 -108.196 7
      vertex -49.7845 -112.002 17
      vertex -39.8698 -108.196 17
    endloop
  endfacet
  facet normal -0.358376 0.933577 0
    outer loop
      vertex -49.7845 -112.002 17
      vertex -39.8698 -108.196 7
      vertex -49.7845 -112.002 7
    endloop
  endfacet
  facet normal -0.99863 -0.0523345 0
    outer loop
      vertex -12.2021 -65.5912 7
      vertex -12.7579 -54.9856 17
      vertex -12.7579 -54.9856 7
    endloop
  endfacet
  facet normal -0.99863 -0.0523345 0
    outer loop
      vertex -12.7579 -54.9856 17
      vertex -12.2021 -65.5912 7
      vertex -12.2021 -65.5912 17
    endloop
  endfacet
  facet normal 0.777141 0.629327 0
    outer loop
      vertex -98.8535 -98.8535 17
      vertex -105.537 -90.6002 7
      vertex -105.537 -90.6002 17
    endloop
  endfacet
  facet normal 0.777141 0.629327 0
    outer loop
      vertex -105.537 -90.6002 7
      vertex -98.8535 -98.8535 17
      vertex -98.8535 -98.8535 7
    endloop
  endfacet
  facet normal 0.629327 0.777141 -0
    outer loop
      vertex -90.6002 -105.537 7
      vertex -98.8535 -98.8535 17
      vertex -90.6002 -105.537 17
    endloop
  endfacet
  facet normal 0.629327 0.777141 0
    outer loop
      vertex -98.8535 -98.8535 17
      vertex -90.6002 -105.537 7
      vertex -98.8535 -98.8535 7
    endloop
  endfacet
  facet normal 0.15644 -0.987687 0
    outer loop
      vertex -76.0805 -13.8635 7
      vertex -65.5912 -12.2021 17
      vertex -76.0805 -13.8635 17
    endloop
  endfacet
  facet normal 0.15644 -0.987687 0
    outer loop
      vertex -65.5912 -12.2021 17
      vertex -76.0805 -13.8635 7
      vertex -65.5912 -12.2021 7
    endloop
  endfacet
  facet normal 0.965918 0.258847 0
    outer loop
      vertex -110.358 -81.1376 17
      vertex -113.107 -70.8794 7
      vertex -113.107 -70.8794 17
    endloop
  endfacet
  facet normal 0.965918 0.258847 0
    outer loop
      vertex -113.107 -70.8794 7
      vertex -110.358 -81.1376 17
      vertex -110.358 -81.1376 7
    endloop
  endfacet
  facet normal -0.453988 -0.891008 0
    outer loop
      vertex -44.7274 -15.5066 7
      vertex -35.2648 -20.328 17
      vertex -44.7274 -15.5066 17
    endloop
  endfacet
  facet normal -0.453988 -0.891008 -0
    outer loop
      vertex -35.2648 -20.328 17
      vertex -44.7274 -15.5066 7
      vertex -35.2648 -20.328 7
    endloop
  endfacet
  facet normal -0.838672 0.544636 0
    outer loop
      vertex -23.4535 -94.902 7
      vertex -17.6694 -85.9952 17
      vertex -17.6694 -85.9952 7
    endloop
  endfacet
  facet normal -0.838672 0.544636 0
    outer loop
      vertex -17.6694 -85.9952 17
      vertex -23.4535 -94.902 7
      vertex -23.4535 -94.902 17
    endloop
  endfacet
  facet normal 0.707083 -0.70713 0
    outer loop
      vertex -102.412 -30.963 17
      vertex -94.902 -23.4535 7
      vertex -94.902 -23.4535 17
    endloop
  endfacet
  facet normal 0.707083 -0.70713 0
    outer loop
      vertex -94.902 -23.4535 7
      vertex -102.412 -30.963 17
      vertex -102.412 -30.963 7
    endloop
  endfacet
  facet normal 0.838677 -0.54463 0
    outer loop
      vertex -108.196 -39.8698 17
      vertex -102.412 -30.963 7
      vertex -102.412 -30.963 17
    endloop
  endfacet
  facet normal 0.838677 -0.54463 0
    outer loop
      vertex -102.412 -30.963 7
      vertex -108.196 -39.8698 17
      vertex -108.196 -39.8698 7
    endloop
  endfacet
  facet normal 0.258847 0.965918 -0
    outer loop
      vertex -70.8794 -113.107 7
      vertex -81.1376 -110.358 17
      vertex -70.8794 -113.107 17
    endloop
  endfacet
  facet normal 0.258847 0.965918 0
    outer loop
      vertex -81.1376 -110.358 17
      vertex -70.8794 -113.107 7
      vertex -81.1376 -110.358 7
    endloop
  endfacet
  facet normal 0.987693 -0.156403 0
    outer loop
      vertex -113.663 -60.2738 17
      vertex -112.002 -49.7845 7
      vertex -112.002 -49.7845 17
    endloop
  endfacet
  facet normal 0.987693 -0.156403 0
    outer loop
      vertex -112.002 -49.7845 7
      vertex -113.663 -60.2738 17
      vertex -113.663 -60.2738 7
    endloop
  endfacet
  facet normal -0.987687 0.15644 0
    outer loop
      vertex -13.8635 -76.0805 7
      vertex -12.2021 -65.5912 17
      vertex -12.2021 -65.5912 7
    endloop
  endfacet
  facet normal -0.987687 0.15644 0
    outer loop
      vertex -12.2021 -65.5912 17
      vertex -13.8635 -76.0805 7
      vertex -13.8635 -76.0805 17
    endloop
  endfacet
  facet normal 0.933577 -0.358376 0
    outer loop
      vertex -112.002 -49.7845 17
      vertex -108.196 -39.8698 7
      vertex -108.196 -39.8698 17
    endloop
  endfacet
  facet normal 0.933577 -0.358376 0
    outer loop
      vertex -108.196 -39.8698 7
      vertex -112.002 -49.7845 17
      vertex -112.002 -49.7845 7
    endloop
  endfacet
  facet normal 0.998629 0.0523532 0
    outer loop
      vertex -113.107 -70.8794 17
      vertex -113.663 -60.2738 7
      vertex -113.663 -60.2738 17
    endloop
  endfacet
  facet normal 0.998629 0.0523532 0
    outer loop
      vertex -113.663 -60.2738 7
      vertex -113.107 -70.8794 17
      vertex -113.107 -70.8794 7
    endloop
  endfacet
  facet normal 0.0523532 0.998629 -0
    outer loop
      vertex -60.2738 -113.663 7
      vertex -70.8794 -113.107 17
      vertex -60.2738 -113.663 17
    endloop
  endfacet
  facet normal 0.0523532 0.998629 0
    outer loop
      vertex -70.8794 -113.107 17
      vertex -60.2738 -113.663 7
      vertex -70.8794 -113.107 7
    endloop
  endfacet
  facet normal 0.891023 0.453958 0
    outer loop
      vertex -105.537 -90.6002 17
      vertex -110.358 -81.1376 7
      vertex -110.358 -81.1376 17
    endloop
  endfacet
  facet normal 0.891023 0.453958 0
    outer loop
      vertex -110.358 -81.1376 7
      vertex -105.537 -90.6002 17
      vertex -105.537 -90.6002 7
    endloop
  endfacet
  facet normal 0.358368 -0.93358 0
    outer loop
      vertex -85.9952 -17.6694 7
      vertex -76.0805 -13.8635 17
      vertex -85.9952 -17.6694 17
    endloop
  endfacet
  facet normal 0.358368 -0.93358 0
    outer loop
      vertex -76.0805 -13.8635 17
      vertex -85.9952 -17.6694 7
      vertex -76.0805 -13.8635 7
    endloop
  endfacet
  facet normal -0.0523345 -0.99863 0
    outer loop
      vertex -65.5912 -12.2021 7
      vertex -54.9856 -12.7579 17
      vertex -65.5912 -12.2021 17
    endloop
  endfacet
  facet normal -0.0523345 -0.99863 -0
    outer loop
      vertex -54.9856 -12.7579 17
      vertex -65.5912 -12.2021 7
      vertex -54.9856 -12.7579 7
    endloop
  endfacet
  facet normal -0.156403 0.987693 0
    outer loop
      vertex -49.7845 -112.002 7
      vertex -60.2738 -113.663 17
      vertex -49.7845 -112.002 17
    endloop
  endfacet
  facet normal -0.156403 0.987693 0
    outer loop
      vertex -60.2738 -113.663 17
      vertex -49.7845 -112.002 7
      vertex -60.2738 -113.663 7
    endloop
  endfacet
  facet normal -0.258821 -0.965925 0
    outer loop
      vertex -54.9856 -12.7579 7
      vertex -44.7274 -15.5066 17
      vertex -54.9856 -12.7579 17
    endloop
  endfacet
  facet normal -0.258821 -0.965925 -0
    outer loop
      vertex -44.7274 -15.5066 17
      vertex -54.9856 -12.7579 7
      vertex -44.7274 -15.5066 7
    endloop
  endfacet
  facet normal 0.544636 -0.838672 0
    outer loop
      vertex -94.902 -23.4535 7
      vertex -85.9952 -17.6694 17
      vertex -94.902 -23.4535 17
    endloop
  endfacet
  facet normal 0.544636 -0.838672 0
    outer loop
      vertex -85.9952 -17.6694 17
      vertex -94.902 -23.4535 7
      vertex -85.9952 -17.6694 7
    endloop
  endfacet
  facet normal -0.93358 0.358368 0
    outer loop
      vertex -17.6694 -85.9952 7
      vertex -13.8635 -76.0805 17
      vertex -13.8635 -76.0805 7
    endloop
  endfacet
  facet normal -0.93358 0.358368 0
    outer loop
      vertex -13.8635 -76.0805 17
      vertex -17.6694 -85.9952 7
      vertex -17.6694 -85.9952 17
    endloop
  endfacet
  facet normal -0.891008 -0.453988 0
    outer loop
      vertex -15.5066 -44.7274 7
      vertex -20.328 -35.2648 17
      vertex -20.328 -35.2648 7
    endloop
  endfacet
  facet normal -0.891008 -0.453988 0
    outer loop
      vertex -20.328 -35.2648 17
      vertex -15.5066 -44.7274 7
      vertex -15.5066 -44.7274 17
    endloop
  endfacet
  facet normal -0.629327 -0.777141 0
    outer loop
      vertex -35.2648 -20.328 7
      vertex -27.0115 -27.0115 17
      vertex -35.2648 -20.328 17
    endloop
  endfacet
  facet normal -0.629327 -0.777141 -0
    outer loop
      vertex -27.0115 -27.0115 17
      vertex -35.2648 -20.328 7
      vertex -27.0115 -27.0115 7
    endloop
  endfacet
  facet normal -0.70713 0.707083 0
    outer loop
      vertex -23.4535 -94.902 7
      vertex -30.963 -102.412 17
      vertex -23.4535 -94.902 17
    endloop
  endfacet
  facet normal -0.70713 0.707083 0
    outer loop
      vertex -30.963 -102.412 17
      vertex -23.4535 -94.902 7
      vertex -30.963 -102.412 7
    endloop
  endfacet
  facet normal -0.965925 -0.258821 0
    outer loop
      vertex -12.7579 -54.9856 7
      vertex -15.5066 -44.7274 17
      vertex -15.5066 -44.7274 7
    endloop
  endfacet
  facet normal -0.965925 -0.258821 0
    outer loop
      vertex -15.5066 -44.7274 17
      vertex -12.7579 -54.9856 7
      vertex -12.7579 -54.9856 17
    endloop
  endfacet
  facet normal -0.707023 -0.70719 0
    outer loop
      vertex -100.409 -108.894 7
      vertex -104.652 -104.652 17
      vertex -104.652 -104.652 7
    endloop
  endfacet
  facet normal -0.707023 -0.70719 0
    outer loop
      vertex -104.652 -104.652 17
      vertex -100.409 -108.894 7
      vertex -100.409 -108.894 17
    endloop
  endfacet
  facet normal 0.707137 -0.707076 0
    outer loop
      vertex -100.409 -108.894 17
      vertex -99.2561 -107.741 7
      vertex -99.2561 -107.741 17
    endloop
  endfacet
  facet normal 0.707137 -0.707076 0
    outer loop
      vertex -99.2561 -107.741 7
      vertex -100.409 -108.894 17
      vertex -100.409 -108.894 7
    endloop
  endfacet
  facet normal -0.707107 0.707107 0
    outer loop
      vertex -104.652 -104.652 7
      vertex -103.945 -103.945 17
      vertex -103.945 -103.945 7
    endloop
  endfacet
  facet normal -0.707107 0.707107 0
    outer loop
      vertex -103.945 -103.945 17
      vertex -104.652 -104.652 7
      vertex -104.652 -104.652 17
    endloop
  endfacet
  facet normal 0.707069 0.707145 0
    outer loop
      vertex -16.9706 -100.409 17
      vertex -17.9023 -99.4774 7
      vertex -17.9023 -99.4774 17
    endloop
  endfacet
  facet normal 0.707069 0.707145 0
    outer loop
      vertex -17.9023 -99.4774 7
      vertex -16.9706 -100.409 17
      vertex -16.9706 -100.409 7
    endloop
  endfacet
  facet normal -0.707183 -0.707031 0
    outer loop
      vertex -21.2132 -104.652 7
      vertex -22.145 -103.72 17
      vertex -22.145 -103.72 7
    endloop
  endfacet
  facet normal -0.707183 -0.707031 0
    outer loop
      vertex -22.145 -103.72 17
      vertex -21.2132 -104.652 7
      vertex -21.2132 -104.652 17
    endloop
  endfacet
  facet normal 0.70714 -0.707073 0
    outer loop
      vertex -21.2132 -104.652 7
      vertex -16.9706 -100.409 17
      vertex -21.2132 -104.652 17
    endloop
  endfacet
  facet normal 0.70714 -0.707073 0
    outer loop
      vertex -16.9706 -100.409 17
      vertex -21.2132 -104.652 7
      vertex -16.9706 -100.409 7
    endloop
  endfacet
  facet normal 0.707107 0.707107 0
    outer loop
      vertex -21.2132 -21.2132 17
      vertex -25.4558 -16.9706 7
      vertex -25.4558 -16.9706 17
    endloop
  endfacet
  facet normal 0.707107 0.707107 0
    outer loop
      vertex -25.4558 -16.9706 7
      vertex -21.2132 -21.2132 17
      vertex -21.2132 -21.2132 7
    endloop
  endfacet
  facet normal -0.707076 0.707137 0
    outer loop
      vertex -26.6089 -18.1236 7
      vertex -25.4558 -16.9706 17
      vertex -25.4558 -16.9706 7
    endloop
  endfacet
  facet normal -0.707076 0.707137 0
    outer loop
      vertex -25.4558 -16.9706 17
      vertex -26.6089 -18.1236 7
      vertex -26.6089 -18.1236 17
    endloop
  endfacet
  facet normal 0.707107 -0.707107 0
    outer loop
      vertex -21.9203 -21.9203 17
      vertex -21.2132 -21.2132 7
      vertex -21.2132 -21.2132 17
    endloop
  endfacet
  facet normal 0.707107 -0.707107 0
    outer loop
      vertex -21.2132 -21.2132 7
      vertex -21.9203 -21.9203 17
      vertex -21.9203 -21.9203 7
    endloop
  endfacet
  facet normal -0.707157 0.707057 0
    outer loop
      vertex -104.652 -21.2132 7
      vertex -108.894 -25.4558 17
      vertex -104.652 -21.2132 17
    endloop
  endfacet
  facet normal -0.707157 0.707057 0
    outer loop
      vertex -108.894 -25.4558 17
      vertex -104.652 -21.2132 7
      vertex -108.894 -25.4558 7
    endloop
  endfacet
  facet normal 0.707031 0.707183 -0
    outer loop
      vertex -103.72 -22.145 7
      vertex -104.652 -21.2132 17
      vertex -103.72 -22.145 17
    endloop
  endfacet
  facet normal 0.707031 0.707183 0
    outer loop
      vertex -104.652 -21.2132 17
      vertex -103.72 -22.145 7
      vertex -104.652 -21.2132 7
    endloop
  endfacet
  facet normal -0.70741 -0.706803 0
    outer loop
      vertex -108.894 -25.4558 7
      vertex -107.963 -26.3876 17
      vertex -108.894 -25.4558 17
    endloop
  endfacet
  facet normal -0.70741 -0.706803 -0
    outer loop
      vertex -107.963 -26.3876 17
      vertex -108.894 -25.4558 7
      vertex -107.963 -26.3876 7
    endloop
  endfacet
  facet normal 0.891 0.454004 0
    outer loop
      vertex 55.8876 -64.269 7
      vertex 55.5646 -63.6351 4
      vertex 55.5646 -63.6351 7
    endloop
  endfacet
  facet normal 0.891 0.454004 0
    outer loop
      vertex 55.5646 -63.6351 4
      vertex 55.8876 -64.269 7
      vertex 55.8876 -64.269 4
    endloop
  endfacet
  facet normal -0.453961 -0.891022 0
    outer loop
      vertex 56.3339 -61.451 4
      vertex 57.9051 -62.2515 7
      vertex 56.3339 -61.451 7
    endloop
  endfacet
  facet normal -0.453961 -0.891022 -0
    outer loop
      vertex 57.9051 -62.2515 7
      vertex 56.3339 -61.451 4
      vertex 57.9051 -62.2515 4
    endloop
  endfacet
  facet normal -0.987685 0.156458 0
    outer loop
      vertex 57.6292 -63.9932 4
      vertex 57.9051 -62.2515 7
      vertex 57.9051 -62.2515 4
    endloop
  endfacet
  facet normal -0.987685 0.156458 0
    outer loop
      vertex 57.9051 -62.2515 7
      vertex 57.6292 -63.9932 4
      vertex 57.6292 -63.9932 7
    endloop
  endfacet
  facet normal 0.707107 -0.707107 0
    outer loop
      vertex 55.6179 -62.167 7
      vertex 56.3339 -61.451 4
      vertex 56.3339 -61.451 7
    endloop
  endfacet
  facet normal 0.707107 -0.707107 0
    outer loop
      vertex 56.3339 -61.451 4
      vertex 55.6179 -62.167 7
      vertex 55.6179 -62.167 4
    endloop
  endfacet
  facet normal -0.156312 0.987708 0
    outer loop
      vertex 57.0188 -64.0898 4
      vertex 57.6292 -63.9932 7
      vertex 57.6292 -63.9932 4
    endloop
  endfacet
  facet normal -0.156411 0.987692 2.07489e-05
    outer loop
      vertex 57.6292 -63.9932 7
      vertex 57.0188 -64.0898 4
      vertex 55.8876 -64.269 7
    endloop
  endfacet
  facet normal -0.156465 0.987684 0
    outer loop
      vertex 55.8876 -64.269 7
      vertex 57.0188 -64.0898 4
      vertex 55.8876 -64.269 4
    endloop
  endfacet
  facet normal 0.891022 0.453961 0
    outer loop
      vertex 62.2515 -57.9051 7
      vertex 61.451 -56.3339 4
      vertex 61.451 -56.3339 7
    endloop
  endfacet
  facet normal 0.891022 0.453961 0
    outer loop
      vertex 61.451 -56.3339 4
      vertex 62.2515 -57.9051 7
      vertex 62.2515 -57.9051 4
    endloop
  endfacet
  facet normal -0.454004 -0.891 0
    outer loop
      vertex 63.6351 -55.5646 4
      vertex 64.269 -55.8876 7
      vertex 63.6351 -55.5646 7
    endloop
  endfacet
  facet normal -0.454004 -0.891 -0
    outer loop
      vertex 64.269 -55.8876 7
      vertex 63.6351 -55.5646 4
      vertex 64.269 -55.8876 4
    endloop
  endfacet
  facet normal -0.987692 0.156411 0
    outer loop
      vertex 63.9932 -57.6292 4
      vertex 64.269 -55.8876 7
      vertex 64.269 -55.8876 4
    endloop
  endfacet
  facet normal -0.987692 0.156411 0
    outer loop
      vertex 64.269 -55.8876 7
      vertex 63.9932 -57.6292 4
      vertex 63.9932 -57.6292 7
    endloop
  endfacet
  facet normal 0.707107 -0.707107 0
    outer loop
      vertex 61.451 -56.3339 4
      vertex 62.167 -55.6179 7
      vertex 61.451 -56.3339 7
    endloop
  endfacet
  facet normal 0.707107 -0.707107 0
    outer loop
      vertex 62.167 -55.6179 7
      vertex 61.451 -56.3339 4
      vertex 62.167 -55.6179 4
    endloop
  endfacet
  facet normal -0.156458 0.987685 0
    outer loop
      vertex 63.9932 -57.6292 4
      vertex 62.2515 -57.9051 7
      vertex 63.9932 -57.6292 7
    endloop
  endfacet
  facet normal -0.156458 0.987685 0
    outer loop
      vertex 62.2515 -57.9051 7
      vertex 63.9932 -57.6292 4
      vertex 62.2515 -57.9051 4
    endloop
  endfacet
  facet normal 0.891016 0.453972 0
    outer loop
      vertex 62.167 -70.4671 7
      vertex 61.451 -69.0618 4
      vertex 61.451 -69.0618 7
    endloop
  endfacet
  facet normal 0.891016 0.453972 0
    outer loop
      vertex 61.451 -69.0618 4
      vertex 62.167 -70.4671 7
      vertex 62.167 -70.4671 4
    endloop
  endfacet
  facet normal -0.454029 -0.890987 0
    outer loop
      vertex 62.6979 -67.8149 4
      vertex 64.269 -68.6155 7
      vertex 62.6979 -67.8149 7
    endloop
  endfacet
  facet normal -0.454029 -0.890987 -0
    outer loop
      vertex 64.269 -68.6155 7
      vertex 62.6979 -67.8149 4
      vertex 64.269 -68.6155 4
    endloop
  endfacet
  facet normal -0.987692 0.156411 0
    outer loop
      vertex 63.9932 -70.3571 4
      vertex 64.269 -68.6155 7
      vertex 64.269 -68.6155 4
    endloop
  endfacet
  facet normal -0.987692 0.156411 0
    outer loop
      vertex 64.269 -68.6155 7
      vertex 63.9932 -70.3571 4
      vertex 63.9932 -70.3571 7
    endloop
  endfacet
  facet normal 0.707107 -0.707107 0
    outer loop
      vertex 61.451 -69.0618 4
      vertex 62.6979 -67.8149 7
      vertex 61.451 -69.0618 7
    endloop
  endfacet
  facet normal 0.707107 -0.707107 0
    outer loop
      vertex 62.6979 -67.8149 7
      vertex 61.451 -69.0618 4
      vertex 62.6979 -67.8149 4
    endloop
  endfacet
  facet normal -0.15643 0.987689 0
    outer loop
      vertex 63.9932 -70.3571 4
      vertex 63.6352 -70.4138 7
      vertex 63.9932 -70.3571 7
    endloop
  endfacet
  facet normal -0.15643 0.987689 0
    outer loop
      vertex 63.6352 -70.4138 7
      vertex 63.9932 -70.3571 4
      vertex 63.6352 -70.4138 4
    endloop
  endfacet
  facet normal 0.890987 0.454029 0
    outer loop
      vertex 68.6155 -64.269 7
      vertex 67.8149 -62.6979 4
      vertex 67.8149 -62.6979 7
    endloop
  endfacet
  facet normal 0.890987 0.454029 0
    outer loop
      vertex 67.8149 -62.6979 4
      vertex 68.6155 -64.269 7
      vertex 68.6155 -64.269 4
    endloop
  endfacet
  facet normal -0.453972 -0.891016 0
    outer loop
      vertex 69.0618 -61.451 4
      vertex 70.4671 -62.167 7
      vertex 69.0618 -61.451 7
    endloop
  endfacet
  facet normal -0.453972 -0.891016 -0
    outer loop
      vertex 70.4671 -62.167 7
      vertex 69.0618 -61.451 4
      vertex 70.4671 -62.167 4
    endloop
  endfacet
  facet normal -0.987689 0.15643 0
    outer loop
      vertex 70.3571 -63.9932 4
      vertex 70.4138 -63.6352 7
      vertex 70.4138 -63.6352 4
    endloop
  endfacet
  facet normal -0.987689 0.15643 0
    outer loop
      vertex 70.4138 -63.6352 7
      vertex 70.3571 -63.9932 4
      vertex 70.3571 -63.9932 7
    endloop
  endfacet
  facet normal 0.707107 -0.707107 0
    outer loop
      vertex 67.8149 -62.6979 7
      vertex 69.0618 -61.451 4
      vertex 69.0618 -61.451 7
    endloop
  endfacet
  facet normal 0.707107 -0.707107 0
    outer loop
      vertex 69.0618 -61.451 4
      vertex 67.8149 -62.6979 7
      vertex 67.8149 -62.6979 4
    endloop
  endfacet
  facet normal -0.156411 0.987692 0
    outer loop
      vertex 70.3571 -63.9932 4
      vertex 68.6155 -64.269 7
      vertex 70.3571 -63.9932 7
    endloop
  endfacet
  facet normal -0.156411 0.987692 0
    outer loop
      vertex 68.6155 -64.269 7
      vertex 70.3571 -63.9932 4
      vertex 68.6155 -64.269 4
    endloop
  endfacet
  facet normal 0.89101 0.453984 0
    outer loop
      vertex 53.7662 -64.269 7
      vertex 52.9657 -62.6979 4
      vertex 52.9657 -62.6979 7
    endloop
  endfacet
  facet normal 0.89101 0.453984 0
    outer loop
      vertex 52.9657 -62.6979 4
      vertex 53.7662 -64.269 7
      vertex 53.7662 -64.269 4
    endloop
  endfacet
  facet normal -0.453992 -0.891006 0
    outer loop
      vertex 54.5537 -61.6248 4
      vertex 54.2126 -61.451 7
      vertex 54.2126 -61.451 4
    endloop
  endfacet
  facet normal -0.453972 -0.891016 2.86163e-06
    outer loop
      vertex 54.2126 -61.451 7
      vertex 54.5537 -61.6248 4
      vertex 55.6179 -62.167 7
    endloop
  endfacet
  facet normal -0.453966 -0.891019 -0
    outer loop
      vertex 55.6179 -62.167 7
      vertex 54.5537 -61.6248 4
      vertex 55.6179 -62.167 4
    endloop
  endfacet
  facet normal -0.987696 0.156387 0
    outer loop
      vertex 55.5079 -63.9932 4
      vertex 55.5646 -63.6351 7
      vertex 55.5646 -63.6351 4
    endloop
  endfacet
  facet normal -0.987696 0.156387 0
    outer loop
      vertex 55.5646 -63.6351 7
      vertex 55.5079 -63.9932 4
      vertex 55.5079 -63.9932 7
    endloop
  endfacet
  facet normal 0.707107 -0.707107 0
    outer loop
      vertex 52.9657 -62.6979 7
      vertex 54.2126 -61.451 4
      vertex 54.2126 -61.451 7
    endloop
  endfacet
  facet normal 0.707107 -0.707107 0
    outer loop
      vertex 54.2126 -61.451 4
      vertex 52.9657 -62.6979 7
      vertex 52.9657 -62.6979 4
    endloop
  endfacet
  facet normal -0.156402 0.987693 0
    outer loop
      vertex 55.5079 -63.9932 4
      vertex 53.7662 -64.269 7
      vertex 55.5079 -63.9932 7
    endloop
  endfacet
  facet normal -0.156402 0.987693 0
    outer loop
      vertex 53.7662 -64.269 7
      vertex 55.5079 -63.9932 4
      vertex 53.7662 -64.269 4
    endloop
  endfacet
  facet normal 0.891016 0.453972 0
    outer loop
      vertex 62.167 -55.6179 7
      vertex 61.451 -54.2126 4
      vertex 61.451 -54.2126 7
    endloop
  endfacet
  facet normal 0.891016 0.453972 0
    outer loop
      vertex 61.451 -54.2126 4
      vertex 62.167 -55.6179 7
      vertex 62.167 -55.6179 4
    endloop
  endfacet
  facet normal -0.453984 -0.89101 0
    outer loop
      vertex 62.6979 -52.9657 4
      vertex 64.269 -53.7662 7
      vertex 62.6979 -52.9657 7
    endloop
  endfacet
  facet normal -0.453984 -0.89101 -0
    outer loop
      vertex 64.269 -53.7662 7
      vertex 62.6979 -52.9657 4
      vertex 64.269 -53.7662 4
    endloop
  endfacet
  facet normal -0.987693 0.156402 0
    outer loop
      vertex 63.9932 -55.5079 4
      vertex 64.269 -53.7662 7
      vertex 64.269 -53.7662 4
    endloop
  endfacet
  facet normal -0.987693 0.156402 0
    outer loop
      vertex 64.269 -53.7662 7
      vertex 63.9932 -55.5079 4
      vertex 63.9932 -55.5079 7
    endloop
  endfacet
  facet normal 0.707107 -0.707107 0
    outer loop
      vertex 61.451 -54.2126 4
      vertex 62.6979 -52.9657 7
      vertex 61.451 -54.2126 7
    endloop
  endfacet
  facet normal 0.707107 -0.707107 0
    outer loop
      vertex 62.6979 -52.9657 7
      vertex 61.451 -54.2126 4
      vertex 62.6979 -52.9657 4
    endloop
  endfacet
  facet normal -0.156387 0.987696 0
    outer loop
      vertex 63.9932 -55.5079 4
      vertex 63.6351 -55.5646 7
      vertex 63.9932 -55.5079 7
    endloop
  endfacet
  facet normal -0.156387 0.987696 0
    outer loop
      vertex 63.6351 -55.5646 7
      vertex 63.9932 -55.5079 4
      vertex 63.6351 -55.5646 4
    endloop
  endfacet
  facet normal 0.891059 0.453887 0
    outer loop
      vertex 61.451 -71.1831 7
      vertex 61.6248 -71.5243 4
      vertex 61.451 -71.1831 4
    endloop
  endfacet
  facet normal 0.891022 0.453961 -1.05934e-05
    outer loop
      vertex 62.2515 -72.7543 7
      vertex 61.6248 -71.5243 4
      vertex 61.451 -71.1831 7
    endloop
  endfacet
  facet normal 0.891011 0.453981 0
    outer loop
      vertex 61.6248 -71.5243 4
      vertex 62.2515 -72.7543 7
      vertex 62.2515 -72.7543 4
    endloop
  endfacet
  facet normal -0.453986 -0.891009 0
    outer loop
      vertex 63.8348 -70.5155 4
      vertex 63.6352 -70.4138 7
      vertex 63.6352 -70.4138 4
    endloop
  endfacet
  facet normal -0.454061 -0.890971 -6.25095e-06
    outer loop
      vertex 63.6352 -70.4138 7
      vertex 63.8348 -70.5155 4
      vertex 64.269 -70.7368 7
    endloop
  endfacet
  facet normal -0.454095 -0.890953 -0
    outer loop
      vertex 64.269 -70.7368 7
      vertex 63.8348 -70.5155 4
      vertex 64.269 -70.7368 4
    endloop
  endfacet
  facet normal -0.987692 0.156411 0
    outer loop
      vertex 63.9932 -72.4784 4
      vertex 64.269 -70.7368 7
      vertex 64.269 -70.7368 4
    endloop
  endfacet
  facet normal -0.987692 0.156411 0
    outer loop
      vertex 64.269 -70.7368 7
      vertex 63.9932 -72.4784 4
      vertex 63.9932 -72.4784 7
    endloop
  endfacet
  facet normal 0.707107 -0.707107 0
    outer loop
      vertex 61.451 -71.1831 7
      vertex 62.167 -70.4671 4
      vertex 62.167 -70.4671 7
    endloop
  endfacet
  facet normal 0.707107 -0.707107 0
    outer loop
      vertex 62.167 -70.4671 4
      vertex 61.451 -71.1831 7
      vertex 61.451 -71.1831 4
    endloop
  endfacet
  facet normal -0.156458 0.987685 0
    outer loop
      vertex 63.9932 -72.4784 4
      vertex 62.2515 -72.7543 7
      vertex 63.9932 -72.4784 7
    endloop
  endfacet
  facet normal -0.156458 0.987685 0
    outer loop
      vertex 62.2515 -72.7543 7
      vertex 63.9932 -72.4784 4
      vertex 62.2515 -72.7543 4
    endloop
  endfacet
  facet normal 0.891009 0.453986 0
    outer loop
      vertex 70.4138 -63.6352 7
      vertex 70.5155 -63.8348 4
      vertex 70.4138 -63.6352 4
    endloop
  endfacet
  facet normal 0.890971 0.454061 -6.25095e-06
    outer loop
      vertex 70.7368 -64.269 7
      vertex 70.5155 -63.8348 4
      vertex 70.4138 -63.6352 7
    endloop
  endfacet
  facet normal 0.890953 0.454095 0
    outer loop
      vertex 70.5155 -63.8348 4
      vertex 70.7368 -64.269 7
      vertex 70.7368 -64.269 4
    endloop
  endfacet
  facet normal -0.453887 -0.891059 0
    outer loop
      vertex 71.5243 -61.6248 4
      vertex 71.1831 -61.451 7
      vertex 71.1831 -61.451 4
    endloop
  endfacet
  facet normal -0.453961 -0.891022 -1.05934e-05
    outer loop
      vertex 71.1831 -61.451 7
      vertex 71.5243 -61.6248 4
      vertex 72.7543 -62.2515 7
    endloop
  endfacet
  facet normal -0.453981 -0.891011 -0
    outer loop
      vertex 72.7543 -62.2515 7
      vertex 71.5243 -61.6248 4
      vertex 72.7543 -62.2515 4
    endloop
  endfacet
  facet normal -0.987685 0.156458 0
    outer loop
      vertex 72.4784 -63.9932 4
      vertex 72.7543 -62.2515 7
      vertex 72.7543 -62.2515 4
    endloop
  endfacet
  facet normal -0.987685 0.156458 0
    outer loop
      vertex 72.7543 -62.2515 7
      vertex 72.4784 -63.9932 4
      vertex 72.4784 -63.9932 7
    endloop
  endfacet
  facet normal 0.707107 -0.707107 0
    outer loop
      vertex 70.4671 -62.167 7
      vertex 71.1831 -61.451 4
      vertex 71.1831 -61.451 7
    endloop
  endfacet
  facet normal 0.707107 -0.707107 0
    outer loop
      vertex 71.1831 -61.451 4
      vertex 70.4671 -62.167 7
      vertex 70.4671 -62.167 4
    endloop
  endfacet
  facet normal -0.156411 0.987692 0
    outer loop
      vertex 72.4784 -63.9932 4
      vertex 70.7368 -64.269 7
      vertex 72.4784 -63.9932 7
    endloop
  endfacet
  facet normal -0.156411 0.987692 0
    outer loop
      vertex 70.7368 -64.269 7
      vertex 72.4784 -63.9932 4
      vertex 70.7368 -64.269 4
    endloop
  endfacet
  facet normal 0.707107 -0.707107 0
    outer loop
      vertex 62.9325 -75.6604 7
      vertex 75.6604 -62.9325 4
      vertex 75.6604 -62.9325 7
    endloop
  endfacet
  facet normal 0.707107 -0.707107 0
    outer loop
      vertex 75.6604 -62.9325 4
      vertex 62.9325 -75.6604 7
      vertex 62.9325 -75.6604 4
    endloop
  endfacet
  facet normal 0 0 -1
    outer loop
      vertex 55.5646 -63.6351 7
      vertex 57.9051 -62.2515 7
      vertex 57.6292 -63.9932 7
    endloop
  endfacet
  facet normal 0 0 -1
    outer loop
      vertex 55.5646 -63.6351 7
      vertex 57.6292 -63.9932 7
      vertex 55.8876 -64.269 7
    endloop
  endfacet
  facet normal -0 0 -1
    outer loop
      vertex 57.9051 -62.2515 7
      vertex 55.5646 -63.6351 7
      vertex 55.6179 -62.167 7
    endloop
  endfacet
  facet normal 0 0 -1
    outer loop
      vertex 57.9051 -62.2515 7
      vertex 55.6179 -62.167 7
      vertex 56.3339 -61.451 7
    endloop
  endfacet
  facet normal 0 0 -1
    outer loop
      vertex 53.7662 -64.269 7
      vertex 55.5646 -63.6351 7
      vertex 55.5079 -63.9932 7
    endloop
  endfacet
  facet normal 0 0 -1
    outer loop
      vertex 52.9657 -62.6979 7
      vertex 55.5646 -63.6351 7
      vertex 53.7662 -64.269 7
    endloop
  endfacet
  facet normal 0 0 -1
    outer loop
      vertex 55.5646 -63.6351 7
      vertex 52.9657 -62.6979 7
      vertex 55.6179 -62.167 7
    endloop
  endfacet
  facet normal -0 0 -1
    outer loop
      vertex 55.6179 -62.167 7
      vertex 52.9657 -62.6979 7
      vertex 54.2126 -61.451 7
    endloop
  endfacet
  facet normal 0 0 -1
    outer loop
      vertex 62.2515 -57.9051 7
      vertex 61.451 -56.3339 7
      vertex 62.167 -55.6179 7
    endloop
  endfacet
  facet normal 0 0 -1
    outer loop
      vertex 63.9932 -57.6292 7
      vertex 63.6351 -55.5646 7
      vertex 64.269 -55.8876 7
    endloop
  endfacet
  facet normal 0 0 -1
    outer loop
      vertex 62.2515 -57.9051 7
      vertex 63.6351 -55.5646 7
      vertex 63.9932 -57.6292 7
    endloop
  endfacet
  facet normal 0 0 -1
    outer loop
      vertex 63.6351 -55.5646 7
      vertex 62.2515 -57.9051 7
      vertex 62.167 -55.6179 7
    endloop
  endfacet
  facet normal -0 0 -1
    outer loop
      vertex 63.6351 -55.5646 7
      vertex 62.167 -55.6179 7
      vertex 62.6979 -52.9657 7
    endloop
  endfacet
  facet normal 0 0 -1
    outer loop
      vertex 62.6979 -52.9657 7
      vertex 62.167 -55.6179 7
      vertex 61.451 -54.2126 7
    endloop
  endfacet
  facet normal 0 0 -1
    outer loop
      vertex 63.6351 -55.5646 7
      vertex 64.269 -53.7662 7
      vertex 63.9932 -55.5079 7
    endloop
  endfacet
  facet normal -0 0 -1
    outer loop
      vertex 64.269 -53.7662 7
      vertex 63.6351 -55.5646 7
      vertex 62.6979 -52.9657 7
    endloop
  endfacet
  facet normal 0 0 -1
    outer loop
      vertex 70.4138 -63.6352 7
      vertex 72.7543 -62.2515 7
      vertex 72.4784 -63.9932 7
    endloop
  endfacet
  facet normal 0 0 -1
    outer loop
      vertex 70.4138 -63.6352 7
      vertex 72.4784 -63.9932 7
      vertex 70.7368 -64.269 7
    endloop
  endfacet
  facet normal -0 0 -1
    outer loop
      vertex 72.7543 -62.2515 7
      vertex 70.4138 -63.6352 7
      vertex 70.4671 -62.167 7
    endloop
  endfacet
  facet normal 0 0 -1
    outer loop
      vertex 72.7543 -62.2515 7
      vertex 70.4671 -62.167 7
      vertex 71.1831 -61.451 7
    endloop
  endfacet
  facet normal 0 0 -1
    outer loop
      vertex 68.6155 -64.269 7
      vertex 70.4138 -63.6352 7
      vertex 70.3571 -63.9932 7
    endloop
  endfacet
  facet normal 0 0 -1
    outer loop
      vertex 67.8149 -62.6979 7
      vertex 70.4138 -63.6352 7
      vertex 68.6155 -64.269 7
    endloop
  endfacet
  facet normal 0 0 -1
    outer loop
      vertex 70.4138 -63.6352 7
      vertex 67.8149 -62.6979 7
      vertex 70.4671 -62.167 7
    endloop
  endfacet
  facet normal -0 0 -1
    outer loop
      vertex 70.4671 -62.167 7
      vertex 67.8149 -62.6979 7
      vertex 69.0618 -61.451 7
    endloop
  endfacet
  facet normal 0 0 -1
    outer loop
      vertex 62.2515 -72.7543 7
      vertex 61.451 -71.1831 7
      vertex 62.167 -70.4671 7
    endloop
  endfacet
  facet normal 0 0 -1
    outer loop
      vertex 63.9932 -72.4784 7
      vertex 63.6352 -70.4138 7
      vertex 64.269 -70.7368 7
    endloop
  endfacet
  facet normal 0 0 -1
    outer loop
      vertex 62.2515 -72.7543 7
      vertex 63.6352 -70.4138 7
      vertex 63.9932 -72.4784 7
    endloop
  endfacet
  facet normal 0 0 -1
    outer loop
      vertex 63.6352 -70.4138 7
      vertex 62.2515 -72.7543 7
      vertex 62.167 -70.4671 7
    endloop
  endfacet
  facet normal -0 0 -1
    outer loop
      vertex 63.6352 -70.4138 7
      vertex 62.167 -70.4671 7
      vertex 62.6979 -67.8149 7
    endloop
  endfacet
  facet normal 0 0 -1
    outer loop
      vertex 62.6979 -67.8149 7
      vertex 62.167 -70.4671 7
      vertex 61.451 -69.0618 7
    endloop
  endfacet
  facet normal 0 0 -1
    outer loop
      vertex 63.6352 -70.4138 7
      vertex 64.269 -68.6155 7
      vertex 63.9932 -70.3571 7
    endloop
  endfacet
  facet normal -0 0 -1
    outer loop
      vertex 64.269 -68.6155 7
      vertex 63.6352 -70.4138 7
      vertex 62.6979 -67.8149 7
    endloop
  endfacet
  facet normal 0 0 -1
    outer loop
      vertex 75.6604 -62.9325 7
      vertex 62.9333 -50.2054 7
      vertex 63 -50 7
    endloop
  endfacet
  facet normal 0 0 -1
    outer loop
      vertex 62.9325 -79.9031 7
      vertex 75.6604 -62.9325 7
      vertex 79.9031 -62.9325 7
    endloop
  endfacet
  facet normal 0 0 -1
    outer loop
      vertex 62.9325 -79.9031 7
      vertex 62.9325 -75.6604 7
      vertex 75.6604 -62.9325 7
    endloop
  endfacet
  facet normal 0 0 -1
    outer loop
      vertex 62.9325 -79.9031 7
      vertex 50.2046 -62.9325 7
      vertex 62.9325 -75.6604 7
    endloop
  endfacet
  facet normal -0 -0 -1
    outer loop
      vertex 50.2046 -62.9325 7
      vertex 62.9325 -79.9031 7
      vertex 45.9619 -62.9325 7
    endloop
  endfacet
  facet normal 0 0 -1
    outer loop
      vertex 63 -50 7
      vertex 79.9031 -62.9325 7
      vertex 75.6604 -62.9325 7
    endloop
  endfacet
  facet normal 0 0 -1
    outer loop
      vertex 63 -50 7
      vertex 62.9325 -45.9619 7
      vertex 79.9031 -62.9325 7
    endloop
  endfacet
  facet normal 0 0 -1
    outer loop
      vertex 62.4271 -48.2366 7
      vertex 62.9325 -45.9619 7
      vertex 63 -50 7
    endloop
  endfacet
  facet normal 0 0 -1
    outer loop
      vertex 62.9325 -45.9619 7
      vertex 62.4271 -48.2366 7
      vertex 61.4023 -47.4921 7
    endloop
  endfacet
  facet normal 0 0 -1
    outer loop
      vertex 50.2046 -62.9325 7
      vertex 59.0729 -52.8532 7
      vertex 60.2839 -52.8532 7
    endloop
  endfacet
  facet normal 0 0 -1
    outer loop
      vertex 50.2046 -62.9325 7
      vertex 57.5729 -51.7634 7
      vertex 59.0729 -52.8532 7
    endloop
  endfacet
  facet normal 0 0 -1
    outer loop
      vertex 50.2046 -62.9325 7
      vertex 57.4646 -51.4299 7
      vertex 57.5729 -51.7634 7
    endloop
  endfacet
  facet normal 0 0 -1
    outer loop
      vertex 57.4646 -51.4299 7
      vertex 50.2046 -62.9325 7
      vertex 45.9619 -62.9325 7
    endloop
  endfacet
  facet normal -0.707107 0.707107 0
    outer loop
      vertex 53.033 -60.1041 4
      vertex 60.2839 -52.8532 7
      vertex 60.2839 -52.8532 4
    endloop
  endfacet
  facet normal -0.707107 0.707107 0
    outer loop
      vertex 50.2046 -62.9325 7
      vertex 53.033 -60.1041 4
      vertex 50.2046 -62.9325 4
    endloop
  endfacet
  facet normal -0.707107 0.707107 -1.24619e-15
    outer loop
      vertex 53.033 -60.1041 4
      vertex 50.2046 -62.9325 7
      vertex 60.2839 -52.8532 7
    endloop
  endfacet
  facet normal 0.707107 0.707107 0
    outer loop
      vertex 62.9333 -50.2054 7
      vertex 68.4 -55.6721 4
      vertex 62.9333 -50.2054 4
    endloop
  endfacet
  facet normal 0.707107 0.707107 7.89543e-16
    outer loop
      vertex 75.6604 -62.9325 7
      vertex 68.4 -55.6721 4
      vertex 62.9333 -50.2054 7
    endloop
  endfacet
  facet normal 0.707107 0.707107 0
    outer loop
      vertex 68.4 -55.6721 4
      vertex 75.6604 -62.9325 7
      vertex 75.6604 -62.9325 4
    endloop
  endfacet
  facet normal -0.707107 -0.707107 0
    outer loop
      vertex 62.9325 -75.6604 4
      vertex 50.2046 -62.9325 7
      vertex 50.2046 -62.9325 4
    endloop
  endfacet
  facet normal -0.707107 -0.707107 0
    outer loop
      vertex 50.2046 -62.9325 7
      vertex 62.9325 -75.6604 4
      vertex 62.9325 -75.6604 7
    endloop
  endfacet
  facet normal 0.891007 -0.453989 0
    outer loop
      vertex 72.5772 -69.1959 24
      vertex 73.6687 -67.0537 10
      vertex 73.6687 -67.0537 24
    endloop
  endfacet
  facet normal 0.891007 -0.453989 0
    outer loop
      vertex 73.6687 -67.0537 10
      vertex 72.5772 -69.1959 24
      vertex 72.5772 -69.1959 10
    endloop
  endfacet
  facet normal 0.77713 -0.629341 0
    outer loop
      vertex 71.0642 -71.0642 24
      vertex 72.5772 -69.1959 10
      vertex 72.5772 -69.1959 24
    endloop
  endfacet
  facet normal 0.77713 -0.629341 0
    outer loop
      vertex 72.5772 -69.1959 10
      vertex 71.0642 -71.0642 24
      vertex 71.0642 -71.0642 10
    endloop
  endfacet
  facet normal 0.453989 -0.891007 0
    outer loop
      vertex 67.0537 -73.6687 10
      vertex 69.1959 -72.5772 24
      vertex 67.0537 -73.6687 24
    endloop
  endfacet
  facet normal 0.453989 -0.891007 0
    outer loop
      vertex 69.1959 -72.5772 24
      vertex 67.0537 -73.6687 10
      vertex 69.1959 -72.5772 10
    endloop
  endfacet
  facet normal 0.933592 0.358338 0
    outer loop
      vertex 74.0406 -59.9561 24
      vertex 73.1791 -57.7116 10
      vertex 73.1791 -57.7116 24
    endloop
  endfacet
  facet normal 0.933592 0.358338 0
    outer loop
      vertex 73.1791 -57.7116 10
      vertex 74.0406 -59.9561 24
      vertex 74.0406 -59.9561 10
    endloop
  endfacet
  facet normal 0.156441 0.987687 -0
    outer loop
      vertex 65.9089 -51.8244 10
      vertex 63.5344 -51.4483 24
      vertex 65.9089 -51.8244 24
    endloop
  endfacet
  facet normal 0.156441 0.987687 0
    outer loop
      vertex 63.5344 -51.4483 24
      vertex 65.9089 -51.8244 10
      vertex 63.5344 -51.4483 10
    endloop
  endfacet
  facet normal 0.358338 0.933592 -0
    outer loop
      vertex 68.1534 -52.6859 10
      vertex 65.9089 -51.8244 24
      vertex 68.1534 -52.6859 24
    endloop
  endfacet
  facet normal 0.358338 0.933592 0
    outer loop
      vertex 65.9089 -51.8244 24
      vertex 68.1534 -52.6859 10
      vertex 65.9089 -51.8244 10
    endloop
  endfacet
  facet normal -0.156441 -0.987687 0
    outer loop
      vertex 59.9561 -74.0406 10
      vertex 62.3306 -74.4167 24
      vertex 59.9561 -74.0406 24
    endloop
  endfacet
  facet normal -0.156441 -0.987687 -0
    outer loop
      vertex 62.3306 -74.4167 24
      vertex 59.9561 -74.0406 10
      vertex 62.3306 -74.4167 10
    endloop
  endfacet
  facet normal -0.965929 0.258807 0
    outer loop
      vertex 51.5741 -61.1335 10
      vertex 52.1963 -58.8113 24
      vertex 52.1963 -58.8113 10
    endloop
  endfacet
  facet normal -0.965929 0.258807 0
    outer loop
      vertex 52.1963 -58.8113 24
      vertex 51.5741 -61.1335 10
      vertex 51.5741 -61.1335 24
    endloop
  endfacet
  facet normal -0.358338 -0.933592 0
    outer loop
      vertex 57.7116 -73.1791 10
      vertex 59.9561 -74.0406 24
      vertex 57.7116 -73.1791 24
    endloop
  endfacet
  facet normal -0.358338 -0.933592 -0
    outer loop
      vertex 59.9561 -74.0406 24
      vertex 57.7116 -73.1791 10
      vertex 59.9561 -74.0406 10
    endloop
  endfacet
  facet normal -0.544639 -0.838671 0
    outer loop
      vertex 55.6953 -71.8697 10
      vertex 57.7116 -73.1791 24
      vertex 55.6953 -71.8697 24
    endloop
  endfacet
  facet normal -0.544639 -0.838671 -0
    outer loop
      vertex 57.7116 -73.1791 24
      vertex 55.6953 -71.8697 10
      vertex 57.7116 -73.1791 10
    endloop
  endfacet
  facet normal 0.987687 0.156441 0
    outer loop
      vertex 74.4167 -62.3306 24
      vertex 74.0406 -59.9561 10
      vertex 74.0406 -59.9561 24
    endloop
  endfacet
  facet normal 0.987687 0.156441 0
    outer loop
      vertex 74.0406 -59.9561 10
      vertex 74.4167 -62.3306 24
      vertex 74.4167 -62.3306 10
    endloop
  endfacet
  facet normal -0.454007 0.890998 0
    outer loop
      vertex 58.4337 -52.3887 10
      vertex 56.6692 -53.2878 24
      vertex 58.4337 -52.3887 24
    endloop
  endfacet
  facet normal -0.454007 0.890998 0
    outer loop
      vertex 56.6692 -53.2878 24
      vertex 58.4337 -52.3887 10
      vertex 56.6692 -53.2878 10
    endloop
  endfacet
  facet normal 0.629341 -0.77713 0
    outer loop
      vertex 69.1959 -72.5772 10
      vertex 71.0642 -71.0642 24
      vertex 69.1959 -72.5772 24
    endloop
  endfacet
  facet normal 0.629341 -0.77713 0
    outer loop
      vertex 71.0642 -71.0642 24
      vertex 69.1959 -72.5772 10
      vertex 71.0642 -71.0642 10
    endloop
  endfacet
  facet normal -0.0522564 0.998634 0
    outer loop
      vertex 63.5344 -51.4483 10
      vertex 62.512 -51.5018 24
      vertex 63.5344 -51.4483 24
    endloop
  endfacet
  facet normal -0.0522564 0.998634 0
    outer loop
      vertex 62.512 -51.5018 24
      vertex 63.5344 -51.4483 10
      vertex 62.512 -51.5018 10
    endloop
  endfacet
  facet normal 0.707107 0.707107 -0
    outer loop
      vertex 71.8697 -55.6953 10
      vertex 70.1697 -53.9953 24
      vertex 71.8697 -55.6953 24
    endloop
  endfacet
  facet normal 0.707107 0.707107 0
    outer loop
      vertex 70.1697 -53.9953 24
      vertex 71.8697 -55.6953 10
      vertex 70.1697 -53.9953 10
    endloop
  endfacet
  facet normal 0.258807 -0.965929 0
    outer loop
      vertex 64.7315 -74.2909 10
      vertex 67.0537 -73.6687 24
      vertex 64.7315 -74.2909 24
    endloop
  endfacet
  facet normal 0.258807 -0.965929 0
    outer loop
      vertex 67.0537 -73.6687 24
      vertex 64.7315 -74.2909 10
      vertex 67.0537 -73.6687 10
    endloop
  endfacet
  facet normal 0.544639 0.838671 -0
    outer loop
      vertex 70.1697 -53.9953 10
      vertex 68.1534 -52.6859 24
      vertex 70.1697 -53.9953 24
    endloop
  endfacet
  facet normal 0.544639 0.838671 0
    outer loop
      vertex 68.1534 -52.6859 24
      vertex 70.1697 -53.9953 10
      vertex 68.1534 -52.6859 10
    endloop
  endfacet
  facet normal 0.0523252 -0.99863 0
    outer loop
      vertex 62.3306 -74.4167 10
      vertex 64.7315 -74.2909 24
      vertex 62.3306 -74.4167 24
    endloop
  endfacet
  facet normal 0.0523252 -0.99863 0
    outer loop
      vertex 64.7315 -74.2909 24
      vertex 62.3306 -74.4167 10
      vertex 64.7315 -74.2909 10
    endloop
  endfacet
  facet normal -0.933592 -0.358338 0
    outer loop
      vertex 52.6859 -68.1534 10
      vertex 51.8244 -65.9089 24
      vertex 51.8244 -65.9089 10
    endloop
  endfacet
  facet normal -0.933592 -0.358338 0
    outer loop
      vertex 51.8244 -65.9089 24
      vertex 52.6859 -68.1534 10
      vertex 52.6859 -68.1534 24
    endloop
  endfacet
  facet normal -0.987687 -0.156441 0
    outer loop
      vertex 51.8244 -65.9089 10
      vertex 51.4483 -63.5344 24
      vertex 51.4483 -63.5344 10
    endloop
  endfacet
  facet normal -0.987687 -0.156441 0
    outer loop
      vertex 51.4483 -63.5344 24
      vertex 51.8244 -65.9089 10
      vertex 51.8244 -65.9089 24
    endloop
  endfacet
  facet normal 0.99863 -0.0523252 0
    outer loop
      vertex 74.2909 -64.7315 24
      vertex 74.4167 -62.3306 10
      vertex 74.4167 -62.3306 24
    endloop
  endfacet
  facet normal 0.99863 -0.0523252 0
    outer loop
      vertex 74.4167 -62.3306 10
      vertex 74.2909 -64.7315 24
      vertex 74.2909 -64.7315 10
    endloop
  endfacet
  facet normal -0.62932 0.777146 0
    outer loop
      vertex 56.6692 -53.2878 10
      vertex 54.8008 -54.8008 24
      vertex 56.6692 -53.2878 24
    endloop
  endfacet
  facet normal -0.62932 0.777146 0
    outer loop
      vertex 54.8008 -54.8008 24
      vertex 56.6692 -53.2878 10
      vertex 54.8008 -54.8008 10
    endloop
  endfacet
  facet normal -0.707107 -0.707107 0
    outer loop
      vertex 55.6953 -71.8697 10
      vertex 53.9953 -70.1697 24
      vertex 53.9953 -70.1697 10
    endloop
  endfacet
  facet normal -0.707107 -0.707107 0
    outer loop
      vertex 53.9953 -70.1697 24
      vertex 55.6953 -71.8697 10
      vertex 55.6953 -71.8697 24
    endloop
  endfacet
  facet normal 0.965929 -0.258807 0
    outer loop
      vertex 73.6687 -67.0537 24
      vertex 74.2909 -64.7315 10
      vertex 74.2909 -64.7315 24
    endloop
  endfacet
  facet normal 0.965929 -0.258807 0
    outer loop
      vertex 74.2909 -64.7315 10
      vertex 73.6687 -67.0537 24
      vertex 73.6687 -67.0537 10
    endloop
  endfacet
  facet normal -0.838671 -0.544639 0
    outer loop
      vertex 53.9953 -70.1697 10
      vertex 52.6859 -68.1534 24
      vertex 52.6859 -68.1534 10
    endloop
  endfacet
  facet normal -0.838671 -0.544639 0
    outer loop
      vertex 52.6859 -68.1534 24
      vertex 53.9953 -70.1697 10
      vertex 53.9953 -70.1697 24
    endloop
  endfacet
  facet normal -0.890999 0.454006 0
    outer loop
      vertex 52.1963 -58.8113 10
      vertex 53.2878 -56.6692 24
      vertex 53.2878 -56.6692 10
    endloop
  endfacet
  facet normal -0.890999 0.454006 0
    outer loop
      vertex 53.2878 -56.6692 24
      vertex 52.1963 -58.8113 10
      vertex 52.1963 -58.8113 24
    endloop
  endfacet
  facet normal -0.99863 0.0523252 0
    outer loop
      vertex 51.4483 -63.5344 10
      vertex 51.5741 -61.1335 24
      vertex 51.5741 -61.1335 10
    endloop
  endfacet
  facet normal -0.99863 0.0523252 0
    outer loop
      vertex 51.5741 -61.1335 24
      vertex 51.4483 -63.5344 10
      vertex 51.4483 -63.5344 24
    endloop
  endfacet
  facet normal 0.838671 0.544639 0
    outer loop
      vertex 73.1791 -57.7116 24
      vertex 71.8697 -55.6953 10
      vertex 71.8697 -55.6953 24
    endloop
  endfacet
  facet normal 0.838671 0.544639 0
    outer loop
      vertex 71.8697 -55.6953 10
      vertex 73.1791 -57.7116 24
      vertex 73.1791 -57.7116 10
    endloop
  endfacet
  facet normal 0 0 1
    outer loop
      vertex 73.1791 -57.7116 24
      vertex 64.7003 -61.1647 24
      vertex 65.4325 -62.9325 24
    endloop
  endfacet
  facet normal 0 0 1
    outer loop
      vertex 60.9271 -52.8532 24
      vertex 65.9089 -51.8244 24
      vertex 63.5344 -51.4483 24
    endloop
  endfacet
  facet normal 0 0 1
    outer loop
      vertex 68.1534 -52.6859 24
      vertex 62.9325 -60.4325 24
      vertex 64.7003 -61.1647 24
    endloop
  endfacet
  facet normal 0 0 1
    outer loop
      vertex 62.4271 -51.7634 24
      vertex 63.5344 -51.4483 24
      vertex 62.512 -51.5018 24
    endloop
  endfacet
  facet normal 0 0 1
    outer loop
      vertex 60.9271 -52.8532 24
      vertex 63.5344 -51.4483 24
      vertex 62.4271 -51.7634 24
    endloop
  endfacet
  facet normal 0 0 1
    outer loop
      vertex 65.9089 -51.8244 24
      vertex 60.9271 -52.8532 24
      vertex 62.9325 -60.4325 24
    endloop
  endfacet
  facet normal 0 0 1
    outer loop
      vertex 62.9325 -60.4325 24
      vertex 60.9271 -52.8532 24
      vertex 61.1647 -61.1647 24
    endloop
  endfacet
  facet normal -0 0 1
    outer loop
      vertex 59.0729 -52.8532 24
      vertex 61.1647 -61.1647 24
      vertex 60.9271 -52.8532 24
    endloop
  endfacet
  facet normal -0 0 1
    outer loop
      vertex 56.6692 -53.2878 24
      vertex 61.1647 -61.1647 24
      vertex 59.0729 -52.8532 24
    endloop
  endfacet
  facet normal -0 0 1
    outer loop
      vertex 53.2878 -56.6692 24
      vertex 61.1647 -61.1647 24
      vertex 54.8008 -54.8008 24
    endloop
  endfacet
  facet normal 0 0 1
    outer loop
      vertex 56.6692 -53.2878 24
      vertex 59.0729 -52.8532 24
      vertex 58.4337 -52.3887 24
    endloop
  endfacet
  facet normal 0 0 1
    outer loop
      vertex 60.4325 -62.9325 24
      vertex 57.7116 -73.1791 24
      vertex 59.9561 -74.0406 24
    endloop
  endfacet
  facet normal 0 0 1
    outer loop
      vertex 61.1647 -61.1647 24
      vertex 56.6692 -53.2878 24
      vertex 54.8008 -54.8008 24
    endloop
  endfacet
  facet normal 0 0 1
    outer loop
      vertex 60.4325 -62.9325 24
      vertex 55.6953 -71.8697 24
      vertex 57.7116 -73.1791 24
    endloop
  endfacet
  facet normal -0 0 1
    outer loop
      vertex 52.1963 -58.8113 24
      vertex 61.1647 -61.1647 24
      vertex 53.2878 -56.6692 24
    endloop
  endfacet
  facet normal 0 0 1
    outer loop
      vertex 60.4325 -62.9325 24
      vertex 53.9953 -70.1697 24
      vertex 55.6953 -71.8697 24
    endloop
  endfacet
  facet normal 0 0 1
    outer loop
      vertex 61.1647 -61.1647 24
      vertex 52.1963 -58.8113 24
      vertex 60.4325 -62.9325 24
    endloop
  endfacet
  facet normal 0 0 1
    outer loop
      vertex 60.4325 -62.9325 24
      vertex 52.6859 -68.1534 24
      vertex 53.9953 -70.1697 24
    endloop
  endfacet
  facet normal 0 0 1
    outer loop
      vertex 60.4325 -62.9325 24
      vertex 52.1963 -58.8113 24
      vertex 51.5741 -61.1335 24
    endloop
  endfacet
  facet normal 0 0 1
    outer loop
      vertex 60.4325 -62.9325 24
      vertex 51.8244 -65.9089 24
      vertex 52.6859 -68.1534 24
    endloop
  endfacet
  facet normal 0 0 1
    outer loop
      vertex 60.4325 -62.9325 24
      vertex 51.5741 -61.1335 24
      vertex 51.4483 -63.5344 24
    endloop
  endfacet
  facet normal 0 0 1
    outer loop
      vertex 60.4325 -62.9325 24
      vertex 51.4483 -63.5344 24
      vertex 51.8244 -65.9089 24
    endloop
  endfacet
  facet normal 0 0 1
    outer loop
      vertex 65.4325 -62.9325 24
      vertex 74.4167 -62.3306 24
      vertex 74.0406 -59.9561 24
    endloop
  endfacet
  facet normal 0 0 1
    outer loop
      vertex 74.4167 -62.3306 24
      vertex 65.4325 -62.9325 24
      vertex 74.2909 -64.7315 24
    endloop
  endfacet
  facet normal 0 0 1
    outer loop
      vertex 65.4325 -62.9325 24
      vertex 74.0406 -59.9561 24
      vertex 73.1791 -57.7116 24
    endloop
  endfacet
  facet normal 0 0 1
    outer loop
      vertex 74.2909 -64.7315 24
      vertex 65.4325 -62.9325 24
      vertex 73.6687 -67.0537 24
    endloop
  endfacet
  facet normal 0 0 1
    outer loop
      vertex 64.7003 -61.1647 24
      vertex 73.1791 -57.7116 24
      vertex 71.8697 -55.6953 24
    endloop
  endfacet
  facet normal -0 0 1
    outer loop
      vertex 64.7003 -64.7003 24
      vertex 73.6687 -67.0537 24
      vertex 65.4325 -62.9325 24
    endloop
  endfacet
  facet normal 0 0 1
    outer loop
      vertex 64.7003 -61.1647 24
      vertex 71.8697 -55.6953 24
      vertex 70.1697 -53.9953 24
    endloop
  endfacet
  facet normal 0 0 1
    outer loop
      vertex 73.6687 -67.0537 24
      vertex 64.7003 -64.7003 24
      vertex 72.5772 -69.1959 24
    endloop
  endfacet
  facet normal 0 0 1
    outer loop
      vertex 64.7003 -61.1647 24
      vertex 70.1697 -53.9953 24
      vertex 68.1534 -52.6859 24
    endloop
  endfacet
  facet normal 0 0 1
    outer loop
      vertex 72.5772 -69.1959 24
      vertex 64.7003 -64.7003 24
      vertex 71.0642 -71.0642 24
    endloop
  endfacet
  facet normal 0 0 1
    outer loop
      vertex 62.9325 -60.4325 24
      vertex 68.1534 -52.6859 24
      vertex 65.9089 -51.8244 24
    endloop
  endfacet
  facet normal 0 0 1
    outer loop
      vertex 71.0642 -71.0642 24
      vertex 64.7003 -64.7003 24
      vertex 69.1959 -72.5772 24
    endloop
  endfacet
  facet normal 0 0 1
    outer loop
      vertex 69.1959 -72.5772 24
      vertex 64.7003 -64.7003 24
      vertex 67.0537 -73.6687 24
    endloop
  endfacet
  facet normal -0 0 1
    outer loop
      vertex 62.9325 -65.4325 24
      vertex 67.0537 -73.6687 24
      vertex 64.7003 -64.7003 24
    endloop
  endfacet
  facet normal 0 0 1
    outer loop
      vertex 67.0537 -73.6687 24
      vertex 62.9325 -65.4325 24
      vertex 64.7315 -74.2909 24
    endloop
  endfacet
  facet normal 0 0 1
    outer loop
      vertex 62.9325 -65.4325 24
      vertex 62.3306 -74.4167 24
      vertex 64.7315 -74.2909 24
    endloop
  endfacet
  facet normal 0 0 1
    outer loop
      vertex 59.9561 -74.0406 24
      vertex 62.9325 -65.4325 24
      vertex 61.1647 -64.7003 24
    endloop
  endfacet
  facet normal 0 0 1
    outer loop
      vertex 59.9561 -74.0406 24
      vertex 61.1647 -64.7003 24
      vertex 60.4325 -62.9325 24
    endloop
  endfacet
  facet normal 0 0 1
    outer loop
      vertex 62.9325 -65.4325 24
      vertex 59.9561 -74.0406 24
      vertex 62.3306 -74.4167 24
    endloop
  endfacet
  facet normal -0.777146 0.62932 0
    outer loop
      vertex 53.2878 -56.6692 10
      vertex 54.8008 -54.8008 24
      vertex 54.8008 -54.8008 10
    endloop
  endfacet
  facet normal -0.777146 0.62932 0
    outer loop
      vertex 54.8008 -54.8008 24
      vertex 53.2878 -56.6692 10
      vertex 53.2878 -56.6692 24
    endloop
  endfacet
  facet normal -0.923888 0.382663 0
    outer loop
      vertex 60.4325 -62.9325 24
      vertex 61.1647 -61.1647 29
      vertex 61.1647 -61.1647 24
    endloop
  endfacet
  facet normal -0.923888 0.382663 0
    outer loop
      vertex 61.1647 -61.1647 29
      vertex 60.4325 -62.9325 24
      vertex 60.4325 -62.9325 29
    endloop
  endfacet
  facet normal 0.923888 0.382663 0
    outer loop
      vertex 65.4325 -62.9325 29
      vertex 64.7003 -61.1647 24
      vertex 64.7003 -61.1647 29
    endloop
  endfacet
  facet normal 0.923888 0.382663 0
    outer loop
      vertex 64.7003 -61.1647 24
      vertex 65.4325 -62.9325 29
      vertex 65.4325 -62.9325 24
    endloop
  endfacet
  facet normal 0.923888 -0.382663 0
    outer loop
      vertex 64.7003 -64.7003 29
      vertex 65.4325 -62.9325 24
      vertex 65.4325 -62.9325 29
    endloop
  endfacet
  facet normal 0.923888 -0.382663 0
    outer loop
      vertex 65.4325 -62.9325 24
      vertex 64.7003 -64.7003 29
      vertex 64.7003 -64.7003 24
    endloop
  endfacet
  facet normal 0.382663 -0.923888 0
    outer loop
      vertex 62.9325 -65.4325 24
      vertex 64.7003 -64.7003 29
      vertex 62.9325 -65.4325 29
    endloop
  endfacet
  facet normal 0.382663 -0.923888 0
    outer loop
      vertex 64.7003 -64.7003 29
      vertex 62.9325 -65.4325 24
      vertex 64.7003 -64.7003 24
    endloop
  endfacet
  facet normal -0.923888 -0.382663 0
    outer loop
      vertex 61.1647 -64.7003 24
      vertex 60.4325 -62.9325 29
      vertex 60.4325 -62.9325 24
    endloop
  endfacet
  facet normal -0.923888 -0.382663 0
    outer loop
      vertex 60.4325 -62.9325 29
      vertex 61.1647 -64.7003 24
      vertex 61.1647 -64.7003 29
    endloop
  endfacet
  facet normal -0.382663 0.923888 0
    outer loop
      vertex 62.9325 -60.4325 24
      vertex 61.1647 -61.1647 29
      vertex 62.9325 -60.4325 29
    endloop
  endfacet
  facet normal -0.382663 0.923888 0
    outer loop
      vertex 61.1647 -61.1647 29
      vertex 62.9325 -60.4325 24
      vertex 61.1647 -61.1647 24
    endloop
  endfacet
  facet normal -0.382663 -0.923888 0
    outer loop
      vertex 61.1647 -64.7003 24
      vertex 62.9325 -65.4325 29
      vertex 61.1647 -64.7003 29
    endloop
  endfacet
  facet normal -0.382663 -0.923888 -0
    outer loop
      vertex 62.9325 -65.4325 29
      vertex 61.1647 -64.7003 24
      vertex 62.9325 -65.4325 24
    endloop
  endfacet
  facet normal 0 0 1
    outer loop
      vertex 67.5519 -61.0191 34
      vertex 67.5519 -64.8459 34
      vertex 67.9325 -62.9325 34
    endloop
  endfacet
  facet normal 0 0 1
    outer loop
      vertex 66.468 -59.397 34
      vertex 67.5519 -64.8459 34
      vertex 67.5519 -61.0191 34
    endloop
  endfacet
  facet normal 0 0 1
    outer loop
      vertex 66.468 -59.397 34
      vertex 66.468 -66.468 34
      vertex 67.5519 -64.8459 34
    endloop
  endfacet
  facet normal 0 0 1
    outer loop
      vertex 64.8459 -58.3131 34
      vertex 66.468 -66.468 34
      vertex 66.468 -59.397 34
    endloop
  endfacet
  facet normal 0 0 1
    outer loop
      vertex 64.8459 -58.3131 34
      vertex 64.8459 -67.5519 34
      vertex 66.468 -66.468 34
    endloop
  endfacet
  facet normal 0 0 1
    outer loop
      vertex 62.9325 -57.9325 34
      vertex 64.8459 -67.5519 34
      vertex 64.8459 -58.3131 34
    endloop
  endfacet
  facet normal 0 0 1
    outer loop
      vertex 62.9325 -57.9325 34
      vertex 62.9325 -67.9325 34
      vertex 64.8459 -67.5519 34
    endloop
  endfacet
  facet normal -0 0 1
    outer loop
      vertex 61.0191 -58.3131 34
      vertex 62.9325 -67.9325 34
      vertex 62.9325 -57.9325 34
    endloop
  endfacet
  facet normal 0 0 1
    outer loop
      vertex 61.0191 -58.3131 34
      vertex 61.0191 -67.5519 34
      vertex 62.9325 -67.9325 34
    endloop
  endfacet
  facet normal -0 0 1
    outer loop
      vertex 59.397 -59.397 34
      vertex 61.0191 -67.5519 34
      vertex 61.0191 -58.3131 34
    endloop
  endfacet
  facet normal 0 0 1
    outer loop
      vertex 59.397 -59.397 34
      vertex 59.397 -66.468 34
      vertex 61.0191 -67.5519 34
    endloop
  endfacet
  facet normal -0 0 1
    outer loop
      vertex 58.3131 -61.0191 34
      vertex 59.397 -66.468 34
      vertex 59.397 -59.397 34
    endloop
  endfacet
  facet normal 0 0 1
    outer loop
      vertex 58.3131 -61.0191 34
      vertex 58.3131 -64.8459 34
      vertex 59.397 -66.468 34
    endloop
  endfacet
  facet normal 0 -0 1
    outer loop
      vertex 58.3131 -64.8459 34
      vertex 58.3131 -61.0191 34
      vertex 57.9325 -62.9325 34
    endloop
  endfacet
  facet normal 0.382663 0.923888 -0
    outer loop
      vertex 64.7003 -61.1647 24
      vertex 62.9325 -60.4325 29
      vertex 64.7003 -61.1647 29
    endloop
  endfacet
  facet normal 0.382663 0.923888 0
    outer loop
      vertex 62.9325 -60.4325 29
      vertex 64.7003 -61.1647 24
      vertex 62.9325 -60.4325 24
    endloop
  endfacet
  facet normal 0.707107 -0.707107 0
    outer loop
      vertex 62.9325 -79.9031 10
      vertex 79.9031 -62.9325 7
      vertex 79.9031 -62.9325 10
    endloop
  endfacet
  facet normal 0.707107 -0.707107 0
    outer loop
      vertex 79.9031 -62.9325 7
      vertex 62.9325 -79.9031 10
      vertex 62.9325 -79.9031 7
    endloop
  endfacet
  facet normal 0 0 1
    outer loop
      vertex 57.5729 -51.7634 10
      vertex 56.6692 -53.2878 10
      vertex 58.4337 -52.3887 10
    endloop
  endfacet
  facet normal 0 0 1
    outer loop
      vertex 57.4646 -51.4299 10
      vertex 56.6692 -53.2878 10
      vertex 57.5729 -51.7634 10
    endloop
  endfacet
  facet normal 0 0 1
    outer loop
      vertex 57.4646 -51.4299 10
      vertex 54.8008 -54.8008 10
      vertex 56.6692 -53.2878 10
    endloop
  endfacet
  facet normal 0 0 1
    outer loop
      vertex 45.9619 -62.9325 10
      vertex 54.8008 -54.8008 10
      vertex 57.4646 -51.4299 10
    endloop
  endfacet
  facet normal 0 0 1
    outer loop
      vertex 51.5741 -61.1335 10
      vertex 45.9619 -62.9325 10
      vertex 51.4483 -63.5344 10
    endloop
  endfacet
  facet normal 0 0 1
    outer loop
      vertex 52.1963 -58.8113 10
      vertex 45.9619 -62.9325 10
      vertex 51.5741 -61.1335 10
    endloop
  endfacet
  facet normal 0 0 1
    outer loop
      vertex 53.2878 -56.6692 10
      vertex 45.9619 -62.9325 10
      vertex 52.1963 -58.8113 10
    endloop
  endfacet
  facet normal 0 0 1
    outer loop
      vertex 54.8008 -54.8008 10
      vertex 45.9619 -62.9325 10
      vertex 53.2878 -56.6692 10
    endloop
  endfacet
  facet normal 0 0 1
    outer loop
      vertex 79.9031 -62.9325 10
      vertex 74.0406 -59.9561 10
      vertex 74.4167 -62.3306 10
    endloop
  endfacet
  facet normal 0 0 1
    outer loop
      vertex 79.9031 -62.9325 10
      vertex 73.1791 -57.7116 10
      vertex 74.0406 -59.9561 10
    endloop
  endfacet
  facet normal 0 0 1
    outer loop
      vertex 79.9031 -62.9325 10
      vertex 71.8697 -55.6953 10
      vertex 73.1791 -57.7116 10
    endloop
  endfacet
  facet normal 0 0 1
    outer loop
      vertex 79.9031 -62.9325 10
      vertex 70.1697 -53.9953 10
      vertex 71.8697 -55.6953 10
    endloop
  endfacet
  facet normal 0 0 1
    outer loop
      vertex 65.9089 -51.8244 10
      vertex 63 -50 10
      vertex 63.5344 -51.4483 10
    endloop
  endfacet
  facet normal 0 0 1
    outer loop
      vertex 62.9325 -45.9619 10
      vertex 65.9089 -51.8244 10
      vertex 68.1534 -52.6859 10
    endloop
  endfacet
  facet normal 0 0 1
    outer loop
      vertex 62.9325 -45.9619 10
      vertex 70.1697 -53.9953 10
      vertex 79.9031 -62.9325 10
    endloop
  endfacet
  facet normal 0 0 1
    outer loop
      vertex 62.9325 -45.9619 10
      vertex 68.1534 -52.6859 10
      vertex 70.1697 -53.9953 10
    endloop
  endfacet
  facet normal 0 0 1
    outer loop
      vertex 65.9089 -51.8244 10
      vertex 62.9325 -45.9619 10
      vertex 63 -50 10
    endloop
  endfacet
  facet normal 0 0 1
    outer loop
      vertex 62.9325 -45.9619 10
      vertex 62.4271 -48.2366 10
      vertex 63 -50 10
    endloop
  endfacet
  facet normal 0 -0 1
    outer loop
      vertex 62.4271 -48.2366 10
      vertex 62.9325 -45.9619 10
      vertex 61.4023 -47.4921 10
    endloop
  endfacet
  facet normal 0 0 1
    outer loop
      vertex 74.2909 -64.7315 10
      vertex 79.9031 -62.9325 10
      vertex 74.4167 -62.3306 10
    endloop
  endfacet
  facet normal 0 0 1
    outer loop
      vertex 73.6687 -67.0537 10
      vertex 79.9031 -62.9325 10
      vertex 74.2909 -64.7315 10
    endloop
  endfacet
  facet normal 0 0 1
    outer loop
      vertex 72.5772 -69.1959 10
      vertex 79.9031 -62.9325 10
      vertex 73.6687 -67.0537 10
    endloop
  endfacet
  facet normal 0 0 1
    outer loop
      vertex 71.0642 -71.0642 10
      vertex 79.9031 -62.9325 10
      vertex 72.5772 -69.1959 10
    endloop
  endfacet
  facet normal -0 0 1
    outer loop
      vertex 71.0642 -71.0642 10
      vertex 62.9325 -79.9031 10
      vertex 79.9031 -62.9325 10
    endloop
  endfacet
  facet normal -0 0 1
    outer loop
      vertex 69.1959 -72.5772 10
      vertex 62.9325 -79.9031 10
      vertex 71.0642 -71.0642 10
    endloop
  endfacet
  facet normal -0 0 1
    outer loop
      vertex 67.0537 -73.6687 10
      vertex 62.9325 -79.9031 10
      vertex 69.1959 -72.5772 10
    endloop
  endfacet
  facet normal -0 0 1
    outer loop
      vertex 64.7315 -74.2909 10
      vertex 62.9325 -79.9031 10
      vertex 67.0537 -73.6687 10
    endloop
  endfacet
  facet normal -0 0 1
    outer loop
      vertex 62.3306 -74.4167 10
      vertex 62.9325 -79.9031 10
      vertex 64.7315 -74.2909 10
    endloop
  endfacet
  facet normal 0 0 1
    outer loop
      vertex 59.9561 -74.0406 10
      vertex 62.9325 -79.9031 10
      vertex 62.3306 -74.4167 10
    endloop
  endfacet
  facet normal 0 0 1
    outer loop
      vertex 57.7116 -73.1791 10
      vertex 62.9325 -79.9031 10
      vertex 59.9561 -74.0406 10
    endloop
  endfacet
  facet normal 0 0 1
    outer loop
      vertex 55.6953 -71.8697 10
      vertex 62.9325 -79.9031 10
      vertex 57.7116 -73.1791 10
    endloop
  endfacet
  facet normal 0 0 1
    outer loop
      vertex 53.9953 -70.1697 10
      vertex 62.9325 -79.9031 10
      vertex 55.6953 -71.8697 10
    endloop
  endfacet
  facet normal 0 0 1
    outer loop
      vertex 53.9953 -70.1697 10
      vertex 45.9619 -62.9325 10
      vertex 62.9325 -79.9031 10
    endloop
  endfacet
  facet normal 0 0 1
    outer loop
      vertex 52.6859 -68.1534 10
      vertex 45.9619 -62.9325 10
      vertex 53.9953 -70.1697 10
    endloop
  endfacet
  facet normal 0 0 1
    outer loop
      vertex 51.8244 -65.9089 10
      vertex 45.9619 -62.9325 10
      vertex 52.6859 -68.1534 10
    endloop
  endfacet
  facet normal 0 0 1
    outer loop
      vertex 45.9619 -62.9325 10
      vertex 51.8244 -65.9089 10
      vertex 51.4483 -63.5344 10
    endloop
  endfacet
  facet normal 0 0 1
    outer loop
      vertex 63.5344 -51.4483 10
      vertex 63 -50 10
      vertex 62.512 -51.5018 10
    endloop
  endfacet
  facet normal -0.707107 0.707107 0
    outer loop
      vertex 61.4023 -47.4921 7
      vertex 62.9325 -45.9619 10
      vertex 62.9325 -45.9619 7
    endloop
  endfacet
  facet normal -0.707107 0.707107 0
    outer loop
      vertex 62.9325 -45.9619 10
      vertex 61.4023 -47.4921 7
      vertex 61.4023 -47.4921 10
    endloop
  endfacet
  facet normal -0.707104 0.70711 0
    outer loop
      vertex 45.9619 -62.9325 7
      vertex 57.4646 -51.4299 10
      vertex 57.4646 -51.4299 7
    endloop
  endfacet
  facet normal -0.707104 0.70711 0
    outer loop
      vertex 57.4646 -51.4299 10
      vertex 45.9619 -62.9325 7
      vertex 45.9619 -62.9325 10
    endloop
  endfacet
  facet normal 0.707107 0.707107 -0
    outer loop
      vertex 79.9031 -62.9325 7
      vertex 62.9325 -45.9619 10
      vertex 79.9031 -62.9325 10
    endloop
  endfacet
  facet normal 0.707107 0.707107 0
    outer loop
      vertex 62.9325 -45.9619 10
      vertex 79.9031 -62.9325 7
      vertex 62.9325 -45.9619 7
    endloop
  endfacet
  facet normal -0.707107 -0.707107 0
    outer loop
      vertex 62.9325 -79.9031 7
      vertex 45.9619 -62.9325 10
      vertex 45.9619 -62.9325 7
    endloop
  endfacet
  facet normal -0.707107 -0.707107 0
    outer loop
      vertex 45.9619 -62.9325 10
      vertex 62.9325 -79.9031 7
      vertex 62.9325 -79.9031 10
    endloop
  endfacet
  facet normal 0.891023 -0.453958 0
    outer loop
      vertex 105.537 -90.6002 30
      vertex 110.358 -81.1376 29
      vertex 110.358 -81.1376 30
    endloop
  endfacet
  facet normal 0.891023 -0.453958 0
    outer loop
      vertex 110.358 -81.1376 29
      vertex 105.537 -90.6002 30
      vertex 105.537 -90.6002 29
    endloop
  endfacet
  facet normal 0.777141 -0.629327 0
    outer loop
      vertex 98.8535 -98.8535 30
      vertex 105.537 -90.6002 29
      vertex 105.537 -90.6002 30
    endloop
  endfacet
  facet normal 0.777141 -0.629327 0
    outer loop
      vertex 105.537 -90.6002 29
      vertex 98.8535 -98.8535 30
      vertex 98.8535 -98.8535 29
    endloop
  endfacet
  facet normal 0.453958 -0.891023 0
    outer loop
      vertex 81.1376 -110.358 29
      vertex 90.6002 -105.537 30
      vertex 81.1376 -110.358 30
    endloop
  endfacet
  facet normal 0.453958 -0.891023 0
    outer loop
      vertex 90.6002 -105.537 30
      vertex 81.1376 -110.358 29
      vertex 90.6002 -105.537 29
    endloop
  endfacet
  facet normal 0.707083 0.70713 0
    outer loop
      vertex 102.412 -30.963 30
      vertex 94.902 -23.4535 29
      vertex 94.902 -23.4535 30
    endloop
  endfacet
  facet normal 0.707083 0.70713 0
    outer loop
      vertex 94.902 -23.4535 29
      vertex 102.412 -30.963 30
      vertex 102.412 -30.963 29
    endloop
  endfacet
  facet normal 0 0 -1
    outer loop
      vertex 110.358 -81.1376 29
      vertex 65.4325 -62.9325 29
      vertex 68.4 -57.4 29
    endloop
  endfacet
  facet normal 0 0 -1
    outer loop
      vertex 81.1376 -110.358 29
      vertex 64.7003 -64.7003 29
      vertex 65.4325 -62.9325 29
    endloop
  endfacet
  facet normal 0 0 -1
    outer loop
      vertex 81.1376 -110.358 29
      vertex 62.9325 -65.4325 29
      vertex 64.7003 -64.7003 29
    endloop
  endfacet
  facet normal 0 0 -1
    outer loop
      vertex 60.2738 -113.663 29
      vertex 62.9325 -65.4325 29
      vertex 70.8794 -113.107 29
    endloop
  endfacet
  facet normal 0 0 -1
    outer loop
      vertex 49.7845 -112.002 29
      vertex 62.9325 -65.4325 29
      vertex 60.2738 -113.663 29
    endloop
  endfacet
  facet normal 0 0 -1
    outer loop
      vertex 39.8698 -108.196 29
      vertex 62.9325 -65.4325 29
      vertex 49.7845 -112.002 29
    endloop
  endfacet
  facet normal 0 0 -1
    outer loop
      vertex 68.4 -57.4 29
      vertex 113.663 -60.2738 29
      vertex 113.107 -70.8794 29
    endloop
  endfacet
  facet normal 0 0 -1
    outer loop
      vertex 68.4 -57.4 29
      vertex 113.107 -70.8794 29
      vertex 110.358 -81.1376 29
    endloop
  endfacet
  facet normal 0 0 -1
    outer loop
      vertex 113.663 -60.2738 29
      vertex 68.4 -57.4 29
      vertex 112.002 -49.7845 29
    endloop
  endfacet
  facet normal 0 0 -1
    outer loop
      vertex 65.4325 -62.9325 29
      vertex 110.358 -81.1376 29
      vertex 105.537 -90.6002 29
    endloop
  endfacet
  facet normal -0 0 -1
    outer loop
      vertex 112.002 -49.7845 29
      vertex 68.4 -57.4 29
      vertex 108.196 -39.8698 29
    endloop
  endfacet
  facet normal 0 0 -1
    outer loop
      vertex 65.4325 -62.9325 29
      vertex 105.537 -90.6002 29
      vertex 98.8535 -98.8535 29
    endloop
  endfacet
  facet normal -0 0 -1
    outer loop
      vertex 108.196 -39.8698 29
      vertex 68.4 -57.4 29
      vertex 102.412 -30.963 29
    endloop
  endfacet
  facet normal 0 0 -1
    outer loop
      vertex 65.4325 -62.9325 29
      vertex 98.8535 -98.8535 29
      vertex 90.6002 -105.537 29
    endloop
  endfacet
  facet normal -0 0 -1
    outer loop
      vertex 102.412 -30.963 29
      vertex 68.4 -57.4 29
      vertex 94.902 -23.4535 29
    endloop
  endfacet
  facet normal 0 0 -1
    outer loop
      vertex 65.4325 -62.9325 29
      vertex 90.6002 -105.537 29
      vertex 81.1376 -110.358 29
    endloop
  endfacet
  facet normal -0 0 -1
    outer loop
      vertex 94.902 -23.4535 29
      vertex 68.4 -57.4 29
      vertex 85.9952 -17.6694 29
    endloop
  endfacet
  facet normal 0 0 -1
    outer loop
      vertex 62.9325 -65.4325 29
      vertex 81.1376 -110.358 29
      vertex 70.8794 -113.107 29
    endloop
  endfacet
  facet normal -0 0 -1
    outer loop
      vertex 85.9952 -17.6694 29
      vertex 68.4 -57.4 29
      vertex 76.0805 -13.8635 29
    endloop
  endfacet
  facet normal -0 0 -1
    outer loop
      vertex 76.0805 -13.8635 29
      vertex 68.4 -57.4 29
      vertex 68.4 -12.647 29
    endloop
  endfacet
  facet normal 0 0 -1
    outer loop
      vertex 64.7003 -61.1647 29
      vertex 68.4 -57.4 29
      vertex 65.4325 -62.9325 29
    endloop
  endfacet
  facet normal 0 0 -1
    outer loop
      vertex 62.9325 -60.4325 29
      vertex 68.4 -57.4 29
      vertex 64.7003 -61.1647 29
    endloop
  endfacet
  facet normal 0 0 -1
    outer loop
      vertex 61.1647 -61.1647 29
      vertex 68.4 -57.4 29
      vertex 62.9325 -60.4325 29
    endloop
  endfacet
  facet normal -0 0 -1
    outer loop
      vertex 62.9325 -65.4325 29
      vertex 39.8698 -108.196 29
      vertex 61.1647 -64.7003 29
    endloop
  endfacet
  facet normal 0 0 -1
    outer loop
      vertex 30.963 -102.412 29
      vertex 61.1647 -64.7003 29
      vertex 39.8698 -108.196 29
    endloop
  endfacet
  facet normal 0 0 -1
    outer loop
      vertex 23.4535 -94.902 29
      vertex 61.1647 -64.7003 29
      vertex 30.963 -102.412 29
    endloop
  endfacet
  facet normal 0 0 -1
    outer loop
      vertex 17.6694 -85.9952 29
      vertex 61.1647 -64.7003 29
      vertex 23.4535 -94.902 29
    endloop
  endfacet
  facet normal -0 0 -1
    outer loop
      vertex 61.1647 -64.7003 29
      vertex 17.6694 -85.9952 29
      vertex 60.4325 -62.9325 29
    endloop
  endfacet
  facet normal 0 0 -1
    outer loop
      vertex 13.8635 -76.0805 29
      vertex 60.4325 -62.9325 29
      vertex 17.6694 -85.9952 29
    endloop
  endfacet
  facet normal 0 0 -1
    outer loop
      vertex 12.2021 -65.5912 29
      vertex 60.4325 -62.9325 29
      vertex 13.8635 -76.0805 29
    endloop
  endfacet
  facet normal 0 -0 -1
    outer loop
      vertex 12.6314 -57.4 29
      vertex 60.4325 -62.9325 29
      vertex 12.2021 -65.5912 29
    endloop
  endfacet
  facet normal 0 0 -1
    outer loop
      vertex 60.4325 -62.9325 29
      vertex 12.6314 -57.4 29
      vertex 61.1647 -61.1647 29
    endloop
  endfacet
  facet normal 0 0 -1
    outer loop
      vertex 61.1647 -61.1647 29
      vertex 12.6314 -57.4 29
      vertex 68.4 -57.4 29
    endloop
  endfacet
  facet normal 0.156438 0.987688 -0
    outer loop
      vertex 76.0805 -13.8635 29
      vertex 68.4 -12.647 30
      vertex 76.0805 -13.8635 30
    endloop
  endfacet
  facet normal 0.156438 0.987688 0
    outer loop
      vertex 68.4 -12.647 30
      vertex 76.0805 -13.8635 29
      vertex 68.4 -12.647 29
    endloop
  endfacet
  facet normal 0.358368 0.93358 -0
    outer loop
      vertex 85.9952 -17.6694 29
      vertex 76.0805 -13.8635 30
      vertex 85.9952 -17.6694 30
    endloop
  endfacet
  facet normal 0.358368 0.93358 0
    outer loop
      vertex 76.0805 -13.8635 30
      vertex 85.9952 -17.6694 29
      vertex 76.0805 -13.8635 29
    endloop
  endfacet
  facet normal 0.838677 0.54463 0
    outer loop
      vertex 108.196 -39.8698 30
      vertex 102.412 -30.963 29
      vertex 102.412 -30.963 30
    endloop
  endfacet
  facet normal 0.838677 0.54463 0
    outer loop
      vertex 102.412 -30.963 29
      vertex 108.196 -39.8698 30
      vertex 108.196 -39.8698 29
    endloop
  endfacet
  facet normal -0.54463 -0.838677 0
    outer loop
      vertex 30.963 -102.412 29
      vertex 39.8698 -108.196 30
      vertex 30.963 -102.412 30
    endloop
  endfacet
  facet normal -0.54463 -0.838677 -0
    outer loop
      vertex 39.8698 -108.196 30
      vertex 30.963 -102.412 29
      vertex 39.8698 -108.196 29
    endloop
  endfacet
  facet normal -0.156403 -0.987693 0
    outer loop
      vertex 49.7845 -112.002 29
      vertex 60.2738 -113.663 30
      vertex 49.7845 -112.002 30
    endloop
  endfacet
  facet normal -0.156403 -0.987693 -0
    outer loop
      vertex 60.2738 -113.663 30
      vertex 49.7845 -112.002 29
      vertex 60.2738 -113.663 29
    endloop
  endfacet
  facet normal 0.987693 0.156403 0
    outer loop
      vertex 113.663 -60.2738 30
      vertex 112.002 -49.7845 29
      vertex 112.002 -49.7845 30
    endloop
  endfacet
  facet normal 0.987693 0.156403 0
    outer loop
      vertex 112.002 -49.7845 29
      vertex 113.663 -60.2738 30
      vertex 113.663 -60.2738 29
    endloop
  endfacet
  facet normal 0.933577 0.358376 0
    outer loop
      vertex 112.002 -49.7845 30
      vertex 108.196 -39.8698 29
      vertex 108.196 -39.8698 30
    endloop
  endfacet
  facet normal 0.933577 0.358376 0
    outer loop
      vertex 108.196 -39.8698 29
      vertex 112.002 -49.7845 30
      vertex 112.002 -49.7845 29
    endloop
  endfacet
  facet normal 0.629327 -0.777141 0
    outer loop
      vertex 90.6002 -105.537 29
      vertex 98.8535 -98.8535 30
      vertex 90.6002 -105.537 30
    endloop
  endfacet
  facet normal 0.629327 -0.777141 0
    outer loop
      vertex 98.8535 -98.8535 30
      vertex 90.6002 -105.537 29
      vertex 98.8535 -98.8535 29
    endloop
  endfacet
  facet normal -0.93358 -0.358368 0
    outer loop
      vertex 17.6694 -85.9952 29
      vertex 13.8635 -76.0805 30
      vertex 13.8635 -76.0805 29
    endloop
  endfacet
  facet normal -0.93358 -0.358368 0
    outer loop
      vertex 13.8635 -76.0805 30
      vertex 17.6694 -85.9952 29
      vertex 17.6694 -85.9952 30
    endloop
  endfacet
  facet normal 0.544636 0.838672 -0
    outer loop
      vertex 94.902 -23.4535 29
      vertex 85.9952 -17.6694 30
      vertex 94.902 -23.4535 30
    endloop
  endfacet
  facet normal 0.544636 0.838672 0
    outer loop
      vertex 85.9952 -17.6694 30
      vertex 94.902 -23.4535 29
      vertex 85.9952 -17.6694 29
    endloop
  endfacet
  facet normal 0.258847 -0.965918 0
    outer loop
      vertex 70.8794 -113.107 29
      vertex 81.1376 -110.358 30
      vertex 70.8794 -113.107 30
    endloop
  endfacet
  facet normal 0.258847 -0.965918 0
    outer loop
      vertex 81.1376 -110.358 30
      vertex 70.8794 -113.107 29
      vertex 81.1376 -110.358 29
    endloop
  endfacet
  facet normal -0.358376 -0.933577 0
    outer loop
      vertex 39.8698 -108.196 29
      vertex 49.7845 -112.002 30
      vertex 39.8698 -108.196 30
    endloop
  endfacet
  facet normal -0.358376 -0.933577 -0
    outer loop
      vertex 49.7845 -112.002 30
      vertex 39.8698 -108.196 29
      vertex 49.7845 -112.002 29
    endloop
  endfacet
  facet normal -0.987687 -0.15644 0
    outer loop
      vertex 13.8635 -76.0805 29
      vertex 12.2021 -65.5912 30
      vertex 12.2021 -65.5912 29
    endloop
  endfacet
  facet normal -0.987687 -0.15644 0
    outer loop
      vertex 12.2021 -65.5912 30
      vertex 13.8635 -76.0805 29
      vertex 13.8635 -76.0805 30
    endloop
  endfacet
  facet normal 0.0523532 -0.998629 0
    outer loop
      vertex 60.2738 -113.663 29
      vertex 70.8794 -113.107 30
      vertex 60.2738 -113.663 30
    endloop
  endfacet
  facet normal 0.0523532 -0.998629 0
    outer loop
      vertex 70.8794 -113.107 30
      vertex 60.2738 -113.663 29
      vertex 70.8794 -113.107 29
    endloop
  endfacet
  facet normal 0.998629 -0.0523532 0
    outer loop
      vertex 113.107 -70.8794 30
      vertex 113.663 -60.2738 29
      vertex 113.663 -60.2738 30
    endloop
  endfacet
  facet normal 0.998629 -0.0523532 0
    outer loop
      vertex 113.663 -60.2738 29
      vertex 113.107 -70.8794 30
      vertex 113.107 -70.8794 29
    endloop
  endfacet
  facet normal 0.965918 -0.258847 0
    outer loop
      vertex 110.358 -81.1376 30
      vertex 113.107 -70.8794 29
      vertex 113.107 -70.8794 30
    endloop
  endfacet
  facet normal 0.965918 -0.258847 0
    outer loop
      vertex 113.107 -70.8794 29
      vertex 110.358 -81.1376 30
      vertex 110.358 -81.1376 29
    endloop
  endfacet
  facet normal -0.838672 -0.544636 0
    outer loop
      vertex 23.4535 -94.902 29
      vertex 17.6694 -85.9952 30
      vertex 17.6694 -85.9952 29
    endloop
  endfacet
  facet normal -0.838672 -0.544636 0
    outer loop
      vertex 17.6694 -85.9952 30
      vertex 23.4535 -94.902 29
      vertex 23.4535 -94.902 30
    endloop
  endfacet
  facet normal -0.70713 -0.707083 0
    outer loop
      vertex 23.4535 -94.902 29
      vertex 30.963 -102.412 30
      vertex 23.4535 -94.902 30
    endloop
  endfacet
  facet normal -0.70713 -0.707083 -0
    outer loop
      vertex 30.963 -102.412 30
      vertex 23.4535 -94.902 29
      vertex 30.963 -102.412 29
    endloop
  endfacet
  facet normal -0.998629 0.0523381 0
    outer loop
      vertex 12.2021 -65.5912 29
      vertex 12.6314 -57.4 30
      vertex 12.6314 -57.4 29
    endloop
  endfacet
  facet normal -0.998629 0.0523381 0
    outer loop
      vertex 12.6314 -57.4 30
      vertex 12.2021 -65.5912 29
      vertex 12.2021 -65.5912 30
    endloop
  endfacet
  facet normal 0.195091 0.980785 -0
    outer loop
      vertex 64.8459 -58.3131 30
      vertex 62.9325 -57.9325 34
      vertex 64.8459 -58.3131 34
    endloop
  endfacet
  facet normal 0.195091 0.980785 0
    outer loop
      vertex 62.9325 -57.9325 34
      vertex 64.8459 -58.3131 30
      vertex 62.9325 -57.9325 30
    endloop
  endfacet
  facet normal 0.980785 -0.195091 0
    outer loop
      vertex 67.5519 -64.8459 34
      vertex 67.9325 -62.9325 30
      vertex 67.9325 -62.9325 34
    endloop
  endfacet
  facet normal 0.980785 -0.195091 0
    outer loop
      vertex 67.9325 -62.9325 30
      vertex 67.5519 -64.8459 34
      vertex 67.5519 -64.8459 30
    endloop
  endfacet
  facet normal 0.831458 -0.555587 0
    outer loop
      vertex 66.468 -66.468 34
      vertex 67.5519 -64.8459 30
      vertex 67.5519 -64.8459 34
    endloop
  endfacet
  facet normal 0.831458 -0.555587 0
    outer loop
      vertex 67.5519 -64.8459 30
      vertex 66.468 -66.468 34
      vertex 66.468 -66.468 30
    endloop
  endfacet
  facet normal -0.195091 0.980785 0
    outer loop
      vertex 62.9325 -57.9325 30
      vertex 61.0191 -58.3131 34
      vertex 62.9325 -57.9325 34
    endloop
  endfacet
  facet normal -0.195091 0.980785 0
    outer loop
      vertex 61.0191 -58.3131 34
      vertex 62.9325 -57.9325 30
      vertex 61.0191 -58.3131 30
    endloop
  endfacet
  facet normal -0.831458 -0.555587 0
    outer loop
      vertex 59.397 -66.468 30
      vertex 58.3131 -64.8459 34
      vertex 58.3131 -64.8459 30
    endloop
  endfacet
  facet normal -0.831458 -0.555587 0
    outer loop
      vertex 58.3131 -64.8459 34
      vertex 59.397 -66.468 30
      vertex 59.397 -66.468 34
    endloop
  endfacet
  facet normal -0.555587 -0.831458 0
    outer loop
      vertex 59.397 -66.468 30
      vertex 61.0191 -67.5519 34
      vertex 59.397 -66.468 34
    endloop
  endfacet
  facet normal -0.555587 -0.831458 -0
    outer loop
      vertex 61.0191 -67.5519 34
      vertex 59.397 -66.468 30
      vertex 61.0191 -67.5519 30
    endloop
  endfacet
  facet normal -0.195091 -0.980785 0
    outer loop
      vertex 61.0191 -67.5519 30
      vertex 62.9325 -67.9325 34
      vertex 61.0191 -67.5519 34
    endloop
  endfacet
  facet normal -0.195091 -0.980785 -0
    outer loop
      vertex 62.9325 -67.9325 34
      vertex 61.0191 -67.5519 30
      vertex 62.9325 -67.9325 30
    endloop
  endfacet
  facet normal 0.195091 -0.980785 0
    outer loop
      vertex 62.9325 -67.9325 30
      vertex 64.8459 -67.5519 34
      vertex 62.9325 -67.9325 34
    endloop
  endfacet
  facet normal 0.195091 -0.980785 0
    outer loop
      vertex 64.8459 -67.5519 34
      vertex 62.9325 -67.9325 30
      vertex 64.8459 -67.5519 30
    endloop
  endfacet
  facet normal -0.555587 0.831458 0
    outer loop
      vertex 61.0191 -58.3131 30
      vertex 59.397 -59.397 34
      vertex 61.0191 -58.3131 34
    endloop
  endfacet
  facet normal -0.555587 0.831458 0
    outer loop
      vertex 59.397 -59.397 34
      vertex 61.0191 -58.3131 30
      vertex 59.397 -59.397 30
    endloop
  endfacet
  facet normal 0.555587 -0.831458 0
    outer loop
      vertex 64.8459 -67.5519 30
      vertex 66.468 -66.468 34
      vertex 64.8459 -67.5519 34
    endloop
  endfacet
  facet normal 0.555587 -0.831458 0
    outer loop
      vertex 66.468 -66.468 34
      vertex 64.8459 -67.5519 30
      vertex 66.468 -66.468 30
    endloop
  endfacet
  facet normal 0.555587 0.831458 -0
    outer loop
      vertex 66.468 -59.397 30
      vertex 64.8459 -58.3131 34
      vertex 66.468 -59.397 34
    endloop
  endfacet
  facet normal 0.555587 0.831458 0
    outer loop
      vertex 64.8459 -58.3131 34
      vertex 66.468 -59.397 30
      vertex 64.8459 -58.3131 30
    endloop
  endfacet
  facet normal 0.831458 0.555587 0
    outer loop
      vertex 67.5519 -61.0191 34
      vertex 66.468 -59.397 30
      vertex 66.468 -59.397 34
    endloop
  endfacet
  facet normal 0.831458 0.555587 0
    outer loop
      vertex 66.468 -59.397 30
      vertex 67.5519 -61.0191 34
      vertex 67.5519 -61.0191 30
    endloop
  endfacet
  facet normal -0.980785 0.195091 0
    outer loop
      vertex 57.9325 -62.9325 30
      vertex 58.3131 -61.0191 34
      vertex 58.3131 -61.0191 30
    endloop
  endfacet
  facet normal -0.980785 0.195091 0
    outer loop
      vertex 58.3131 -61.0191 34
      vertex 57.9325 -62.9325 30
      vertex 57.9325 -62.9325 34
    endloop
  endfacet
  facet normal 0.980785 0.195091 0
    outer loop
      vertex 67.9325 -62.9325 34
      vertex 67.5519 -61.0191 30
      vertex 67.5519 -61.0191 34
    endloop
  endfacet
  facet normal 0.980785 0.195091 0
    outer loop
      vertex 67.5519 -61.0191 30
      vertex 67.9325 -62.9325 34
      vertex 67.9325 -62.9325 30
    endloop
  endfacet
  facet normal -0.831458 0.555587 0
    outer loop
      vertex 58.3131 -61.0191 30
      vertex 59.397 -59.397 34
      vertex 59.397 -59.397 30
    endloop
  endfacet
  facet normal -0.831458 0.555587 0
    outer loop
      vertex 59.397 -59.397 34
      vertex 58.3131 -61.0191 30
      vertex 58.3131 -61.0191 34
    endloop
  endfacet
  facet normal -0.980785 -0.195091 0
    outer loop
      vertex 58.3131 -64.8459 30
      vertex 57.9325 -62.9325 34
      vertex 57.9325 -62.9325 30
    endloop
  endfacet
  facet normal -0.980785 -0.195091 0
    outer loop
      vertex 57.9325 -62.9325 34
      vertex 58.3131 -64.8459 30
      vertex 58.3131 -64.8459 34
    endloop
  endfacet
  facet normal -0.629322 0.777145 0
    outer loop
      vertex 31.3434 -14.2896 7
      vertex 21.9203 -21.9203 17
      vertex 31.3434 -14.2896 17
    endloop
  endfacet
  facet normal -0.629322 0.777145 0
    outer loop
      vertex 21.9203 -21.9203 17
      vertex 31.3434 -14.2896 7
      vertex 21.9203 -21.9203 7
    endloop
  endfacet
  facet normal 0.2588 -0.965931 0
    outer loop
      vertex 72.0057 -120.218 7
      vertex 83.7178 -117.08 17
      vertex 72.0057 -120.218 17
    endloop
  endfacet
  facet normal 0.2588 -0.965931 0
    outer loop
      vertex 83.7178 -117.08 17
      vertex 72.0057 -120.218 7
      vertex 83.7178 -117.08 7
    endloop
  endfacet
  facet normal -0.544642 -0.838669 0
    outer loop
      vertex 26.4319 -108.007 7
      vertex 36.6011 -114.611 17
      vertex 26.4319 -108.007 17
    endloop
  endfacet
  facet normal -0.544642 -0.838669 -0
    outer loop
      vertex 36.6011 -114.611 17
      vertex 26.4319 -108.007 7
      vertex 36.6011 -114.611 7
    endloop
  endfacet
  facet normal 0.891 -0.454003 0
    outer loop
      vertex 111.575 -94.5216 17
      vertex 117.08 -83.7178 7
      vertex 117.08 -83.7178 17
    endloop
  endfacet
  facet normal 0.891 -0.454003 0
    outer loop
      vertex 117.08 -83.7178 7
      vertex 111.575 -94.5216 17
      vertex 111.575 -94.5216 7
    endloop
  endfacet
  facet normal 0.933589 0.358346 0
    outer loop
      vertex 118.956 -47.921 17
      vertex 114.611 -36.6011 7
      vertex 114.611 -36.6011 17
    endloop
  endfacet
  facet normal 0.933589 0.358346 0
    outer loop
      vertex 114.611 -36.6011 7
      vertex 118.956 -47.921 17
      vertex 118.956 -47.921 7
    endloop
  endfacet
  facet normal 0.54464 0.83867 -0
    outer loop
      vertex 99.4331 -17.858 7
      vertex 89.264 -11.2541 17
      vertex 99.4331 -17.858 17
    endloop
  endfacet
  facet normal 0.54464 0.83867 0
    outer loop
      vertex 89.264 -11.2541 17
      vertex 99.4331 -17.858 7
      vertex 89.264 -11.2541 7
    endloop
  endfacet
  facet normal 0.156435 0.987688 -0
    outer loop
      vertex 77.944 -6.90881 7
      vertex 65.968 -5.01199 17
      vertex 77.944 -6.90881 17
    endloop
  endfacet
  facet normal 0.156435 0.987688 0
    outer loop
      vertex 65.968 -5.01199 17
      vertex 77.944 -6.90881 7
      vertex 65.968 -5.01199 7
    endloop
  endfacet
  facet normal 0.629275 -0.777183 0
    outer loop
      vertex 94.5216 -111.575 7
      vertex 103.945 -103.945 17
      vertex 94.5216 -111.575 17
    endloop
  endfacet
  facet normal 0.629275 -0.777183 0
    outer loop
      vertex 103.945 -103.945 17
      vertex 94.5216 -111.575 7
      vertex 103.945 -103.945 7
    endloop
  endfacet
  facet normal 0.77714 -0.629328 0
    outer loop
      vertex 107.741 -99.2561 17
      vertex 111.575 -94.5216 7
      vertex 111.575 -94.5216 17
    endloop
  endfacet
  facet normal 0.77714 -0.629328 0
    outer loop
      vertex 111.575 -94.5216 7
      vertex 107.741 -99.2561 17
      vertex 107.741 -99.2561 7
    endloop
  endfacet
  facet normal 0.838669 0.544642 0
    outer loop
      vertex 114.611 -36.6011 17
      vertex 108.007 -26.4319 7
      vertex 108.007 -26.4319 17
    endloop
  endfacet
  facet normal 0.838669 0.544642 0
    outer loop
      vertex 108.007 -26.4319 7
      vertex 114.611 -36.6011 17
      vertex 114.611 -36.6011 7
    endloop
  endfacet
  facet normal -0.453987 0.891008 0
    outer loop
      vertex 42.1472 -8.78484 7
      vertex 31.3434 -14.2896 17
      vertex 42.1472 -8.78484 17
    endloop
  endfacet
  facet normal -0.453987 0.891008 0
    outer loop
      vertex 31.3434 -14.2896 17
      vertex 42.1472 -8.78484 7
      vertex 31.3434 -14.2896 7
    endloop
  endfacet
  facet normal -0.891012 0.453979 0
    outer loop
      vertex 12.5 -34.8558 12
      vertex 14.2896 -31.3434 7
      vertex 12.5 -34.8558 7
    endloop
  endfacet
  facet normal -0.891012 0.453979 0
    outer loop
      vertex 14.2896 -31.3434 7
      vertex 12.5 -34.8558 12
      vertex 14.2896 -31.3434 17
    endloop
  endfacet
  facet normal -0.891006 0.453991 0
    outer loop
      vertex 8.78484 -42.1472 17
      vertex 12.5 -34.8558 12
      vertex 8.78484 -42.1472 12
    endloop
  endfacet
  facet normal -0.891008 0.453987 -7.2335e-06
    outer loop
      vertex 12.5 -34.8558 12
      vertex 8.78484 -42.1472 17
      vertex 14.2896 -31.3434 17
    endloop
  endfacet
  facet normal -0.25882 0.965926 0
    outer loop
      vertex 53.8593 -5.64658 7
      vertex 42.1472 -8.78484 17
      vertex 53.8593 -5.64658 17
    endloop
  endfacet
  facet normal -0.25882 0.965926 0
    outer loop
      vertex 42.1472 -8.78484 17
      vertex 53.8593 -5.64658 7
      vertex 42.1472 -8.78484 7
    endloop
  endfacet
  facet normal -0.83867 -0.54464 0
    outer loop
      vertex 17.858 -99.4331 7
      vertex 11.2541 -89.264 17
      vertex 11.2541 -89.264 7
    endloop
  endfacet
  facet normal -0.83867 -0.54464 0
    outer loop
      vertex 11.2541 -89.264 17
      vertex 17.858 -99.4331 7
      vertex 17.858 -99.4331 17
    endloop
  endfacet
  facet normal 0.998628 -0.0523697 0
    outer loop
      vertex 120.218 -72.0057 17
      vertex 120.853 -59.897 7
      vertex 120.853 -59.897 17
    endloop
  endfacet
  facet normal 0.998628 -0.0523697 0
    outer loop
      vertex 120.853 -59.897 7
      vertex 120.218 -72.0057 17
      vertex 120.218 -72.0057 7
    endloop
  endfacet
  facet normal 0 0 1
    outer loop
      vertex 118.956 -47.921 17
      vertex 112.002 -49.7845 17
      vertex 113.663 -60.2738 17
    endloop
  endfacet
  facet normal 0 0 1
    outer loop
      vertex 114.611 -36.6011 17
      vertex 108.196 -39.8698 17
      vertex 112.002 -49.7845 17
    endloop
  endfacet
  facet normal 0 0 1
    outer loop
      vertex 108.007 -26.4319 17
      vertex 108.196 -39.8698 17
      vertex 114.611 -36.6011 17
    endloop
  endfacet
  facet normal 0 0 1
    outer loop
      vertex 102.412 -30.963 17
      vertex 108.007 -26.4319 17
      vertex 103.72 -22.145 17
    endloop
  endfacet
  facet normal 0 0 1
    outer loop
      vertex 108.007 -26.4319 17
      vertex 102.412 -30.963 17
      vertex 108.196 -39.8698 17
    endloop
  endfacet
  facet normal 0 0 1
    outer loop
      vertex 113.663 -60.2738 17
      vertex 120.853 -59.897 17
      vertex 118.956 -47.921 17
    endloop
  endfacet
  facet normal 0 0 1
    outer loop
      vertex 120.853 -59.897 17
      vertex 113.663 -60.2738 17
      vertex 120.218 -72.0057 17
    endloop
  endfacet
  facet normal 0 0 1
    outer loop
      vertex 112.002 -49.7845 17
      vertex 118.956 -47.921 17
      vertex 114.611 -36.6011 17
    endloop
  endfacet
  facet normal -0 0 1
    outer loop
      vertex 113.107 -70.8794 17
      vertex 120.218 -72.0057 17
      vertex 113.663 -60.2738 17
    endloop
  endfacet
  facet normal 0 0 1
    outer loop
      vertex 120.218 -72.0057 17
      vertex 113.107 -70.8794 17
      vertex 117.08 -83.7178 17
    endloop
  endfacet
  facet normal -0 0 1
    outer loop
      vertex 110.358 -81.1376 17
      vertex 117.08 -83.7178 17
      vertex 113.107 -70.8794 17
    endloop
  endfacet
  facet normal 0 0 1
    outer loop
      vertex 117.08 -83.7178 17
      vertex 110.358 -81.1376 17
      vertex 111.575 -94.5216 17
    endloop
  endfacet
  facet normal -0 0 1
    outer loop
      vertex 105.537 -90.6002 17
      vertex 111.575 -94.5216 17
      vertex 110.358 -81.1376 17
    endloop
  endfacet
  facet normal 0 0 1
    outer loop
      vertex 111.575 -94.5216 17
      vertex 105.537 -90.6002 17
      vertex 107.741 -99.2561 17
    endloop
  endfacet
  facet normal 0 0 1
    outer loop
      vertex 103.945 -103.945 17
      vertex 108.894 -100.409 17
      vertex 107.741 -99.2561 17
    endloop
  endfacet
  facet normal -0 0 1
    outer loop
      vertex 98.8535 -98.8535 17
      vertex 107.741 -99.2561 17
      vertex 105.537 -90.6002 17
    endloop
  endfacet
  facet normal 0 0 1
    outer loop
      vertex 108.894 -100.409 17
      vertex 103.945 -103.945 17
      vertex 104.652 -104.652 17
    endloop
  endfacet
  facet normal 0 0 1
    outer loop
      vertex 107.741 -99.2561 17
      vertex 98.8535 -98.8535 17
      vertex 103.945 -103.945 17
    endloop
  endfacet
  facet normal 0 0 1
    outer loop
      vertex 98.8535 -98.8535 17
      vertex 94.5216 -111.575 17
      vertex 103.945 -103.945 17
    endloop
  endfacet
  facet normal -0 0 1
    outer loop
      vertex 90.6002 -105.537 17
      vertex 94.5216 -111.575 17
      vertex 98.8535 -98.8535 17
    endloop
  endfacet
  facet normal 0 0 1
    outer loop
      vertex 90.6002 -105.537 17
      vertex 83.7178 -117.08 17
      vertex 94.5216 -111.575 17
    endloop
  endfacet
  facet normal -0 0 1
    outer loop
      vertex 81.1376 -110.358 17
      vertex 83.7178 -117.08 17
      vertex 90.6002 -105.537 17
    endloop
  endfacet
  facet normal 0 0 1
    outer loop
      vertex 81.1376 -110.358 17
      vertex 72.0057 -120.218 17
      vertex 83.7178 -117.08 17
    endloop
  endfacet
  facet normal -0 0 1
    outer loop
      vertex 70.8794 -113.107 17
      vertex 72.0057 -120.218 17
      vertex 81.1376 -110.358 17
    endloop
  endfacet
  facet normal -0 0 1
    outer loop
      vertex 60.2738 -113.663 17
      vertex 72.0057 -120.218 17
      vertex 70.8794 -113.107 17
    endloop
  endfacet
  facet normal 0 0 1
    outer loop
      vertex 60.2738 -113.663 17
      vertex 59.897 -120.853 17
      vertex 72.0057 -120.218 17
    endloop
  endfacet
  facet normal 0 0 1
    outer loop
      vertex 49.7845 -112.002 17
      vertex 59.897 -120.853 17
      vertex 60.2738 -113.663 17
    endloop
  endfacet
  facet normal 0 0 1
    outer loop
      vertex 49.7845 -112.002 17
      vertex 47.921 -118.956 17
      vertex 59.897 -120.853 17
    endloop
  endfacet
  facet normal 0 0 1
    outer loop
      vertex 39.8698 -108.196 17
      vertex 47.921 -118.956 17
      vertex 49.7845 -112.002 17
    endloop
  endfacet
  facet normal 0 0 1
    outer loop
      vertex 39.8698 -108.196 17
      vertex 36.6011 -114.611 17
      vertex 47.921 -118.956 17
    endloop
  endfacet
  facet normal 0 0 1
    outer loop
      vertex 30.963 -102.412 17
      vertex 36.6011 -114.611 17
      vertex 39.8698 -108.196 17
    endloop
  endfacet
  facet normal 0 0 1
    outer loop
      vertex 30.963 -102.412 17
      vertex 26.4319 -108.007 17
      vertex 36.6011 -114.611 17
    endloop
  endfacet
  facet normal 0 0 1
    outer loop
      vertex 30.963 -102.412 17
      vertex 26.3876 -107.963 17
      vertex 26.4319 -108.007 17
    endloop
  endfacet
  facet normal -0 0 1
    outer loop
      vertex 22.145 -103.72 17
      vertex 26.3876 -107.963 17
      vertex 30.963 -102.412 17
    endloop
  endfacet
  facet normal 0 0 1
    outer loop
      vertex 22.145 -103.72 17
      vertex 30.963 -102.412 17
      vertex 23.4535 -94.902 17
    endloop
  endfacet
  facet normal 0 0 1
    outer loop
      vertex 26.3876 -107.963 17
      vertex 22.145 -103.72 17
      vertex 25.4558 -108.894 17
    endloop
  endfacet
  facet normal 0 0 1
    outer loop
      vertex 25.4558 -108.894 17
      vertex 22.145 -103.72 17
      vertex 21.2132 -104.652 17
    endloop
  endfacet
  facet normal 0 0 1
    outer loop
      vertex 23.4535 -94.902 17
      vertex 17.858 -99.4331 17
      vertex 22.145 -103.72 17
    endloop
  endfacet
  facet normal 0 0 1
    outer loop
      vertex 17.6694 -85.9952 17
      vertex 17.858 -99.4331 17
      vertex 23.4535 -94.902 17
    endloop
  endfacet
  facet normal 0 0 1
    outer loop
      vertex 11.2541 -89.264 17
      vertex 17.6694 -85.9952 17
      vertex 13.8635 -76.0805 17
    endloop
  endfacet
  facet normal 0 0 1
    outer loop
      vertex 17.6694 -85.9952 17
      vertex 11.2541 -89.264 17
      vertex 17.858 -99.4331 17
    endloop
  endfacet
  facet normal 0 0 1
    outer loop
      vertex 6.90881 -77.944 17
      vertex 13.8635 -76.0805 17
      vertex 12.2021 -65.5912 17
    endloop
  endfacet
  facet normal 0 0 1
    outer loop
      vertex 100.409 -16.9706 17
      vertex 103.72 -22.145 17
      vertex 104.652 -21.2132 17
    endloop
  endfacet
  facet normal -0 0 1
    outer loop
      vertex 99.4774 -17.9023 17
      vertex 103.72 -22.145 17
      vertex 100.409 -16.9706 17
    endloop
  endfacet
  facet normal 0 0 1
    outer loop
      vertex 94.902 -23.4535 17
      vertex 103.72 -22.145 17
      vertex 99.4774 -17.9023 17
    endloop
  endfacet
  facet normal 0 0 1
    outer loop
      vertex 94.902 -23.4535 17
      vertex 99.4774 -17.9023 17
      vertex 99.4331 -17.858 17
    endloop
  endfacet
  facet normal 0 0 1
    outer loop
      vertex 103.72 -22.145 17
      vertex 94.902 -23.4535 17
      vertex 102.412 -30.963 17
    endloop
  endfacet
  facet normal 0 0 1
    outer loop
      vertex 89.264 -11.2541 17
      vertex 94.902 -23.4535 17
      vertex 99.4331 -17.858 17
    endloop
  endfacet
  facet normal 0 0 1
    outer loop
      vertex 89.264 -11.2541 17
      vertex 85.9952 -17.6694 17
      vertex 94.902 -23.4535 17
    endloop
  endfacet
  facet normal 0 0 1
    outer loop
      vertex 77.944 -6.90881 17
      vertex 85.9952 -17.6694 17
      vertex 89.264 -11.2541 17
    endloop
  endfacet
  facet normal 0 0 1
    outer loop
      vertex 77.944 -6.90881 17
      vertex 76.0805 -13.8635 17
      vertex 85.9952 -17.6694 17
    endloop
  endfacet
  facet normal 0 0 1
    outer loop
      vertex 65.968 -5.01199 17
      vertex 76.0805 -13.8635 17
      vertex 77.944 -6.90881 17
    endloop
  endfacet
  facet normal 0 0 1
    outer loop
      vertex 65.968 -5.01199 17
      vertex 65.5912 -12.2021 17
      vertex 76.0805 -13.8635 17
    endloop
  endfacet
  facet normal 0 0 1
    outer loop
      vertex 65.968 -5.01199 17
      vertex 54.9856 -12.7579 17
      vertex 65.5912 -12.2021 17
    endloop
  endfacet
  facet normal -0 0 1
    outer loop
      vertex 53.8593 -5.64658 17
      vertex 54.9856 -12.7579 17
      vertex 65.968 -5.01199 17
    endloop
  endfacet
  facet normal 0 0 1
    outer loop
      vertex 53.8593 -5.64658 17
      vertex 44.7274 -15.5066 17
      vertex 54.9856 -12.7579 17
    endloop
  endfacet
  facet normal -0 0 1
    outer loop
      vertex 42.1472 -8.78484 17
      vertex 44.7274 -15.5066 17
      vertex 53.8593 -5.64658 17
    endloop
  endfacet
  facet normal 0 0 1
    outer loop
      vertex 42.1472 -8.78484 17
      vertex 35.2648 -20.328 17
      vertex 44.7274 -15.5066 17
    endloop
  endfacet
  facet normal -0 0 1
    outer loop
      vertex 31.3434 -14.2896 17
      vertex 35.2648 -20.328 17
      vertex 42.1472 -8.78484 17
    endloop
  endfacet
  facet normal 0 0 1
    outer loop
      vertex 31.3434 -14.2896 17
      vertex 27.0115 -27.0115 17
      vertex 35.2648 -20.328 17
    endloop
  endfacet
  facet normal -0 0 1
    outer loop
      vertex 21.9203 -21.9203 17
      vertex 27.0115 -27.0115 17
      vertex 31.3434 -14.2896 17
    endloop
  endfacet
  facet normal 0 0 1
    outer loop
      vertex 16.9706 -25.4558 17
      vertex 21.9203 -21.9203 17
      vertex 21.2132 -21.2132 17
    endloop
  endfacet
  facet normal 0 0 1
    outer loop
      vertex 21.9203 -21.9203 17
      vertex 18.1236 -26.6089 17
      vertex 27.0115 -27.0115 17
    endloop
  endfacet
  facet normal 0 0 1
    outer loop
      vertex 27.0115 -27.0115 17
      vertex 18.1236 -26.6089 17
      vertex 20.328 -35.2648 17
    endloop
  endfacet
  facet normal 0 0 1
    outer loop
      vertex 21.9203 -21.9203 17
      vertex 16.9706 -25.4558 17
      vertex 18.1236 -26.6089 17
    endloop
  endfacet
  facet normal -0 0 1
    outer loop
      vertex 14.2896 -31.3434 17
      vertex 20.328 -35.2648 17
      vertex 18.1236 -26.6089 17
    endloop
  endfacet
  facet normal 0 0 1
    outer loop
      vertex 20.328 -35.2648 17
      vertex 14.2896 -31.3434 17
      vertex 15.5066 -44.7274 17
    endloop
  endfacet
  facet normal -0 0 1
    outer loop
      vertex 8.78484 -42.1472 17
      vertex 15.5066 -44.7274 17
      vertex 14.2896 -31.3434 17
    endloop
  endfacet
  facet normal 0 0 1
    outer loop
      vertex 15.5066 -44.7274 17
      vertex 8.78484 -42.1472 17
      vertex 12.7579 -54.9856 17
    endloop
  endfacet
  facet normal -0 0 1
    outer loop
      vertex 5.64658 -53.8593 17
      vertex 12.7579 -54.9856 17
      vertex 8.78484 -42.1472 17
    endloop
  endfacet
  facet normal 0 0 1
    outer loop
      vertex 12.7579 -54.9856 17
      vertex 5.64658 -53.8593 17
      vertex 12.2021 -65.5912 17
    endloop
  endfacet
  facet normal 0 0 1
    outer loop
      vertex 13.8635 -76.0805 17
      vertex 6.90881 -77.944 17
      vertex 11.2541 -89.264 17
    endloop
  endfacet
  facet normal 0 0 1
    outer loop
      vertex 5.01199 -65.968 17
      vertex 12.2021 -65.5912 17
      vertex 5.64658 -53.8593 17
    endloop
  endfacet
  facet normal 0 0 1
    outer loop
      vertex 12.2021 -65.5912 17
      vertex 5.01199 -65.968 17
      vertex 6.90881 -77.944 17
    endloop
  endfacet
  facet normal -0.7047 -0.709505 0
    outer loop
      vertex 26.3876 -107.963 7
      vertex 26.4319 -108.007 17
      vertex 26.3876 -107.963 17
    endloop
  endfacet
  facet normal -0.7047 -0.709505 -0
    outer loop
      vertex 26.4319 -108.007 17
      vertex 26.3876 -107.963 7
      vertex 26.4319 -108.007 7
    endloop
  endfacet
  facet normal -0.707099 -0.707115 0
    outer loop
      vertex 22.145 -103.72 7
      vertex 17.858 -99.4331 17
      vertex 17.858 -99.4331 7
    endloop
  endfacet
  facet normal -0.707099 -0.707115 0
    outer loop
      vertex 17.858 -99.4331 17
      vertex 22.145 -103.72 7
      vertex 22.145 -103.72 17
    endloop
  endfacet
  facet normal 0.965931 -0.2588 0
    outer loop
      vertex 117.08 -83.7178 17
      vertex 120.218 -72.0057 7
      vertex 120.218 -72.0057 17
    endloop
  endfacet
  facet normal 0.965931 -0.2588 0
    outer loop
      vertex 120.218 -72.0057 7
      vertex 117.08 -83.7178 17
      vertex 117.08 -83.7178 7
    endloop
  endfacet
  facet normal -0.358346 -0.933589 0
    outer loop
      vertex 36.6011 -114.611 7
      vertex 47.921 -118.956 17
      vertex 36.6011 -114.611 17
    endloop
  endfacet
  facet normal -0.358346 -0.933589 -0
    outer loop
      vertex 47.921 -118.956 17
      vertex 36.6011 -114.611 7
      vertex 47.921 -118.956 7
    endloop
  endfacet
  facet normal -0.933582 -0.358364 0
    outer loop
      vertex 11.2541 -89.264 7
      vertex 6.90881 -77.944 17
      vertex 6.90881 -77.944 7
    endloop
  endfacet
  facet normal -0.933582 -0.358364 0
    outer loop
      vertex 6.90881 -77.944 17
      vertex 11.2541 -89.264 7
      vertex 11.2541 -89.264 17
    endloop
  endfacet
  facet normal -0.0523359 0.99863 0
    outer loop
      vertex 65.968 -5.01199 7
      vertex 53.8593 -5.64658 17
      vertex 65.968 -5.01199 17
    endloop
  endfacet
  facet normal -0.0523359 0.99863 0
    outer loop
      vertex 53.8593 -5.64658 17
      vertex 65.968 -5.01199 7
      vertex 53.8593 -5.64658 7
    endloop
  endfacet
  facet normal -0.15645 -0.987686 0
    outer loop
      vertex 47.921 -118.956 7
      vertex 59.897 -120.853 17
      vertex 47.921 -118.956 17
    endloop
  endfacet
  facet normal -0.15645 -0.987686 -0
    outer loop
      vertex 59.897 -120.853 17
      vertex 47.921 -118.956 7
      vertex 59.897 -120.853 7
    endloop
  endfacet
  facet normal -0.987688 -0.156435 0
    outer loop
      vertex 6.90881 -77.944 7
      vertex 5.01199 -65.968 17
      vertex 5.01199 -65.968 7
    endloop
  endfacet
  facet normal -0.987688 -0.156435 0
    outer loop
      vertex 5.01199 -65.968 17
      vertex 6.90881 -77.944 7
      vertex 6.90881 -77.944 17
    endloop
  endfacet
  facet normal 0.707107 0.707107 -0
    outer loop
      vertex 99.4774 -17.9023 7
      vertex 99.4331 -17.858 17
      vertex 99.4774 -17.9023 17
    endloop
  endfacet
  facet normal 0.707107 0.707107 0
    outer loop
      vertex 99.4331 -17.858 17
      vertex 99.4774 -17.9023 7
      vertex 99.4331 -17.858 7
    endloop
  endfacet
  facet normal 0.707099 0.707115 0
    outer loop
      vertex 108.007 -26.4319 17
      vertex 103.72 -22.145 7
      vertex 103.72 -22.145 17
    endloop
  endfacet
  facet normal 0.707099 0.707115 0
    outer loop
      vertex 103.72 -22.145 7
      vertex 108.007 -26.4319 17
      vertex 108.007 -26.4319 7
    endloop
  endfacet
  facet normal 0.987686 0.15645 0
    outer loop
      vertex 120.853 -59.897 17
      vertex 118.956 -47.921 7
      vertex 118.956 -47.921 17
    endloop
  endfacet
  facet normal 0.987686 0.15645 0
    outer loop
      vertex 118.956 -47.921 7
      vertex 120.853 -59.897 17
      vertex 120.853 -59.897 7
    endloop
  endfacet
  facet normal 0.0523697 -0.998628 0
    outer loop
      vertex 59.897 -120.853 7
      vertex 72.0057 -120.218 17
      vertex 59.897 -120.853 17
    endloop
  endfacet
  facet normal 0.0523697 -0.998628 0
    outer loop
      vertex 72.0057 -120.218 17
      vertex 59.897 -120.853 7
      vertex 72.0057 -120.218 7
    endloop
  endfacet
  facet normal 0.358364 0.933582 -0
    outer loop
      vertex 89.264 -11.2541 7
      vertex 77.944 -6.90881 17
      vertex 89.264 -11.2541 17
    endloop
  endfacet
  facet normal 0.358364 0.933582 0
    outer loop
      vertex 77.944 -6.90881 17
      vertex 89.264 -11.2541 7
      vertex 77.944 -6.90881 7
    endloop
  endfacet
  facet normal 0 0 -1
    outer loop
      vertex 103.945 -103.945 7
      vertex 108.894 -100.409 7
      vertex 104.652 -104.652 7
    endloop
  endfacet
  facet normal -0 0 -1
    outer loop
      vertex 108.894 -100.409 7
      vertex 103.945 -103.945 7
      vertex 107.741 -99.2561 7
    endloop
  endfacet
  facet normal 0 0 -1
    outer loop
      vertex 98.8535 -98.8535 7
      vertex 107.741 -99.2561 7
      vertex 103.945 -103.945 7
    endloop
  endfacet
  facet normal 0 0 -1
    outer loop
      vertex 107.741 -99.2561 7
      vertex 98.8535 -98.8535 7
      vertex 105.537 -90.6002 7
    endloop
  endfacet
  facet normal 0 0 -1
    outer loop
      vertex 94.5216 -111.575 7
      vertex 98.8535 -98.8535 7
      vertex 103.945 -103.945 7
    endloop
  endfacet
  facet normal 0 0 -1
    outer loop
      vertex 94.5216 -111.575 7
      vertex 90.6002 -105.537 7
      vertex 98.8535 -98.8535 7
    endloop
  endfacet
  facet normal 0 0 -1
    outer loop
      vertex 83.7178 -117.08 7
      vertex 90.6002 -105.537 7
      vertex 94.5216 -111.575 7
    endloop
  endfacet
  facet normal 0 0 -1
    outer loop
      vertex 83.7178 -117.08 7
      vertex 81.1376 -110.358 7
      vertex 90.6002 -105.537 7
    endloop
  endfacet
  facet normal 0 0 -1
    outer loop
      vertex 72.0057 -120.218 7
      vertex 81.1376 -110.358 7
      vertex 83.7178 -117.08 7
    endloop
  endfacet
  facet normal 0 0 -1
    outer loop
      vertex 72.0057 -120.218 7
      vertex 70.8794 -113.107 7
      vertex 81.1376 -110.358 7
    endloop
  endfacet
  facet normal 0 0 -1
    outer loop
      vertex 72.0057 -120.218 7
      vertex 60.2738 -113.663 7
      vertex 70.8794 -113.107 7
    endloop
  endfacet
  facet normal 0 0 -1
    outer loop
      vertex 59.897 -120.853 7
      vertex 60.2738 -113.663 7
      vertex 72.0057 -120.218 7
    endloop
  endfacet
  facet normal 0 0 -1
    outer loop
      vertex 59.897 -120.853 7
      vertex 49.7845 -112.002 7
      vertex 60.2738 -113.663 7
    endloop
  endfacet
  facet normal 0 0 -1
    outer loop
      vertex 47.921 -118.956 7
      vertex 49.7845 -112.002 7
      vertex 59.897 -120.853 7
    endloop
  endfacet
  facet normal 0 0 -1
    outer loop
      vertex 47.921 -118.956 7
      vertex 39.8698 -108.196 7
      vertex 49.7845 -112.002 7
    endloop
  endfacet
  facet normal 0 0 -1
    outer loop
      vertex 36.6011 -114.611 7
      vertex 39.8698 -108.196 7
      vertex 47.921 -118.956 7
    endloop
  endfacet
  facet normal 0 0 -1
    outer loop
      vertex 36.6011 -114.611 7
      vertex 30.963 -102.412 7
      vertex 39.8698 -108.196 7
    endloop
  endfacet
  facet normal 0 0 -1
    outer loop
      vertex 26.4319 -108.007 7
      vertex 30.963 -102.412 7
      vertex 36.6011 -114.611 7
    endloop
  endfacet
  facet normal 0 0 -1
    outer loop
      vertex 26.3876 -107.963 7
      vertex 30.963 -102.412 7
      vertex 26.4319 -108.007 7
    endloop
  endfacet
  facet normal 0 0 -1
    outer loop
      vertex 22.145 -103.72 7
      vertex 26.3876 -107.963 7
      vertex 25.4558 -108.894 7
    endloop
  endfacet
  facet normal 0 0 -1
    outer loop
      vertex 26.3876 -107.963 7
      vertex 22.145 -103.72 7
      vertex 30.963 -102.412 7
    endloop
  endfacet
  facet normal -0 0 -1
    outer loop
      vertex 30.963 -102.412 7
      vertex 22.145 -103.72 7
      vertex 23.4535 -94.902 7
    endloop
  endfacet
  facet normal 0 -0 -1
    outer loop
      vertex 22.145 -103.72 7
      vertex 25.4558 -108.894 7
      vertex 21.2132 -104.652 7
    endloop
  endfacet
  facet normal 0 0 -1
    outer loop
      vertex 113.663 -60.2738 7
      vertex 120.853 -59.897 7
      vertex 120.218 -72.0057 7
    endloop
  endfacet
  facet normal 0 0 -1
    outer loop
      vertex 113.107 -70.8794 7
      vertex 120.218 -72.0057 7
      vertex 117.08 -83.7178 7
    endloop
  endfacet
  facet normal -0 0 -1
    outer loop
      vertex 120.853 -59.897 7
      vertex 113.663 -60.2738 7
      vertex 118.956 -47.921 7
    endloop
  endfacet
  facet normal 0 0 -1
    outer loop
      vertex 112.002 -49.7845 7
      vertex 118.956 -47.921 7
      vertex 113.663 -60.2738 7
    endloop
  endfacet
  facet normal 0 0 -1
    outer loop
      vertex 120.218 -72.0057 7
      vertex 113.107 -70.8794 7
      vertex 113.663 -60.2738 7
    endloop
  endfacet
  facet normal 0 0 -1
    outer loop
      vertex 110.358 -81.1376 7
      vertex 117.08 -83.7178 7
      vertex 111.575 -94.5216 7
    endloop
  endfacet
  facet normal 0 0 -1
    outer loop
      vertex 117.08 -83.7178 7
      vertex 110.358 -81.1376 7
      vertex 113.107 -70.8794 7
    endloop
  endfacet
  facet normal 0 0 -1
    outer loop
      vertex 105.537 -90.6002 7
      vertex 111.575 -94.5216 7
      vertex 107.741 -99.2561 7
    endloop
  endfacet
  facet normal 0 0 -1
    outer loop
      vertex 111.575 -94.5216 7
      vertex 105.537 -90.6002 7
      vertex 110.358 -81.1376 7
    endloop
  endfacet
  facet normal -0 0 -1
    outer loop
      vertex 118.956 -47.921 7
      vertex 112.002 -49.7845 7
      vertex 114.611 -36.6011 7
    endloop
  endfacet
  facet normal 0 0 -1
    outer loop
      vertex 108.196 -39.8698 7
      vertex 114.611 -36.6011 7
      vertex 112.002 -49.7845 7
    endloop
  endfacet
  facet normal 0 0 -1
    outer loop
      vertex 108.196 -39.8698 7
      vertex 108.007 -26.4319 7
      vertex 114.611 -36.6011 7
    endloop
  endfacet
  facet normal 0 0 -1
    outer loop
      vertex 102.412 -30.963 7
      vertex 108.007 -26.4319 7
      vertex 108.196 -39.8698 7
    endloop
  endfacet
  facet normal -0 0 -1
    outer loop
      vertex 108.007 -26.4319 7
      vertex 102.412 -30.963 7
      vertex 103.72 -22.145 7
    endloop
  endfacet
  facet normal 0 0 -1
    outer loop
      vertex 103.72 -22.145 7
      vertex 100.409 -16.9706 7
      vertex 104.652 -21.2132 7
    endloop
  endfacet
  facet normal 0 0 -1
    outer loop
      vertex 94.902 -23.4535 7
      vertex 103.72 -22.145 7
      vertex 102.412 -30.963 7
    endloop
  endfacet
  facet normal 0 0 -1
    outer loop
      vertex 103.72 -22.145 7
      vertex 99.4774 -17.9023 7
      vertex 100.409 -16.9706 7
    endloop
  endfacet
  facet normal -0 0 -1
    outer loop
      vertex 103.72 -22.145 7
      vertex 94.902 -23.4535 7
      vertex 99.4774 -17.9023 7
    endloop
  endfacet
  facet normal -0 0 -1
    outer loop
      vertex 99.4774 -17.9023 7
      vertex 94.902 -23.4535 7
      vertex 99.4331 -17.858 7
    endloop
  endfacet
  facet normal 0 0 -1
    outer loop
      vertex 94.902 -23.4535 7
      vertex 89.264 -11.2541 7
      vertex 99.4331 -17.858 7
    endloop
  endfacet
  facet normal 0 0 -1
    outer loop
      vertex 85.9952 -17.6694 7
      vertex 89.264 -11.2541 7
      vertex 94.902 -23.4535 7
    endloop
  endfacet
  facet normal 0 0 -1
    outer loop
      vertex 85.9952 -17.6694 7
      vertex 77.944 -6.90881 7
      vertex 89.264 -11.2541 7
    endloop
  endfacet
  facet normal 0 0 -1
    outer loop
      vertex 76.0805 -13.8635 7
      vertex 77.944 -6.90881 7
      vertex 85.9952 -17.6694 7
    endloop
  endfacet
  facet normal 0 0 -1
    outer loop
      vertex 76.0805 -13.8635 7
      vertex 65.968 -5.01199 7
      vertex 77.944 -6.90881 7
    endloop
  endfacet
  facet normal 0 0 -1
    outer loop
      vertex 65.5912 -12.2021 7
      vertex 65.968 -5.01199 7
      vertex 76.0805 -13.8635 7
    endloop
  endfacet
  facet normal 0 0 -1
    outer loop
      vertex 54.9856 -12.7579 7
      vertex 65.968 -5.01199 7
      vertex 65.5912 -12.2021 7
    endloop
  endfacet
  facet normal 0 0 -1
    outer loop
      vertex 54.9856 -12.7579 7
      vertex 53.8593 -5.64658 7
      vertex 65.968 -5.01199 7
    endloop
  endfacet
  facet normal 0 0 -1
    outer loop
      vertex 44.7274 -15.5066 7
      vertex 53.8593 -5.64658 7
      vertex 54.9856 -12.7579 7
    endloop
  endfacet
  facet normal 0 0 -1
    outer loop
      vertex 44.7274 -15.5066 7
      vertex 42.1472 -8.78484 7
      vertex 53.8593 -5.64658 7
    endloop
  endfacet
  facet normal 0 0 -1
    outer loop
      vertex 35.2648 -20.328 7
      vertex 42.1472 -8.78484 7
      vertex 44.7274 -15.5066 7
    endloop
  endfacet
  facet normal 0 0 -1
    outer loop
      vertex 35.2648 -20.328 7
      vertex 31.3434 -14.2896 7
      vertex 42.1472 -8.78484 7
    endloop
  endfacet
  facet normal 0 0 -1
    outer loop
      vertex 30.7303 -24 7
      vertex 31.3434 -14.2896 7
      vertex 35.2648 -20.328 7
    endloop
  endfacet
  facet normal 0 0 -1
    outer loop
      vertex 27.5 -24 7
      vertex 31.3434 -14.2896 7
      vertex 30.7303 -24 7
    endloop
  endfacet
  facet normal 0 0 -1
    outer loop
      vertex 27.5 -24 7
      vertex 21.9203 -21.9203 7
      vertex 31.3434 -14.2896 7
    endloop
  endfacet
  facet normal 0 0 -1
    outer loop
      vertex 27.0115 -27.0115 7
      vertex 21.9203 -21.9203 7
      vertex 27.5 -24 7
    endloop
  endfacet
  facet normal 0 0 -1
    outer loop
      vertex 18.1236 -26.6089 7
      vertex 21.9203 -21.9203 7
      vertex 27.0115 -27.0115 7
    endloop
  endfacet
  facet normal 0 0 -1
    outer loop
      vertex 18.1236 -26.6089 7
      vertex 27.0115 -27.0115 7
      vertex 20.328 -35.2648 7
    endloop
  endfacet
  facet normal 0 0 -1
    outer loop
      vertex 16.9706 -25.4558 7
      vertex 21.9203 -21.9203 7
      vertex 18.1236 -26.6089 7
    endloop
  endfacet
  facet normal -0 0 -1
    outer loop
      vertex 21.9203 -21.9203 7
      vertex 16.9706 -25.4558 7
      vertex 21.2132 -21.2132 7
    endloop
  endfacet
  facet normal 0 0 -1
    outer loop
      vertex 5.64658 -53.8593 7
      vertex 12.7579 -54.9856 7
      vertex 12.2021 -65.5912 7
    endloop
  endfacet
  facet normal -0 0 -1
    outer loop
      vertex 13.8635 -76.0805 7
      vertex 6.90881 -77.944 7
      vertex 12.2021 -65.5912 7
    endloop
  endfacet
  facet normal 0 0 -1
    outer loop
      vertex 5.01199 -65.968 7
      vertex 12.2021 -65.5912 7
      vertex 6.90881 -77.944 7
    endloop
  endfacet
  facet normal 0 -0 -1
    outer loop
      vertex 5.64658 -53.8593 7
      vertex 12.2021 -65.5912 7
      vertex 5.01199 -65.968 7
    endloop
  endfacet
  facet normal 0 -0 -1
    outer loop
      vertex 6.94863 -49 7
      vertex 12.7579 -54.9856 7
      vertex 5.64658 -53.8593 7
    endloop
  endfacet
  facet normal 0 0 -1
    outer loop
      vertex 12.7579 -54.9856 7
      vertex 6.94863 -49 7
      vertex 12.5 -49 7
    endloop
  endfacet
  facet normal 0 0 -1
    outer loop
      vertex 12.5 -34.8558 7
      vertex 20.328 -35.2648 7
      vertex 15.5066 -44.7274 7
    endloop
  endfacet
  facet normal 0 0 -1
    outer loop
      vertex 20.328 -35.2648 7
      vertex 14.2896 -31.3434 7
      vertex 18.1236 -26.6089 7
    endloop
  endfacet
  facet normal 0 0 -1
    outer loop
      vertex 12.5 -49 7
      vertex 15.5066 -44.7274 7
      vertex 12.7579 -54.9856 7
    endloop
  endfacet
  facet normal 0 0 -1
    outer loop
      vertex 12.5 -34.8558 7
      vertex 15.5066 -44.7274 7
      vertex 12.5 -49 7
    endloop
  endfacet
  facet normal 0 0 -1
    outer loop
      vertex 20.328 -35.2648 7
      vertex 12.5 -34.8558 7
      vertex 14.2896 -31.3434 7
    endloop
  endfacet
  facet normal 0 0 -1
    outer loop
      vertex 17.858 -99.4331 7
      vertex 23.4535 -94.902 7
      vertex 22.145 -103.72 7
    endloop
  endfacet
  facet normal 0 0 -1
    outer loop
      vertex 17.858 -99.4331 7
      vertex 17.6694 -85.9952 7
      vertex 23.4535 -94.902 7
    endloop
  endfacet
  facet normal 0 0 -1
    outer loop
      vertex 11.2541 -89.264 7
      vertex 17.6694 -85.9952 7
      vertex 17.858 -99.4331 7
    endloop
  endfacet
  facet normal 0 0 -1
    outer loop
      vertex 6.90881 -77.944 7
      vertex 13.8635 -76.0805 7
      vertex 11.2541 -89.264 7
    endloop
  endfacet
  facet normal -0 0 -1
    outer loop
      vertex 17.6694 -85.9952 7
      vertex 11.2541 -89.264 7
      vertex 13.8635 -76.0805 7
    endloop
  endfacet
  facet normal -0 0 -1
    outer loop
      vertex 27.5 -26.6159 7
      vertex 27.0115 -27.0115 7
      vertex 27.5 -24 7
    endloop
  endfacet
  facet normal -0.965926 0.25882 0
    outer loop
      vertex 6.94863 -49 7
      vertex 5.64658 -53.8593 7
      vertex 6.94863 -49 12
    endloop
  endfacet
  facet normal -0.965926 0.25882 0
    outer loop
      vertex 6.94863 -49 12
      vertex 8.78484 -42.1472 17
      vertex 8.78484 -42.1472 12
    endloop
  endfacet
  facet normal -0.965926 0.25882 1.15676e-07
    outer loop
      vertex 6.94863 -49 12
      vertex 5.64658 -53.8593 17
      vertex 8.78484 -42.1472 17
    endloop
  endfacet
  facet normal -0.965926 0.25882 0
    outer loop
      vertex 5.64658 -53.8593 17
      vertex 6.94863 -49 12
      vertex 5.64658 -53.8593 7
    endloop
  endfacet
  facet normal -0.99863 0.0523359 0
    outer loop
      vertex 5.01199 -65.968 7
      vertex 5.64658 -53.8593 17
      vertex 5.64658 -53.8593 7
    endloop
  endfacet
  facet normal -0.99863 0.0523359 0
    outer loop
      vertex 5.64658 -53.8593 17
      vertex 5.01199 -65.968 7
      vertex 5.01199 -65.968 17
    endloop
  endfacet
  facet normal 0.454003 -0.891 0
    outer loop
      vertex 83.7178 -117.08 7
      vertex 94.5216 -111.575 17
      vertex 83.7178 -117.08 17
    endloop
  endfacet
  facet normal 0.454003 -0.891 0
    outer loop
      vertex 94.5216 -111.575 17
      vertex 83.7178 -117.08 7
      vertex 94.5216 -111.575 7
    endloop
  endfacet
  facet normal -0.77714 0.629328 0
    outer loop
      vertex 14.2896 -31.3434 7
      vertex 18.1236 -26.6089 17
      vertex 18.1236 -26.6089 7
    endloop
  endfacet
  facet normal -0.77714 0.629328 0
    outer loop
      vertex 18.1236 -26.6089 17
      vertex 14.2896 -31.3434 7
      vertex 14.2896 -31.3434 17
    endloop
  endfacet
  facet normal 0.629328 -0.77714 -1.05667e-06
    outer loop
      vertex 30.7303 -24 8
      vertex 27.0115 -27.0115 17
      vertex 27.5 -26.6159 8
    endloop
  endfacet
  facet normal 0.62934 -0.77713 0
    outer loop
      vertex 27.0115 -27.0115 7
      vertex 27.5 -26.6159 8
      vertex 27.0115 -27.0115 17
    endloop
  endfacet
  facet normal 0.62934 -0.77713 0
    outer loop
      vertex 27.5 -26.6159 8
      vertex 27.0115 -27.0115 7
      vertex 27.5 -26.6159 7
    endloop
  endfacet
  facet normal 0.629327 -0.777141 -2.23005e-06
    outer loop
      vertex 27.0115 -27.0115 17
      vertex 30.7303 -24 8
      vertex 35.2648 -20.328 17
    endloop
  endfacet
  facet normal 0.629324 -0.777143 0
    outer loop
      vertex 35.2648 -20.328 7
      vertex 30.7303 -24 8
      vertex 30.7303 -24 7
    endloop
  endfacet
  facet normal 0.629324 -0.777143 0
    outer loop
      vertex 30.7303 -24 8
      vertex 35.2648 -20.328 7
      vertex 35.2648 -20.328 17
    endloop
  endfacet
  facet normal -0.891023 0.453958 0
    outer loop
      vertex 105.537 -90.6002 7
      vertex 110.358 -81.1376 17
      vertex 110.358 -81.1376 7
    endloop
  endfacet
  facet normal -0.891023 0.453958 0
    outer loop
      vertex 110.358 -81.1376 17
      vertex 105.537 -90.6002 7
      vertex 105.537 -90.6002 17
    endloop
  endfacet
  facet normal -0.838677 -0.54463 0
    outer loop
      vertex 108.196 -39.8698 7
      vertex 102.412 -30.963 17
      vertex 102.412 -30.963 7
    endloop
  endfacet
  facet normal -0.838677 -0.54463 0
    outer loop
      vertex 102.412 -30.963 17
      vertex 108.196 -39.8698 7
      vertex 108.196 -39.8698 17
    endloop
  endfacet
  facet normal -0.933577 -0.358376 0
    outer loop
      vertex 112.002 -49.7845 7
      vertex 108.196 -39.8698 17
      vertex 108.196 -39.8698 7
    endloop
  endfacet
  facet normal -0.933577 -0.358376 0
    outer loop
      vertex 108.196 -39.8698 17
      vertex 112.002 -49.7845 7
      vertex 112.002 -49.7845 17
    endloop
  endfacet
  facet normal 0.0523345 -0.99863 0
    outer loop
      vertex 54.9856 -12.7579 7
      vertex 65.5912 -12.2021 17
      vertex 54.9856 -12.7579 17
    endloop
  endfacet
  facet normal 0.0523345 -0.99863 0
    outer loop
      vertex 65.5912 -12.2021 17
      vertex 54.9856 -12.7579 7
      vertex 65.5912 -12.2021 7
    endloop
  endfacet
  facet normal -0.629327 0.777141 0
    outer loop
      vertex 98.8535 -98.8535 7
      vertex 90.6002 -105.537 17
      vertex 98.8535 -98.8535 17
    endloop
  endfacet
  facet normal -0.629327 0.777141 0
    outer loop
      vertex 90.6002 -105.537 17
      vertex 98.8535 -98.8535 7
      vertex 90.6002 -105.537 7
    endloop
  endfacet
  facet normal -0.777141 0.629327 0
    outer loop
      vertex 98.8535 -98.8535 7
      vertex 105.537 -90.6002 17
      vertex 105.537 -90.6002 7
    endloop
  endfacet
  facet normal -0.777141 0.629327 0
    outer loop
      vertex 105.537 -90.6002 17
      vertex 98.8535 -98.8535 7
      vertex 98.8535 -98.8535 17
    endloop
  endfacet
  facet normal 0.987687 0.15644 0
    outer loop
      vertex 13.8635 -76.0805 17
      vertex 12.2021 -65.5912 7
      vertex 12.2021 -65.5912 17
    endloop
  endfacet
  facet normal 0.987687 0.15644 0
    outer loop
      vertex 12.2021 -65.5912 7
      vertex 13.8635 -76.0805 17
      vertex 13.8635 -76.0805 7
    endloop
  endfacet
  facet normal -0.258847 0.965918 0
    outer loop
      vertex 81.1376 -110.358 7
      vertex 70.8794 -113.107 17
      vertex 81.1376 -110.358 17
    endloop
  endfacet
  facet normal -0.258847 0.965918 0
    outer loop
      vertex 70.8794 -113.107 17
      vertex 81.1376 -110.358 7
      vertex 70.8794 -113.107 7
    endloop
  endfacet
  facet normal 0.891008 -0.453988 0
    outer loop
      vertex 15.5066 -44.7274 17
      vertex 20.328 -35.2648 7
      vertex 20.328 -35.2648 17
    endloop
  endfacet
  facet normal 0.891008 -0.453988 0
    outer loop
      vertex 20.328 -35.2648 7
      vertex 15.5066 -44.7274 17
      vertex 15.5066 -44.7274 7
    endloop
  endfacet
  facet normal -0.544636 -0.838672 0
    outer loop
      vertex 85.9952 -17.6694 7
      vertex 94.902 -23.4535 17
      vertex 85.9952 -17.6694 17
    endloop
  endfacet
  facet normal -0.544636 -0.838672 -0
    outer loop
      vertex 94.902 -23.4535 17
      vertex 85.9952 -17.6694 7
      vertex 94.902 -23.4535 7
    endloop
  endfacet
  facet normal 0.70713 0.707083 -0
    outer loop
      vertex 30.963 -102.412 7
      vertex 23.4535 -94.902 17
      vertex 30.963 -102.412 17
    endloop
  endfacet
  facet normal 0.70713 0.707083 0
    outer loop
      vertex 23.4535 -94.902 17
      vertex 30.963 -102.412 7
      vertex 23.4535 -94.902 7
    endloop
  endfacet
  facet normal 0.54463 0.838677 -0
    outer loop
      vertex 39.8698 -108.196 7
      vertex 30.963 -102.412 17
      vertex 39.8698 -108.196 17
    endloop
  endfacet
  facet normal 0.54463 0.838677 0
    outer loop
      vertex 30.963 -102.412 17
      vertex 39.8698 -108.196 7
      vertex 30.963 -102.412 7
    endloop
  endfacet
  facet normal -0.965918 0.258847 0
    outer loop
      vertex 110.358 -81.1376 7
      vertex 113.107 -70.8794 17
      vertex 113.107 -70.8794 7
    endloop
  endfacet
  facet normal -0.965918 0.258847 0
    outer loop
      vertex 113.107 -70.8794 17
      vertex 110.358 -81.1376 7
      vertex 110.358 -81.1376 17
    endloop
  endfacet
  facet normal 0.156403 0.987693 -0
    outer loop
      vertex 60.2738 -113.663 7
      vertex 49.7845 -112.002 17
      vertex 60.2738 -113.663 17
    endloop
  endfacet
  facet normal 0.156403 0.987693 0
    outer loop
      vertex 49.7845 -112.002 17
      vertex 60.2738 -113.663 7
      vertex 49.7845 -112.002 7
    endloop
  endfacet
  facet normal -0.15644 -0.987687 0
    outer loop
      vertex 65.5912 -12.2021 7
      vertex 76.0805 -13.8635 17
      vertex 65.5912 -12.2021 17
    endloop
  endfacet
  facet normal -0.15644 -0.987687 -0
    outer loop
      vertex 76.0805 -13.8635 17
      vertex 65.5912 -12.2021 7
      vertex 76.0805 -13.8635 7
    endloop
  endfacet
  facet normal 0.358376 0.933577 -0
    outer loop
      vertex 49.7845 -112.002 7
      vertex 39.8698 -108.196 17
      vertex 49.7845 -112.002 17
    endloop
  endfacet
  facet normal 0.358376 0.933577 0
    outer loop
      vertex 39.8698 -108.196 17
      vertex 49.7845 -112.002 7
      vertex 39.8698 -108.196 7
    endloop
  endfacet
  facet normal -0.0523532 0.998629 0
    outer loop
      vertex 70.8794 -113.107 7
      vertex 60.2738 -113.663 17
      vertex 70.8794 -113.107 17
    endloop
  endfacet
  facet normal -0.0523532 0.998629 0
    outer loop
      vertex 60.2738 -113.663 17
      vertex 70.8794 -113.107 7
      vertex 60.2738 -113.663 7
    endloop
  endfacet
  facet normal -0.998629 0.0523532 0
    outer loop
      vertex 113.107 -70.8794 7
      vertex 113.663 -60.2738 17
      vertex 113.663 -60.2738 7
    endloop
  endfacet
  facet normal -0.998629 0.0523532 0
    outer loop
      vertex 113.663 -60.2738 17
      vertex 113.107 -70.8794 7
      vertex 113.107 -70.8794 17
    endloop
  endfacet
  facet normal -0.453958 0.891023 0
    outer loop
      vertex 90.6002 -105.537 7
      vertex 81.1376 -110.358 17
      vertex 90.6002 -105.537 17
    endloop
  endfacet
  facet normal -0.453958 0.891023 0
    outer loop
      vertex 81.1376 -110.358 17
      vertex 90.6002 -105.537 7
      vertex 81.1376 -110.358 7
    endloop
  endfacet
  facet normal 0.93358 0.358368 0
    outer loop
      vertex 17.6694 -85.9952 17
      vertex 13.8635 -76.0805 7
      vertex 13.8635 -76.0805 17
    endloop
  endfacet
  facet normal 0.93358 0.358368 0
    outer loop
      vertex 13.8635 -76.0805 7
      vertex 17.6694 -85.9952 17
      vertex 17.6694 -85.9952 7
    endloop
  endfacet
  facet normal 0.99863 -0.0523345 0
    outer loop
      vertex 12.2021 -65.5912 17
      vertex 12.7579 -54.9856 7
      vertex 12.7579 -54.9856 17
    endloop
  endfacet
  facet normal 0.99863 -0.0523345 0
    outer loop
      vertex 12.7579 -54.9856 7
      vertex 12.2021 -65.5912 17
      vertex 12.2021 -65.5912 7
    endloop
  endfacet
  facet normal -0.987693 -0.156403 0
    outer loop
      vertex 113.663 -60.2738 7
      vertex 112.002 -49.7845 17
      vertex 112.002 -49.7845 7
    endloop
  endfacet
  facet normal -0.987693 -0.156403 0
    outer loop
      vertex 112.002 -49.7845 17
      vertex 113.663 -60.2738 7
      vertex 113.663 -60.2738 17
    endloop
  endfacet
  facet normal 0.965925 -0.258821 0
    outer loop
      vertex 12.7579 -54.9856 17
      vertex 15.5066 -44.7274 7
      vertex 15.5066 -44.7274 17
    endloop
  endfacet
  facet normal 0.965925 -0.258821 0
    outer loop
      vertex 15.5066 -44.7274 7
      vertex 12.7579 -54.9856 17
      vertex 12.7579 -54.9856 7
    endloop
  endfacet
  facet normal 0.838672 0.544636 0
    outer loop
      vertex 23.4535 -94.902 17
      vertex 17.6694 -85.9952 7
      vertex 17.6694 -85.9952 17
    endloop
  endfacet
  facet normal 0.838672 0.544636 0
    outer loop
      vertex 17.6694 -85.9952 7
      vertex 23.4535 -94.902 17
      vertex 23.4535 -94.902 7
    endloop
  endfacet
  facet normal -0.358368 -0.93358 0
    outer loop
      vertex 76.0805 -13.8635 7
      vertex 85.9952 -17.6694 17
      vertex 76.0805 -13.8635 17
    endloop
  endfacet
  facet normal -0.358368 -0.93358 -0
    outer loop
      vertex 85.9952 -17.6694 17
      vertex 76.0805 -13.8635 7
      vertex 85.9952 -17.6694 7
    endloop
  endfacet
  facet normal 0.453988 -0.891008 0
    outer loop
      vertex 35.2648 -20.328 7
      vertex 44.7274 -15.5066 17
      vertex 35.2648 -20.328 17
    endloop
  endfacet
  facet normal 0.453988 -0.891008 0
    outer loop
      vertex 44.7274 -15.5066 17
      vertex 35.2648 -20.328 7
      vertex 44.7274 -15.5066 7
    endloop
  endfacet
  facet normal 0.777141 -0.629327 0
    outer loop
      vertex 20.328 -35.2648 17
      vertex 27.0115 -27.0115 7
      vertex 27.0115 -27.0115 17
    endloop
  endfacet
  facet normal 0.777141 -0.629327 0
    outer loop
      vertex 27.0115 -27.0115 7
      vertex 20.328 -35.2648 17
      vertex 20.328 -35.2648 7
    endloop
  endfacet
  facet normal -0.707083 -0.70713 0
    outer loop
      vertex 102.412 -30.963 7
      vertex 94.902 -23.4535 17
      vertex 94.902 -23.4535 7
    endloop
  endfacet
  facet normal -0.707083 -0.70713 0
    outer loop
      vertex 94.902 -23.4535 17
      vertex 102.412 -30.963 7
      vertex 102.412 -30.963 17
    endloop
  endfacet
  facet normal 0.258821 -0.965925 0
    outer loop
      vertex 44.7274 -15.5066 7
      vertex 54.9856 -12.7579 17
      vertex 44.7274 -15.5066 17
    endloop
  endfacet
  facet normal 0.258821 -0.965925 0
    outer loop
      vertex 54.9856 -12.7579 17
      vertex 44.7274 -15.5066 7
      vertex 54.9856 -12.7579 7
    endloop
  endfacet
  facet normal 0.70719 -0.707023 0
    outer loop
      vertex 104.652 -104.652 7
      vertex 108.894 -100.409 17
      vertex 104.652 -104.652 17
    endloop
  endfacet
  facet normal 0.70719 -0.707023 0
    outer loop
      vertex 108.894 -100.409 17
      vertex 104.652 -104.652 7
      vertex 108.894 -100.409 7
    endloop
  endfacet
  facet normal 0.707076 0.707137 0
    outer loop
      vertex 108.894 -100.409 17
      vertex 107.741 -99.2561 7
      vertex 107.741 -99.2561 17
    endloop
  endfacet
  facet normal 0.707076 0.707137 0
    outer loop
      vertex 107.741 -99.2561 7
      vertex 108.894 -100.409 17
      vertex 108.894 -100.409 7
    endloop
  endfacet
  facet normal -0.707107 -0.707107 0
    outer loop
      vertex 104.652 -104.652 7
      vertex 103.945 -103.945 17
      vertex 103.945 -103.945 7
    endloop
  endfacet
  facet normal -0.707107 -0.707107 0
    outer loop
      vertex 103.945 -103.945 17
      vertex 104.652 -104.652 7
      vertex 104.652 -104.652 17
    endloop
  endfacet
  facet normal -0.707145 0.707069 0
    outer loop
      vertex 99.4774 -17.9023 7
      vertex 100.409 -16.9706 17
      vertex 100.409 -16.9706 7
    endloop
  endfacet
  facet normal -0.707145 0.707069 0
    outer loop
      vertex 100.409 -16.9706 17
      vertex 99.4774 -17.9023 7
      vertex 99.4774 -17.9023 17
    endloop
  endfacet
  facet normal 0.707031 -0.707183 0
    outer loop
      vertex 103.72 -22.145 7
      vertex 104.652 -21.2132 17
      vertex 103.72 -22.145 17
    endloop
  endfacet
  facet normal 0.707031 -0.707183 0
    outer loop
      vertex 104.652 -21.2132 17
      vertex 103.72 -22.145 7
      vertex 104.652 -21.2132 7
    endloop
  endfacet
  facet normal 0.707073 0.70714 0
    outer loop
      vertex 104.652 -21.2132 17
      vertex 100.409 -16.9706 7
      vertex 100.409 -16.9706 17
    endloop
  endfacet
  facet normal 0.707073 0.70714 0
    outer loop
      vertex 100.409 -16.9706 7
      vertex 104.652 -21.2132 17
      vertex 104.652 -21.2132 7
    endloop
  endfacet
  facet normal -0.707107 0.707107 0
    outer loop
      vertex 16.9706 -25.4558 7
      vertex 21.2132 -21.2132 17
      vertex 21.2132 -21.2132 7
    endloop
  endfacet
  facet normal -0.707107 0.707107 0
    outer loop
      vertex 21.2132 -21.2132 17
      vertex 16.9706 -25.4558 7
      vertex 16.9706 -25.4558 17
    endloop
  endfacet
  facet normal -0.707137 -0.707076 0
    outer loop
      vertex 18.1236 -26.6089 7
      vertex 16.9706 -25.4558 17
      vertex 16.9706 -25.4558 7
    endloop
  endfacet
  facet normal -0.707137 -0.707076 0
    outer loop
      vertex 16.9706 -25.4558 17
      vertex 18.1236 -26.6089 7
      vertex 18.1236 -26.6089 17
    endloop
  endfacet
  facet normal 0.707107 0.707107 0
    outer loop
      vertex 21.9203 -21.9203 17
      vertex 21.2132 -21.2132 7
      vertex 21.2132 -21.2132 17
    endloop
  endfacet
  facet normal 0.707107 0.707107 0
    outer loop
      vertex 21.2132 -21.2132 7
      vertex 21.9203 -21.9203 17
      vertex 21.9203 -21.9203 7
    endloop
  endfacet
  facet normal -0.707057 -0.707157 0
    outer loop
      vertex 25.4558 -108.894 7
      vertex 21.2132 -104.652 17
      vertex 21.2132 -104.652 7
    endloop
  endfacet
  facet normal -0.707057 -0.707157 0
    outer loop
      vertex 21.2132 -104.652 17
      vertex 25.4558 -108.894 7
      vertex 25.4558 -108.894 17
    endloop
  endfacet
  facet normal -0.707183 0.707031 0
    outer loop
      vertex 21.2132 -104.652 7
      vertex 22.145 -103.72 17
      vertex 22.145 -103.72 7
    endloop
  endfacet
  facet normal -0.707183 0.707031 0
    outer loop
      vertex 22.145 -103.72 17
      vertex 21.2132 -104.652 7
      vertex 21.2132 -104.652 17
    endloop
  endfacet
  facet normal 0.706803 -0.70741 0
    outer loop
      vertex 25.4558 -108.894 17
      vertex 26.3876 -107.963 7
      vertex 26.3876 -107.963 17
    endloop
  endfacet
  facet normal 0.706803 -0.70741 0
    outer loop
      vertex 26.3876 -107.963 7
      vertex 25.4558 -108.894 17
      vertex 25.4558 -108.894 7
    endloop
  endfacet
  facet normal 1 0 0
    outer loop
      vertex 35 8 -12.5
      vertex 35 17.5 0
      vertex 35 8 -4.5
    endloop
  endfacet
  facet normal 1 0 0
    outer loop
      vertex 35 17.5 0
      vertex 35 0 -4.5
      vertex 35 8 -4.5
    endloop
  endfacet
  facet normal 1 0 0
    outer loop
      vertex 35 0 -4.5
      vertex 35 -17.5 0
      vertex 35 0 -12.5
    endloop
  endfacet
  facet normal 1 -0 0
    outer loop
      vertex 35 -17.5 0
      vertex 35 0 -4.5
      vertex 35 17.5 0
    endloop
  endfacet
  facet normal 1 0 0
    outer loop
      vertex 35 17.5 0
      vertex 35 8 -12.5
      vertex 35 17.5 -25
    endloop
  endfacet
  facet normal 1 -0 0
    outer loop
      vertex 35 0 -12.5
      vertex 35 17.5 -25
      vertex 35 8 -12.5
    endloop
  endfacet
  facet normal 1 0 0
    outer loop
      vertex 35 -17.5 -25
      vertex 35 0 -12.5
      vertex 35 -17.5 0
    endloop
  endfacet
  facet normal 1 0 0
    outer loop
      vertex 35 0 -12.5
      vertex 35 -17.5 -25
      vertex 35 17.5 -25
    endloop
  endfacet
  facet normal 0 0 -1
    outer loop
      vertex -35 -17.5 -25
      vertex 35 17.5 -25
      vertex 35 -17.5 -25
    endloop
  endfacet
  facet normal -0 0 -1
    outer loop
      vertex 35 17.5 -25
      vertex -35 -17.5 -25
      vertex -35 17.5 -25
    endloop
  endfacet
  facet normal -1 0 0
    outer loop
      vertex -35 -17.5 -25
      vertex -35 17.5 0
      vertex -35 17.5 -25
    endloop
  endfacet
  facet normal -1 -0 0
    outer loop
      vertex -35 17.5 0
      vertex -35 -17.5 -25
      vertex -35 -17.5 0
    endloop
  endfacet
  facet normal 0 1 -0
    outer loop
      vertex 35 17.5 -25
      vertex -35 17.5 0
      vertex 35 17.5 0
    endloop
  endfacet
  facet normal 0 1 0
    outer loop
      vertex -35 17.5 0
      vertex 35 17.5 -25
      vertex -35 17.5 -25
    endloop
  endfacet
  facet normal 0 -1 0
    outer loop
      vertex -35 -17.5 -25
      vertex 35 -17.5 0
      vertex -35 -17.5 0
    endloop
  endfacet
  facet normal 0 -1 -0
    outer loop
      vertex 35 -17.5 0
      vertex -35 -17.5 -25
      vertex 35 -17.5 -25
    endloop
  endfacet
  facet normal 1 -0 0
    outer loop
      vertex 45 0 -4.5
      vertex 45 8 -12.5
      vertex 45 8 -4.5
    endloop
  endfacet
  facet normal 1 0 0
    outer loop
      vertex 45 8 -12.5
      vertex 45 0 -4.5
      vertex 45 0 -12.5
    endloop
  endfacet
  facet normal -0 0 1
    outer loop
      vertex 35 8 -4.5
      vertex 45 0 -4.5
      vertex 45 8 -4.5
    endloop
  endfacet
  facet normal 0 0 1
    outer loop
      vertex 45 0 -4.5
      vertex 35 8 -4.5
      vertex 35 0 -4.5
    endloop
  endfacet
  facet normal 0 0 -1
    outer loop
      vertex 35 0 -12.5
      vertex 45 8 -12.5
      vertex 45 0 -12.5
    endloop
  endfacet
  facet normal -0 0 -1
    outer loop
      vertex 45 8 -12.5
      vertex 35 0 -12.5
      vertex 35 8 -12.5
    endloop
  endfacet
  facet normal 0 1 -0
    outer loop
      vertex 45 8 -12.5
      vertex 35 8 -4.5
      vertex 45 8 -4.5
    endloop
  endfacet
  facet normal 0 1 0
    outer loop
      vertex 35 8 -4.5
      vertex 45 8 -12.5
      vertex 35 8 -12.5
    endloop
  endfacet
  facet normal 0 -1 0
    outer loop
      vertex 35 0 -12.5
      vertex 45 0 -4.5
      vertex 35 0 -4.5
    endloop
  endfacet
  facet normal 0 -1 -0
    outer loop
      vertex 45 0 -4.5
      vertex 35 0 -12.5
      vertex 45 0 -12.5
    endloop
  endfacet
  facet normal 1 -0 0
    outer loop
      vertex 47.5 -50 56.9
      vertex 47.5 -30 55.3
      vertex 47.5 -30 56.9
    endloop
  endfacet
  facet normal 1 0 0
    outer loop
      vertex 47.5 -30 55.3
      vertex 47.5 -50 56.9
      vertex 47.5 -50 55.3
    endloop
  endfacet
  facet normal 0 0 -1
    outer loop
      vertex 22.5 -46 56.9
      vertex 15 -46 56.9
      vertex 22.5 -30 56.9
    endloop
  endfacet
  facet normal 0 0 -1
    outer loop
      vertex 22.5 -30 56.9
      vertex 45 -24 56.9
      vertex 45 -30 56.9
    endloop
  endfacet
  facet normal 0 0 -1
    outer loop
      vertex 22.5 -30 56.9
      vertex 15 -24 56.9
      vertex 45 -24 56.9
    endloop
  endfacet
  facet normal 0 0 -1
    outer loop
      vertex 15 -24 56.9
      vertex 22.5 -30 56.9
      vertex 15 -46 56.9
    endloop
  endfacet
  facet normal 0 0 1
    outer loop
      vertex 45 -46 56.9
      vertex 47.5 -30 56.9
      vertex 45 -30 56.9
    endloop
  endfacet
  facet normal 0 0 1
    outer loop
      vertex 47.5 -30 56.9
      vertex 45 -46 56.9
      vertex 47.5 -50 56.9
    endloop
  endfacet
  facet normal 0 0 1
    outer loop
      vertex 22.5 -50 56.9
      vertex 45 -46 56.9
      vertex 22.5 -46 56.9
    endloop
  endfacet
  facet normal 0 0 1
    outer loop
      vertex 45 -46 56.9
      vertex 22.5 -50 56.9
      vertex 47.5 -50 56.9
    endloop
  endfacet
  facet normal 0 0 -1
    outer loop
      vertex 22.5 -50 55.3
      vertex 47.5 -30 55.3
      vertex 47.5 -50 55.3
    endloop
  endfacet
  facet normal -0 0 -1
    outer loop
      vertex 47.5 -30 55.3
      vertex 22.5 -50 55.3
      vertex 22.5 -30 55.3
    endloop
  endfacet
  facet normal -1 0 0
    outer loop
      vertex 22.5 -30 55.3
      vertex 22.5 -46 56.9
      vertex 22.5 -30 56.9
    endloop
  endfacet
  facet normal -1 0 0
    outer loop
      vertex 22.5 -50 55.3
      vertex 22.5 -46 56.9
      vertex 22.5 -30 55.3
    endloop
  endfacet
  facet normal -1 -0 0
    outer loop
      vertex 22.5 -46 56.9
      vertex 22.5 -50 55.3
      vertex 22.5 -50 56.9
    endloop
  endfacet
  facet normal 0 1 -0
    outer loop
      vertex 47.5 -30 55.3
      vertex 45 -30 56.9
      vertex 47.5 -30 56.9
    endloop
  endfacet
  facet normal 0 1 0
    outer loop
      vertex 22.5 -30 55.3
      vertex 45 -30 56.9
      vertex 47.5 -30 55.3
    endloop
  endfacet
  facet normal 0 1 0
    outer loop
      vertex 45 -30 56.9
      vertex 22.5 -30 55.3
      vertex 22.5 -30 56.9
    endloop
  endfacet
  facet normal 0 -1 0
    outer loop
      vertex 22.5 -50 55.3
      vertex 47.5 -50 56.9
      vertex 22.5 -50 56.9
    endloop
  endfacet
  facet normal 0 -1 -0
    outer loop
      vertex 47.5 -50 56.9
      vertex 22.5 -50 55.3
      vertex 47.5 -50 55.3
    endloop
  endfacet
  facet normal 1 0 0
    outer loop
      vertex 45 -24 59.4
      vertex 45 -30 56.9
      vertex 45 -24 56.9
    endloop
  endfacet
  facet normal 1 -0 0
    outer loop
      vertex 45 -46 59.4
      vertex 45 -30 56.9
      vertex 45 -24 59.4
    endloop
  endfacet
  facet normal 1 0 0
    outer loop
      vertex 45 -30 56.9
      vertex 45 -46 59.4
      vertex 45 -46 56.9
    endloop
  endfacet
  facet normal -0 0 1
    outer loop
      vertex 15 -24 59.4
      vertex 45 -46 59.4
      vertex 45 -24 59.4
    endloop
  endfacet
  facet normal 0 0 1
    outer loop
      vertex 45 -46 59.4
      vertex 15 -24 59.4
      vertex 15 -46 59.4
    endloop
  endfacet
  facet normal -1 0 0
    outer loop
      vertex 15 -46 56.9
      vertex 15 -24 59.4
      vertex 15 -24 56.9
    endloop
  endfacet
  facet normal -1 -0 0
    outer loop
      vertex 15 -24 59.4
      vertex 15 -46 56.9
      vertex 15 -46 59.4
    endloop
  endfacet
  facet normal 0 1 -0
    outer loop
      vertex 45 -24 56.9
      vertex 15 -24 59.4
      vertex 45 -24 59.4
    endloop
  endfacet
  facet normal 0 1 0
    outer loop
      vertex 15 -24 59.4
      vertex 45 -24 56.9
      vertex 15 -24 56.9
    endloop
  endfacet
  facet normal 0 -1 0
    outer loop
      vertex 22.5 -46 56.9
      vertex 15 -46 59.4
      vertex 15 -46 56.9
    endloop
  endfacet
  facet normal 0 -1 0
    outer loop
      vertex 15 -46 59.4
      vertex 22.5 -46 56.9
      vertex 45 -46 59.4
    endloop
  endfacet
  facet normal 0 -1 -0
    outer loop
      vertex 45 -46 59.4
      vertex 22.5 -46 56.9
      vertex 45 -46 56.9
    endloop
  endfacet
  facet normal 1 0 0
    outer loop
      vertex -48.5 -53.5 10.9
      vertex -48.5 -60.3944 10
      vertex -48.5 -53.5 8
    endloop
  endfacet
  facet normal 1 -0 0
    outer loop
      vertex -48.5 -66.5 10.9
      vertex -48.5 -60.3944 10
      vertex -48.5 -53.5 10.9
    endloop
  endfacet
  facet normal 1 0 0
    outer loop
      vertex -48.5 -60.3944 10
      vertex -48.5 -66.5 10.9
      vertex -48.5 -65.4706 10
    endloop
  endfacet
  facet normal 1 0 0
    outer loop
      vertex -48.5 -66.5 8
      vertex -48.5 -65.4706 10
      vertex -48.5 -66.5 10.9
    endloop
  endfacet
  facet normal 1 0 0
    outer loop
      vertex -48.5 -65.4706 10
      vertex -48.5 -66.5 8
      vertex -48.5 -65.4706 8
    endloop
  endfacet
  facet normal 1 0 0
    outer loop
      vertex -48.5 -53.5 8
      vertex -48.5 -60.3944 10
      vertex -48.5 -60.3944 8
    endloop
  endfacet
  facet normal -0 0 1
    outer loop
      vertex -71.5 -53.5 10.9
      vertex -70.1697 -53.9953 10.9
      vertex -69.407 -53.5 10.9
    endloop
  endfacet
  facet normal 0 0 1
    outer loop
      vertex -70.1697 -53.9953 10.9
      vertex -71.5 -53.5 10.9
      vertex -71.5 -55.3256 10.9
    endloop
  endfacet
  facet normal -0 0 1
    outer loop
      vertex -51.5741 -61.1335 10.9
      vertex -48.5 -66.5 10.9
      vertex -48.5 -53.5 10.9
    endloop
  endfacet
  facet normal 0 0 1
    outer loop
      vertex -48.5 -66.5 10.9
      vertex -51.5741 -61.1335 10.9
      vertex -51.4483 -63.5344 10.9
    endloop
  endfacet
  facet normal 0 0 1
    outer loop
      vertex -48.5 -53.5 10.9
      vertex -52.1963 -58.8113 10.9
      vertex -51.5741 -61.1335 10.9
    endloop
  endfacet
  facet normal 0 0 1
    outer loop
      vertex -48.5 -53.5 10.9
      vertex -53.2878 -56.6692 10.9
      vertex -52.1963 -58.8113 10.9
    endloop
  endfacet
  facet normal 0 0 1
    outer loop
      vertex -48.5 -53.5 10.9
      vertex -54.8008 -54.8008 10.9
      vertex -53.2878 -56.6692 10.9
    endloop
  endfacet
  facet normal 0 -0 1
    outer loop
      vertex -54.8008 -54.8008 10.9
      vertex -48.5 -53.5 10.9
      vertex -56.4071 -53.5 10.9
    endloop
  endfacet
  facet normal -0 0 1
    outer loop
      vertex -51.8244 -65.9089 10.9
      vertex -48.5 -66.5 10.9
      vertex -51.4483 -63.5344 10.9
    endloop
  endfacet
  facet normal 0 0 1
    outer loop
      vertex -48.5 -66.5 10.9
      vertex -51.8244 -65.9089 10.9
      vertex -52.0513 -66.5 10.9
    endloop
  endfacet
  facet normal 0 0 -1
    outer loop
      vertex -48.5 -60.3944 8
      vertex -55.3944 -53.5 8
      vertex -48.5 -53.5 8
    endloop
  endfacet
  facet normal 0 0 -1
    outer loop
      vertex -48.5 -66.5 8
      vertex -49.5294 -66.5 8
      vertex -48.5 -65.4706 8
    endloop
  endfacet
  facet normal -0 0 -1
    outer loop
      vertex -70.4706 -53.5 8
      vertex -71.5 -54.5294 8
      vertex -71.5 -53.5 8
    endloop
  endfacet
  facet normal -1 0 0
    outer loop
      vertex -71.5 -54.5294 10
      vertex -71.5 -53.5 8
      vertex -71.5 -54.5294 8
    endloop
  endfacet
  facet normal -1 0 0
    outer loop
      vertex -71.5 -53.5 8
      vertex -71.5 -54.5294 10
      vertex -71.5 -53.5 10.9
    endloop
  endfacet
  facet normal -1 0 0
    outer loop
      vertex -71.5 -55.3256 10.9
      vertex -71.5 -54.5294 10
      vertex -71.5 -55.3256 10
    endloop
  endfacet
  facet normal -1 0 0
    outer loop
      vertex -71.5 -54.5294 10
      vertex -71.5 -55.3256 10.9
      vertex -71.5 -53.5 10.9
    endloop
  endfacet
  facet normal 0 1 0
    outer loop
      vertex -70.4706 -53.5 10
      vertex -69.407 -53.5 10.9
      vertex -69.407 -53.5 10
    endloop
  endfacet
  facet normal 0 1 0
    outer loop
      vertex -69.407 -53.5 10.9
      vertex -70.4706 -53.5 10
      vertex -71.5 -53.5 10.9
    endloop
  endfacet
  facet normal 0 1 0
    outer loop
      vertex -71.5 -53.5 8
      vertex -70.4706 -53.5 10
      vertex -70.4706 -53.5 8
    endloop
  endfacet
  facet normal 0 1 0
    outer loop
      vertex -70.4706 -53.5 10
      vertex -71.5 -53.5 8
      vertex -71.5 -53.5 10.9
    endloop
  endfacet
  facet normal 0 1 0
    outer loop
      vertex -48.5 -53.5 10.9
      vertex -55.3944 -53.5 10
      vertex -56.4071 -53.5 10.9
    endloop
  endfacet
  facet normal 0 1 -0
    outer loop
      vertex -48.5 -53.5 8
      vertex -55.3944 -53.5 10
      vertex -48.5 -53.5 10.9
    endloop
  endfacet
  facet normal 0 1 0
    outer loop
      vertex -55.3944 -53.5 10
      vertex -48.5 -53.5 8
      vertex -55.3944 -53.5 8
    endloop
  endfacet
  facet normal 0 1 0
    outer loop
      vertex -56.4071 -53.5 10.9
      vertex -55.3944 -53.5 10
      vertex -56.4071 -53.5 10
    endloop
  endfacet
  facet normal 0 -1 0
    outer loop
      vertex -49.5294 -66.5 10
      vertex -52.0513 -66.5 10.9
      vertex -52.0513 -66.5 10
    endloop
  endfacet
  facet normal 0 -1 0
    outer loop
      vertex -52.0513 -66.5 10.9
      vertex -49.5294 -66.5 10
      vertex -48.5 -66.5 10.9
    endloop
  endfacet
  facet normal 0 -1 0
    outer loop
      vertex -48.5 -66.5 8
      vertex -49.5294 -66.5 10
      vertex -49.5294 -66.5 8
    endloop
  endfacet
  facet normal 0 -1 0
    outer loop
      vertex -49.5294 -66.5 10
      vertex -48.5 -66.5 8
      vertex -48.5 -66.5 10.9
    endloop
  endfacet
  facet normal 1 -0 0
    outer loop
      vertex 52.5 -36 8
      vertex 52.5 -24 4
      vertex 52.5 -24 8
    endloop
  endfacet
  facet normal 1 0 0
    outer loop
      vertex 52.5 -24 4
      vertex 52.5 -36 8
      vertex 52.5 -36 4
    endloop
  endfacet
  facet normal -0 0 1
    outer loop
      vertex 30.7303 -24 8
      vertex 52.5 -36 8
      vertex 52.5 -24 8
    endloop
  endfacet
  facet normal 0 0 1
    outer loop
      vertex 27.5 -36 8
      vertex 30.7303 -24 8
      vertex 27.5 -26.6159 8
    endloop
  endfacet
  facet normal 0 0 1
    outer loop
      vertex 30.7303 -24 8
      vertex 27.5 -36 8
      vertex 52.5 -36 8
    endloop
  endfacet
  facet normal -1 0 0
    outer loop
      vertex 27.5 -24 4
      vertex 27.5 -26.6159 7
      vertex 27.5 -24 7
    endloop
  endfacet
  facet normal -1 0 0
    outer loop
      vertex 27.5 -36 4
      vertex 27.5 -26.6159 7
      vertex 27.5 -24 4
    endloop
  endfacet
  facet normal -1 0 0
    outer loop
      vertex 27.5 -36 8
      vertex 27.5 -26.6159 7
      vertex 27.5 -36 4
    endloop
  endfacet
  facet normal -1 0 0
    outer loop
      vertex 27.5 -26.6159 7
      vertex 27.5 -36 8
      vertex 27.5 -26.6159 8
    endloop
  endfacet
  facet normal 0 1 0
    outer loop
      vertex 52.5 -24 8
      vertex 30.7303 -24 7
      vertex 30.7303 -24 8
    endloop
  endfacet
  facet normal 0 1 -0
    outer loop
      vertex 52.5 -24 4
      vertex 30.7303 -24 7
      vertex 52.5 -24 8
    endloop
  endfacet
  facet normal 0 1 0
    outer loop
      vertex 27.5 -24 4
      vertex 30.7303 -24 7
      vertex 52.5 -24 4
    endloop
  endfacet
  facet normal 0 1 0
    outer loop
      vertex 30.7303 -24 7
      vertex 27.5 -24 4
      vertex 27.5 -24 7
    endloop
  endfacet
  facet normal 0 -1 0
    outer loop
      vertex 27.5 -36 4
      vertex 52.5 -36 8
      vertex 27.5 -36 8
    endloop
  endfacet
  facet normal 0 -1 -0
    outer loop
      vertex 52.5 -36 8
      vertex 27.5 -36 4
      vertex 52.5 -36 4
    endloop
  endfacet
  facet normal 1 0 0
    outer loop
      vertex 12.5 -34.8558 7
      vertex 12.5 -31 12
      vertex 12.5 -34.8558 12
    endloop
  endfacet
  facet normal 1 0 0
    outer loop
      vertex 12.5 -31 12
      vertex 12.5 -34.8558 7
      vertex 12.5 -31 4
    endloop
  endfacet
  facet normal 1 0 0
    outer loop
      vertex 12.5 -49 4
      vertex 12.5 -34.8558 7
      vertex 12.5 -49 7
    endloop
  endfacet
  facet normal 1 0 0
    outer loop
      vertex 12.5 -34.8558 7
      vertex 12.5 -49 4
      vertex 12.5 -31 4
    endloop
  endfacet
  facet normal 0 0 1
    outer loop
      vertex -12.5 -34.8558 12
      vertex 12.5 -34.8558 12
      vertex 12.5 -31 12
    endloop
  endfacet
  facet normal 0 0 1
    outer loop
      vertex 8.78484 -42.1472 12
      vertex -6.94863 -49 12
      vertex 6.94863 -49 12
    endloop
  endfacet
  facet normal 0 0 1
    outer loop
      vertex 12.5 -34.8558 12
      vertex -8.78484 -42.1472 12
      vertex 8.78484 -42.1472 12
    endloop
  endfacet
  facet normal 0 0 1
    outer loop
      vertex 8.78484 -42.1472 12
      vertex -8.78484 -42.1472 12
      vertex -6.94863 -49 12
    endloop
  endfacet
  facet normal 0 0 1
    outer loop
      vertex -12.5 -34.8558 12
      vertex 12.5 -31 12
      vertex -12.5 -31 12
    endloop
  endfacet
  facet normal 0 0 1
    outer loop
      vertex 12.5 -34.8558 12
      vertex -12.5 -34.8558 12
      vertex -8.78484 -42.1472 12
    endloop
  endfacet
  facet normal -1 0 0
    outer loop
      vertex -12.5 -31 4
      vertex -12.5 -34.8558 7
      vertex -12.5 -31 12
    endloop
  endfacet
  facet normal -1 0 0
    outer loop
      vertex -12.5 -49 4
      vertex -12.5 -34.8558 7
      vertex -12.5 -31 4
    endloop
  endfacet
  facet normal -1 -0 0
    outer loop
      vertex -12.5 -34.8558 7
      vertex -12.5 -49 4
      vertex -12.5 -49 7
    endloop
  endfacet
  facet normal -1 -0 0
    outer loop
      vertex -12.5 -31 12
      vertex -12.5 -34.8558 7
      vertex -12.5 -34.8558 12
    endloop
  endfacet
  facet normal 0 1 -0
    outer loop
      vertex 12.5 -31 4
      vertex -12.5 -31 12
      vertex 12.5 -31 12
    endloop
  endfacet
  facet normal 0 1 0
    outer loop
      vertex -12.5 -31 12
      vertex 12.5 -31 4
      vertex -12.5 -31 4
    endloop
  endfacet
  facet normal 0 -1 0
    outer loop
      vertex -12.5 -49 4
      vertex -6.94863 -49 7
      vertex -12.5 -49 7
    endloop
  endfacet
  facet normal 0 -1 -0
    outer loop
      vertex -6.94863 -49 7
      vertex -12.5 -49 4
      vertex 6.94863 -49 7
    endloop
  endfacet
  facet normal 0 -1 0
    outer loop
      vertex 12.5 -49 4
      vertex 6.94863 -49 7
      vertex -12.5 -49 4
    endloop
  endfacet
  facet normal 0 -1 0
    outer loop
      vertex 6.94863 -49 7
      vertex 12.5 -49 4
      vertex 12.5 -49 7
    endloop
  endfacet
  facet normal 0 -1 0
    outer loop
      vertex -6.94863 -49 7
      vertex 6.94863 -49 12
      vertex -6.94863 -49 12
    endloop
  endfacet
  facet normal 0 -1 -0
    outer loop
      vertex 6.94863 -49 12
      vertex -6.94863 -49 7
      vertex 6.94863 -49 7
    endloop
  endfacet
  facet normal 1 0 0
    outer loop
      vertex 12.5 -12.5 10
      vertex 12.5 -15 9
      vertex 12.5 -12.5 9
    endloop
  endfacet
  facet normal 1 -0 0
    outer loop
      vertex 12.5 -27.5 10
      vertex 12.5 -15 9
      vertex 12.5 -12.5 10
    endloop
  endfacet
  facet normal 1 0 0
    outer loop
      vertex 12.5 -27.5 4
      vertex 12.5 -15 9
      vertex 12.5 -27.5 10
    endloop
  endfacet
  facet normal 1 0 0
    outer loop
      vertex 12.5 -15 9
      vertex 12.5 -27.5 4
      vertex 12.5 -15 4
    endloop
  endfacet
  facet normal -0 0 1
    outer loop
      vertex -12.5 -12.5 10
      vertex 12.5 -27.5 10
      vertex 12.5 -12.5 10
    endloop
  endfacet
  facet normal 0 0 1
    outer loop
      vertex 12.5 -27.5 10
      vertex -12.5 -12.5 10
      vertex -12.5 -27.5 10
    endloop
  endfacet
  facet normal -1 0 0
    outer loop
      vertex -12.5 -15 4
      vertex -12.5 -27.5 4
      vertex -12.5 -15 9
    endloop
  endfacet
  facet normal -1 0 0
    outer loop
      vertex -12.5 -15 9
      vertex -12.5 -12.5 10
      vertex -12.5 -12.5 9
    endloop
  endfacet
  facet normal -1 0 0
    outer loop
      vertex -12.5 -27.5 10
      vertex -12.5 -15 9
      vertex -12.5 -27.5 4
    endloop
  endfacet
  facet normal -1 0 0
    outer loop
      vertex -12.5 -15 9
      vertex -12.5 -27.5 10
      vertex -12.5 -12.5 10
    endloop
  endfacet
  facet normal 0 1 -0
    outer loop
      vertex 12.5 -12.5 9
      vertex -12.5 -12.5 10
      vertex 12.5 -12.5 10
    endloop
  endfacet
  facet normal 0 1 0
    outer loop
      vertex -12.5 -12.5 10
      vertex 12.5 -12.5 9
      vertex -12.5 -12.5 9
    endloop
  endfacet
  facet normal 0 -1 0
    outer loop
      vertex -12.5 -27.5 4
      vertex 12.5 -27.5 10
      vertex -12.5 -27.5 10
    endloop
  endfacet
  facet normal 0 -1 -0
    outer loop
      vertex 12.5 -27.5 10
      vertex -12.5 -27.5 4
      vertex 12.5 -27.5 4
    endloop
  endfacet
endsolid OpenSCAD_Model
