solid OpenSCAD_Model
  facet normal 0.866025 0.500001 0
    outer loop
      vertex -18.755 -46.6295 38
      vertex -24.5041 -36.6718 26
      vertex -24.5041 -36.6718 38
    endloop
  endfacet
  facet normal 0.866025 0.500001 0
    outer loop
      vertex -24.5041 -36.6718 26
      vertex -18.755 -46.6295 38
      vertex -18.755 -46.6295 26
    endloop
  endfacet
  facet normal 0.951057 0.309015 0
    outer loop
      vertex -15.2019 -57.5649 38
      vertex -18.755 -46.6295 26
      vertex -18.755 -46.6295 38
    endloop
  endfacet
  facet normal 0.951057 0.309015 0
    outer loop
      vertex -18.755 -46.6295 26
      vertex -15.2019 -57.5649 38
      vertex -15.2019 -57.5649 26
    endloop
  endfacet
  facet normal 0.994522 0.10453 0
    outer loop
      vertex -14 -69 38
      vertex -15.2019 -57.5649 26
      vertex -15.2019 -57.5649 38
    endloop
  endfacet
  facet normal 0.994522 0.10453 0
    outer loop
      vertex -15.2019 -57.5649 26
      vertex -14 -69 38
      vertex -14 -69 26
    endloop
  endfacet
  facet normal 0.994522 -0.10453 0
    outer loop
      vertex -15.2019 -80.4351 38
      vertex -14 -69 26
      vertex -14 -69 38
    endloop
  endfacet
  facet normal 0.994522 -0.10453 0
    outer loop
      vertex -14 -69 26
      vertex -15.2019 -80.4351 38
      vertex -15.2019 -80.4351 26
    endloop
  endfacet
  facet normal -0.207947 -0.97814 0
    outer loop
      vertex -85.9959 -121.308 26
      vertex -74.7491 -123.699 38
      vertex -85.9959 -121.308 38
    endloop
  endfacet
  facet normal -0.207947 -0.97814 -0
    outer loop
      vertex -74.7491 -123.699 38
      vertex -85.9959 -121.308 26
      vertex -74.7491 -123.699 26
    endloop
  endfacet
  facet normal 0.951057 -0.309015 0
    outer loop
      vertex -18.755 -91.3705 38
      vertex -15.2019 -80.4351 26
      vertex -15.2019 -80.4351 38
    endloop
  endfacet
  facet normal 0.951057 -0.309015 0
    outer loop
      vertex -15.2019 -80.4351 26
      vertex -18.755 -91.3705 38
      vertex -18.755 -91.3705 26
    endloop
  endfacet
  facet normal -0.866024 -0.500002 0
    outer loop
      vertex -113.496 -101.328 26
      vertex -119.245 -91.3705 38
      vertex -119.245 -91.3705 26
    endloop
  endfacet
  facet normal -0.866024 -0.500002 0
    outer loop
      vertex -119.245 -91.3705 38
      vertex -113.496 -101.328 26
      vertex -113.496 -101.328 38
    endloop
  endfacet
  facet normal -0.587768 -0.809029 0
    outer loop
      vertex -105.802 -109.873 26
      vertex -96.5 -116.631 38
      vertex -105.802 -109.873 38
    endloop
  endfacet
  facet normal -0.587768 -0.809029 -0
    outer loop
      vertex -96.5 -116.631 38
      vertex -105.802 -109.873 26
      vertex -96.5 -116.631 26
    endloop
  endfacet
  facet normal 0.406735 0.913546 -0
    outer loop
      vertex -41.5 -21.3686 26
      vertex -52.0041 -16.6919 38
      vertex -41.5 -21.3686 38
    endloop
  endfacet
  facet normal 0.406735 0.913546 0
    outer loop
      vertex -52.0041 -16.6919 38
      vertex -41.5 -21.3686 26
      vertex -52.0041 -16.6919 26
    endloop
  endfacet
  facet normal 0.58776 -0.809035 0
    outer loop
      vertex -41.5 -116.631 26
      vertex -32.1978 -109.873 38
      vertex -41.5 -116.631 38
    endloop
  endfacet
  facet normal 0.58776 -0.809035 0
    outer loop
      vertex -32.1978 -109.873 38
      vertex -41.5 -116.631 26
      vertex -32.1978 -109.873 26
    endloop
  endfacet
  facet normal -0.587791 0.809013 0
    outer loop
      vertex -96.5 -21.3686 26
      vertex -105.802 -28.127 38
      vertex -96.5 -21.3686 38
    endloop
  endfacet
  facet normal -0.587791 0.809013 0
    outer loop
      vertex -105.802 -28.127 38
      vertex -96.5 -21.3686 26
      vertex -105.802 -28.127 26
    endloop
  endfacet
  facet normal -0.95106 -0.309007 0
    outer loop
      vertex -119.245 -91.3705 26
      vertex -122.798 -80.4351 38
      vertex -122.798 -80.4351 26
    endloop
  endfacet
  facet normal -0.95106 -0.309007 0
    outer loop
      vertex -122.798 -80.4351 38
      vertex -119.245 -91.3705 26
      vertex -119.245 -91.3705 38
    endloop
  endfacet
  facet normal 0.86602 -0.500009 0
    outer loop
      vertex -24.5041 -101.328 38
      vertex -18.755 -91.3705 26
      vertex -18.755 -91.3705 38
    endloop
  endfacet
  facet normal 0.86602 -0.500009 0
    outer loop
      vertex -18.755 -91.3705 26
      vertex -24.5041 -101.328 38
      vertex -24.5041 -101.328 26
    endloop
  endfacet
  facet normal 0 1 -0
    outer loop
      vertex -63.2509 -14.3013 26
      vertex -74.7491 -14.3013 38
      vertex -63.2509 -14.3013 38
    endloop
  endfacet
  facet normal 0 1 0
    outer loop
      vertex -74.7491 -14.3013 38
      vertex -63.2509 -14.3013 26
      vertex -74.7491 -14.3013 26
    endloop
  endfacet
  facet normal -0.95106 0.309007 0
    outer loop
      vertex -122.798 -57.5649 26
      vertex -119.245 -46.6295 38
      vertex -119.245 -46.6295 26
    endloop
  endfacet
  facet normal -0.95106 0.309007 0
    outer loop
      vertex -119.245 -46.6295 38
      vertex -122.798 -57.5649 26
      vertex -122.798 -57.5649 38
    endloop
  endfacet
  facet normal -0.866028 0.499995 0
    outer loop
      vertex -119.245 -46.6295 26
      vertex -113.496 -36.6718 38
      vertex -113.496 -36.6718 26
    endloop
  endfacet
  facet normal -0.866028 0.499995 0
    outer loop
      vertex -113.496 -36.6718 38
      vertex -119.245 -46.6295 26
      vertex -119.245 -46.6295 38
    endloop
  endfacet
  facet normal -0.743135 0.669142 0
    outer loop
      vertex -113.496 -36.6718 26
      vertex -105.802 -28.127 38
      vertex -105.802 -28.127 26
    endloop
  endfacet
  facet normal -0.743135 0.669142 0
    outer loop
      vertex -105.802 -28.127 38
      vertex -113.496 -36.6718 26
      vertex -113.496 -36.6718 38
    endloop
  endfacet
  facet normal -0.207913 0.978147 0
    outer loop
      vertex -74.7491 -14.3013 26
      vertex -85.9959 -16.6919 38
      vertex -74.7491 -14.3013 38
    endloop
  endfacet
  facet normal -0.207913 0.978147 0
    outer loop
      vertex -85.9959 -16.6919 38
      vertex -74.7491 -14.3013 26
      vertex -85.9959 -16.6919 26
    endloop
  endfacet
  facet normal 0 0 1
    outer loop
      vertex -18 -69 38
      vertex -14 -69 38
      vertex -15.2019 -57.5649 38
    endloop
  endfacet
  facet normal 0 0 1
    outer loop
      vertex -14 -69 38
      vertex -18 -69 38
      vertex -15.2019 -80.4351 38
    endloop
  endfacet
  facet normal 0 0 1
    outer loop
      vertex -19.1145 -58.3965 38
      vertex -15.2019 -57.5649 38
      vertex -18.755 -46.6295 38
    endloop
  endfacet
  facet normal 0 0 1
    outer loop
      vertex -15.2019 -57.5649 38
      vertex -19.1145 -58.3965 38
      vertex -18 -69 38
    endloop
  endfacet
  facet normal 0 0 1
    outer loop
      vertex -18.755 -46.6295 38
      vertex -22.4092 -48.2564 38
      vertex -19.1145 -58.3965 38
    endloop
  endfacet
  facet normal 0 0 1
    outer loop
      vertex -24.5041 -36.6718 38
      vertex -22.4092 -48.2564 38
      vertex -18.755 -46.6295 38
    endloop
  endfacet
  facet normal 0 0 1
    outer loop
      vertex -24.5041 -36.6718 38
      vertex -27.7401 -39.023 38
      vertex -22.4092 -48.2564 38
    endloop
  endfacet
  facet normal 0 0 1
    outer loop
      vertex -32.1978 -28.127 38
      vertex -27.7401 -39.023 38
      vertex -24.5041 -36.6718 38
    endloop
  endfacet
  facet normal 0 0 1
    outer loop
      vertex -32.1978 -28.127 38
      vertex -34.8743 -31.0996 38
      vertex -27.7401 -39.023 38
    endloop
  endfacet
  facet normal 0 0 1
    outer loop
      vertex -41.5 -21.3686 38
      vertex -34.8743 -31.0996 38
      vertex -32.1978 -28.127 38
    endloop
  endfacet
  facet normal 0 0 1
    outer loop
      vertex -41.5 -21.3686 38
      vertex -43.5 -24.8327 38
      vertex -34.8743 -31.0996 38
    endloop
  endfacet
  facet normal 0 0 1
    outer loop
      vertex -52.0041 -16.6919 38
      vertex -43.5 -24.8327 38
      vertex -41.5 -21.3686 38
    endloop
  endfacet
  facet normal 0 0 1
    outer loop
      vertex -52.0041 -16.6919 38
      vertex -53.2401 -20.4961 38
      vertex -43.5 -24.8327 38
    endloop
  endfacet
  facet normal 0 0 1
    outer loop
      vertex -63.2509 -14.3013 38
      vertex -53.2401 -20.4961 38
      vertex -52.0041 -16.6919 38
    endloop
  endfacet
  facet normal 0 0 1
    outer loop
      vertex -63.2509 -14.3013 38
      vertex -63.669 -18.2794 38
      vertex -53.2401 -20.4961 38
    endloop
  endfacet
  facet normal 0 0 1
    outer loop
      vertex -63.2509 -14.3013 38
      vertex -74.3309 -18.2794 38
      vertex -63.669 -18.2794 38
    endloop
  endfacet
  facet normal -0 0 1
    outer loop
      vertex -74.7491 -14.3013 38
      vertex -74.3309 -18.2794 38
      vertex -63.2509 -14.3013 38
    endloop
  endfacet
  facet normal 0 0 1
    outer loop
      vertex -74.7491 -14.3013 38
      vertex -84.7599 -20.4961 38
      vertex -74.3309 -18.2794 38
    endloop
  endfacet
  facet normal -0 0 1
    outer loop
      vertex -85.9959 -16.6919 38
      vertex -84.7599 -20.4961 38
      vertex -74.7491 -14.3013 38
    endloop
  endfacet
  facet normal 0 0 1
    outer loop
      vertex -85.9959 -16.6919 38
      vertex -94.5 -24.8327 38
      vertex -84.7599 -20.4961 38
    endloop
  endfacet
  facet normal -0 0 1
    outer loop
      vertex -96.5 -21.3686 38
      vertex -94.5 -24.8327 38
      vertex -85.9959 -16.6919 38
    endloop
  endfacet
  facet normal 0 0 1
    outer loop
      vertex -96.5 -21.3686 38
      vertex -103.126 -31.0996 38
      vertex -94.5 -24.8327 38
    endloop
  endfacet
  facet normal -0 0 1
    outer loop
      vertex -105.802 -28.127 38
      vertex -103.126 -31.0996 38
      vertex -96.5 -21.3686 38
    endloop
  endfacet
  facet normal 0 0 1
    outer loop
      vertex -105.802 -28.127 38
      vertex -110.26 -39.023 38
      vertex -103.126 -31.0996 38
    endloop
  endfacet
  facet normal -0 0 1
    outer loop
      vertex -113.496 -36.6718 38
      vertex -110.26 -39.023 38
      vertex -105.802 -28.127 38
    endloop
  endfacet
  facet normal 0 0 1
    outer loop
      vertex -113.496 -36.6718 38
      vertex -115.591 -48.2564 38
      vertex -110.26 -39.023 38
    endloop
  endfacet
  facet normal -0 0 1
    outer loop
      vertex -119.245 -46.6295 38
      vertex -115.591 -48.2564 38
      vertex -113.496 -36.6718 38
    endloop
  endfacet
  facet normal 0 0 1
    outer loop
      vertex -115.591 -48.2564 38
      vertex -119.245 -46.6295 38
      vertex -118.886 -58.3965 38
    endloop
  endfacet
  facet normal -0 0 1
    outer loop
      vertex -122.798 -57.5649 38
      vertex -118.886 -58.3965 38
      vertex -119.245 -46.6295 38
    endloop
  endfacet
  facet normal 0 0 1
    outer loop
      vertex -118.886 -58.3965 38
      vertex -122.798 -57.5649 38
      vertex -120 -69 38
    endloop
  endfacet
  facet normal -0 0 1
    outer loop
      vertex -19.1145 -79.6035 38
      vertex -15.2019 -80.4351 38
      vertex -18 -69 38
    endloop
  endfacet
  facet normal 0 0 1
    outer loop
      vertex -15.2019 -80.4351 38
      vertex -19.1145 -79.6035 38
      vertex -18.755 -91.3705 38
    endloop
  endfacet
  facet normal -0 0 1
    outer loop
      vertex -22.4092 -89.7436 38
      vertex -18.755 -91.3705 38
      vertex -19.1145 -79.6035 38
    endloop
  endfacet
  facet normal 0 0 1
    outer loop
      vertex -22.4092 -89.7436 38
      vertex -24.5041 -101.328 38
      vertex -18.755 -91.3705 38
    endloop
  endfacet
  facet normal -0 0 1
    outer loop
      vertex -27.7401 -98.9771 38
      vertex -24.5041 -101.328 38
      vertex -22.4092 -89.7436 38
    endloop
  endfacet
  facet normal 0 0 1
    outer loop
      vertex -27.7401 -98.9771 38
      vertex -32.1978 -109.873 38
      vertex -24.5041 -101.328 38
    endloop
  endfacet
  facet normal -0 0 1
    outer loop
      vertex -34.8743 -106.9 38
      vertex -32.1978 -109.873 38
      vertex -27.7401 -98.9771 38
    endloop
  endfacet
  facet normal 0 0 1
    outer loop
      vertex -34.8743 -106.9 38
      vertex -41.5 -116.631 38
      vertex -32.1978 -109.873 38
    endloop
  endfacet
  facet normal -0 0 1
    outer loop
      vertex -43.5 -113.167 38
      vertex -41.5 -116.631 38
      vertex -34.8743 -106.9 38
    endloop
  endfacet
  facet normal 0 0 1
    outer loop
      vertex -43.5 -113.167 38
      vertex -52.0041 -121.308 38
      vertex -41.5 -116.631 38
    endloop
  endfacet
  facet normal -0 0 1
    outer loop
      vertex -53.2401 -117.504 38
      vertex -52.0041 -121.308 38
      vertex -43.5 -113.167 38
    endloop
  endfacet
  facet normal 0 0 1
    outer loop
      vertex -53.2401 -117.504 38
      vertex -63.2509 -123.699 38
      vertex -52.0041 -121.308 38
    endloop
  endfacet
  facet normal -0 0 1
    outer loop
      vertex -63.669 -119.721 38
      vertex -63.2509 -123.699 38
      vertex -53.2401 -117.504 38
    endloop
  endfacet
  facet normal -0 0 1
    outer loop
      vertex -74.3309 -119.721 38
      vertex -63.2509 -123.699 38
      vertex -63.669 -119.721 38
    endloop
  endfacet
  facet normal 0 0 1
    outer loop
      vertex -74.3309 -119.721 38
      vertex -74.7491 -123.699 38
      vertex -63.2509 -123.699 38
    endloop
  endfacet
  facet normal 0 0 1
    outer loop
      vertex -84.7599 -117.504 38
      vertex -74.7491 -123.699 38
      vertex -74.3309 -119.721 38
    endloop
  endfacet
  facet normal 0 0 1
    outer loop
      vertex -84.7599 -117.504 38
      vertex -85.9959 -121.308 38
      vertex -74.7491 -123.699 38
    endloop
  endfacet
  facet normal 0 0 1
    outer loop
      vertex -94.5 -113.167 38
      vertex -85.9959 -121.308 38
      vertex -84.7599 -117.504 38
    endloop
  endfacet
  facet normal 0 0 1
    outer loop
      vertex -94.5 -113.167 38
      vertex -96.5 -116.631 38
      vertex -85.9959 -121.308 38
    endloop
  endfacet
  facet normal 0 0 1
    outer loop
      vertex -103.126 -106.9 38
      vertex -96.5 -116.631 38
      vertex -94.5 -113.167 38
    endloop
  endfacet
  facet normal 0 0 1
    outer loop
      vertex -103.126 -106.9 38
      vertex -105.802 -109.873 38
      vertex -96.5 -116.631 38
    endloop
  endfacet
  facet normal 0 0 1
    outer loop
      vertex -110.26 -98.9771 38
      vertex -105.802 -109.873 38
      vertex -103.126 -106.9 38
    endloop
  endfacet
  facet normal 0 0 1
    outer loop
      vertex -110.26 -98.9771 38
      vertex -113.496 -101.328 38
      vertex -105.802 -109.873 38
    endloop
  endfacet
  facet normal 0 0 1
    outer loop
      vertex -115.591 -89.7436 38
      vertex -113.496 -101.328 38
      vertex -110.26 -98.9771 38
    endloop
  endfacet
  facet normal 0 0 1
    outer loop
      vertex -119.245 -91.3705 38
      vertex -115.591 -89.7436 38
      vertex -118.886 -79.6035 38
    endloop
  endfacet
  facet normal 0 0 1
    outer loop
      vertex -115.591 -89.7436 38
      vertex -119.245 -91.3705 38
      vertex -113.496 -101.328 38
    endloop
  endfacet
  facet normal 0 0 1
    outer loop
      vertex -122.798 -80.4351 38
      vertex -118.886 -79.6035 38
      vertex -120 -69 38
    endloop
  endfacet
  facet normal 0 0 1
    outer loop
      vertex -124 -69 38
      vertex -120 -69 38
      vertex -122.798 -57.5649 38
    endloop
  endfacet
  facet normal 0 0 1
    outer loop
      vertex -118.886 -79.6035 38
      vertex -122.798 -80.4351 38
      vertex -119.245 -91.3705 38
    endloop
  endfacet
  facet normal 0 0 1
    outer loop
      vertex -120 -69 38
      vertex -124 -69 38
      vertex -122.798 -80.4351 38
    endloop
  endfacet
  facet normal 0.207947 -0.97814 0
    outer loop
      vertex -63.2509 -123.699 26
      vertex -52.0041 -121.308 38
      vertex -63.2509 -123.699 38
    endloop
  endfacet
  facet normal 0.207947 -0.97814 0
    outer loop
      vertex -52.0041 -121.308 38
      vertex -63.2509 -123.699 26
      vertex -52.0041 -121.308 26
    endloop
  endfacet
  facet normal 0.743156 -0.669118 0
    outer loop
      vertex -32.1978 -109.873 38
      vertex -24.5041 -101.328 26
      vertex -24.5041 -101.328 38
    endloop
  endfacet
  facet normal 0.743156 -0.669118 0
    outer loop
      vertex -24.5041 -101.328 26
      vertex -32.1978 -109.873 38
      vertex -32.1978 -109.873 26
    endloop
  endfacet
  facet normal -0.406735 0.913546 0
    outer loop
      vertex -85.9959 -16.6919 26
      vertex -96.5 -21.3686 38
      vertex -85.9959 -16.6919 38
    endloop
  endfacet
  facet normal -0.406735 0.913546 0
    outer loop
      vertex -96.5 -21.3686 38
      vertex -85.9959 -16.6919 26
      vertex -96.5 -21.3686 26
    endloop
  endfacet
  facet normal 0.406756 -0.913537 0
    outer loop
      vertex -52.0041 -121.308 26
      vertex -41.5 -116.631 38
      vertex -52.0041 -121.308 38
    endloop
  endfacet
  facet normal 0.406756 -0.913537 0
    outer loop
      vertex -41.5 -116.631 38
      vertex -52.0041 -121.308 26
      vertex -41.5 -116.631 26
    endloop
  endfacet
  facet normal -0.406756 -0.913537 0
    outer loop
      vertex -96.5 -116.631 26
      vertex -85.9959 -121.308 38
      vertex -96.5 -116.631 38
    endloop
  endfacet
  facet normal -0.406756 -0.913537 -0
    outer loop
      vertex -85.9959 -121.308 38
      vertex -96.5 -116.631 26
      vertex -85.9959 -121.308 26
    endloop
  endfacet
  facet normal 0.587783 0.809019 -0
    outer loop
      vertex -32.1978 -28.127 26
      vertex -41.5 -21.3686 38
      vertex -32.1978 -28.127 38
    endloop
  endfacet
  facet normal 0.587783 0.809019 0
    outer loop
      vertex -41.5 -21.3686 38
      vertex -32.1978 -28.127 26
      vertex -41.5 -21.3686 26
    endloop
  endfacet
  facet normal 0.743148 0.669127 0
    outer loop
      vertex -24.5041 -36.6718 38
      vertex -32.1978 -28.127 26
      vertex -32.1978 -28.127 38
    endloop
  endfacet
  facet normal 0.743148 0.669127 0
    outer loop
      vertex -32.1978 -28.127 26
      vertex -24.5041 -36.6718 38
      vertex -24.5041 -36.6718 26
    endloop
  endfacet
  facet normal 0.207913 0.978147 -0
    outer loop
      vertex -52.0041 -16.6919 26
      vertex -63.2509 -14.3013 38
      vertex -52.0041 -16.6919 38
    endloop
  endfacet
  facet normal 0.207913 0.978147 0
    outer loop
      vertex -63.2509 -14.3013 38
      vertex -52.0041 -16.6919 26
      vertex -63.2509 -14.3013 26
    endloop
  endfacet
  facet normal -0.994521 0.104539 0
    outer loop
      vertex -124 -69 26
      vertex -122.798 -57.5649 38
      vertex -122.798 -57.5649 26
    endloop
  endfacet
  facet normal -0.994521 0.104539 0
    outer loop
      vertex -122.798 -57.5649 38
      vertex -124 -69 26
      vertex -124 -69 38
    endloop
  endfacet
  facet normal 0 -1 0
    outer loop
      vertex -74.7491 -123.699 26
      vertex -63.2509 -123.699 38
      vertex -74.7491 -123.699 38
    endloop
  endfacet
  facet normal 0 -1 -0
    outer loop
      vertex -63.2509 -123.699 38
      vertex -74.7491 -123.699 26
      vertex -63.2509 -123.699 26
    endloop
  endfacet
  facet normal -0.994521 -0.104539 0
    outer loop
      vertex -122.798 -80.4351 26
      vertex -124 -69 38
      vertex -124 -69 26
    endloop
  endfacet
  facet normal -0.994521 -0.104539 0
    outer loop
      vertex -124 -69 38
      vertex -122.798 -80.4351 26
      vertex -122.798 -80.4351 38
    endloop
  endfacet
  facet normal -0.743143 -0.669133 0
    outer loop
      vertex -105.802 -109.873 26
      vertex -113.496 -101.328 38
      vertex -113.496 -101.328 26
    endloop
  endfacet
  facet normal -0.743143 -0.669133 0
    outer loop
      vertex -113.496 -101.328 38
      vertex -105.802 -109.873 26
      vertex -105.802 -109.873 38
    endloop
  endfacet
  facet normal 0 0 -1
    outer loop
      vertex -18 -69 26
      vertex -14 -69 26
      vertex -15.2019 -80.4351 26
    endloop
  endfacet
  facet normal 0 0 -1
    outer loop
      vertex -14 -69 26
      vertex -18 -69 26
      vertex -15.2019 -57.5649 26
    endloop
  endfacet
  facet normal 0 0 -1
    outer loop
      vertex -19.1145 -79.6035 26
      vertex -15.2019 -80.4351 26
      vertex -18.755 -91.3705 26
    endloop
  endfacet
  facet normal 0 0 -1
    outer loop
      vertex -15.2019 -80.4351 26
      vertex -19.1145 -79.6035 26
      vertex -18 -69 26
    endloop
  endfacet
  facet normal 0 0 -1
    outer loop
      vertex -18.755 -91.3705 26
      vertex -22.4092 -89.7436 26
      vertex -19.1145 -79.6035 26
    endloop
  endfacet
  facet normal 0 0 -1
    outer loop
      vertex -24.5041 -101.328 26
      vertex -22.4092 -89.7436 26
      vertex -18.755 -91.3705 26
    endloop
  endfacet
  facet normal 0 0 -1
    outer loop
      vertex -24.5041 -101.328 26
      vertex -27.7401 -98.9771 26
      vertex -22.4092 -89.7436 26
    endloop
  endfacet
  facet normal 0 0 -1
    outer loop
      vertex -32.1978 -109.873 26
      vertex -27.7401 -98.9771 26
      vertex -24.5041 -101.328 26
    endloop
  endfacet
  facet normal 0 0 -1
    outer loop
      vertex -32.1978 -109.873 26
      vertex -34.8743 -106.9 26
      vertex -27.7401 -98.9771 26
    endloop
  endfacet
  facet normal 0 0 -1
    outer loop
      vertex -41.5 -116.631 26
      vertex -34.8743 -106.9 26
      vertex -32.1978 -109.873 26
    endloop
  endfacet
  facet normal 0 0 -1
    outer loop
      vertex -41.5 -116.631 26
      vertex -43.5 -113.167 26
      vertex -34.8743 -106.9 26
    endloop
  endfacet
  facet normal 0 0 -1
    outer loop
      vertex -52.0041 -121.308 26
      vertex -43.5 -113.167 26
      vertex -41.5 -116.631 26
    endloop
  endfacet
  facet normal 0 0 -1
    outer loop
      vertex -52.0041 -121.308 26
      vertex -53.2401 -117.504 26
      vertex -43.5 -113.167 26
    endloop
  endfacet
  facet normal 0 0 -1
    outer loop
      vertex -63.2509 -123.699 26
      vertex -53.2401 -117.504 26
      vertex -52.0041 -121.308 26
    endloop
  endfacet
  facet normal 0 0 -1
    outer loop
      vertex -63.2509 -123.699 26
      vertex -63.669 -119.721 26
      vertex -53.2401 -117.504 26
    endloop
  endfacet
  facet normal 0 0 -1
    outer loop
      vertex -63.2509 -123.699 26
      vertex -74.3309 -119.721 26
      vertex -63.669 -119.721 26
    endloop
  endfacet
  facet normal 0 0 -1
    outer loop
      vertex -74.7491 -123.699 26
      vertex -74.3309 -119.721 26
      vertex -63.2509 -123.699 26
    endloop
  endfacet
  facet normal 0 0 -1
    outer loop
      vertex -74.7491 -123.699 26
      vertex -84.7599 -117.504 26
      vertex -74.3309 -119.721 26
    endloop
  endfacet
  facet normal 0 0 -1
    outer loop
      vertex -85.9959 -121.308 26
      vertex -84.7599 -117.504 26
      vertex -74.7491 -123.699 26
    endloop
  endfacet
  facet normal 0 0 -1
    outer loop
      vertex -85.9959 -121.308 26
      vertex -94.5 -113.167 26
      vertex -84.7599 -117.504 26
    endloop
  endfacet
  facet normal 0 0 -1
    outer loop
      vertex -96.5 -116.631 26
      vertex -94.5 -113.167 26
      vertex -85.9959 -121.308 26
    endloop
  endfacet
  facet normal 0 0 -1
    outer loop
      vertex -96.5 -116.631 26
      vertex -103.126 -106.9 26
      vertex -94.5 -113.167 26
    endloop
  endfacet
  facet normal 0 0 -1
    outer loop
      vertex -105.802 -109.873 26
      vertex -103.126 -106.9 26
      vertex -96.5 -116.631 26
    endloop
  endfacet
  facet normal 0 0 -1
    outer loop
      vertex -105.802 -109.873 26
      vertex -110.26 -98.9771 26
      vertex -103.126 -106.9 26
    endloop
  endfacet
  facet normal 0 0 -1
    outer loop
      vertex -113.496 -101.328 26
      vertex -110.26 -98.9771 26
      vertex -105.802 -109.873 26
    endloop
  endfacet
  facet normal 0 0 -1
    outer loop
      vertex -113.496 -101.328 26
      vertex -115.591 -89.7436 26
      vertex -110.26 -98.9771 26
    endloop
  endfacet
  facet normal 0 0 -1
    outer loop
      vertex -119.245 -91.3705 26
      vertex -115.591 -89.7436 26
      vertex -113.496 -101.328 26
    endloop
  endfacet
  facet normal -0 0 -1
    outer loop
      vertex -115.591 -89.7436 26
      vertex -119.245 -91.3705 26
      vertex -118.886 -79.6035 26
    endloop
  endfacet
  facet normal 0 0 -1
    outer loop
      vertex -122.798 -80.4351 26
      vertex -118.886 -79.6035 26
      vertex -119.245 -91.3705 26
    endloop
  endfacet
  facet normal -0 0 -1
    outer loop
      vertex -118.886 -79.6035 26
      vertex -122.798 -80.4351 26
      vertex -120 -69 26
    endloop
  endfacet
  facet normal 0 0 -1
    outer loop
      vertex -19.1145 -58.3965 26
      vertex -15.2019 -57.5649 26
      vertex -18 -69 26
    endloop
  endfacet
  facet normal -0 0 -1
    outer loop
      vertex -15.2019 -57.5649 26
      vertex -19.1145 -58.3965 26
      vertex -18.755 -46.6295 26
    endloop
  endfacet
  facet normal 0 0 -1
    outer loop
      vertex -22.4092 -48.2564 26
      vertex -18.755 -46.6295 26
      vertex -19.1145 -58.3965 26
    endloop
  endfacet
  facet normal 0 0 -1
    outer loop
      vertex -22.4092 -48.2564 26
      vertex -24.5041 -36.6718 26
      vertex -18.755 -46.6295 26
    endloop
  endfacet
  facet normal 0 0 -1
    outer loop
      vertex -27.7401 -39.023 26
      vertex -24.5041 -36.6718 26
      vertex -22.4092 -48.2564 26
    endloop
  endfacet
  facet normal 0 0 -1
    outer loop
      vertex -27.7401 -39.023 26
      vertex -32.1978 -28.127 26
      vertex -24.5041 -36.6718 26
    endloop
  endfacet
  facet normal 0 0 -1
    outer loop
      vertex -34.8743 -31.0996 26
      vertex -32.1978 -28.127 26
      vertex -27.7401 -39.023 26
    endloop
  endfacet
  facet normal 0 0 -1
    outer loop
      vertex -34.8743 -31.0996 26
      vertex -41.5 -21.3686 26
      vertex -32.1978 -28.127 26
    endloop
  endfacet
  facet normal 0 0 -1
    outer loop
      vertex -43.5 -24.8327 26
      vertex -41.5 -21.3686 26
      vertex -34.8743 -31.0996 26
    endloop
  endfacet
  facet normal 0 0 -1
    outer loop
      vertex -43.5 -24.8327 26
      vertex -52.0041 -16.6919 26
      vertex -41.5 -21.3686 26
    endloop
  endfacet
  facet normal 0 0 -1
    outer loop
      vertex -53.2401 -20.4961 26
      vertex -52.0041 -16.6919 26
      vertex -43.5 -24.8327 26
    endloop
  endfacet
  facet normal 0 0 -1
    outer loop
      vertex -53.2401 -20.4961 26
      vertex -63.2509 -14.3013 26
      vertex -52.0041 -16.6919 26
    endloop
  endfacet
  facet normal 0 0 -1
    outer loop
      vertex -63.669 -18.2794 26
      vertex -63.2509 -14.3013 26
      vertex -53.2401 -20.4961 26
    endloop
  endfacet
  facet normal 0 0 -1
    outer loop
      vertex -74.3309 -18.2794 26
      vertex -63.2509 -14.3013 26
      vertex -63.669 -18.2794 26
    endloop
  endfacet
  facet normal 0 0 -1
    outer loop
      vertex -74.3309 -18.2794 26
      vertex -74.7491 -14.3013 26
      vertex -63.2509 -14.3013 26
    endloop
  endfacet
  facet normal 0 0 -1
    outer loop
      vertex -84.7599 -20.4961 26
      vertex -74.7491 -14.3013 26
      vertex -74.3309 -18.2794 26
    endloop
  endfacet
  facet normal 0 0 -1
    outer loop
      vertex -84.7599 -20.4961 26
      vertex -85.9959 -16.6919 26
      vertex -74.7491 -14.3013 26
    endloop
  endfacet
  facet normal 0 0 -1
    outer loop
      vertex -94.5 -24.8327 26
      vertex -85.9959 -16.6919 26
      vertex -84.7599 -20.4961 26
    endloop
  endfacet
  facet normal 0 0 -1
    outer loop
      vertex -94.5 -24.8327 26
      vertex -96.5 -21.3686 26
      vertex -85.9959 -16.6919 26
    endloop
  endfacet
  facet normal 0 0 -1
    outer loop
      vertex -103.126 -31.0996 26
      vertex -96.5 -21.3686 26
      vertex -94.5 -24.8327 26
    endloop
  endfacet
  facet normal 0 0 -1
    outer loop
      vertex -103.126 -31.0996 26
      vertex -105.802 -28.127 26
      vertex -96.5 -21.3686 26
    endloop
  endfacet
  facet normal 0 0 -1
    outer loop
      vertex -110.26 -39.023 26
      vertex -105.802 -28.127 26
      vertex -103.126 -31.0996 26
    endloop
  endfacet
  facet normal 0 0 -1
    outer loop
      vertex -110.26 -39.023 26
      vertex -113.496 -36.6718 26
      vertex -105.802 -28.127 26
    endloop
  endfacet
  facet normal 0 0 -1
    outer loop
      vertex -115.591 -48.2564 26
      vertex -113.496 -36.6718 26
      vertex -110.26 -39.023 26
    endloop
  endfacet
  facet normal 0 0 -1
    outer loop
      vertex -119.245 -46.6295 26
      vertex -115.591 -48.2564 26
      vertex -118.886 -58.3965 26
    endloop
  endfacet
  facet normal 0 0 -1
    outer loop
      vertex -115.591 -48.2564 26
      vertex -119.245 -46.6295 26
      vertex -113.496 -36.6718 26
    endloop
  endfacet
  facet normal 0 0 -1
    outer loop
      vertex -122.798 -57.5649 26
      vertex -118.886 -58.3965 26
      vertex -120 -69 26
    endloop
  endfacet
  facet normal 0 0 -1
    outer loop
      vertex -124 -69 26
      vertex -120 -69 26
      vertex -122.798 -80.4351 26
    endloop
  endfacet
  facet normal 0 0 -1
    outer loop
      vertex -118.886 -58.3965 26
      vertex -122.798 -57.5649 26
      vertex -119.245 -46.6295 26
    endloop
  endfacet
  facet normal 0 0 -1
    outer loop
      vertex -120 -69 26
      vertex -124 -69 26
      vertex -122.798 -57.5649 26
    endloop
  endfacet
  facet normal -0.951057 -0.309015 0
    outer loop
      vertex -19.1145 -58.3965 26
      vertex -22.4092 -48.2564 38
      vertex -22.4092 -48.2564 26
    endloop
  endfacet
  facet normal -0.951057 -0.309015 0
    outer loop
      vertex -22.4092 -48.2564 38
      vertex -19.1145 -58.3965 26
      vertex -19.1145 -58.3965 38
    endloop
  endfacet
  facet normal -0.994522 -0.104531 0
    outer loop
      vertex -18 -69 26
      vertex -19.1145 -58.3965 38
      vertex -19.1145 -58.3965 26
    endloop
  endfacet
  facet normal -0.994522 -0.104531 0
    outer loop
      vertex -19.1145 -58.3965 38
      vertex -18 -69 26
      vertex -18 -69 38
    endloop
  endfacet
  facet normal -0.994522 0.104531 0
    outer loop
      vertex -19.1145 -79.6035 26
      vertex -18 -69 38
      vertex -18 -69 26
    endloop
  endfacet
  facet normal -0.994522 0.104531 0
    outer loop
      vertex -18 -69 38
      vertex -19.1145 -79.6035 26
      vertex -19.1145 -79.6035 38
    endloop
  endfacet
  facet normal -0.406739 -0.913544 0
    outer loop
      vertex -53.2401 -20.4961 26
      vertex -43.5 -24.8327 38
      vertex -53.2401 -20.4961 38
    endloop
  endfacet
  facet normal -0.406739 -0.913544 -0
    outer loop
      vertex -43.5 -24.8327 38
      vertex -53.2401 -20.4961 26
      vertex -43.5 -24.8327 26
    endloop
  endfacet
  facet normal -0.40677 0.913531 0
    outer loop
      vertex -43.5 -113.167 26
      vertex -53.2401 -117.504 38
      vertex -43.5 -113.167 38
    endloop
  endfacet
  facet normal -0.40677 0.913531 0
    outer loop
      vertex -53.2401 -117.504 38
      vertex -43.5 -113.167 26
      vertex -53.2401 -117.504 26
    endloop
  endfacet
  facet normal 0.58777 -0.809028 0
    outer loop
      vertex -103.126 -31.0996 26
      vertex -94.5 -24.8327 38
      vertex -103.126 -31.0996 38
    endloop
  endfacet
  facet normal 0.58777 -0.809028 0
    outer loop
      vertex -94.5 -24.8327 38
      vertex -103.126 -31.0996 26
      vertex -94.5 -24.8327 26
    endloop
  endfacet
  facet normal 0.207907 -0.978149 0
    outer loop
      vertex -84.7599 -20.4961 26
      vertex -74.3309 -18.2794 38
      vertex -84.7599 -20.4961 38
    endloop
  endfacet
  facet normal 0.207907 -0.978149 0
    outer loop
      vertex -74.3309 -18.2794 38
      vertex -84.7599 -20.4961 26
      vertex -74.3309 -18.2794 26
    endloop
  endfacet
  facet normal 0.743157 -0.669117 0
    outer loop
      vertex -110.26 -39.023 38
      vertex -103.126 -31.0996 26
      vertex -103.126 -31.0996 38
    endloop
  endfacet
  facet normal 0.743157 -0.669117 0
    outer loop
      vertex -103.126 -31.0996 26
      vertex -110.26 -39.023 38
      vertex -110.26 -39.023 26
    endloop
  endfacet
  facet normal 0.40677 0.913531 -0
    outer loop
      vertex -84.7599 -117.504 26
      vertex -94.5 -113.167 38
      vertex -84.7599 -117.504 38
    endloop
  endfacet
  facet normal 0.40677 0.913531 0
    outer loop
      vertex -94.5 -113.167 38
      vertex -84.7599 -117.504 26
      vertex -94.5 -113.167 26
    endloop
  endfacet
  facet normal 0.207934 0.978143 -0
    outer loop
      vertex -74.3309 -119.721 26
      vertex -84.7599 -117.504 38
      vertex -74.3309 -119.721 38
    endloop
  endfacet
  facet normal 0.207934 0.978143 0
    outer loop
      vertex -84.7599 -117.504 38
      vertex -74.3309 -119.721 26
      vertex -84.7599 -117.504 26
    endloop
  endfacet
  facet normal 0.951049 -0.309041 0
    outer loop
      vertex -118.886 -58.3965 38
      vertex -115.591 -48.2564 26
      vertex -115.591 -48.2564 38
    endloop
  endfacet
  facet normal 0.951049 -0.309041 0
    outer loop
      vertex -115.591 -48.2564 26
      vertex -118.886 -58.3965 38
      vertex -118.886 -58.3965 26
    endloop
  endfacet
  facet normal -0.743127 0.669151 0
    outer loop
      vertex -34.8743 -106.9 26
      vertex -27.7401 -98.9771 38
      vertex -27.7401 -98.9771 26
    endloop
  endfacet
  facet normal -0.743127 0.669151 0
    outer loop
      vertex -27.7401 -98.9771 38
      vertex -34.8743 -106.9 26
      vertex -34.8743 -106.9 38
    endloop
  endfacet
  facet normal -0.866028 0.499996 0
    outer loop
      vertex -27.7401 -98.9771 26
      vertex -22.4092 -89.7436 38
      vertex -22.4092 -89.7436 26
    endloop
  endfacet
  facet normal -0.866028 0.499996 0
    outer loop
      vertex -22.4092 -89.7436 38
      vertex -27.7401 -98.9771 26
      vertex -27.7401 -98.9771 38
    endloop
  endfacet
  facet normal -0.587789 0.809014 0
    outer loop
      vertex -34.8743 -106.9 26
      vertex -43.5 -113.167 38
      vertex -34.8743 -106.9 38
    endloop
  endfacet
  facet normal -0.587789 0.809014 0
    outer loop
      vertex -43.5 -113.167 38
      vertex -34.8743 -106.9 26
      vertex -43.5 -113.167 26
    endloop
  endfacet
  facet normal 0 -1 0
    outer loop
      vertex -74.3309 -18.2794 26
      vertex -63.669 -18.2794 38
      vertex -74.3309 -18.2794 38
    endloop
  endfacet
  facet normal 0 -1 -0
    outer loop
      vertex -63.669 -18.2794 38
      vertex -74.3309 -18.2794 26
      vertex -63.669 -18.2794 26
    endloop
  endfacet
  facet normal -0.951057 0.309015 0
    outer loop
      vertex -22.4092 -89.7436 26
      vertex -19.1145 -79.6035 38
      vertex -19.1145 -79.6035 26
    endloop
  endfacet
  facet normal -0.951057 0.309015 0
    outer loop
      vertex -19.1145 -79.6035 38
      vertex -22.4092 -89.7436 26
      vertex -22.4092 -89.7436 38
    endloop
  endfacet
  facet normal -0.587783 -0.809019 0
    outer loop
      vertex -43.5 -24.8327 26
      vertex -34.8743 -31.0996 38
      vertex -43.5 -24.8327 38
    endloop
  endfacet
  facet normal -0.587783 -0.809019 -0
    outer loop
      vertex -34.8743 -31.0996 38
      vertex -43.5 -24.8327 26
      vertex -34.8743 -31.0996 26
    endloop
  endfacet
  facet normal 0.406739 -0.913544 0
    outer loop
      vertex -94.5 -24.8327 26
      vertex -84.7599 -20.4961 38
      vertex -94.5 -24.8327 38
    endloop
  endfacet
  facet normal 0.406739 -0.913544 0
    outer loop
      vertex -84.7599 -20.4961 38
      vertex -94.5 -24.8327 26
      vertex -84.7599 -20.4961 26
    endloop
  endfacet
  facet normal -0.743148 -0.669127 0
    outer loop
      vertex -27.7401 -39.023 26
      vertex -34.8743 -31.0996 38
      vertex -34.8743 -31.0996 26
    endloop
  endfacet
  facet normal -0.743148 -0.669127 0
    outer loop
      vertex -34.8743 -31.0996 38
      vertex -27.7401 -39.023 26
      vertex -27.7401 -39.023 38
    endloop
  endfacet
  facet normal 0.994527 -0.104485 0
    outer loop
      vertex -120 -69 38
      vertex -118.886 -58.3965 26
      vertex -118.886 -58.3965 38
    endloop
  endfacet
  facet normal 0.994527 -0.104485 0
    outer loop
      vertex -118.886 -58.3965 26
      vertex -120 -69 38
      vertex -120 -69 26
    endloop
  endfacet
  facet normal -0.866026 -0.5 0
    outer loop
      vertex -22.4092 -48.2564 26
      vertex -27.7401 -39.023 38
      vertex -27.7401 -39.023 26
    endloop
  endfacet
  facet normal -0.866026 -0.5 0
    outer loop
      vertex -27.7401 -39.023 38
      vertex -22.4092 -48.2564 26
      vertex -22.4092 -48.2564 38
    endloop
  endfacet
  facet normal 0.951049 0.309041 0
    outer loop
      vertex -115.591 -89.7436 38
      vertex -118.886 -79.6035 26
      vertex -118.886 -79.6035 38
    endloop
  endfacet
  facet normal 0.951049 0.309041 0
    outer loop
      vertex -118.886 -79.6035 26
      vertex -115.591 -89.7436 38
      vertex -115.591 -89.7436 26
    endloop
  endfacet
  facet normal -0.207936 0.978142 0
    outer loop
      vertex -53.2401 -117.504 26
      vertex -63.669 -119.721 38
      vertex -53.2401 -117.504 38
    endloop
  endfacet
  facet normal -0.207936 0.978142 0
    outer loop
      vertex -63.669 -119.721 38
      vertex -53.2401 -117.504 26
      vertex -63.669 -119.721 26
    endloop
  endfacet
  facet normal 0.866024 0.500003 0
    outer loop
      vertex -110.26 -98.9771 38
      vertex -115.591 -89.7436 26
      vertex -115.591 -89.7436 38
    endloop
  endfacet
  facet normal 0.866024 0.500003 0
    outer loop
      vertex -115.591 -89.7436 26
      vertex -110.26 -98.9771 38
      vertex -110.26 -98.9771 26
    endloop
  endfacet
  facet normal 0 1 -0
    outer loop
      vertex -63.669 -119.721 26
      vertex -74.3309 -119.721 38
      vertex -63.669 -119.721 38
    endloop
  endfacet
  facet normal 0 1 0
    outer loop
      vertex -74.3309 -119.721 38
      vertex -63.669 -119.721 26
      vertex -74.3309 -119.721 26
    endloop
  endfacet
  facet normal 0.994527 0.104485 0
    outer loop
      vertex -118.886 -79.6035 38
      vertex -120 -69 26
      vertex -120 -69 38
    endloop
  endfacet
  facet normal 0.994527 0.104485 0
    outer loop
      vertex -120 -69 26
      vertex -118.886 -79.6035 38
      vertex -118.886 -79.6035 26
    endloop
  endfacet
  facet normal 0.743136 0.66914 0
    outer loop
      vertex -103.126 -106.9 38
      vertex -110.26 -98.9771 26
      vertex -110.26 -98.9771 38
    endloop
  endfacet
  facet normal 0.743136 0.66914 0
    outer loop
      vertex -110.26 -98.9771 26
      vertex -103.126 -106.9 38
      vertex -103.126 -106.9 26
    endloop
  endfacet
  facet normal -0.207909 -0.978148 0
    outer loop
      vertex -63.669 -18.2794 26
      vertex -53.2401 -20.4961 38
      vertex -63.669 -18.2794 38
    endloop
  endfacet
  facet normal -0.207909 -0.978148 -0
    outer loop
      vertex -53.2401 -20.4961 38
      vertex -63.669 -18.2794 26
      vertex -53.2401 -20.4961 26
    endloop
  endfacet
  facet normal 0.587776 0.809024 -0
    outer loop
      vertex -94.5 -113.167 26
      vertex -103.126 -106.9 38
      vertex -94.5 -113.167 38
    endloop
  endfacet
  facet normal 0.587776 0.809024 0
    outer loop
      vertex -103.126 -106.9 38
      vertex -94.5 -113.167 26
      vertex -103.126 -106.9 26
    endloop
  endfacet
  facet normal 0.866022 -0.500007 0
    outer loop
      vertex -115.591 -48.2564 38
      vertex -110.26 -39.023 26
      vertex -110.26 -39.023 38
    endloop
  endfacet
  facet normal 0.866022 -0.500007 0
    outer loop
      vertex -110.26 -39.023 26
      vertex -115.591 -48.2564 38
      vertex -115.591 -48.2564 26
    endloop
  endfacet
  facet normal 0.866028 0.499995 0
    outer loop
      vertex 119.245 -46.6295 38
      vertex 113.496 -36.6718 26
      vertex 113.496 -36.6718 38
    endloop
  endfacet
  facet normal 0.866028 0.499995 0
    outer loop
      vertex 113.496 -36.6718 26
      vertex 119.245 -46.6295 38
      vertex 119.245 -46.6295 26
    endloop
  endfacet
  facet normal 0.95106 0.309007 0
    outer loop
      vertex 122.798 -57.5649 38
      vertex 119.245 -46.6295 26
      vertex 119.245 -46.6295 38
    endloop
  endfacet
  facet normal 0.95106 0.309007 0
    outer loop
      vertex 119.245 -46.6295 26
      vertex 122.798 -57.5649 38
      vertex 122.798 -57.5649 26
    endloop
  endfacet
  facet normal 0.994521 0.104539 0
    outer loop
      vertex 124 -69 38
      vertex 122.798 -57.5649 26
      vertex 122.798 -57.5649 38
    endloop
  endfacet
  facet normal 0.994521 0.104539 0
    outer loop
      vertex 122.798 -57.5649 26
      vertex 124 -69 38
      vertex 124 -69 26
    endloop
  endfacet
  facet normal 0.994521 -0.104539 0
    outer loop
      vertex 122.798 -80.4351 38
      vertex 124 -69 26
      vertex 124 -69 38
    endloop
  endfacet
  facet normal 0.994521 -0.104539 0
    outer loop
      vertex 124 -69 26
      vertex 122.798 -80.4351 38
      vertex 122.798 -80.4351 26
    endloop
  endfacet
  facet normal -0.207947 -0.97814 0
    outer loop
      vertex 52.0041 -121.308 26
      vertex 63.2509 -123.699 38
      vertex 52.0041 -121.308 38
    endloop
  endfacet
  facet normal -0.207947 -0.97814 -0
    outer loop
      vertex 63.2509 -123.699 38
      vertex 52.0041 -121.308 26
      vertex 63.2509 -123.699 26
    endloop
  endfacet
  facet normal 0.95106 -0.309007 0
    outer loop
      vertex 119.245 -91.3705 38
      vertex 122.798 -80.4351 26
      vertex 122.798 -80.4351 38
    endloop
  endfacet
  facet normal 0.95106 -0.309007 0
    outer loop
      vertex 122.798 -80.4351 26
      vertex 119.245 -91.3705 38
      vertex 119.245 -91.3705 26
    endloop
  endfacet
  facet normal -0.86602 -0.500009 0
    outer loop
      vertex 24.5041 -101.328 26
      vertex 18.755 -91.3705 38
      vertex 18.755 -91.3705 26
    endloop
  endfacet
  facet normal -0.86602 -0.500009 0
    outer loop
      vertex 18.755 -91.3705 38
      vertex 24.5041 -101.328 26
      vertex 24.5041 -101.328 38
    endloop
  endfacet
  facet normal -0.58776 -0.809035 0
    outer loop
      vertex 32.1978 -109.873 26
      vertex 41.5 -116.631 38
      vertex 32.1978 -109.873 38
    endloop
  endfacet
  facet normal -0.58776 -0.809035 -0
    outer loop
      vertex 41.5 -116.631 38
      vertex 32.1978 -109.873 26
      vertex 41.5 -116.631 26
    endloop
  endfacet
  facet normal 0.406735 0.913546 -0
    outer loop
      vertex 96.5 -21.3686 26
      vertex 85.9959 -16.6919 38
      vertex 96.5 -21.3686 38
    endloop
  endfacet
  facet normal 0.406735 0.913546 0
    outer loop
      vertex 85.9959 -16.6919 38
      vertex 96.5 -21.3686 26
      vertex 85.9959 -16.6919 26
    endloop
  endfacet
  facet normal 0.587768 -0.809029 0
    outer loop
      vertex 96.5 -116.631 26
      vertex 105.802 -109.873 38
      vertex 96.5 -116.631 38
    endloop
  endfacet
  facet normal 0.587768 -0.809029 0
    outer loop
      vertex 105.802 -109.873 38
      vertex 96.5 -116.631 26
      vertex 105.802 -109.873 26
    endloop
  endfacet
  facet normal -0.587783 0.809019 0
    outer loop
      vertex 41.5 -21.3686 26
      vertex 32.1978 -28.127 38
      vertex 41.5 -21.3686 38
    endloop
  endfacet
  facet normal -0.587783 0.809019 0
    outer loop
      vertex 32.1978 -28.127 38
      vertex 41.5 -21.3686 26
      vertex 32.1978 -28.127 26
    endloop
  endfacet
  facet normal -0.951057 -0.309015 0
    outer loop
      vertex 18.755 -91.3705 26
      vertex 15.2019 -80.4351 38
      vertex 15.2019 -80.4351 26
    endloop
  endfacet
  facet normal -0.951057 -0.309015 0
    outer loop
      vertex 15.2019 -80.4351 38
      vertex 18.755 -91.3705 26
      vertex 18.755 -91.3705 38
    endloop
  endfacet
  facet normal 0.866024 -0.500002 0
    outer loop
      vertex 113.496 -101.328 38
      vertex 119.245 -91.3705 26
      vertex 119.245 -91.3705 38
    endloop
  endfacet
  facet normal 0.866024 -0.500002 0
    outer loop
      vertex 119.245 -91.3705 26
      vertex 113.496 -101.328 38
      vertex 113.496 -101.328 26
    endloop
  endfacet
  facet normal 0 1 -0
    outer loop
      vertex 74.7491 -14.3013 26
      vertex 63.2509 -14.3013 38
      vertex 74.7491 -14.3013 38
    endloop
  endfacet
  facet normal 0 1 0
    outer loop
      vertex 63.2509 -14.3013 38
      vertex 74.7491 -14.3013 26
      vertex 63.2509 -14.3013 26
    endloop
  endfacet
  facet normal -0.951057 0.309015 0
    outer loop
      vertex 15.2019 -57.5649 26
      vertex 18.755 -46.6295 38
      vertex 18.755 -46.6295 26
    endloop
  endfacet
  facet normal -0.951057 0.309015 0
    outer loop
      vertex 18.755 -46.6295 38
      vertex 15.2019 -57.5649 26
      vertex 15.2019 -57.5649 38
    endloop
  endfacet
  facet normal -0.866025 0.500001 0
    outer loop
      vertex 18.755 -46.6295 26
      vertex 24.5041 -36.6718 38
      vertex 24.5041 -36.6718 26
    endloop
  endfacet
  facet normal -0.866025 0.500001 0
    outer loop
      vertex 24.5041 -36.6718 38
      vertex 18.755 -46.6295 26
      vertex 18.755 -46.6295 38
    endloop
  endfacet
  facet normal -0.743148 0.669127 0
    outer loop
      vertex 24.5041 -36.6718 26
      vertex 32.1978 -28.127 38
      vertex 32.1978 -28.127 26
    endloop
  endfacet
  facet normal -0.743148 0.669127 0
    outer loop
      vertex 32.1978 -28.127 38
      vertex 24.5041 -36.6718 26
      vertex 24.5041 -36.6718 38
    endloop
  endfacet
  facet normal -0.207913 0.978147 0
    outer loop
      vertex 63.2509 -14.3013 26
      vertex 52.0041 -16.6919 38
      vertex 63.2509 -14.3013 38
    endloop
  endfacet
  facet normal -0.207913 0.978147 0
    outer loop
      vertex 52.0041 -16.6919 38
      vertex 63.2509 -14.3013 26
      vertex 52.0041 -16.6919 26
    endloop
  endfacet
  facet normal 0 0 1
    outer loop
      vertex 120 -69 38
      vertex 124 -69 38
      vertex 122.798 -57.5649 38
    endloop
  endfacet
  facet normal 0 0 1
    outer loop
      vertex 124 -69 38
      vertex 120 -69 38
      vertex 122.798 -80.4351 38
    endloop
  endfacet
  facet normal 0 0 1
    outer loop
      vertex 118.886 -58.3965 38
      vertex 122.798 -57.5649 38
      vertex 119.245 -46.6295 38
    endloop
  endfacet
  facet normal 0 0 1
    outer loop
      vertex 122.798 -57.5649 38
      vertex 118.886 -58.3965 38
      vertex 120 -69 38
    endloop
  endfacet
  facet normal 0 0 1
    outer loop
      vertex 119.245 -46.6295 38
      vertex 115.591 -48.2564 38
      vertex 118.886 -58.3965 38
    endloop
  endfacet
  facet normal 0 0 1
    outer loop
      vertex 113.496 -36.6718 38
      vertex 115.591 -48.2564 38
      vertex 119.245 -46.6295 38
    endloop
  endfacet
  facet normal 0 0 1
    outer loop
      vertex 113.496 -36.6718 38
      vertex 110.26 -39.023 38
      vertex 115.591 -48.2564 38
    endloop
  endfacet
  facet normal 0 0 1
    outer loop
      vertex 105.802 -28.127 38
      vertex 110.26 -39.023 38
      vertex 113.496 -36.6718 38
    endloop
  endfacet
  facet normal 0 0 1
    outer loop
      vertex 105.802 -28.127 38
      vertex 103.126 -31.0996 38
      vertex 110.26 -39.023 38
    endloop
  endfacet
  facet normal 0 0 1
    outer loop
      vertex 96.5 -21.3686 38
      vertex 103.126 -31.0996 38
      vertex 105.802 -28.127 38
    endloop
  endfacet
  facet normal 0 0 1
    outer loop
      vertex 96.5 -21.3686 38
      vertex 94.5 -24.8327 38
      vertex 103.126 -31.0996 38
    endloop
  endfacet
  facet normal 0 0 1
    outer loop
      vertex 85.9959 -16.6919 38
      vertex 94.5 -24.8327 38
      vertex 96.5 -21.3686 38
    endloop
  endfacet
  facet normal 0 0 1
    outer loop
      vertex 85.9959 -16.6919 38
      vertex 84.7599 -20.4961 38
      vertex 94.5 -24.8327 38
    endloop
  endfacet
  facet normal 0 0 1
    outer loop
      vertex 74.7491 -14.3013 38
      vertex 84.7599 -20.4961 38
      vertex 85.9959 -16.6919 38
    endloop
  endfacet
  facet normal 0 0 1
    outer loop
      vertex 74.7491 -14.3013 38
      vertex 74.3309 -18.2794 38
      vertex 84.7599 -20.4961 38
    endloop
  endfacet
  facet normal 0 0 1
    outer loop
      vertex 74.7491 -14.3013 38
      vertex 63.669 -18.2794 38
      vertex 74.3309 -18.2794 38
    endloop
  endfacet
  facet normal -0 0 1
    outer loop
      vertex 63.2509 -14.3013 38
      vertex 63.669 -18.2794 38
      vertex 74.7491 -14.3013 38
    endloop
  endfacet
  facet normal 0 0 1
    outer loop
      vertex 63.2509 -14.3013 38
      vertex 53.2401 -20.4961 38
      vertex 63.669 -18.2794 38
    endloop
  endfacet
  facet normal -0 0 1
    outer loop
      vertex 52.0041 -16.6919 38
      vertex 53.2401 -20.4961 38
      vertex 63.2509 -14.3013 38
    endloop
  endfacet
  facet normal 0 0 1
    outer loop
      vertex 52.0041 -16.6919 38
      vertex 43.5 -24.8327 38
      vertex 53.2401 -20.4961 38
    endloop
  endfacet
  facet normal -0 0 1
    outer loop
      vertex 41.5 -21.3686 38
      vertex 43.5 -24.8327 38
      vertex 52.0041 -16.6919 38
    endloop
  endfacet
  facet normal 0 0 1
    outer loop
      vertex 41.5 -21.3686 38
      vertex 34.8743 -31.0996 38
      vertex 43.5 -24.8327 38
    endloop
  endfacet
  facet normal -0 0 1
    outer loop
      vertex 32.1978 -28.127 38
      vertex 34.8743 -31.0996 38
      vertex 41.5 -21.3686 38
    endloop
  endfacet
  facet normal 0 0 1
    outer loop
      vertex 32.1978 -28.127 38
      vertex 27.7401 -39.023 38
      vertex 34.8743 -31.0996 38
    endloop
  endfacet
  facet normal -0 0 1
    outer loop
      vertex 24.5041 -36.6718 38
      vertex 27.7401 -39.023 38
      vertex 32.1978 -28.127 38
    endloop
  endfacet
  facet normal 0 0 1
    outer loop
      vertex 24.5041 -36.6718 38
      vertex 22.4092 -48.2564 38
      vertex 27.7401 -39.023 38
    endloop
  endfacet
  facet normal -0 0 1
    outer loop
      vertex 18.755 -46.6295 38
      vertex 22.4092 -48.2564 38
      vertex 24.5041 -36.6718 38
    endloop
  endfacet
  facet normal 0 0 1
    outer loop
      vertex 22.4092 -48.2564 38
      vertex 18.755 -46.6295 38
      vertex 19.1145 -58.3965 38
    endloop
  endfacet
  facet normal -0 0 1
    outer loop
      vertex 15.2019 -57.5649 38
      vertex 19.1145 -58.3965 38
      vertex 18.755 -46.6295 38
    endloop
  endfacet
  facet normal 0 0 1
    outer loop
      vertex 19.1145 -58.3965 38
      vertex 15.2019 -57.5649 38
      vertex 18 -69 38
    endloop
  endfacet
  facet normal -0 0 1
    outer loop
      vertex 118.886 -79.6035 38
      vertex 122.798 -80.4351 38
      vertex 120 -69 38
    endloop
  endfacet
  facet normal 0 0 1
    outer loop
      vertex 122.798 -80.4351 38
      vertex 118.886 -79.6035 38
      vertex 119.245 -91.3705 38
    endloop
  endfacet
  facet normal -0 0 1
    outer loop
      vertex 115.591 -89.7436 38
      vertex 119.245 -91.3705 38
      vertex 118.886 -79.6035 38
    endloop
  endfacet
  facet normal 0 0 1
    outer loop
      vertex 115.591 -89.7436 38
      vertex 113.496 -101.328 38
      vertex 119.245 -91.3705 38
    endloop
  endfacet
  facet normal -0 0 1
    outer loop
      vertex 110.26 -98.9771 38
      vertex 113.496 -101.328 38
      vertex 115.591 -89.7436 38
    endloop
  endfacet
  facet normal 0 0 1
    outer loop
      vertex 110.26 -98.9771 38
      vertex 105.802 -109.873 38
      vertex 113.496 -101.328 38
    endloop
  endfacet
  facet normal -0 0 1
    outer loop
      vertex 103.126 -106.9 38
      vertex 105.802 -109.873 38
      vertex 110.26 -98.9771 38
    endloop
  endfacet
  facet normal 0 0 1
    outer loop
      vertex 103.126 -106.9 38
      vertex 96.5 -116.631 38
      vertex 105.802 -109.873 38
    endloop
  endfacet
  facet normal -0 0 1
    outer loop
      vertex 94.5 -113.167 38
      vertex 96.5 -116.631 38
      vertex 103.126 -106.9 38
    endloop
  endfacet
  facet normal 0 0 1
    outer loop
      vertex 94.5 -113.167 38
      vertex 85.9959 -121.308 38
      vertex 96.5 -116.631 38
    endloop
  endfacet
  facet normal -0 0 1
    outer loop
      vertex 84.7599 -117.504 38
      vertex 85.9959 -121.308 38
      vertex 94.5 -113.167 38
    endloop
  endfacet
  facet normal 0 0 1
    outer loop
      vertex 84.7599 -117.504 38
      vertex 74.7491 -123.699 38
      vertex 85.9959 -121.308 38
    endloop
  endfacet
  facet normal -0 0 1
    outer loop
      vertex 74.3309 -119.721 38
      vertex 74.7491 -123.699 38
      vertex 84.7599 -117.504 38
    endloop
  endfacet
  facet normal -0 0 1
    outer loop
      vertex 63.669 -119.721 38
      vertex 74.7491 -123.699 38
      vertex 74.3309 -119.721 38
    endloop
  endfacet
  facet normal 0 0 1
    outer loop
      vertex 63.669 -119.721 38
      vertex 63.2509 -123.699 38
      vertex 74.7491 -123.699 38
    endloop
  endfacet
  facet normal 0 0 1
    outer loop
      vertex 53.2401 -117.504 38
      vertex 63.2509 -123.699 38
      vertex 63.669 -119.721 38
    endloop
  endfacet
  facet normal 0 0 1
    outer loop
      vertex 53.2401 -117.504 38
      vertex 52.0041 -121.308 38
      vertex 63.2509 -123.699 38
    endloop
  endfacet
  facet normal 0 0 1
    outer loop
      vertex 43.5 -113.167 38
      vertex 52.0041 -121.308 38
      vertex 53.2401 -117.504 38
    endloop
  endfacet
  facet normal 0 0 1
    outer loop
      vertex 43.5 -113.167 38
      vertex 41.5 -116.631 38
      vertex 52.0041 -121.308 38
    endloop
  endfacet
  facet normal 0 0 1
    outer loop
      vertex 34.8743 -106.9 38
      vertex 41.5 -116.631 38
      vertex 43.5 -113.167 38
    endloop
  endfacet
  facet normal 0 0 1
    outer loop
      vertex 34.8743 -106.9 38
      vertex 32.1978 -109.873 38
      vertex 41.5 -116.631 38
    endloop
  endfacet
  facet normal 0 0 1
    outer loop
      vertex 27.7401 -98.9771 38
      vertex 32.1978 -109.873 38
      vertex 34.8743 -106.9 38
    endloop
  endfacet
  facet normal 0 0 1
    outer loop
      vertex 27.7401 -98.9771 38
      vertex 24.5041 -101.328 38
      vertex 32.1978 -109.873 38
    endloop
  endfacet
  facet normal 0 0 1
    outer loop
      vertex 22.4092 -89.7436 38
      vertex 24.5041 -101.328 38
      vertex 27.7401 -98.9771 38
    endloop
  endfacet
  facet normal 0 0 1
    outer loop
      vertex 18.755 -91.3705 38
      vertex 22.4092 -89.7436 38
      vertex 19.1145 -79.6035 38
    endloop
  endfacet
  facet normal 0 0 1
    outer loop
      vertex 22.4092 -89.7436 38
      vertex 18.755 -91.3705 38
      vertex 24.5041 -101.328 38
    endloop
  endfacet
  facet normal 0 0 1
    outer loop
      vertex 15.2019 -80.4351 38
      vertex 19.1145 -79.6035 38
      vertex 18 -69 38
    endloop
  endfacet
  facet normal 0 0 1
    outer loop
      vertex 14 -69 38
      vertex 18 -69 38
      vertex 15.2019 -57.5649 38
    endloop
  endfacet
  facet normal 0 0 1
    outer loop
      vertex 19.1145 -79.6035 38
      vertex 15.2019 -80.4351 38
      vertex 18.755 -91.3705 38
    endloop
  endfacet
  facet normal 0 0 1
    outer loop
      vertex 18 -69 38
      vertex 14 -69 38
      vertex 15.2019 -80.4351 38
    endloop
  endfacet
  facet normal 0.207947 -0.97814 0
    outer loop
      vertex 74.7491 -123.699 26
      vertex 85.9959 -121.308 38
      vertex 74.7491 -123.699 38
    endloop
  endfacet
  facet normal 0.207947 -0.97814 0
    outer loop
      vertex 85.9959 -121.308 38
      vertex 74.7491 -123.699 26
      vertex 85.9959 -121.308 26
    endloop
  endfacet
  facet normal 0.743143 -0.669133 0
    outer loop
      vertex 105.802 -109.873 38
      vertex 113.496 -101.328 26
      vertex 113.496 -101.328 38
    endloop
  endfacet
  facet normal 0.743143 -0.669133 0
    outer loop
      vertex 113.496 -101.328 26
      vertex 105.802 -109.873 38
      vertex 105.802 -109.873 26
    endloop
  endfacet
  facet normal -0.406735 0.913546 0
    outer loop
      vertex 52.0041 -16.6919 26
      vertex 41.5 -21.3686 38
      vertex 52.0041 -16.6919 38
    endloop
  endfacet
  facet normal -0.406735 0.913546 0
    outer loop
      vertex 41.5 -21.3686 38
      vertex 52.0041 -16.6919 26
      vertex 41.5 -21.3686 26
    endloop
  endfacet
  facet normal 0.406756 -0.913537 0
    outer loop
      vertex 85.9959 -121.308 26
      vertex 96.5 -116.631 38
      vertex 85.9959 -121.308 38
    endloop
  endfacet
  facet normal 0.406756 -0.913537 0
    outer loop
      vertex 96.5 -116.631 38
      vertex 85.9959 -121.308 26
      vertex 96.5 -116.631 26
    endloop
  endfacet
  facet normal -0.406756 -0.913537 0
    outer loop
      vertex 41.5 -116.631 26
      vertex 52.0041 -121.308 38
      vertex 41.5 -116.631 38
    endloop
  endfacet
  facet normal -0.406756 -0.913537 -0
    outer loop
      vertex 52.0041 -121.308 38
      vertex 41.5 -116.631 26
      vertex 52.0041 -121.308 26
    endloop
  endfacet
  facet normal 0.587791 0.809013 -0
    outer loop
      vertex 105.802 -28.127 26
      vertex 96.5 -21.3686 38
      vertex 105.802 -28.127 38
    endloop
  endfacet
  facet normal 0.587791 0.809013 0
    outer loop
      vertex 96.5 -21.3686 38
      vertex 105.802 -28.127 26
      vertex 96.5 -21.3686 26
    endloop
  endfacet
  facet normal 0.743135 0.669142 0
    outer loop
      vertex 113.496 -36.6718 38
      vertex 105.802 -28.127 26
      vertex 105.802 -28.127 38
    endloop
  endfacet
  facet normal 0.743135 0.669142 0
    outer loop
      vertex 105.802 -28.127 26
      vertex 113.496 -36.6718 38
      vertex 113.496 -36.6718 26
    endloop
  endfacet
  facet normal 0.207913 0.978147 -0
    outer loop
      vertex 85.9959 -16.6919 26
      vertex 74.7491 -14.3013 38
      vertex 85.9959 -16.6919 38
    endloop
  endfacet
  facet normal 0.207913 0.978147 0
    outer loop
      vertex 74.7491 -14.3013 38
      vertex 85.9959 -16.6919 26
      vertex 74.7491 -14.3013 26
    endloop
  endfacet
  facet normal -0.994522 0.10453 0
    outer loop
      vertex 14 -69 26
      vertex 15.2019 -57.5649 38
      vertex 15.2019 -57.5649 26
    endloop
  endfacet
  facet normal -0.994522 0.10453 0
    outer loop
      vertex 15.2019 -57.5649 38
      vertex 14 -69 26
      vertex 14 -69 38
    endloop
  endfacet
  facet normal 0 -1 0
    outer loop
      vertex 63.2509 -123.699 26
      vertex 74.7491 -123.699 38
      vertex 63.2509 -123.699 38
    endloop
  endfacet
  facet normal 0 -1 -0
    outer loop
      vertex 74.7491 -123.699 38
      vertex 63.2509 -123.699 26
      vertex 74.7491 -123.699 26
    endloop
  endfacet
  facet normal -0.994522 -0.10453 0
    outer loop
      vertex 15.2019 -80.4351 26
      vertex 14 -69 38
      vertex 14 -69 26
    endloop
  endfacet
  facet normal -0.994522 -0.10453 0
    outer loop
      vertex 14 -69 38
      vertex 15.2019 -80.4351 26
      vertex 15.2019 -80.4351 38
    endloop
  endfacet
  facet normal -0.743156 -0.669118 0
    outer loop
      vertex 32.1978 -109.873 26
      vertex 24.5041 -101.328 38
      vertex 24.5041 -101.328 26
    endloop
  endfacet
  facet normal -0.743156 -0.669118 0
    outer loop
      vertex 24.5041 -101.328 38
      vertex 32.1978 -109.873 26
      vertex 32.1978 -109.873 38
    endloop
  endfacet
  facet normal 0 0 -1
    outer loop
      vertex 120 -69 26
      vertex 124 -69 26
      vertex 122.798 -80.4351 26
    endloop
  endfacet
  facet normal 0 0 -1
    outer loop
      vertex 124 -69 26
      vertex 120 -69 26
      vertex 122.798 -57.5649 26
    endloop
  endfacet
  facet normal 0 0 -1
    outer loop
      vertex 118.886 -79.6035 26
      vertex 122.798 -80.4351 26
      vertex 119.245 -91.3705 26
    endloop
  endfacet
  facet normal 0 0 -1
    outer loop
      vertex 122.798 -80.4351 26
      vertex 118.886 -79.6035 26
      vertex 120 -69 26
    endloop
  endfacet
  facet normal 0 0 -1
    outer loop
      vertex 119.245 -91.3705 26
      vertex 115.591 -89.7436 26
      vertex 118.886 -79.6035 26
    endloop
  endfacet
  facet normal 0 0 -1
    outer loop
      vertex 113.496 -101.328 26
      vertex 115.591 -89.7436 26
      vertex 119.245 -91.3705 26
    endloop
  endfacet
  facet normal 0 0 -1
    outer loop
      vertex 113.496 -101.328 26
      vertex 110.26 -98.9771 26
      vertex 115.591 -89.7436 26
    endloop
  endfacet
  facet normal 0 0 -1
    outer loop
      vertex 105.802 -109.873 26
      vertex 110.26 -98.9771 26
      vertex 113.496 -101.328 26
    endloop
  endfacet
  facet normal 0 0 -1
    outer loop
      vertex 105.802 -109.873 26
      vertex 103.126 -106.9 26
      vertex 110.26 -98.9771 26
    endloop
  endfacet
  facet normal 0 0 -1
    outer loop
      vertex 96.5 -116.631 26
      vertex 103.126 -106.9 26
      vertex 105.802 -109.873 26
    endloop
  endfacet
  facet normal 0 0 -1
    outer loop
      vertex 96.5 -116.631 26
      vertex 94.5 -113.167 26
      vertex 103.126 -106.9 26
    endloop
  endfacet
  facet normal 0 0 -1
    outer loop
      vertex 85.9959 -121.308 26
      vertex 94.5 -113.167 26
      vertex 96.5 -116.631 26
    endloop
  endfacet
  facet normal 0 0 -1
    outer loop
      vertex 85.9959 -121.308 26
      vertex 84.7599 -117.504 26
      vertex 94.5 -113.167 26
    endloop
  endfacet
  facet normal 0 0 -1
    outer loop
      vertex 74.7491 -123.699 26
      vertex 84.7599 -117.504 26
      vertex 85.9959 -121.308 26
    endloop
  endfacet
  facet normal 0 0 -1
    outer loop
      vertex 74.7491 -123.699 26
      vertex 74.3309 -119.721 26
      vertex 84.7599 -117.504 26
    endloop
  endfacet
  facet normal 0 0 -1
    outer loop
      vertex 74.7491 -123.699 26
      vertex 63.669 -119.721 26
      vertex 74.3309 -119.721 26
    endloop
  endfacet
  facet normal 0 0 -1
    outer loop
      vertex 63.2509 -123.699 26
      vertex 63.669 -119.721 26
      vertex 74.7491 -123.699 26
    endloop
  endfacet
  facet normal 0 0 -1
    outer loop
      vertex 63.2509 -123.699 26
      vertex 53.2401 -117.504 26
      vertex 63.669 -119.721 26
    endloop
  endfacet
  facet normal 0 0 -1
    outer loop
      vertex 52.0041 -121.308 26
      vertex 53.2401 -117.504 26
      vertex 63.2509 -123.699 26
    endloop
  endfacet
  facet normal 0 0 -1
    outer loop
      vertex 52.0041 -121.308 26
      vertex 43.5 -113.167 26
      vertex 53.2401 -117.504 26
    endloop
  endfacet
  facet normal 0 0 -1
    outer loop
      vertex 41.5 -116.631 26
      vertex 43.5 -113.167 26
      vertex 52.0041 -121.308 26
    endloop
  endfacet
  facet normal 0 0 -1
    outer loop
      vertex 41.5 -116.631 26
      vertex 34.8743 -106.9 26
      vertex 43.5 -113.167 26
    endloop
  endfacet
  facet normal 0 0 -1
    outer loop
      vertex 32.1978 -109.873 26
      vertex 34.8743 -106.9 26
      vertex 41.5 -116.631 26
    endloop
  endfacet
  facet normal 0 0 -1
    outer loop
      vertex 32.1978 -109.873 26
      vertex 27.7401 -98.9771 26
      vertex 34.8743 -106.9 26
    endloop
  endfacet
  facet normal 0 0 -1
    outer loop
      vertex 24.5041 -101.328 26
      vertex 27.7401 -98.9771 26
      vertex 32.1978 -109.873 26
    endloop
  endfacet
  facet normal 0 0 -1
    outer loop
      vertex 24.5041 -101.328 26
      vertex 22.4092 -89.7436 26
      vertex 27.7401 -98.9771 26
    endloop
  endfacet
  facet normal 0 0 -1
    outer loop
      vertex 18.755 -91.3705 26
      vertex 22.4092 -89.7436 26
      vertex 24.5041 -101.328 26
    endloop
  endfacet
  facet normal -0 0 -1
    outer loop
      vertex 22.4092 -89.7436 26
      vertex 18.755 -91.3705 26
      vertex 19.1145 -79.6035 26
    endloop
  endfacet
  facet normal 0 0 -1
    outer loop
      vertex 15.2019 -80.4351 26
      vertex 19.1145 -79.6035 26
      vertex 18.755 -91.3705 26
    endloop
  endfacet
  facet normal -0 0 -1
    outer loop
      vertex 19.1145 -79.6035 26
      vertex 15.2019 -80.4351 26
      vertex 18 -69 26
    endloop
  endfacet
  facet normal 0 0 -1
    outer loop
      vertex 118.886 -58.3965 26
      vertex 122.798 -57.5649 26
      vertex 120 -69 26
    endloop
  endfacet
  facet normal -0 0 -1
    outer loop
      vertex 122.798 -57.5649 26
      vertex 118.886 -58.3965 26
      vertex 119.245 -46.6295 26
    endloop
  endfacet
  facet normal 0 0 -1
    outer loop
      vertex 115.591 -48.2564 26
      vertex 119.245 -46.6295 26
      vertex 118.886 -58.3965 26
    endloop
  endfacet
  facet normal 0 0 -1
    outer loop
      vertex 115.591 -48.2564 26
      vertex 113.496 -36.6718 26
      vertex 119.245 -46.6295 26
    endloop
  endfacet
  facet normal 0 0 -1
    outer loop
      vertex 110.26 -39.023 26
      vertex 113.496 -36.6718 26
      vertex 115.591 -48.2564 26
    endloop
  endfacet
  facet normal 0 0 -1
    outer loop
      vertex 110.26 -39.023 26
      vertex 105.802 -28.127 26
      vertex 113.496 -36.6718 26
    endloop
  endfacet
  facet normal 0 0 -1
    outer loop
      vertex 103.126 -31.0996 26
      vertex 105.802 -28.127 26
      vertex 110.26 -39.023 26
    endloop
  endfacet
  facet normal 0 0 -1
    outer loop
      vertex 103.126 -31.0996 26
      vertex 96.5 -21.3686 26
      vertex 105.802 -28.127 26
    endloop
  endfacet
  facet normal 0 0 -1
    outer loop
      vertex 94.5 -24.8327 26
      vertex 96.5 -21.3686 26
      vertex 103.126 -31.0996 26
    endloop
  endfacet
  facet normal 0 0 -1
    outer loop
      vertex 94.5 -24.8327 26
      vertex 85.9959 -16.6919 26
      vertex 96.5 -21.3686 26
    endloop
  endfacet
  facet normal 0 0 -1
    outer loop
      vertex 84.7599 -20.4961 26
      vertex 85.9959 -16.6919 26
      vertex 94.5 -24.8327 26
    endloop
  endfacet
  facet normal 0 0 -1
    outer loop
      vertex 84.7599 -20.4961 26
      vertex 74.7491 -14.3013 26
      vertex 85.9959 -16.6919 26
    endloop
  endfacet
  facet normal 0 0 -1
    outer loop
      vertex 74.3309 -18.2794 26
      vertex 74.7491 -14.3013 26
      vertex 84.7599 -20.4961 26
    endloop
  endfacet
  facet normal 0 0 -1
    outer loop
      vertex 63.669 -18.2794 26
      vertex 74.7491 -14.3013 26
      vertex 74.3309 -18.2794 26
    endloop
  endfacet
  facet normal 0 0 -1
    outer loop
      vertex 63.669 -18.2794 26
      vertex 63.2509 -14.3013 26
      vertex 74.7491 -14.3013 26
    endloop
  endfacet
  facet normal 0 0 -1
    outer loop
      vertex 53.2401 -20.4961 26
      vertex 63.2509 -14.3013 26
      vertex 63.669 -18.2794 26
    endloop
  endfacet
  facet normal 0 0 -1
    outer loop
      vertex 53.2401 -20.4961 26
      vertex 52.0041 -16.6919 26
      vertex 63.2509 -14.3013 26
    endloop
  endfacet
  facet normal 0 0 -1
    outer loop
      vertex 43.5 -24.8327 26
      vertex 52.0041 -16.6919 26
      vertex 53.2401 -20.4961 26
    endloop
  endfacet
  facet normal 0 0 -1
    outer loop
      vertex 43.5 -24.8327 26
      vertex 41.5 -21.3686 26
      vertex 52.0041 -16.6919 26
    endloop
  endfacet
  facet normal 0 0 -1
    outer loop
      vertex 34.8743 -31.0996 26
      vertex 41.5 -21.3686 26
      vertex 43.5 -24.8327 26
    endloop
  endfacet
  facet normal 0 0 -1
    outer loop
      vertex 34.8743 -31.0996 26
      vertex 32.1978 -28.127 26
      vertex 41.5 -21.3686 26
    endloop
  endfacet
  facet normal 0 0 -1
    outer loop
      vertex 27.7401 -39.023 26
      vertex 32.1978 -28.127 26
      vertex 34.8743 -31.0996 26
    endloop
  endfacet
  facet normal 0 0 -1
    outer loop
      vertex 27.7401 -39.023 26
      vertex 24.5041 -36.6718 26
      vertex 32.1978 -28.127 26
    endloop
  endfacet
  facet normal 0 0 -1
    outer loop
      vertex 22.4092 -48.2564 26
      vertex 24.5041 -36.6718 26
      vertex 27.7401 -39.023 26
    endloop
  endfacet
  facet normal 0 0 -1
    outer loop
      vertex 18.755 -46.6295 26
      vertex 22.4092 -48.2564 26
      vertex 19.1145 -58.3965 26
    endloop
  endfacet
  facet normal 0 0 -1
    outer loop
      vertex 22.4092 -48.2564 26
      vertex 18.755 -46.6295 26
      vertex 24.5041 -36.6718 26
    endloop
  endfacet
  facet normal 0 0 -1
    outer loop
      vertex 15.2019 -57.5649 26
      vertex 19.1145 -58.3965 26
      vertex 18 -69 26
    endloop
  endfacet
  facet normal 0 0 -1
    outer loop
      vertex 14 -69 26
      vertex 18 -69 26
      vertex 15.2019 -80.4351 26
    endloop
  endfacet
  facet normal 0 0 -1
    outer loop
      vertex 19.1145 -58.3965 26
      vertex 15.2019 -57.5649 26
      vertex 18.755 -46.6295 26
    endloop
  endfacet
  facet normal 0 0 -1
    outer loop
      vertex 18 -69 26
      vertex 14 -69 26
      vertex 15.2019 -57.5649 26
    endloop
  endfacet
  facet normal -0.951049 -0.309041 0
    outer loop
      vertex 118.886 -58.3965 26
      vertex 115.591 -48.2564 38
      vertex 115.591 -48.2564 26
    endloop
  endfacet
  facet normal -0.951049 -0.309041 0
    outer loop
      vertex 115.591 -48.2564 38
      vertex 118.886 -58.3965 26
      vertex 118.886 -58.3965 38
    endloop
  endfacet
  facet normal -0.994527 -0.104485 0
    outer loop
      vertex 120 -69 26
      vertex 118.886 -58.3965 38
      vertex 118.886 -58.3965 26
    endloop
  endfacet
  facet normal -0.994527 -0.104485 0
    outer loop
      vertex 118.886 -58.3965 38
      vertex 120 -69 26
      vertex 120 -69 38
    endloop
  endfacet
  facet normal -0.994527 0.104485 0
    outer loop
      vertex 118.886 -79.6035 26
      vertex 120 -69 38
      vertex 120 -69 26
    endloop
  endfacet
  facet normal -0.994527 0.104485 0
    outer loop
      vertex 120 -69 38
      vertex 118.886 -79.6035 26
      vertex 118.886 -79.6035 38
    endloop
  endfacet
  facet normal -0.406739 -0.913544 0
    outer loop
      vertex 84.7599 -20.4961 26
      vertex 94.5 -24.8327 38
      vertex 84.7599 -20.4961 38
    endloop
  endfacet
  facet normal -0.406739 -0.913544 -0
    outer loop
      vertex 94.5 -24.8327 38
      vertex 84.7599 -20.4961 26
      vertex 94.5 -24.8327 26
    endloop
  endfacet
  facet normal -0.40677 0.913531 0
    outer loop
      vertex 94.5 -113.167 26
      vertex 84.7599 -117.504 38
      vertex 94.5 -113.167 38
    endloop
  endfacet
  facet normal -0.40677 0.913531 0
    outer loop
      vertex 84.7599 -117.504 38
      vertex 94.5 -113.167 26
      vertex 84.7599 -117.504 26
    endloop
  endfacet
  facet normal 0.587783 -0.809019 0
    outer loop
      vertex 34.8743 -31.0996 26
      vertex 43.5 -24.8327 38
      vertex 34.8743 -31.0996 38
    endloop
  endfacet
  facet normal 0.587783 -0.809019 0
    outer loop
      vertex 43.5 -24.8327 38
      vertex 34.8743 -31.0996 26
      vertex 43.5 -24.8327 26
    endloop
  endfacet
  facet normal 0.207909 -0.978148 0
    outer loop
      vertex 53.2401 -20.4961 26
      vertex 63.669 -18.2794 38
      vertex 53.2401 -20.4961 38
    endloop
  endfacet
  facet normal 0.207909 -0.978148 0
    outer loop
      vertex 63.669 -18.2794 38
      vertex 53.2401 -20.4961 26
      vertex 63.669 -18.2794 26
    endloop
  endfacet
  facet normal 0.743148 -0.669127 0
    outer loop
      vertex 27.7401 -39.023 38
      vertex 34.8743 -31.0996 26
      vertex 34.8743 -31.0996 38
    endloop
  endfacet
  facet normal 0.743148 -0.669127 0
    outer loop
      vertex 34.8743 -31.0996 26
      vertex 27.7401 -39.023 38
      vertex 27.7401 -39.023 26
    endloop
  endfacet
  facet normal 0.40677 0.913531 -0
    outer loop
      vertex 53.2401 -117.504 26
      vertex 43.5 -113.167 38
      vertex 53.2401 -117.504 38
    endloop
  endfacet
  facet normal 0.40677 0.913531 0
    outer loop
      vertex 43.5 -113.167 38
      vertex 53.2401 -117.504 26
      vertex 43.5 -113.167 26
    endloop
  endfacet
  facet normal 0.207936 0.978142 -0
    outer loop
      vertex 63.669 -119.721 26
      vertex 53.2401 -117.504 38
      vertex 63.669 -119.721 38
    endloop
  endfacet
  facet normal 0.207936 0.978142 0
    outer loop
      vertex 53.2401 -117.504 38
      vertex 63.669 -119.721 26
      vertex 53.2401 -117.504 26
    endloop
  endfacet
  facet normal 0.951057 -0.309015 0
    outer loop
      vertex 19.1145 -58.3965 38
      vertex 22.4092 -48.2564 26
      vertex 22.4092 -48.2564 38
    endloop
  endfacet
  facet normal 0.951057 -0.309015 0
    outer loop
      vertex 22.4092 -48.2564 26
      vertex 19.1145 -58.3965 38
      vertex 19.1145 -58.3965 26
    endloop
  endfacet
  facet normal -0.743136 0.66914 0
    outer loop
      vertex 103.126 -106.9 26
      vertex 110.26 -98.9771 38
      vertex 110.26 -98.9771 26
    endloop
  endfacet
  facet normal -0.743136 0.66914 0
    outer loop
      vertex 110.26 -98.9771 38
      vertex 103.126 -106.9 26
      vertex 103.126 -106.9 38
    endloop
  endfacet
  facet normal -0.866024 0.500003 0
    outer loop
      vertex 110.26 -98.9771 26
      vertex 115.591 -89.7436 38
      vertex 115.591 -89.7436 26
    endloop
  endfacet
  facet normal -0.866024 0.500003 0
    outer loop
      vertex 115.591 -89.7436 38
      vertex 110.26 -98.9771 26
      vertex 110.26 -98.9771 38
    endloop
  endfacet
  facet normal -0.587776 0.809024 0
    outer loop
      vertex 103.126 -106.9 26
      vertex 94.5 -113.167 38
      vertex 103.126 -106.9 38
    endloop
  endfacet
  facet normal -0.587776 0.809024 0
    outer loop
      vertex 94.5 -113.167 38
      vertex 103.126 -106.9 26
      vertex 94.5 -113.167 26
    endloop
  endfacet
  facet normal 0 -1 0
    outer loop
      vertex 63.669 -18.2794 26
      vertex 74.3309 -18.2794 38
      vertex 63.669 -18.2794 38
    endloop
  endfacet
  facet normal 0 -1 -0
    outer loop
      vertex 74.3309 -18.2794 38
      vertex 63.669 -18.2794 26
      vertex 74.3309 -18.2794 26
    endloop
  endfacet
  facet normal -0.951049 0.309041 0
    outer loop
      vertex 115.591 -89.7436 26
      vertex 118.886 -79.6035 38
      vertex 118.886 -79.6035 26
    endloop
  endfacet
  facet normal -0.951049 0.309041 0
    outer loop
      vertex 118.886 -79.6035 38
      vertex 115.591 -89.7436 26
      vertex 115.591 -89.7436 38
    endloop
  endfacet
  facet normal -0.58777 -0.809028 0
    outer loop
      vertex 94.5 -24.8327 26
      vertex 103.126 -31.0996 38
      vertex 94.5 -24.8327 38
    endloop
  endfacet
  facet normal -0.58777 -0.809028 -0
    outer loop
      vertex 103.126 -31.0996 38
      vertex 94.5 -24.8327 26
      vertex 103.126 -31.0996 26
    endloop
  endfacet
  facet normal 0.406739 -0.913544 0
    outer loop
      vertex 43.5 -24.8327 26
      vertex 53.2401 -20.4961 38
      vertex 43.5 -24.8327 38
    endloop
  endfacet
  facet normal 0.406739 -0.913544 0
    outer loop
      vertex 53.2401 -20.4961 38
      vertex 43.5 -24.8327 26
      vertex 53.2401 -20.4961 26
    endloop
  endfacet
  facet normal -0.743157 -0.669117 0
    outer loop
      vertex 110.26 -39.023 26
      vertex 103.126 -31.0996 38
      vertex 103.126 -31.0996 26
    endloop
  endfacet
  facet normal -0.743157 -0.669117 0
    outer loop
      vertex 103.126 -31.0996 38
      vertex 110.26 -39.023 26
      vertex 110.26 -39.023 38
    endloop
  endfacet
  facet normal 0.994522 -0.104531 0
    outer loop
      vertex 18 -69 38
      vertex 19.1145 -58.3965 26
      vertex 19.1145 -58.3965 38
    endloop
  endfacet
  facet normal 0.994522 -0.104531 0
    outer loop
      vertex 19.1145 -58.3965 26
      vertex 18 -69 38
      vertex 18 -69 26
    endloop
  endfacet
  facet normal -0.866022 -0.500007 0
    outer loop
      vertex 115.591 -48.2564 26
      vertex 110.26 -39.023 38
      vertex 110.26 -39.023 26
    endloop
  endfacet
  facet normal -0.866022 -0.500007 0
    outer loop
      vertex 110.26 -39.023 38
      vertex 115.591 -48.2564 26
      vertex 115.591 -48.2564 38
    endloop
  endfacet
  facet normal 0.951057 0.309015 0
    outer loop
      vertex 22.4092 -89.7436 38
      vertex 19.1145 -79.6035 26
      vertex 19.1145 -79.6035 38
    endloop
  endfacet
  facet normal 0.951057 0.309015 0
    outer loop
      vertex 19.1145 -79.6035 26
      vertex 22.4092 -89.7436 38
      vertex 22.4092 -89.7436 26
    endloop
  endfacet
  facet normal -0.207934 0.978143 0
    outer loop
      vertex 84.7599 -117.504 26
      vertex 74.3309 -119.721 38
      vertex 84.7599 -117.504 38
    endloop
  endfacet
  facet normal -0.207934 0.978143 0
    outer loop
      vertex 74.3309 -119.721 38
      vertex 84.7599 -117.504 26
      vertex 74.3309 -119.721 26
    endloop
  endfacet
  facet normal 0.866028 0.499996 0
    outer loop
      vertex 27.7401 -98.9771 38
      vertex 22.4092 -89.7436 26
      vertex 22.4092 -89.7436 38
    endloop
  endfacet
  facet normal 0.866028 0.499996 0
    outer loop
      vertex 22.4092 -89.7436 26
      vertex 27.7401 -98.9771 38
      vertex 27.7401 -98.9771 26
    endloop
  endfacet
  facet normal 0 1 -0
    outer loop
      vertex 74.3309 -119.721 26
      vertex 63.669 -119.721 38
      vertex 74.3309 -119.721 38
    endloop
  endfacet
  facet normal 0 1 0
    outer loop
      vertex 63.669 -119.721 38
      vertex 74.3309 -119.721 26
      vertex 63.669 -119.721 26
    endloop
  endfacet
  facet normal 0.994522 0.104531 0
    outer loop
      vertex 19.1145 -79.6035 38
      vertex 18 -69 26
      vertex 18 -69 38
    endloop
  endfacet
  facet normal 0.994522 0.104531 0
    outer loop
      vertex 18 -69 26
      vertex 19.1145 -79.6035 38
      vertex 19.1145 -79.6035 26
    endloop
  endfacet
  facet normal 0.743127 0.669151 0
    outer loop
      vertex 34.8743 -106.9 38
      vertex 27.7401 -98.9771 26
      vertex 27.7401 -98.9771 38
    endloop
  endfacet
  facet normal 0.743127 0.669151 0
    outer loop
      vertex 27.7401 -98.9771 26
      vertex 34.8743 -106.9 38
      vertex 34.8743 -106.9 26
    endloop
  endfacet
  facet normal -0.207907 -0.978149 0
    outer loop
      vertex 74.3309 -18.2794 26
      vertex 84.7599 -20.4961 38
      vertex 74.3309 -18.2794 38
    endloop
  endfacet
  facet normal -0.207907 -0.978149 -0
    outer loop
      vertex 84.7599 -20.4961 38
      vertex 74.3309 -18.2794 26
      vertex 84.7599 -20.4961 26
    endloop
  endfacet
  facet normal 0.587789 0.809014 -0
    outer loop
      vertex 43.5 -113.167 26
      vertex 34.8743 -106.9 38
      vertex 43.5 -113.167 38
    endloop
  endfacet
  facet normal 0.587789 0.809014 0
    outer loop
      vertex 34.8743 -106.9 38
      vertex 43.5 -113.167 26
      vertex 34.8743 -106.9 26
    endloop
  endfacet
  facet normal 0.866026 -0.5 0
    outer loop
      vertex 22.4092 -48.2564 38
      vertex 27.7401 -39.023 26
      vertex 27.7401 -39.023 38
    endloop
  endfacet
  facet normal 0.866026 -0.5 0
    outer loop
      vertex 27.7401 -39.023 26
      vertex 22.4092 -48.2564 38
      vertex 22.4092 -48.2564 26
    endloop
  endfacet
  facet normal 0.866024 0.500002 0
    outer loop
      vertex 119.245 91.3705 38
      vertex 113.496 101.328 26
      vertex 113.496 101.328 38
    endloop
  endfacet
  facet normal 0.866024 0.500002 0
    outer loop
      vertex 113.496 101.328 26
      vertex 119.245 91.3705 38
      vertex 119.245 91.3705 26
    endloop
  endfacet
  facet normal 0.95106 0.309007 0
    outer loop
      vertex 122.798 80.4351 38
      vertex 119.245 91.3705 26
      vertex 119.245 91.3705 38
    endloop
  endfacet
  facet normal 0.95106 0.309007 0
    outer loop
      vertex 119.245 91.3705 26
      vertex 122.798 80.4351 38
      vertex 122.798 80.4351 26
    endloop
  endfacet
  facet normal 0.994521 0.104539 0
    outer loop
      vertex 124 69 38
      vertex 122.798 80.4351 26
      vertex 122.798 80.4351 38
    endloop
  endfacet
  facet normal 0.994521 0.104539 0
    outer loop
      vertex 122.798 80.4351 26
      vertex 124 69 38
      vertex 124 69 26
    endloop
  endfacet
  facet normal 0.994521 -0.104539 0
    outer loop
      vertex 122.798 57.5649 38
      vertex 124 69 26
      vertex 124 69 38
    endloop
  endfacet
  facet normal 0.994521 -0.104539 0
    outer loop
      vertex 124 69 26
      vertex 122.798 57.5649 38
      vertex 122.798 57.5649 26
    endloop
  endfacet
  facet normal -0.207913 -0.978147 0
    outer loop
      vertex 52.0041 16.6919 26
      vertex 63.2509 14.3013 38
      vertex 52.0041 16.6919 38
    endloop
  endfacet
  facet normal -0.207913 -0.978147 -0
    outer loop
      vertex 63.2509 14.3013 38
      vertex 52.0041 16.6919 26
      vertex 63.2509 14.3013 26
    endloop
  endfacet
  facet normal 0.95106 -0.309007 0
    outer loop
      vertex 119.245 46.6295 38
      vertex 122.798 57.5649 26
      vertex 122.798 57.5649 38
    endloop
  endfacet
  facet normal 0.95106 -0.309007 0
    outer loop
      vertex 122.798 57.5649 26
      vertex 119.245 46.6295 38
      vertex 119.245 46.6295 26
    endloop
  endfacet
  facet normal -0.866025 -0.500001 0
    outer loop
      vertex 24.5041 36.6718 26
      vertex 18.755 46.6295 38
      vertex 18.755 46.6295 26
    endloop
  endfacet
  facet normal -0.866025 -0.500001 0
    outer loop
      vertex 18.755 46.6295 38
      vertex 24.5041 36.6718 26
      vertex 24.5041 36.6718 38
    endloop
  endfacet
  facet normal -0.587783 -0.809019 0
    outer loop
      vertex 32.1978 28.127 26
      vertex 41.5 21.3686 38
      vertex 32.1978 28.127 38
    endloop
  endfacet
  facet normal -0.587783 -0.809019 -0
    outer loop
      vertex 41.5 21.3686 38
      vertex 32.1978 28.127 26
      vertex 41.5 21.3686 26
    endloop
  endfacet
  facet normal 0.406756 0.913537 -0
    outer loop
      vertex 96.5 116.631 26
      vertex 85.9959 121.308 38
      vertex 96.5 116.631 38
    endloop
  endfacet
  facet normal 0.406756 0.913537 0
    outer loop
      vertex 85.9959 121.308 38
      vertex 96.5 116.631 26
      vertex 85.9959 121.308 26
    endloop
  endfacet
  facet normal 0.587791 -0.809013 0
    outer loop
      vertex 96.5 21.3686 26
      vertex 105.802 28.127 38
      vertex 96.5 21.3686 38
    endloop
  endfacet
  facet normal 0.587791 -0.809013 0
    outer loop
      vertex 105.802 28.127 38
      vertex 96.5 21.3686 26
      vertex 105.802 28.127 26
    endloop
  endfacet
  facet normal -0.58776 0.809035 0
    outer loop
      vertex 41.5 116.631 26
      vertex 32.1978 109.873 38
      vertex 41.5 116.631 38
    endloop
  endfacet
  facet normal -0.58776 0.809035 0
    outer loop
      vertex 32.1978 109.873 38
      vertex 41.5 116.631 26
      vertex 32.1978 109.873 26
    endloop
  endfacet
  facet normal -0.951057 -0.309015 0
    outer loop
      vertex 18.755 46.6295 26
      vertex 15.2019 57.5649 38
      vertex 15.2019 57.5649 26
    endloop
  endfacet
  facet normal -0.951057 -0.309015 0
    outer loop
      vertex 15.2019 57.5649 38
      vertex 18.755 46.6295 26
      vertex 18.755 46.6295 38
    endloop
  endfacet
  facet normal 0.866028 -0.499995 0
    outer loop
      vertex 113.496 36.6718 38
      vertex 119.245 46.6295 26
      vertex 119.245 46.6295 38
    endloop
  endfacet
  facet normal 0.866028 -0.499995 0
    outer loop
      vertex 119.245 46.6295 26
      vertex 113.496 36.6718 38
      vertex 113.496 36.6718 26
    endloop
  endfacet
  facet normal 0 1 -0
    outer loop
      vertex 74.7491 123.699 26
      vertex 63.2509 123.699 38
      vertex 74.7491 123.699 38
    endloop
  endfacet
  facet normal 0 1 0
    outer loop
      vertex 63.2509 123.699 38
      vertex 74.7491 123.699 26
      vertex 63.2509 123.699 26
    endloop
  endfacet
  facet normal -0.951057 0.309015 0
    outer loop
      vertex 15.2019 80.4351 26
      vertex 18.755 91.3705 38
      vertex 18.755 91.3705 26
    endloop
  endfacet
  facet normal -0.951057 0.309015 0
    outer loop
      vertex 18.755 91.3705 38
      vertex 15.2019 80.4351 26
      vertex 15.2019 80.4351 38
    endloop
  endfacet
  facet normal -0.86602 0.500009 0
    outer loop
      vertex 18.755 91.3705 26
      vertex 24.5041 101.328 38
      vertex 24.5041 101.328 26
    endloop
  endfacet
  facet normal -0.86602 0.500009 0
    outer loop
      vertex 24.5041 101.328 38
      vertex 18.755 91.3705 26
      vertex 18.755 91.3705 38
    endloop
  endfacet
  facet normal -0.743156 0.669118 0
    outer loop
      vertex 24.5041 101.328 26
      vertex 32.1978 109.873 38
      vertex 32.1978 109.873 26
    endloop
  endfacet
  facet normal -0.743156 0.669118 0
    outer loop
      vertex 32.1978 109.873 38
      vertex 24.5041 101.328 26
      vertex 24.5041 101.328 38
    endloop
  endfacet
  facet normal -0.207947 0.97814 0
    outer loop
      vertex 63.2509 123.699 26
      vertex 52.0041 121.308 38
      vertex 63.2509 123.699 38
    endloop
  endfacet
  facet normal -0.207947 0.97814 0
    outer loop
      vertex 52.0041 121.308 38
      vertex 63.2509 123.699 26
      vertex 52.0041 121.308 26
    endloop
  endfacet
  facet normal 0 0 1
    outer loop
      vertex 120 69 38
      vertex 124 69 38
      vertex 122.798 80.4351 38
    endloop
  endfacet
  facet normal 0 0 1
    outer loop
      vertex 124 69 38
      vertex 120 69 38
      vertex 122.798 57.5649 38
    endloop
  endfacet
  facet normal 0 0 1
    outer loop
      vertex 118.886 79.6035 38
      vertex 122.798 80.4351 38
      vertex 119.245 91.3705 38
    endloop
  endfacet
  facet normal 0 0 1
    outer loop
      vertex 122.798 80.4351 38
      vertex 118.886 79.6035 38
      vertex 120 69 38
    endloop
  endfacet
  facet normal 0 0 1
    outer loop
      vertex 119.245 91.3705 38
      vertex 115.591 89.7436 38
      vertex 118.886 79.6035 38
    endloop
  endfacet
  facet normal 0 0 1
    outer loop
      vertex 113.496 101.328 38
      vertex 115.591 89.7436 38
      vertex 119.245 91.3705 38
    endloop
  endfacet
  facet normal 0 0 1
    outer loop
      vertex 113.496 101.328 38
      vertex 110.26 98.9771 38
      vertex 115.591 89.7436 38
    endloop
  endfacet
  facet normal 0 0 1
    outer loop
      vertex 105.802 109.873 38
      vertex 110.26 98.9771 38
      vertex 113.496 101.328 38
    endloop
  endfacet
  facet normal 0 0 1
    outer loop
      vertex 105.802 109.873 38
      vertex 103.126 106.9 38
      vertex 110.26 98.9771 38
    endloop
  endfacet
  facet normal 0 0 1
    outer loop
      vertex 96.5 116.631 38
      vertex 103.126 106.9 38
      vertex 105.802 109.873 38
    endloop
  endfacet
  facet normal 0 0 1
    outer loop
      vertex 96.5 116.631 38
      vertex 94.5 113.167 38
      vertex 103.126 106.9 38
    endloop
  endfacet
  facet normal 0 0 1
    outer loop
      vertex 85.9959 121.308 38
      vertex 94.5 113.167 38
      vertex 96.5 116.631 38
    endloop
  endfacet
  facet normal 0 0 1
    outer loop
      vertex 85.9959 121.308 38
      vertex 84.7599 117.504 38
      vertex 94.5 113.167 38
    endloop
  endfacet
  facet normal 0 0 1
    outer loop
      vertex 74.7491 123.699 38
      vertex 84.7599 117.504 38
      vertex 85.9959 121.308 38
    endloop
  endfacet
  facet normal 0 0 1
    outer loop
      vertex 74.7491 123.699 38
      vertex 74.3309 119.721 38
      vertex 84.7599 117.504 38
    endloop
  endfacet
  facet normal 0 0 1
    outer loop
      vertex 74.7491 123.699 38
      vertex 63.669 119.721 38
      vertex 74.3309 119.721 38
    endloop
  endfacet
  facet normal -0 0 1
    outer loop
      vertex 63.2509 123.699 38
      vertex 63.669 119.721 38
      vertex 74.7491 123.699 38
    endloop
  endfacet
  facet normal 0 0 1
    outer loop
      vertex 63.2509 123.699 38
      vertex 53.2401 117.504 38
      vertex 63.669 119.721 38
    endloop
  endfacet
  facet normal -0 0 1
    outer loop
      vertex 52.0041 121.308 38
      vertex 53.2401 117.504 38
      vertex 63.2509 123.699 38
    endloop
  endfacet
  facet normal 0 0 1
    outer loop
      vertex 52.0041 121.308 38
      vertex 43.5 113.167 38
      vertex 53.2401 117.504 38
    endloop
  endfacet
  facet normal -0 0 1
    outer loop
      vertex 41.5 116.631 38
      vertex 43.5 113.167 38
      vertex 52.0041 121.308 38
    endloop
  endfacet
  facet normal 0 0 1
    outer loop
      vertex 41.5 116.631 38
      vertex 34.8743 106.9 38
      vertex 43.5 113.167 38
    endloop
  endfacet
  facet normal -0 0 1
    outer loop
      vertex 32.1978 109.873 38
      vertex 34.8743 106.9 38
      vertex 41.5 116.631 38
    endloop
  endfacet
  facet normal 0 0 1
    outer loop
      vertex 32.1978 109.873 38
      vertex 27.7401 98.9771 38
      vertex 34.8743 106.9 38
    endloop
  endfacet
  facet normal -0 0 1
    outer loop
      vertex 24.5041 101.328 38
      vertex 27.7401 98.9771 38
      vertex 32.1978 109.873 38
    endloop
  endfacet
  facet normal 0 0 1
    outer loop
      vertex 24.5041 101.328 38
      vertex 22.4092 89.7436 38
      vertex 27.7401 98.9771 38
    endloop
  endfacet
  facet normal -0 0 1
    outer loop
      vertex 18.755 91.3705 38
      vertex 22.4092 89.7436 38
      vertex 24.5041 101.328 38
    endloop
  endfacet
  facet normal 0 0 1
    outer loop
      vertex 22.4092 89.7436 38
      vertex 18.755 91.3705 38
      vertex 19.1145 79.6035 38
    endloop
  endfacet
  facet normal -0 0 1
    outer loop
      vertex 15.2019 80.4351 38
      vertex 19.1145 79.6035 38
      vertex 18.755 91.3705 38
    endloop
  endfacet
  facet normal 0 0 1
    outer loop
      vertex 19.1145 79.6035 38
      vertex 15.2019 80.4351 38
      vertex 18 69 38
    endloop
  endfacet
  facet normal -0 0 1
    outer loop
      vertex 118.886 58.3965 38
      vertex 122.798 57.5649 38
      vertex 120 69 38
    endloop
  endfacet
  facet normal 0 0 1
    outer loop
      vertex 122.798 57.5649 38
      vertex 118.886 58.3965 38
      vertex 119.245 46.6295 38
    endloop
  endfacet
  facet normal -0 0 1
    outer loop
      vertex 115.591 48.2564 38
      vertex 119.245 46.6295 38
      vertex 118.886 58.3965 38
    endloop
  endfacet
  facet normal 0 0 1
    outer loop
      vertex 115.591 48.2564 38
      vertex 113.496 36.6718 38
      vertex 119.245 46.6295 38
    endloop
  endfacet
  facet normal -0 0 1
    outer loop
      vertex 110.26 39.023 38
      vertex 113.496 36.6718 38
      vertex 115.591 48.2564 38
    endloop
  endfacet
  facet normal 0 0 1
    outer loop
      vertex 110.26 39.023 38
      vertex 105.802 28.127 38
      vertex 113.496 36.6718 38
    endloop
  endfacet
  facet normal -0 0 1
    outer loop
      vertex 103.126 31.0996 38
      vertex 105.802 28.127 38
      vertex 110.26 39.023 38
    endloop
  endfacet
  facet normal 0 0 1
    outer loop
      vertex 103.126 31.0996 38
      vertex 96.5 21.3686 38
      vertex 105.802 28.127 38
    endloop
  endfacet
  facet normal -0 0 1
    outer loop
      vertex 94.5 24.8327 38
      vertex 96.5 21.3686 38
      vertex 103.126 31.0996 38
    endloop
  endfacet
  facet normal 0 0 1
    outer loop
      vertex 94.5 24.8327 38
      vertex 85.9959 16.6919 38
      vertex 96.5 21.3686 38
    endloop
  endfacet
  facet normal -0 0 1
    outer loop
      vertex 84.7599 20.4961 38
      vertex 85.9959 16.6919 38
      vertex 94.5 24.8327 38
    endloop
  endfacet
  facet normal 0 0 1
    outer loop
      vertex 84.7599 20.4961 38
      vertex 74.7491 14.3013 38
      vertex 85.9959 16.6919 38
    endloop
  endfacet
  facet normal -0 0 1
    outer loop
      vertex 74.3309 18.2794 38
      vertex 74.7491 14.3013 38
      vertex 84.7599 20.4961 38
    endloop
  endfacet
  facet normal -0 0 1
    outer loop
      vertex 63.669 18.2794 38
      vertex 74.7491 14.3013 38
      vertex 74.3309 18.2794 38
    endloop
  endfacet
  facet normal 0 0 1
    outer loop
      vertex 63.669 18.2794 38
      vertex 63.2509 14.3013 38
      vertex 74.7491 14.3013 38
    endloop
  endfacet
  facet normal 0 0 1
    outer loop
      vertex 53.2401 20.4961 38
      vertex 63.2509 14.3013 38
      vertex 63.669 18.2794 38
    endloop
  endfacet
  facet normal 0 0 1
    outer loop
      vertex 53.2401 20.4961 38
      vertex 52.0041 16.6919 38
      vertex 63.2509 14.3013 38
    endloop
  endfacet
  facet normal 0 0 1
    outer loop
      vertex 43.5 24.8327 38
      vertex 52.0041 16.6919 38
      vertex 53.2401 20.4961 38
    endloop
  endfacet
  facet normal 0 0 1
    outer loop
      vertex 43.5 24.8327 38
      vertex 41.5 21.3686 38
      vertex 52.0041 16.6919 38
    endloop
  endfacet
  facet normal 0 0 1
    outer loop
      vertex 34.8743 31.0996 38
      vertex 41.5 21.3686 38
      vertex 43.5 24.8327 38
    endloop
  endfacet
  facet normal 0 0 1
    outer loop
      vertex 34.8743 31.0996 38
      vertex 32.1978 28.127 38
      vertex 41.5 21.3686 38
    endloop
  endfacet
  facet normal 0 0 1
    outer loop
      vertex 27.7401 39.023 38
      vertex 32.1978 28.127 38
      vertex 34.8743 31.0996 38
    endloop
  endfacet
  facet normal 0 0 1
    outer loop
      vertex 27.7401 39.023 38
      vertex 24.5041 36.6718 38
      vertex 32.1978 28.127 38
    endloop
  endfacet
  facet normal 0 0 1
    outer loop
      vertex 22.4092 48.2564 38
      vertex 24.5041 36.6718 38
      vertex 27.7401 39.023 38
    endloop
  endfacet
  facet normal 0 0 1
    outer loop
      vertex 18.755 46.6295 38
      vertex 22.4092 48.2564 38
      vertex 19.1145 58.3965 38
    endloop
  endfacet
  facet normal 0 0 1
    outer loop
      vertex 22.4092 48.2564 38
      vertex 18.755 46.6295 38
      vertex 24.5041 36.6718 38
    endloop
  endfacet
  facet normal 0 0 1
    outer loop
      vertex 15.2019 57.5649 38
      vertex 19.1145 58.3965 38
      vertex 18 69 38
    endloop
  endfacet
  facet normal 0 0 1
    outer loop
      vertex 14 69 38
      vertex 18 69 38
      vertex 15.2019 80.4351 38
    endloop
  endfacet
  facet normal 0 0 1
    outer loop
      vertex 19.1145 58.3965 38
      vertex 15.2019 57.5649 38
      vertex 18.755 46.6295 38
    endloop
  endfacet
  facet normal 0 0 1
    outer loop
      vertex 18 69 38
      vertex 14 69 38
      vertex 15.2019 57.5649 38
    endloop
  endfacet
  facet normal 0.207913 -0.978147 0
    outer loop
      vertex 74.7491 14.3013 26
      vertex 85.9959 16.6919 38
      vertex 74.7491 14.3013 38
    endloop
  endfacet
  facet normal 0.207913 -0.978147 0
    outer loop
      vertex 85.9959 16.6919 38
      vertex 74.7491 14.3013 26
      vertex 85.9959 16.6919 26
    endloop
  endfacet
  facet normal 0.743135 -0.669142 0
    outer loop
      vertex 105.802 28.127 38
      vertex 113.496 36.6718 26
      vertex 113.496 36.6718 38
    endloop
  endfacet
  facet normal 0.743135 -0.669142 0
    outer loop
      vertex 113.496 36.6718 26
      vertex 105.802 28.127 38
      vertex 105.802 28.127 26
    endloop
  endfacet
  facet normal -0.406756 0.913537 0
    outer loop
      vertex 52.0041 121.308 26
      vertex 41.5 116.631 38
      vertex 52.0041 121.308 38
    endloop
  endfacet
  facet normal -0.406756 0.913537 0
    outer loop
      vertex 41.5 116.631 38
      vertex 52.0041 121.308 26
      vertex 41.5 116.631 26
    endloop
  endfacet
  facet normal 0.406735 -0.913546 0
    outer loop
      vertex 85.9959 16.6919 26
      vertex 96.5 21.3686 38
      vertex 85.9959 16.6919 38
    endloop
  endfacet
  facet normal 0.406735 -0.913546 0
    outer loop
      vertex 96.5 21.3686 38
      vertex 85.9959 16.6919 26
      vertex 96.5 21.3686 26
    endloop
  endfacet
  facet normal -0.406735 -0.913546 0
    outer loop
      vertex 41.5 21.3686 26
      vertex 52.0041 16.6919 38
      vertex 41.5 21.3686 38
    endloop
  endfacet
  facet normal -0.406735 -0.913546 -0
    outer loop
      vertex 52.0041 16.6919 38
      vertex 41.5 21.3686 26
      vertex 52.0041 16.6919 26
    endloop
  endfacet
  facet normal 0.587768 0.809029 -0
    outer loop
      vertex 105.802 109.873 26
      vertex 96.5 116.631 38
      vertex 105.802 109.873 38
    endloop
  endfacet
  facet normal 0.587768 0.809029 0
    outer loop
      vertex 96.5 116.631 38
      vertex 105.802 109.873 26
      vertex 96.5 116.631 26
    endloop
  endfacet
  facet normal 0.743143 0.669133 0
    outer loop
      vertex 113.496 101.328 38
      vertex 105.802 109.873 26
      vertex 105.802 109.873 38
    endloop
  endfacet
  facet normal 0.743143 0.669133 0
    outer loop
      vertex 105.802 109.873 26
      vertex 113.496 101.328 38
      vertex 113.496 101.328 26
    endloop
  endfacet
  facet normal 0.207947 0.97814 -0
    outer loop
      vertex 85.9959 121.308 26
      vertex 74.7491 123.699 38
      vertex 85.9959 121.308 38
    endloop
  endfacet
  facet normal 0.207947 0.97814 0
    outer loop
      vertex 74.7491 123.699 38
      vertex 85.9959 121.308 26
      vertex 74.7491 123.699 26
    endloop
  endfacet
  facet normal -0.994522 0.10453 0
    outer loop
      vertex 14 69 26
      vertex 15.2019 80.4351 38
      vertex 15.2019 80.4351 26
    endloop
  endfacet
  facet normal -0.994522 0.10453 0
    outer loop
      vertex 15.2019 80.4351 38
      vertex 14 69 26
      vertex 14 69 38
    endloop
  endfacet
  facet normal 0 -1 0
    outer loop
      vertex 63.2509 14.3013 26
      vertex 74.7491 14.3013 38
      vertex 63.2509 14.3013 38
    endloop
  endfacet
  facet normal 0 -1 -0
    outer loop
      vertex 74.7491 14.3013 38
      vertex 63.2509 14.3013 26
      vertex 74.7491 14.3013 26
    endloop
  endfacet
  facet normal -0.994522 -0.10453 0
    outer loop
      vertex 15.2019 57.5649 26
      vertex 14 69 38
      vertex 14 69 26
    endloop
  endfacet
  facet normal -0.994522 -0.10453 0
    outer loop
      vertex 14 69 38
      vertex 15.2019 57.5649 26
      vertex 15.2019 57.5649 38
    endloop
  endfacet
  facet normal -0.743148 -0.669127 0
    outer loop
      vertex 32.1978 28.127 26
      vertex 24.5041 36.6718 38
      vertex 24.5041 36.6718 26
    endloop
  endfacet
  facet normal -0.743148 -0.669127 0
    outer loop
      vertex 24.5041 36.6718 38
      vertex 32.1978 28.127 26
      vertex 32.1978 28.127 38
    endloop
  endfacet
  facet normal 0 0 -1
    outer loop
      vertex 120 69 26
      vertex 124 69 26
      vertex 122.798 57.5649 26
    endloop
  endfacet
  facet normal 0 0 -1
    outer loop
      vertex 124 69 26
      vertex 120 69 26
      vertex 122.798 80.4351 26
    endloop
  endfacet
  facet normal 0 0 -1
    outer loop
      vertex 118.886 58.3965 26
      vertex 122.798 57.5649 26
      vertex 119.245 46.6295 26
    endloop
  endfacet
  facet normal 0 0 -1
    outer loop
      vertex 122.798 57.5649 26
      vertex 118.886 58.3965 26
      vertex 120 69 26
    endloop
  endfacet
  facet normal 0 0 -1
    outer loop
      vertex 119.245 46.6295 26
      vertex 115.591 48.2564 26
      vertex 118.886 58.3965 26
    endloop
  endfacet
  facet normal 0 0 -1
    outer loop
      vertex 113.496 36.6718 26
      vertex 115.591 48.2564 26
      vertex 119.245 46.6295 26
    endloop
  endfacet
  facet normal 0 0 -1
    outer loop
      vertex 113.496 36.6718 26
      vertex 110.26 39.023 26
      vertex 115.591 48.2564 26
    endloop
  endfacet
  facet normal 0 0 -1
    outer loop
      vertex 105.802 28.127 26
      vertex 110.26 39.023 26
      vertex 113.496 36.6718 26
    endloop
  endfacet
  facet normal 0 0 -1
    outer loop
      vertex 105.802 28.127 26
      vertex 103.126 31.0996 26
      vertex 110.26 39.023 26
    endloop
  endfacet
  facet normal 0 0 -1
    outer loop
      vertex 96.5 21.3686 26
      vertex 103.126 31.0996 26
      vertex 105.802 28.127 26
    endloop
  endfacet
  facet normal 0 0 -1
    outer loop
      vertex 96.5 21.3686 26
      vertex 94.5 24.8327 26
      vertex 103.126 31.0996 26
    endloop
  endfacet
  facet normal 0 0 -1
    outer loop
      vertex 85.9959 16.6919 26
      vertex 94.5 24.8327 26
      vertex 96.5 21.3686 26
    endloop
  endfacet
  facet normal 0 0 -1
    outer loop
      vertex 85.9959 16.6919 26
      vertex 84.7599 20.4961 26
      vertex 94.5 24.8327 26
    endloop
  endfacet
  facet normal 0 0 -1
    outer loop
      vertex 74.7491 14.3013 26
      vertex 84.7599 20.4961 26
      vertex 85.9959 16.6919 26
    endloop
  endfacet
  facet normal 0 0 -1
    outer loop
      vertex 74.7491 14.3013 26
      vertex 74.3309 18.2794 26
      vertex 84.7599 20.4961 26
    endloop
  endfacet
  facet normal 0 0 -1
    outer loop
      vertex 74.7491 14.3013 26
      vertex 63.669 18.2794 26
      vertex 74.3309 18.2794 26
    endloop
  endfacet
  facet normal 0 0 -1
    outer loop
      vertex 63.2509 14.3013 26
      vertex 63.669 18.2794 26
      vertex 74.7491 14.3013 26
    endloop
  endfacet
  facet normal 0 0 -1
    outer loop
      vertex 63.2509 14.3013 26
      vertex 53.2401 20.4961 26
      vertex 63.669 18.2794 26
    endloop
  endfacet
  facet normal 0 0 -1
    outer loop
      vertex 52.0041 16.6919 26
      vertex 53.2401 20.4961 26
      vertex 63.2509 14.3013 26
    endloop
  endfacet
  facet normal 0 0 -1
    outer loop
      vertex 52.0041 16.6919 26
      vertex 43.5 24.8327 26
      vertex 53.2401 20.4961 26
    endloop
  endfacet
  facet normal 0 0 -1
    outer loop
      vertex 41.5 21.3686 26
      vertex 43.5 24.8327 26
      vertex 52.0041 16.6919 26
    endloop
  endfacet
  facet normal 0 0 -1
    outer loop
      vertex 41.5 21.3686 26
      vertex 34.8743 31.0996 26
      vertex 43.5 24.8327 26
    endloop
  endfacet
  facet normal 0 0 -1
    outer loop
      vertex 32.1978 28.127 26
      vertex 34.8743 31.0996 26
      vertex 41.5 21.3686 26
    endloop
  endfacet
  facet normal 0 0 -1
    outer loop
      vertex 32.1978 28.127 26
      vertex 27.7401 39.023 26
      vertex 34.8743 31.0996 26
    endloop
  endfacet
  facet normal 0 0 -1
    outer loop
      vertex 24.5041 36.6718 26
      vertex 27.7401 39.023 26
      vertex 32.1978 28.127 26
    endloop
  endfacet
  facet normal 0 0 -1
    outer loop
      vertex 24.5041 36.6718 26
      vertex 22.4092 48.2564 26
      vertex 27.7401 39.023 26
    endloop
  endfacet
  facet normal 0 0 -1
    outer loop
      vertex 18.755 46.6295 26
      vertex 22.4092 48.2564 26
      vertex 24.5041 36.6718 26
    endloop
  endfacet
  facet normal -0 0 -1
    outer loop
      vertex 22.4092 48.2564 26
      vertex 18.755 46.6295 26
      vertex 19.1145 58.3965 26
    endloop
  endfacet
  facet normal 0 0 -1
    outer loop
      vertex 15.2019 57.5649 26
      vertex 19.1145 58.3965 26
      vertex 18.755 46.6295 26
    endloop
  endfacet
  facet normal -0 0 -1
    outer loop
      vertex 19.1145 58.3965 26
      vertex 15.2019 57.5649 26
      vertex 18 69 26
    endloop
  endfacet
  facet normal 0 0 -1
    outer loop
      vertex 118.886 79.6035 26
      vertex 122.798 80.4351 26
      vertex 120 69 26
    endloop
  endfacet
  facet normal -0 0 -1
    outer loop
      vertex 122.798 80.4351 26
      vertex 118.886 79.6035 26
      vertex 119.245 91.3705 26
    endloop
  endfacet
  facet normal 0 0 -1
    outer loop
      vertex 115.591 89.7436 26
      vertex 119.245 91.3705 26
      vertex 118.886 79.6035 26
    endloop
  endfacet
  facet normal 0 0 -1
    outer loop
      vertex 115.591 89.7436 26
      vertex 113.496 101.328 26
      vertex 119.245 91.3705 26
    endloop
  endfacet
  facet normal 0 0 -1
    outer loop
      vertex 110.26 98.9771 26
      vertex 113.496 101.328 26
      vertex 115.591 89.7436 26
    endloop
  endfacet
  facet normal 0 0 -1
    outer loop
      vertex 110.26 98.9771 26
      vertex 105.802 109.873 26
      vertex 113.496 101.328 26
    endloop
  endfacet
  facet normal 0 0 -1
    outer loop
      vertex 103.126 106.9 26
      vertex 105.802 109.873 26
      vertex 110.26 98.9771 26
    endloop
  endfacet
  facet normal 0 0 -1
    outer loop
      vertex 103.126 106.9 26
      vertex 96.5 116.631 26
      vertex 105.802 109.873 26
    endloop
  endfacet
  facet normal 0 0 -1
    outer loop
      vertex 94.5 113.167 26
      vertex 96.5 116.631 26
      vertex 103.126 106.9 26
    endloop
  endfacet
  facet normal 0 0 -1
    outer loop
      vertex 94.5 113.167 26
      vertex 85.9959 121.308 26
      vertex 96.5 116.631 26
    endloop
  endfacet
  facet normal 0 0 -1
    outer loop
      vertex 84.7599 117.504 26
      vertex 85.9959 121.308 26
      vertex 94.5 113.167 26
    endloop
  endfacet
  facet normal 0 0 -1
    outer loop
      vertex 84.7599 117.504 26
      vertex 74.7491 123.699 26
      vertex 85.9959 121.308 26
    endloop
  endfacet
  facet normal 0 0 -1
    outer loop
      vertex 74.3309 119.721 26
      vertex 74.7491 123.699 26
      vertex 84.7599 117.504 26
    endloop
  endfacet
  facet normal 0 0 -1
    outer loop
      vertex 63.669 119.721 26
      vertex 74.7491 123.699 26
      vertex 74.3309 119.721 26
    endloop
  endfacet
  facet normal 0 0 -1
    outer loop
      vertex 63.669 119.721 26
      vertex 63.2509 123.699 26
      vertex 74.7491 123.699 26
    endloop
  endfacet
  facet normal 0 0 -1
    outer loop
      vertex 53.2401 117.504 26
      vertex 63.2509 123.699 26
      vertex 63.669 119.721 26
    endloop
  endfacet
  facet normal 0 0 -1
    outer loop
      vertex 53.2401 117.504 26
      vertex 52.0041 121.308 26
      vertex 63.2509 123.699 26
    endloop
  endfacet
  facet normal 0 0 -1
    outer loop
      vertex 43.5 113.167 26
      vertex 52.0041 121.308 26
      vertex 53.2401 117.504 26
    endloop
  endfacet
  facet normal 0 0 -1
    outer loop
      vertex 43.5 113.167 26
      vertex 41.5 116.631 26
      vertex 52.0041 121.308 26
    endloop
  endfacet
  facet normal 0 0 -1
    outer loop
      vertex 34.8743 106.9 26
      vertex 41.5 116.631 26
      vertex 43.5 113.167 26
    endloop
  endfacet
  facet normal 0 0 -1
    outer loop
      vertex 34.8743 106.9 26
      vertex 32.1978 109.873 26
      vertex 41.5 116.631 26
    endloop
  endfacet
  facet normal 0 0 -1
    outer loop
      vertex 27.7401 98.9771 26
      vertex 32.1978 109.873 26
      vertex 34.8743 106.9 26
    endloop
  endfacet
  facet normal 0 0 -1
    outer loop
      vertex 27.7401 98.9771 26
      vertex 24.5041 101.328 26
      vertex 32.1978 109.873 26
    endloop
  endfacet
  facet normal 0 0 -1
    outer loop
      vertex 22.4092 89.7436 26
      vertex 24.5041 101.328 26
      vertex 27.7401 98.9771 26
    endloop
  endfacet
  facet normal 0 0 -1
    outer loop
      vertex 18.755 91.3705 26
      vertex 22.4092 89.7436 26
      vertex 19.1145 79.6035 26
    endloop
  endfacet
  facet normal 0 0 -1
    outer loop
      vertex 22.4092 89.7436 26
      vertex 18.755 91.3705 26
      vertex 24.5041 101.328 26
    endloop
  endfacet
  facet normal 0 0 -1
    outer loop
      vertex 15.2019 80.4351 26
      vertex 19.1145 79.6035 26
      vertex 18 69 26
    endloop
  endfacet
  facet normal 0 0 -1
    outer loop
      vertex 14 69 26
      vertex 18 69 26
      vertex 15.2019 57.5649 26
    endloop
  endfacet
  facet normal 0 0 -1
    outer loop
      vertex 19.1145 79.6035 26
      vertex 15.2019 80.4351 26
      vertex 18.755 91.3705 26
    endloop
  endfacet
  facet normal 0 0 -1
    outer loop
      vertex 18 69 26
      vertex 14 69 26
      vertex 15.2019 80.4351 26
    endloop
  endfacet
  facet normal -0.951049 -0.309041 0
    outer loop
      vertex 118.886 79.6035 26
      vertex 115.591 89.7436 38
      vertex 115.591 89.7436 26
    endloop
  endfacet
  facet normal -0.951049 -0.309041 0
    outer loop
      vertex 115.591 89.7436 38
      vertex 118.886 79.6035 26
      vertex 118.886 79.6035 38
    endloop
  endfacet
  facet normal -0.994527 -0.104485 0
    outer loop
      vertex 120 69 26
      vertex 118.886 79.6035 38
      vertex 118.886 79.6035 26
    endloop
  endfacet
  facet normal -0.994527 -0.104485 0
    outer loop
      vertex 118.886 79.6035 38
      vertex 120 69 26
      vertex 120 69 38
    endloop
  endfacet
  facet normal -0.994527 0.104485 0
    outer loop
      vertex 118.886 58.3965 26
      vertex 120 69 38
      vertex 120 69 26
    endloop
  endfacet
  facet normal -0.994527 0.104485 0
    outer loop
      vertex 120 69 38
      vertex 118.886 58.3965 26
      vertex 118.886 58.3965 38
    endloop
  endfacet
  facet normal -0.40677 -0.913531 0
    outer loop
      vertex 84.7599 117.504 26
      vertex 94.5 113.167 38
      vertex 84.7599 117.504 38
    endloop
  endfacet
  facet normal -0.40677 -0.913531 -0
    outer loop
      vertex 94.5 113.167 38
      vertex 84.7599 117.504 26
      vertex 94.5 113.167 26
    endloop
  endfacet
  facet normal -0.406739 0.913544 0
    outer loop
      vertex 94.5 24.8327 26
      vertex 84.7599 20.4961 38
      vertex 94.5 24.8327 38
    endloop
  endfacet
  facet normal -0.406739 0.913544 0
    outer loop
      vertex 84.7599 20.4961 38
      vertex 94.5 24.8327 26
      vertex 84.7599 20.4961 26
    endloop
  endfacet
  facet normal 0.587789 -0.809014 0
    outer loop
      vertex 34.8743 106.9 26
      vertex 43.5 113.167 38
      vertex 34.8743 106.9 38
    endloop
  endfacet
  facet normal 0.587789 -0.809014 0
    outer loop
      vertex 43.5 113.167 38
      vertex 34.8743 106.9 26
      vertex 43.5 113.167 26
    endloop
  endfacet
  facet normal 0.207936 -0.978142 0
    outer loop
      vertex 53.2401 117.504 26
      vertex 63.669 119.721 38
      vertex 53.2401 117.504 38
    endloop
  endfacet
  facet normal 0.207936 -0.978142 0
    outer loop
      vertex 63.669 119.721 38
      vertex 53.2401 117.504 26
      vertex 63.669 119.721 26
    endloop
  endfacet
  facet normal 0.743127 -0.669151 0
    outer loop
      vertex 27.7401 98.9771 38
      vertex 34.8743 106.9 26
      vertex 34.8743 106.9 38
    endloop
  endfacet
  facet normal 0.743127 -0.669151 0
    outer loop
      vertex 34.8743 106.9 26
      vertex 27.7401 98.9771 38
      vertex 27.7401 98.9771 26
    endloop
  endfacet
  facet normal 0.406739 0.913544 -0
    outer loop
      vertex 53.2401 20.4961 26
      vertex 43.5 24.8327 38
      vertex 53.2401 20.4961 38
    endloop
  endfacet
  facet normal 0.406739 0.913544 0
    outer loop
      vertex 43.5 24.8327 38
      vertex 53.2401 20.4961 26
      vertex 43.5 24.8327 26
    endloop
  endfacet
  facet normal 0.207909 0.978148 -0
    outer loop
      vertex 63.669 18.2794 26
      vertex 53.2401 20.4961 38
      vertex 63.669 18.2794 38
    endloop
  endfacet
  facet normal 0.207909 0.978148 0
    outer loop
      vertex 53.2401 20.4961 38
      vertex 63.669 18.2794 26
      vertex 53.2401 20.4961 26
    endloop
  endfacet
  facet normal 0.951057 -0.309015 0
    outer loop
      vertex 19.1145 79.6035 38
      vertex 22.4092 89.7436 26
      vertex 22.4092 89.7436 38
    endloop
  endfacet
  facet normal 0.951057 -0.309015 0
    outer loop
      vertex 22.4092 89.7436 26
      vertex 19.1145 79.6035 38
      vertex 19.1145 79.6035 26
    endloop
  endfacet
  facet normal -0.743157 0.669117 0
    outer loop
      vertex 103.126 31.0996 26
      vertex 110.26 39.023 38
      vertex 110.26 39.023 26
    endloop
  endfacet
  facet normal -0.743157 0.669117 0
    outer loop
      vertex 110.26 39.023 38
      vertex 103.126 31.0996 26
      vertex 103.126 31.0996 38
    endloop
  endfacet
  facet normal -0.866022 0.500007 0
    outer loop
      vertex 110.26 39.023 26
      vertex 115.591 48.2564 38
      vertex 115.591 48.2564 26
    endloop
  endfacet
  facet normal -0.866022 0.500007 0
    outer loop
      vertex 115.591 48.2564 38
      vertex 110.26 39.023 26
      vertex 110.26 39.023 38
    endloop
  endfacet
  facet normal -0.58777 0.809028 0
    outer loop
      vertex 103.126 31.0996 26
      vertex 94.5 24.8327 38
      vertex 103.126 31.0996 38
    endloop
  endfacet
  facet normal -0.58777 0.809028 0
    outer loop
      vertex 94.5 24.8327 38
      vertex 103.126 31.0996 26
      vertex 94.5 24.8327 26
    endloop
  endfacet
  facet normal 0 -1 0
    outer loop
      vertex 63.669 119.721 26
      vertex 74.3309 119.721 38
      vertex 63.669 119.721 38
    endloop
  endfacet
  facet normal 0 -1 -0
    outer loop
      vertex 74.3309 119.721 38
      vertex 63.669 119.721 26
      vertex 74.3309 119.721 26
    endloop
  endfacet
  facet normal -0.951049 0.309041 0
    outer loop
      vertex 115.591 48.2564 26
      vertex 118.886 58.3965 38
      vertex 118.886 58.3965 26
    endloop
  endfacet
  facet normal -0.951049 0.309041 0
    outer loop
      vertex 118.886 58.3965 38
      vertex 115.591 48.2564 26
      vertex 115.591 48.2564 38
    endloop
  endfacet
  facet normal -0.587776 -0.809024 0
    outer loop
      vertex 94.5 113.167 26
      vertex 103.126 106.9 38
      vertex 94.5 113.167 38
    endloop
  endfacet
  facet normal -0.587776 -0.809024 -0
    outer loop
      vertex 103.126 106.9 38
      vertex 94.5 113.167 26
      vertex 103.126 106.9 26
    endloop
  endfacet
  facet normal 0.40677 -0.913531 0
    outer loop
      vertex 43.5 113.167 26
      vertex 53.2401 117.504 38
      vertex 43.5 113.167 38
    endloop
  endfacet
  facet normal 0.40677 -0.913531 0
    outer loop
      vertex 53.2401 117.504 38
      vertex 43.5 113.167 26
      vertex 53.2401 117.504 26
    endloop
  endfacet
  facet normal -0.743136 -0.66914 0
    outer loop
      vertex 110.26 98.9771 26
      vertex 103.126 106.9 38
      vertex 103.126 106.9 26
    endloop
  endfacet
  facet normal -0.743136 -0.66914 0
    outer loop
      vertex 103.126 106.9 38
      vertex 110.26 98.9771 26
      vertex 110.26 98.9771 38
    endloop
  endfacet
  facet normal 0.994522 -0.104531 0
    outer loop
      vertex 18 69 38
      vertex 19.1145 79.6035 26
      vertex 19.1145 79.6035 38
    endloop
  endfacet
  facet normal 0.994522 -0.104531 0
    outer loop
      vertex 19.1145 79.6035 26
      vertex 18 69 38
      vertex 18 69 26
    endloop
  endfacet
  facet normal -0.866024 -0.500003 0
    outer loop
      vertex 115.591 89.7436 26
      vertex 110.26 98.9771 38
      vertex 110.26 98.9771 26
    endloop
  endfacet
  facet normal -0.866024 -0.500003 0
    outer loop
      vertex 110.26 98.9771 38
      vertex 115.591 89.7436 26
      vertex 115.591 89.7436 38
    endloop
  endfacet
  facet normal 0.951057 0.309015 0
    outer loop
      vertex 22.4092 48.2564 38
      vertex 19.1145 58.3965 26
      vertex 19.1145 58.3965 38
    endloop
  endfacet
  facet normal 0.951057 0.309015 0
    outer loop
      vertex 19.1145 58.3965 26
      vertex 22.4092 48.2564 38
      vertex 22.4092 48.2564 26
    endloop
  endfacet
  facet normal -0.207907 0.978149 0
    outer loop
      vertex 84.7599 20.4961 26
      vertex 74.3309 18.2794 38
      vertex 84.7599 20.4961 38
    endloop
  endfacet
  facet normal -0.207907 0.978149 0
    outer loop
      vertex 74.3309 18.2794 38
      vertex 84.7599 20.4961 26
      vertex 74.3309 18.2794 26
    endloop
  endfacet
  facet normal 0.866026 0.5 0
    outer loop
      vertex 27.7401 39.023 38
      vertex 22.4092 48.2564 26
      vertex 22.4092 48.2564 38
    endloop
  endfacet
  facet normal 0.866026 0.5 0
    outer loop
      vertex 22.4092 48.2564 26
      vertex 27.7401 39.023 38
      vertex 27.7401 39.023 26
    endloop
  endfacet
  facet normal 0 1 -0
    outer loop
      vertex 74.3309 18.2794 26
      vertex 63.669 18.2794 38
      vertex 74.3309 18.2794 38
    endloop
  endfacet
  facet normal 0 1 0
    outer loop
      vertex 63.669 18.2794 38
      vertex 74.3309 18.2794 26
      vertex 63.669 18.2794 26
    endloop
  endfacet
  facet normal 0.994522 0.104531 0
    outer loop
      vertex 19.1145 58.3965 38
      vertex 18 69 26
      vertex 18 69 38
    endloop
  endfacet
  facet normal 0.994522 0.104531 0
    outer loop
      vertex 18 69 26
      vertex 19.1145 58.3965 38
      vertex 19.1145 58.3965 26
    endloop
  endfacet
  facet normal 0.743148 0.669127 0
    outer loop
      vertex 34.8743 31.0996 38
      vertex 27.7401 39.023 26
      vertex 27.7401 39.023 38
    endloop
  endfacet
  facet normal 0.743148 0.669127 0
    outer loop
      vertex 27.7401 39.023 26
      vertex 34.8743 31.0996 38
      vertex 34.8743 31.0996 26
    endloop
  endfacet
  facet normal -0.207934 -0.978143 0
    outer loop
      vertex 74.3309 119.721 26
      vertex 84.7599 117.504 38
      vertex 74.3309 119.721 38
    endloop
  endfacet
  facet normal -0.207934 -0.978143 -0
    outer loop
      vertex 84.7599 117.504 38
      vertex 74.3309 119.721 26
      vertex 84.7599 117.504 26
    endloop
  endfacet
  facet normal 0.587783 0.809019 -0
    outer loop
      vertex 43.5 24.8327 26
      vertex 34.8743 31.0996 38
      vertex 43.5 24.8327 38
    endloop
  endfacet
  facet normal 0.587783 0.809019 0
    outer loop
      vertex 34.8743 31.0996 38
      vertex 43.5 24.8327 26
      vertex 34.8743 31.0996 26
    endloop
  endfacet
  facet normal 0.866028 -0.499996 0
    outer loop
      vertex 22.4092 89.7436 38
      vertex 27.7401 98.9771 26
      vertex 27.7401 98.9771 38
    endloop
  endfacet
  facet normal 0.866028 -0.499996 0
    outer loop
      vertex 27.7401 98.9771 26
      vertex 22.4092 89.7436 38
      vertex 22.4092 89.7436 26
    endloop
  endfacet
  facet normal 0.86602 0.500009 0
    outer loop
      vertex -18.755 91.3705 38
      vertex -24.5041 101.328 26
      vertex -24.5041 101.328 38
    endloop
  endfacet
  facet normal 0.86602 0.500009 0
    outer loop
      vertex -24.5041 101.328 26
      vertex -18.755 91.3705 38
      vertex -18.755 91.3705 26
    endloop
  endfacet
  facet normal 0.951057 0.309015 0
    outer loop
      vertex -15.2019 80.4351 38
      vertex -18.755 91.3705 26
      vertex -18.755 91.3705 38
    endloop
  endfacet
  facet normal 0.951057 0.309015 0
    outer loop
      vertex -18.755 91.3705 26
      vertex -15.2019 80.4351 38
      vertex -15.2019 80.4351 26
    endloop
  endfacet
  facet normal 0.994522 0.10453 0
    outer loop
      vertex -14 69 38
      vertex -15.2019 80.4351 26
      vertex -15.2019 80.4351 38
    endloop
  endfacet
  facet normal 0.994522 0.10453 0
    outer loop
      vertex -15.2019 80.4351 26
      vertex -14 69 38
      vertex -14 69 26
    endloop
  endfacet
  facet normal 0.994522 -0.10453 0
    outer loop
      vertex -15.2019 57.5649 38
      vertex -14 69 26
      vertex -14 69 38
    endloop
  endfacet
  facet normal 0.994522 -0.10453 0
    outer loop
      vertex -14 69 26
      vertex -15.2019 57.5649 38
      vertex -15.2019 57.5649 26
    endloop
  endfacet
  facet normal -0.207913 -0.978147 0
    outer loop
      vertex -85.9959 16.6919 26
      vertex -74.7491 14.3013 38
      vertex -85.9959 16.6919 38
    endloop
  endfacet
  facet normal -0.207913 -0.978147 -0
    outer loop
      vertex -74.7491 14.3013 38
      vertex -85.9959 16.6919 26
      vertex -74.7491 14.3013 26
    endloop
  endfacet
  facet normal 0.951057 -0.309015 0
    outer loop
      vertex -18.755 46.6295 38
      vertex -15.2019 57.5649 26
      vertex -15.2019 57.5649 38
    endloop
  endfacet
  facet normal 0.951057 -0.309015 0
    outer loop
      vertex -15.2019 57.5649 26
      vertex -18.755 46.6295 38
      vertex -18.755 46.6295 26
    endloop
  endfacet
  facet normal -0.866028 -0.499995 0
    outer loop
      vertex -113.496 36.6718 26
      vertex -119.245 46.6295 38
      vertex -119.245 46.6295 26
    endloop
  endfacet
  facet normal -0.866028 -0.499995 0
    outer loop
      vertex -119.245 46.6295 38
      vertex -113.496 36.6718 26
      vertex -113.496 36.6718 38
    endloop
  endfacet
  facet normal -0.587791 -0.809013 0
    outer loop
      vertex -105.802 28.127 26
      vertex -96.5 21.3686 38
      vertex -105.802 28.127 38
    endloop
  endfacet
  facet normal -0.587791 -0.809013 -0
    outer loop
      vertex -96.5 21.3686 38
      vertex -105.802 28.127 26
      vertex -96.5 21.3686 26
    endloop
  endfacet
  facet normal 0.406756 0.913537 -0
    outer loop
      vertex -41.5 116.631 26
      vertex -52.0041 121.308 38
      vertex -41.5 116.631 38
    endloop
  endfacet
  facet normal 0.406756 0.913537 0
    outer loop
      vertex -52.0041 121.308 38
      vertex -41.5 116.631 26
      vertex -52.0041 121.308 26
    endloop
  endfacet
  facet normal 0.587783 -0.809019 0
    outer loop
      vertex -41.5 21.3686 26
      vertex -32.1978 28.127 38
      vertex -41.5 21.3686 38
    endloop
  endfacet
  facet normal 0.587783 -0.809019 0
    outer loop
      vertex -32.1978 28.127 38
      vertex -41.5 21.3686 26
      vertex -32.1978 28.127 26
    endloop
  endfacet
  facet normal -0.587768 0.809029 0
    outer loop
      vertex -96.5 116.631 26
      vertex -105.802 109.873 38
      vertex -96.5 116.631 38
    endloop
  endfacet
  facet normal -0.587768 0.809029 0
    outer loop
      vertex -105.802 109.873 38
      vertex -96.5 116.631 26
      vertex -105.802 109.873 26
    endloop
  endfacet
  facet normal -0.95106 -0.309007 0
    outer loop
      vertex -119.245 46.6295 26
      vertex -122.798 57.5649 38
      vertex -122.798 57.5649 26
    endloop
  endfacet
  facet normal -0.95106 -0.309007 0
    outer loop
      vertex -122.798 57.5649 38
      vertex -119.245 46.6295 26
      vertex -119.245 46.6295 38
    endloop
  endfacet
  facet normal 0.866025 -0.500001 0
    outer loop
      vertex -24.5041 36.6718 38
      vertex -18.755 46.6295 26
      vertex -18.755 46.6295 38
    endloop
  endfacet
  facet normal 0.866025 -0.500001 0
    outer loop
      vertex -18.755 46.6295 26
      vertex -24.5041 36.6718 38
      vertex -24.5041 36.6718 26
    endloop
  endfacet
  facet normal 0 1 -0
    outer loop
      vertex -63.2509 123.699 26
      vertex -74.7491 123.699 38
      vertex -63.2509 123.699 38
    endloop
  endfacet
  facet normal 0 1 0
    outer loop
      vertex -74.7491 123.699 38
      vertex -63.2509 123.699 26
      vertex -74.7491 123.699 26
    endloop
  endfacet
  facet normal -0.95106 0.309007 0
    outer loop
      vertex -122.798 80.4351 26
      vertex -119.245 91.3705 38
      vertex -119.245 91.3705 26
    endloop
  endfacet
  facet normal -0.95106 0.309007 0
    outer loop
      vertex -119.245 91.3705 38
      vertex -122.798 80.4351 26
      vertex -122.798 80.4351 38
    endloop
  endfacet
  facet normal -0.866024 0.500002 0
    outer loop
      vertex -119.245 91.3705 26
      vertex -113.496 101.328 38
      vertex -113.496 101.328 26
    endloop
  endfacet
  facet normal -0.866024 0.500002 0
    outer loop
      vertex -113.496 101.328 38
      vertex -119.245 91.3705 26
      vertex -119.245 91.3705 38
    endloop
  endfacet
  facet normal -0.743143 0.669133 0
    outer loop
      vertex -113.496 101.328 26
      vertex -105.802 109.873 38
      vertex -105.802 109.873 26
    endloop
  endfacet
  facet normal -0.743143 0.669133 0
    outer loop
      vertex -105.802 109.873 38
      vertex -113.496 101.328 26
      vertex -113.496 101.328 38
    endloop
  endfacet
  facet normal -0.207947 0.97814 0
    outer loop
      vertex -74.7491 123.699 26
      vertex -85.9959 121.308 38
      vertex -74.7491 123.699 38
    endloop
  endfacet
  facet normal -0.207947 0.97814 0
    outer loop
      vertex -85.9959 121.308 38
      vertex -74.7491 123.699 26
      vertex -85.9959 121.308 26
    endloop
  endfacet
  facet normal 0 0 1
    outer loop
      vertex -18 69 38
      vertex -14 69 38
      vertex -15.2019 80.4351 38
    endloop
  endfacet
  facet normal 0 0 1
    outer loop
      vertex -14 69 38
      vertex -18 69 38
      vertex -15.2019 57.5649 38
    endloop
  endfacet
  facet normal 0 0 1
    outer loop
      vertex -19.1145 79.6035 38
      vertex -15.2019 80.4351 38
      vertex -18.755 91.3705 38
    endloop
  endfacet
  facet normal 0 0 1
    outer loop
      vertex -15.2019 80.4351 38
      vertex -19.1145 79.6035 38
      vertex -18 69 38
    endloop
  endfacet
  facet normal 0 0 1
    outer loop
      vertex -18.755 91.3705 38
      vertex -22.4092 89.7436 38
      vertex -19.1145 79.6035 38
    endloop
  endfacet
  facet normal 0 0 1
    outer loop
      vertex -24.5041 101.328 38
      vertex -22.4092 89.7436 38
      vertex -18.755 91.3705 38
    endloop
  endfacet
  facet normal 0 0 1
    outer loop
      vertex -24.5041 101.328 38
      vertex -27.7401 98.9771 38
      vertex -22.4092 89.7436 38
    endloop
  endfacet
  facet normal 0 0 1
    outer loop
      vertex -32.1978 109.873 38
      vertex -27.7401 98.9771 38
      vertex -24.5041 101.328 38
    endloop
  endfacet
  facet normal 0 0 1
    outer loop
      vertex -32.1978 109.873 38
      vertex -34.8743 106.9 38
      vertex -27.7401 98.9771 38
    endloop
  endfacet
  facet normal 0 0 1
    outer loop
      vertex -41.5 116.631 38
      vertex -34.8743 106.9 38
      vertex -32.1978 109.873 38
    endloop
  endfacet
  facet normal 0 0 1
    outer loop
      vertex -41.5 116.631 38
      vertex -43.5 113.167 38
      vertex -34.8743 106.9 38
    endloop
  endfacet
  facet normal 0 0 1
    outer loop
      vertex -52.0041 121.308 38
      vertex -43.5 113.167 38
      vertex -41.5 116.631 38
    endloop
  endfacet
  facet normal 0 0 1
    outer loop
      vertex -52.0041 121.308 38
      vertex -53.2401 117.504 38
      vertex -43.5 113.167 38
    endloop
  endfacet
  facet normal 0 0 1
    outer loop
      vertex -63.2509 123.699 38
      vertex -53.2401 117.504 38
      vertex -52.0041 121.308 38
    endloop
  endfacet
  facet normal 0 0 1
    outer loop
      vertex -63.2509 123.699 38
      vertex -63.669 119.721 38
      vertex -53.2401 117.504 38
    endloop
  endfacet
  facet normal 0 0 1
    outer loop
      vertex -63.2509 123.699 38
      vertex -74.3309 119.721 38
      vertex -63.669 119.721 38
    endloop
  endfacet
  facet normal -0 0 1
    outer loop
      vertex -74.7491 123.699 38
      vertex -74.3309 119.721 38
      vertex -63.2509 123.699 38
    endloop
  endfacet
  facet normal 0 0 1
    outer loop
      vertex -74.7491 123.699 38
      vertex -84.7599 117.504 38
      vertex -74.3309 119.721 38
    endloop
  endfacet
  facet normal -0 0 1
    outer loop
      vertex -85.9959 121.308 38
      vertex -84.7599 117.504 38
      vertex -74.7491 123.699 38
    endloop
  endfacet
  facet normal 0 0 1
    outer loop
      vertex -85.9959 121.308 38
      vertex -94.5 113.167 38
      vertex -84.7599 117.504 38
    endloop
  endfacet
  facet normal -0 0 1
    outer loop
      vertex -96.5 116.631 38
      vertex -94.5 113.167 38
      vertex -85.9959 121.308 38
    endloop
  endfacet
  facet normal 0 0 1
    outer loop
      vertex -96.5 116.631 38
      vertex -103.126 106.9 38
      vertex -94.5 113.167 38
    endloop
  endfacet
  facet normal -0 0 1
    outer loop
      vertex -105.802 109.873 38
      vertex -103.126 106.9 38
      vertex -96.5 116.631 38
    endloop
  endfacet
  facet normal 0 0 1
    outer loop
      vertex -105.802 109.873 38
      vertex -110.26 98.9771 38
      vertex -103.126 106.9 38
    endloop
  endfacet
  facet normal -0 0 1
    outer loop
      vertex -113.496 101.328 38
      vertex -110.26 98.9771 38
      vertex -105.802 109.873 38
    endloop
  endfacet
  facet normal 0 0 1
    outer loop
      vertex -113.496 101.328 38
      vertex -115.591 89.7436 38
      vertex -110.26 98.9771 38
    endloop
  endfacet
  facet normal -0 0 1
    outer loop
      vertex -119.245 91.3705 38
      vertex -115.591 89.7436 38
      vertex -113.496 101.328 38
    endloop
  endfacet
  facet normal 0 0 1
    outer loop
      vertex -115.591 89.7436 38
      vertex -119.245 91.3705 38
      vertex -118.886 79.6035 38
    endloop
  endfacet
  facet normal -0 0 1
    outer loop
      vertex -122.798 80.4351 38
      vertex -118.886 79.6035 38
      vertex -119.245 91.3705 38
    endloop
  endfacet
  facet normal 0 0 1
    outer loop
      vertex -118.886 79.6035 38
      vertex -122.798 80.4351 38
      vertex -120 69 38
    endloop
  endfacet
  facet normal -0 0 1
    outer loop
      vertex -19.1145 58.3965 38
      vertex -15.2019 57.5649 38
      vertex -18 69 38
    endloop
  endfacet
  facet normal 0 0 1
    outer loop
      vertex -15.2019 57.5649 38
      vertex -19.1145 58.3965 38
      vertex -18.755 46.6295 38
    endloop
  endfacet
  facet normal -0 0 1
    outer loop
      vertex -22.4092 48.2564 38
      vertex -18.755 46.6295 38
      vertex -19.1145 58.3965 38
    endloop
  endfacet
  facet normal 0 0 1
    outer loop
      vertex -22.4092 48.2564 38
      vertex -24.5041 36.6718 38
      vertex -18.755 46.6295 38
    endloop
  endfacet
  facet normal -0 0 1
    outer loop
      vertex -27.7401 39.023 38
      vertex -24.5041 36.6718 38
      vertex -22.4092 48.2564 38
    endloop
  endfacet
  facet normal 0 0 1
    outer loop
      vertex -27.7401 39.023 38
      vertex -32.1978 28.127 38
      vertex -24.5041 36.6718 38
    endloop
  endfacet
  facet normal -0 0 1
    outer loop
      vertex -34.8743 31.0996 38
      vertex -32.1978 28.127 38
      vertex -27.7401 39.023 38
    endloop
  endfacet
  facet normal 0 0 1
    outer loop
      vertex -34.8743 31.0996 38
      vertex -41.5 21.3686 38
      vertex -32.1978 28.127 38
    endloop
  endfacet
  facet normal -0 0 1
    outer loop
      vertex -43.5 24.8327 38
      vertex -41.5 21.3686 38
      vertex -34.8743 31.0996 38
    endloop
  endfacet
  facet normal 0 0 1
    outer loop
      vertex -43.5 24.8327 38
      vertex -52.0041 16.6919 38
      vertex -41.5 21.3686 38
    endloop
  endfacet
  facet normal -0 0 1
    outer loop
      vertex -53.2401 20.4961 38
      vertex -52.0041 16.6919 38
      vertex -43.5 24.8327 38
    endloop
  endfacet
  facet normal 0 0 1
    outer loop
      vertex -53.2401 20.4961 38
      vertex -63.2509 14.3013 38
      vertex -52.0041 16.6919 38
    endloop
  endfacet
  facet normal -0 0 1
    outer loop
      vertex -63.669 18.2794 38
      vertex -63.2509 14.3013 38
      vertex -53.2401 20.4961 38
    endloop
  endfacet
  facet normal -0 0 1
    outer loop
      vertex -74.3309 18.2794 38
      vertex -63.2509 14.3013 38
      vertex -63.669 18.2794 38
    endloop
  endfacet
  facet normal 0 0 1
    outer loop
      vertex -74.3309 18.2794 38
      vertex -74.7491 14.3013 38
      vertex -63.2509 14.3013 38
    endloop
  endfacet
  facet normal 0 0 1
    outer loop
      vertex -84.7599 20.4961 38
      vertex -74.7491 14.3013 38
      vertex -74.3309 18.2794 38
    endloop
  endfacet
  facet normal 0 0 1
    outer loop
      vertex -84.7599 20.4961 38
      vertex -85.9959 16.6919 38
      vertex -74.7491 14.3013 38
    endloop
  endfacet
  facet normal 0 0 1
    outer loop
      vertex -94.5 24.8327 38
      vertex -85.9959 16.6919 38
      vertex -84.7599 20.4961 38
    endloop
  endfacet
  facet normal 0 0 1
    outer loop
      vertex -94.5 24.8327 38
      vertex -96.5 21.3686 38
      vertex -85.9959 16.6919 38
    endloop
  endfacet
  facet normal 0 0 1
    outer loop
      vertex -103.126 31.0996 38
      vertex -96.5 21.3686 38
      vertex -94.5 24.8327 38
    endloop
  endfacet
  facet normal 0 0 1
    outer loop
      vertex -103.126 31.0996 38
      vertex -105.802 28.127 38
      vertex -96.5 21.3686 38
    endloop
  endfacet
  facet normal 0 0 1
    outer loop
      vertex -110.26 39.023 38
      vertex -105.802 28.127 38
      vertex -103.126 31.0996 38
    endloop
  endfacet
  facet normal 0 0 1
    outer loop
      vertex -110.26 39.023 38
      vertex -113.496 36.6718 38
      vertex -105.802 28.127 38
    endloop
  endfacet
  facet normal 0 0 1
    outer loop
      vertex -115.591 48.2564 38
      vertex -113.496 36.6718 38
      vertex -110.26 39.023 38
    endloop
  endfacet
  facet normal 0 0 1
    outer loop
      vertex -119.245 46.6295 38
      vertex -115.591 48.2564 38
      vertex -118.886 58.3965 38
    endloop
  endfacet
  facet normal 0 0 1
    outer loop
      vertex -115.591 48.2564 38
      vertex -119.245 46.6295 38
      vertex -113.496 36.6718 38
    endloop
  endfacet
  facet normal 0 0 1
    outer loop
      vertex -122.798 57.5649 38
      vertex -118.886 58.3965 38
      vertex -120 69 38
    endloop
  endfacet
  facet normal 0 0 1
    outer loop
      vertex -124 69 38
      vertex -120 69 38
      vertex -122.798 80.4351 38
    endloop
  endfacet
  facet normal 0 0 1
    outer loop
      vertex -118.886 58.3965 38
      vertex -122.798 57.5649 38
      vertex -119.245 46.6295 38
    endloop
  endfacet
  facet normal 0 0 1
    outer loop
      vertex -120 69 38
      vertex -124 69 38
      vertex -122.798 57.5649 38
    endloop
  endfacet
  facet normal 0.207913 -0.978147 0
    outer loop
      vertex -63.2509 14.3013 26
      vertex -52.0041 16.6919 38
      vertex -63.2509 14.3013 38
    endloop
  endfacet
  facet normal 0.207913 -0.978147 0
    outer loop
      vertex -52.0041 16.6919 38
      vertex -63.2509 14.3013 26
      vertex -52.0041 16.6919 26
    endloop
  endfacet
  facet normal 0.743148 -0.669127 0
    outer loop
      vertex -32.1978 28.127 38
      vertex -24.5041 36.6718 26
      vertex -24.5041 36.6718 38
    endloop
  endfacet
  facet normal 0.743148 -0.669127 0
    outer loop
      vertex -24.5041 36.6718 26
      vertex -32.1978 28.127 38
      vertex -32.1978 28.127 26
    endloop
  endfacet
  facet normal -0.406756 0.913537 0
    outer loop
      vertex -85.9959 121.308 26
      vertex -96.5 116.631 38
      vertex -85.9959 121.308 38
    endloop
  endfacet
  facet normal -0.406756 0.913537 0
    outer loop
      vertex -96.5 116.631 38
      vertex -85.9959 121.308 26
      vertex -96.5 116.631 26
    endloop
  endfacet
  facet normal 0.406735 -0.913546 0
    outer loop
      vertex -52.0041 16.6919 26
      vertex -41.5 21.3686 38
      vertex -52.0041 16.6919 38
    endloop
  endfacet
  facet normal 0.406735 -0.913546 0
    outer loop
      vertex -41.5 21.3686 38
      vertex -52.0041 16.6919 26
      vertex -41.5 21.3686 26
    endloop
  endfacet
  facet normal -0.406735 -0.913546 0
    outer loop
      vertex -96.5 21.3686 26
      vertex -85.9959 16.6919 38
      vertex -96.5 21.3686 38
    endloop
  endfacet
  facet normal -0.406735 -0.913546 -0
    outer loop
      vertex -85.9959 16.6919 38
      vertex -96.5 21.3686 26
      vertex -85.9959 16.6919 26
    endloop
  endfacet
  facet normal 0.58776 0.809035 -0
    outer loop
      vertex -32.1978 109.873 26
      vertex -41.5 116.631 38
      vertex -32.1978 109.873 38
    endloop
  endfacet
  facet normal 0.58776 0.809035 0
    outer loop
      vertex -41.5 116.631 38
      vertex -32.1978 109.873 26
      vertex -41.5 116.631 26
    endloop
  endfacet
  facet normal 0.743156 0.669118 0
    outer loop
      vertex -24.5041 101.328 38
      vertex -32.1978 109.873 26
      vertex -32.1978 109.873 38
    endloop
  endfacet
  facet normal 0.743156 0.669118 0
    outer loop
      vertex -32.1978 109.873 26
      vertex -24.5041 101.328 38
      vertex -24.5041 101.328 26
    endloop
  endfacet
  facet normal 0.207947 0.97814 -0
    outer loop
      vertex -52.0041 121.308 26
      vertex -63.2509 123.699 38
      vertex -52.0041 121.308 38
    endloop
  endfacet
  facet normal 0.207947 0.97814 0
    outer loop
      vertex -63.2509 123.699 38
      vertex -52.0041 121.308 26
      vertex -63.2509 123.699 26
    endloop
  endfacet
  facet normal -0.994521 0.104539 0
    outer loop
      vertex -124 69 26
      vertex -122.798 80.4351 38
      vertex -122.798 80.4351 26
    endloop
  endfacet
  facet normal -0.994521 0.104539 0
    outer loop
      vertex -122.798 80.4351 38
      vertex -124 69 26
      vertex -124 69 38
    endloop
  endfacet
  facet normal 0 -1 0
    outer loop
      vertex -74.7491 14.3013 26
      vertex -63.2509 14.3013 38
      vertex -74.7491 14.3013 38
    endloop
  endfacet
  facet normal 0 -1 -0
    outer loop
      vertex -63.2509 14.3013 38
      vertex -74.7491 14.3013 26
      vertex -63.2509 14.3013 26
    endloop
  endfacet
  facet normal -0.994521 -0.104539 0
    outer loop
      vertex -122.798 57.5649 26
      vertex -124 69 38
      vertex -124 69 26
    endloop
  endfacet
  facet normal -0.994521 -0.104539 0
    outer loop
      vertex -124 69 38
      vertex -122.798 57.5649 26
      vertex -122.798 57.5649 38
    endloop
  endfacet
  facet normal -0.743135 -0.669142 0
    outer loop
      vertex -105.802 28.127 26
      vertex -113.496 36.6718 38
      vertex -113.496 36.6718 26
    endloop
  endfacet
  facet normal -0.743135 -0.669142 0
    outer loop
      vertex -113.496 36.6718 38
      vertex -105.802 28.127 26
      vertex -105.802 28.127 38
    endloop
  endfacet
  facet normal 0 0 -1
    outer loop
      vertex -18 69 26
      vertex -14 69 26
      vertex -15.2019 57.5649 26
    endloop
  endfacet
  facet normal 0 0 -1
    outer loop
      vertex -14 69 26
      vertex -18 69 26
      vertex -15.2019 80.4351 26
    endloop
  endfacet
  facet normal 0 0 -1
    outer loop
      vertex -19.1145 58.3965 26
      vertex -15.2019 57.5649 26
      vertex -18.755 46.6295 26
    endloop
  endfacet
  facet normal 0 0 -1
    outer loop
      vertex -15.2019 57.5649 26
      vertex -19.1145 58.3965 26
      vertex -18 69 26
    endloop
  endfacet
  facet normal 0 0 -1
    outer loop
      vertex -18.755 46.6295 26
      vertex -22.4092 48.2564 26
      vertex -19.1145 58.3965 26
    endloop
  endfacet
  facet normal 0 0 -1
    outer loop
      vertex -24.5041 36.6718 26
      vertex -22.4092 48.2564 26
      vertex -18.755 46.6295 26
    endloop
  endfacet
  facet normal 0 0 -1
    outer loop
      vertex -24.5041 36.6718 26
      vertex -27.7401 39.023 26
      vertex -22.4092 48.2564 26
    endloop
  endfacet
  facet normal 0 0 -1
    outer loop
      vertex -32.1978 28.127 26
      vertex -27.7401 39.023 26
      vertex -24.5041 36.6718 26
    endloop
  endfacet
  facet normal 0 0 -1
    outer loop
      vertex -32.1978 28.127 26
      vertex -34.8743 31.0996 26
      vertex -27.7401 39.023 26
    endloop
  endfacet
  facet normal 0 0 -1
    outer loop
      vertex -41.5 21.3686 26
      vertex -34.8743 31.0996 26
      vertex -32.1978 28.127 26
    endloop
  endfacet
  facet normal 0 0 -1
    outer loop
      vertex -41.5 21.3686 26
      vertex -43.5 24.8327 26
      vertex -34.8743 31.0996 26
    endloop
  endfacet
  facet normal 0 0 -1
    outer loop
      vertex -52.0041 16.6919 26
      vertex -43.5 24.8327 26
      vertex -41.5 21.3686 26
    endloop
  endfacet
  facet normal 0 0 -1
    outer loop
      vertex -52.0041 16.6919 26
      vertex -53.2401 20.4961 26
      vertex -43.5 24.8327 26
    endloop
  endfacet
  facet normal 0 0 -1
    outer loop
      vertex -63.2509 14.3013 26
      vertex -53.2401 20.4961 26
      vertex -52.0041 16.6919 26
    endloop
  endfacet
  facet normal 0 0 -1
    outer loop
      vertex -63.2509 14.3013 26
      vertex -63.669 18.2794 26
      vertex -53.2401 20.4961 26
    endloop
  endfacet
  facet normal 0 0 -1
    outer loop
      vertex -63.2509 14.3013 26
      vertex -74.3309 18.2794 26
      vertex -63.669 18.2794 26
    endloop
  endfacet
  facet normal 0 0 -1
    outer loop
      vertex -74.7491 14.3013 26
      vertex -74.3309 18.2794 26
      vertex -63.2509 14.3013 26
    endloop
  endfacet
  facet normal 0 0 -1
    outer loop
      vertex -74.7491 14.3013 26
      vertex -84.7599 20.4961 26
      vertex -74.3309 18.2794 26
    endloop
  endfacet
  facet normal 0 0 -1
    outer loop
      vertex -85.9959 16.6919 26
      vertex -84.7599 20.4961 26
      vertex -74.7491 14.3013 26
    endloop
  endfacet
  facet normal 0 0 -1
    outer loop
      vertex -85.9959 16.6919 26
      vertex -94.5 24.8327 26
      vertex -84.7599 20.4961 26
    endloop
  endfacet
  facet normal 0 0 -1
    outer loop
      vertex -96.5 21.3686 26
      vertex -94.5 24.8327 26
      vertex -85.9959 16.6919 26
    endloop
  endfacet
  facet normal 0 0 -1
    outer loop
      vertex -96.5 21.3686 26
      vertex -103.126 31.0996 26
      vertex -94.5 24.8327 26
    endloop
  endfacet
  facet normal 0 0 -1
    outer loop
      vertex -105.802 28.127 26
      vertex -103.126 31.0996 26
      vertex -96.5 21.3686 26
    endloop
  endfacet
  facet normal 0 0 -1
    outer loop
      vertex -105.802 28.127 26
      vertex -110.26 39.023 26
      vertex -103.126 31.0996 26
    endloop
  endfacet
  facet normal 0 0 -1
    outer loop
      vertex -113.496 36.6718 26
      vertex -110.26 39.023 26
      vertex -105.802 28.127 26
    endloop
  endfacet
  facet normal 0 0 -1
    outer loop
      vertex -113.496 36.6718 26
      vertex -115.591 48.2564 26
      vertex -110.26 39.023 26
    endloop
  endfacet
  facet normal 0 0 -1
    outer loop
      vertex -119.245 46.6295 26
      vertex -115.591 48.2564 26
      vertex -113.496 36.6718 26
    endloop
  endfacet
  facet normal -0 0 -1
    outer loop
      vertex -115.591 48.2564 26
      vertex -119.245 46.6295 26
      vertex -118.886 58.3965 26
    endloop
  endfacet
  facet normal 0 0 -1
    outer loop
      vertex -122.798 57.5649 26
      vertex -118.886 58.3965 26
      vertex -119.245 46.6295 26
    endloop
  endfacet
  facet normal -0 0 -1
    outer loop
      vertex -118.886 58.3965 26
      vertex -122.798 57.5649 26
      vertex -120 69 26
    endloop
  endfacet
  facet normal 0 0 -1
    outer loop
      vertex -19.1145 79.6035 26
      vertex -15.2019 80.4351 26
      vertex -18 69 26
    endloop
  endfacet
  facet normal -0 0 -1
    outer loop
      vertex -15.2019 80.4351 26
      vertex -19.1145 79.6035 26
      vertex -18.755 91.3705 26
    endloop
  endfacet
  facet normal 0 0 -1
    outer loop
      vertex -22.4092 89.7436 26
      vertex -18.755 91.3705 26
      vertex -19.1145 79.6035 26
    endloop
  endfacet
  facet normal 0 0 -1
    outer loop
      vertex -22.4092 89.7436 26
      vertex -24.5041 101.328 26
      vertex -18.755 91.3705 26
    endloop
  endfacet
  facet normal 0 0 -1
    outer loop
      vertex -27.7401 98.9771 26
      vertex -24.5041 101.328 26
      vertex -22.4092 89.7436 26
    endloop
  endfacet
  facet normal 0 0 -1
    outer loop
      vertex -27.7401 98.9771 26
      vertex -32.1978 109.873 26
      vertex -24.5041 101.328 26
    endloop
  endfacet
  facet normal 0 0 -1
    outer loop
      vertex -34.8743 106.9 26
      vertex -32.1978 109.873 26
      vertex -27.7401 98.9771 26
    endloop
  endfacet
  facet normal 0 0 -1
    outer loop
      vertex -34.8743 106.9 26
      vertex -41.5 116.631 26
      vertex -32.1978 109.873 26
    endloop
  endfacet
  facet normal 0 0 -1
    outer loop
      vertex -43.5 113.167 26
      vertex -41.5 116.631 26
      vertex -34.8743 106.9 26
    endloop
  endfacet
  facet normal 0 0 -1
    outer loop
      vertex -43.5 113.167 26
      vertex -52.0041 121.308 26
      vertex -41.5 116.631 26
    endloop
  endfacet
  facet normal 0 0 -1
    outer loop
      vertex -53.2401 117.504 26
      vertex -52.0041 121.308 26
      vertex -43.5 113.167 26
    endloop
  endfacet
  facet normal 0 0 -1
    outer loop
      vertex -53.2401 117.504 26
      vertex -63.2509 123.699 26
      vertex -52.0041 121.308 26
    endloop
  endfacet
  facet normal 0 0 -1
    outer loop
      vertex -63.669 119.721 26
      vertex -63.2509 123.699 26
      vertex -53.2401 117.504 26
    endloop
  endfacet
  facet normal 0 0 -1
    outer loop
      vertex -74.3309 119.721 26
      vertex -63.2509 123.699 26
      vertex -63.669 119.721 26
    endloop
  endfacet
  facet normal 0 0 -1
    outer loop
      vertex -74.3309 119.721 26
      vertex -74.7491 123.699 26
      vertex -63.2509 123.699 26
    endloop
  endfacet
  facet normal 0 0 -1
    outer loop
      vertex -84.7599 117.504 26
      vertex -74.7491 123.699 26
      vertex -74.3309 119.721 26
    endloop
  endfacet
  facet normal 0 0 -1
    outer loop
      vertex -84.7599 117.504 26
      vertex -85.9959 121.308 26
      vertex -74.7491 123.699 26
    endloop
  endfacet
  facet normal 0 0 -1
    outer loop
      vertex -94.5 113.167 26
      vertex -85.9959 121.308 26
      vertex -84.7599 117.504 26
    endloop
  endfacet
  facet normal 0 0 -1
    outer loop
      vertex -94.5 113.167 26
      vertex -96.5 116.631 26
      vertex -85.9959 121.308 26
    endloop
  endfacet
  facet normal 0 0 -1
    outer loop
      vertex -103.126 106.9 26
      vertex -96.5 116.631 26
      vertex -94.5 113.167 26
    endloop
  endfacet
  facet normal 0 0 -1
    outer loop
      vertex -103.126 106.9 26
      vertex -105.802 109.873 26
      vertex -96.5 116.631 26
    endloop
  endfacet
  facet normal 0 0 -1
    outer loop
      vertex -110.26 98.9771 26
      vertex -105.802 109.873 26
      vertex -103.126 106.9 26
    endloop
  endfacet
  facet normal 0 0 -1
    outer loop
      vertex -110.26 98.9771 26
      vertex -113.496 101.328 26
      vertex -105.802 109.873 26
    endloop
  endfacet
  facet normal 0 0 -1
    outer loop
      vertex -115.591 89.7436 26
      vertex -113.496 101.328 26
      vertex -110.26 98.9771 26
    endloop
  endfacet
  facet normal 0 0 -1
    outer loop
      vertex -119.245 91.3705 26
      vertex -115.591 89.7436 26
      vertex -118.886 79.6035 26
    endloop
  endfacet
  facet normal 0 0 -1
    outer loop
      vertex -115.591 89.7436 26
      vertex -119.245 91.3705 26
      vertex -113.496 101.328 26
    endloop
  endfacet
  facet normal 0 0 -1
    outer loop
      vertex -122.798 80.4351 26
      vertex -118.886 79.6035 26
      vertex -120 69 26
    endloop
  endfacet
  facet normal 0 0 -1
    outer loop
      vertex -124 69 26
      vertex -120 69 26
      vertex -122.798 57.5649 26
    endloop
  endfacet
  facet normal 0 0 -1
    outer loop
      vertex -118.886 79.6035 26
      vertex -122.798 80.4351 26
      vertex -119.245 91.3705 26
    endloop
  endfacet
  facet normal 0 0 -1
    outer loop
      vertex -120 69 26
      vertex -124 69 26
      vertex -122.798 80.4351 26
    endloop
  endfacet
  facet normal -0.951057 -0.309015 0
    outer loop
      vertex -19.1145 79.6035 26
      vertex -22.4092 89.7436 38
      vertex -22.4092 89.7436 26
    endloop
  endfacet
  facet normal -0.951057 -0.309015 0
    outer loop
      vertex -22.4092 89.7436 38
      vertex -19.1145 79.6035 26
      vertex -19.1145 79.6035 38
    endloop
  endfacet
  facet normal -0.994522 -0.104531 0
    outer loop
      vertex -18 69 26
      vertex -19.1145 79.6035 38
      vertex -19.1145 79.6035 26
    endloop
  endfacet
  facet normal -0.994522 -0.104531 0
    outer loop
      vertex -19.1145 79.6035 38
      vertex -18 69 26
      vertex -18 69 38
    endloop
  endfacet
  facet normal -0.994522 0.104531 0
    outer loop
      vertex -19.1145 58.3965 26
      vertex -18 69 38
      vertex -18 69 26
    endloop
  endfacet
  facet normal -0.994522 0.104531 0
    outer loop
      vertex -18 69 38
      vertex -19.1145 58.3965 26
      vertex -19.1145 58.3965 38
    endloop
  endfacet
  facet normal -0.40677 -0.913531 0
    outer loop
      vertex -53.2401 117.504 26
      vertex -43.5 113.167 38
      vertex -53.2401 117.504 38
    endloop
  endfacet
  facet normal -0.40677 -0.913531 -0
    outer loop
      vertex -43.5 113.167 38
      vertex -53.2401 117.504 26
      vertex -43.5 113.167 26
    endloop
  endfacet
  facet normal -0.406739 0.913544 0
    outer loop
      vertex -43.5 24.8327 26
      vertex -53.2401 20.4961 38
      vertex -43.5 24.8327 38
    endloop
  endfacet
  facet normal -0.406739 0.913544 0
    outer loop
      vertex -53.2401 20.4961 38
      vertex -43.5 24.8327 26
      vertex -53.2401 20.4961 26
    endloop
  endfacet
  facet normal 0.587776 -0.809024 0
    outer loop
      vertex -103.126 106.9 26
      vertex -94.5 113.167 38
      vertex -103.126 106.9 38
    endloop
  endfacet
  facet normal 0.587776 -0.809024 0
    outer loop
      vertex -94.5 113.167 38
      vertex -103.126 106.9 26
      vertex -94.5 113.167 26
    endloop
  endfacet
  facet normal 0.207934 -0.978143 0
    outer loop
      vertex -84.7599 117.504 26
      vertex -74.3309 119.721 38
      vertex -84.7599 117.504 38
    endloop
  endfacet
  facet normal 0.207934 -0.978143 0
    outer loop
      vertex -74.3309 119.721 38
      vertex -84.7599 117.504 26
      vertex -74.3309 119.721 26
    endloop
  endfacet
  facet normal 0.743136 -0.66914 0
    outer loop
      vertex -110.26 98.9771 38
      vertex -103.126 106.9 26
      vertex -103.126 106.9 38
    endloop
  endfacet
  facet normal 0.743136 -0.66914 0
    outer loop
      vertex -103.126 106.9 26
      vertex -110.26 98.9771 38
      vertex -110.26 98.9771 26
    endloop
  endfacet
  facet normal 0.406739 0.913544 -0
    outer loop
      vertex -84.7599 20.4961 26
      vertex -94.5 24.8327 38
      vertex -84.7599 20.4961 38
    endloop
  endfacet
  facet normal 0.406739 0.913544 0
    outer loop
      vertex -94.5 24.8327 38
      vertex -84.7599 20.4961 26
      vertex -94.5 24.8327 26
    endloop
  endfacet
  facet normal 0.207907 0.978149 -0
    outer loop
      vertex -74.3309 18.2794 26
      vertex -84.7599 20.4961 38
      vertex -74.3309 18.2794 38
    endloop
  endfacet
  facet normal 0.207907 0.978149 0
    outer loop
      vertex -84.7599 20.4961 38
      vertex -74.3309 18.2794 26
      vertex -84.7599 20.4961 26
    endloop
  endfacet
  facet normal 0.951049 -0.309041 0
    outer loop
      vertex -118.886 79.6035 38
      vertex -115.591 89.7436 26
      vertex -115.591 89.7436 38
    endloop
  endfacet
  facet normal 0.951049 -0.309041 0
    outer loop
      vertex -115.591 89.7436 26
      vertex -118.886 79.6035 38
      vertex -118.886 79.6035 26
    endloop
  endfacet
  facet normal -0.743148 0.669127 0
    outer loop
      vertex -34.8743 31.0996 26
      vertex -27.7401 39.023 38
      vertex -27.7401 39.023 26
    endloop
  endfacet
  facet normal -0.743148 0.669127 0
    outer loop
      vertex -27.7401 39.023 38
      vertex -34.8743 31.0996 26
      vertex -34.8743 31.0996 38
    endloop
  endfacet
  facet normal -0.866026 0.5 0
    outer loop
      vertex -27.7401 39.023 26
      vertex -22.4092 48.2564 38
      vertex -22.4092 48.2564 26
    endloop
  endfacet
  facet normal -0.866026 0.5 0
    outer loop
      vertex -22.4092 48.2564 38
      vertex -27.7401 39.023 26
      vertex -27.7401 39.023 38
    endloop
  endfacet
  facet normal -0.587783 0.809019 0
    outer loop
      vertex -34.8743 31.0996 26
      vertex -43.5 24.8327 38
      vertex -34.8743 31.0996 38
    endloop
  endfacet
  facet normal -0.587783 0.809019 0
    outer loop
      vertex -43.5 24.8327 38
      vertex -34.8743 31.0996 26
      vertex -43.5 24.8327 26
    endloop
  endfacet
  facet normal 0 -1 0
    outer loop
      vertex -74.3309 119.721 26
      vertex -63.669 119.721 38
      vertex -74.3309 119.721 38
    endloop
  endfacet
  facet normal 0 -1 -0
    outer loop
      vertex -63.669 119.721 38
      vertex -74.3309 119.721 26
      vertex -63.669 119.721 26
    endloop
  endfacet
  facet normal -0.951057 0.309015 0
    outer loop
      vertex -22.4092 48.2564 26
      vertex -19.1145 58.3965 38
      vertex -19.1145 58.3965 26
    endloop
  endfacet
  facet normal -0.951057 0.309015 0
    outer loop
      vertex -19.1145 58.3965 38
      vertex -22.4092 48.2564 26
      vertex -22.4092 48.2564 38
    endloop
  endfacet
  facet normal -0.587789 -0.809014 0
    outer loop
      vertex -43.5 113.167 26
      vertex -34.8743 106.9 38
      vertex -43.5 113.167 38
    endloop
  endfacet
  facet normal -0.587789 -0.809014 -0
    outer loop
      vertex -34.8743 106.9 38
      vertex -43.5 113.167 26
      vertex -34.8743 106.9 26
    endloop
  endfacet
  facet normal 0.40677 -0.913531 0
    outer loop
      vertex -94.5 113.167 26
      vertex -84.7599 117.504 38
      vertex -94.5 113.167 38
    endloop
  endfacet
  facet normal 0.40677 -0.913531 0
    outer loop
      vertex -84.7599 117.504 38
      vertex -94.5 113.167 26
      vertex -84.7599 117.504 26
    endloop
  endfacet
  facet normal -0.743127 -0.669151 0
    outer loop
      vertex -27.7401 98.9771 26
      vertex -34.8743 106.9 38
      vertex -34.8743 106.9 26
    endloop
  endfacet
  facet normal -0.743127 -0.669151 0
    outer loop
      vertex -34.8743 106.9 38
      vertex -27.7401 98.9771 26
      vertex -27.7401 98.9771 38
    endloop
  endfacet
  facet normal 0.994527 -0.104485 0
    outer loop
      vertex -120 69 38
      vertex -118.886 79.6035 26
      vertex -118.886 79.6035 38
    endloop
  endfacet
  facet normal 0.994527 -0.104485 0
    outer loop
      vertex -118.886 79.6035 26
      vertex -120 69 38
      vertex -120 69 26
    endloop
  endfacet
  facet normal -0.866028 -0.499996 0
    outer loop
      vertex -22.4092 89.7436 26
      vertex -27.7401 98.9771 38
      vertex -27.7401 98.9771 26
    endloop
  endfacet
  facet normal -0.866028 -0.499996 0
    outer loop
      vertex -27.7401 98.9771 38
      vertex -22.4092 89.7436 26
      vertex -22.4092 89.7436 38
    endloop
  endfacet
  facet normal 0.951049 0.309041 0
    outer loop
      vertex -115.591 48.2564 38
      vertex -118.886 58.3965 26
      vertex -118.886 58.3965 38
    endloop
  endfacet
  facet normal 0.951049 0.309041 0
    outer loop
      vertex -118.886 58.3965 26
      vertex -115.591 48.2564 38
      vertex -115.591 48.2564 26
    endloop
  endfacet
  facet normal -0.207909 0.978148 0
    outer loop
      vertex -53.2401 20.4961 26
      vertex -63.669 18.2794 38
      vertex -53.2401 20.4961 38
    endloop
  endfacet
  facet normal -0.207909 0.978148 0
    outer loop
      vertex -63.669 18.2794 38
      vertex -53.2401 20.4961 26
      vertex -63.669 18.2794 26
    endloop
  endfacet
  facet normal 0.866022 0.500007 0
    outer loop
      vertex -110.26 39.023 38
      vertex -115.591 48.2564 26
      vertex -115.591 48.2564 38
    endloop
  endfacet
  facet normal 0.866022 0.500007 0
    outer loop
      vertex -115.591 48.2564 26
      vertex -110.26 39.023 38
      vertex -110.26 39.023 26
    endloop
  endfacet
  facet normal 0 1 -0
    outer loop
      vertex -63.669 18.2794 26
      vertex -74.3309 18.2794 38
      vertex -63.669 18.2794 38
    endloop
  endfacet
  facet normal 0 1 0
    outer loop
      vertex -74.3309 18.2794 38
      vertex -63.669 18.2794 26
      vertex -74.3309 18.2794 26
    endloop
  endfacet
  facet normal 0.994527 0.104485 0
    outer loop
      vertex -118.886 58.3965 38
      vertex -120 69 26
      vertex -120 69 38
    endloop
  endfacet
  facet normal 0.994527 0.104485 0
    outer loop
      vertex -120 69 26
      vertex -118.886 58.3965 38
      vertex -118.886 58.3965 26
    endloop
  endfacet
  facet normal 0.743157 0.669117 0
    outer loop
      vertex -103.126 31.0996 38
      vertex -110.26 39.023 26
      vertex -110.26 39.023 38
    endloop
  endfacet
  facet normal 0.743157 0.669117 0
    outer loop
      vertex -110.26 39.023 26
      vertex -103.126 31.0996 38
      vertex -103.126 31.0996 26
    endloop
  endfacet
  facet normal -0.207936 -0.978142 0
    outer loop
      vertex -63.669 119.721 26
      vertex -53.2401 117.504 38
      vertex -63.669 119.721 38
    endloop
  endfacet
  facet normal -0.207936 -0.978142 -0
    outer loop
      vertex -53.2401 117.504 38
      vertex -63.669 119.721 26
      vertex -53.2401 117.504 26
    endloop
  endfacet
  facet normal 0.58777 0.809028 -0
    outer loop
      vertex -94.5 24.8327 26
      vertex -103.126 31.0996 38
      vertex -94.5 24.8327 38
    endloop
  endfacet
  facet normal 0.58777 0.809028 0
    outer loop
      vertex -103.126 31.0996 38
      vertex -94.5 24.8327 26
      vertex -103.126 31.0996 26
    endloop
  endfacet
  facet normal 0.866024 -0.500003 0
    outer loop
      vertex -115.591 89.7436 38
      vertex -110.26 98.9771 26
      vertex -110.26 98.9771 38
    endloop
  endfacet
  facet normal 0.866024 -0.500003 0
    outer loop
      vertex -110.26 98.9771 26
      vertex -115.591 89.7436 38
      vertex -115.591 89.7436 26
    endloop
  endfacet
endsolid OpenSCAD_Model
