solid OpenSCAD_Model
  facet normal 1 0 0
    outer loop
      vertex -57 -67.5 16
      vertex -57 -69 6
      vertex -57 -67.5 6
    endloop
  endfacet
  facet normal 1 -0 0
    outer loop
      vertex -57 -70.5 16
      vertex -57 -69 6
      vertex -57 -67.5 16
    endloop
  endfacet
  facet normal 1 0 0
    outer loop
      vertex -57 -69 6
      vertex -57 -70.5 16
      vertex -57 -70.5 6
    endloop
  endfacet
  facet normal 0 0 1
    outer loop
      vertex -57 -67.5 16
      vertex -57.9231 -69 16
      vertex -57 -70.5 16
    endloop
  endfacet
  facet normal 0 -0 1
    outer loop
      vertex -57.9231 -69 16
      vertex -57 -67.5 16
      vertex -58.0807 -67.5 16
    endloop
  endfacet
  facet normal 0 0 1
    outer loop
      vertex -57 -70.5 16
      vertex -57.9231 -69 16
      vertex -58.0807 -70.5 16
    endloop
  endfacet
  facet normal 0 0 -1
    outer loop
      vertex -57 -69 6
      vertex -57.1577 -67.5 6
      vertex -57 -67.5 6
    endloop
  endfacet
  facet normal 0 0 -1
    outer loop
      vertex -57 -70.5 6
      vertex -57.1577 -70.5 6
      vertex -57 -69 6
    endloop
  endfacet
  facet normal 0 1 0
    outer loop
      vertex -57 -67.5 16
      vertex -57.9856 -67.5 13.5263
      vertex -58.0807 -67.5 16
    endloop
  endfacet
  facet normal 0 1 0
    outer loop
      vertex -57 -67.5 16
      vertex -57.1577 -67.5 9
      vertex -57.9856 -67.5 13.5263
    endloop
  endfacet
  facet normal 0 1 -0
    outer loop
      vertex -57 -67.5 6
      vertex -57.1577 -67.5 9
      vertex -57 -67.5 16
    endloop
  endfacet
  facet normal 0 1 0
    outer loop
      vertex -57.1577 -67.5 9
      vertex -57 -67.5 6
      vertex -57.1577 -67.5 6
    endloop
  endfacet
  facet normal 0 1 0
    outer loop
      vertex -57.9856 -67.5 13.5263
      vertex -57.1577 -67.5 9
      vertex -57.8115 -67.5 9
    endloop
  endfacet
  facet normal 0 -1 0
    outer loop
      vertex -57.9856 -70.5 13.5263
      vertex -57 -70.5 16
      vertex -58.0807 -70.5 16
    endloop
  endfacet
  facet normal 0 -1 0
    outer loop
      vertex -57.1577 -70.5 9
      vertex -57.9856 -70.5 13.5263
      vertex -57.8115 -70.5 9
    endloop
  endfacet
  facet normal 0 -1 0
    outer loop
      vertex -57.9856 -70.5 13.5263
      vertex -57.1577 -70.5 9
      vertex -57 -70.5 16
    endloop
  endfacet
  facet normal 0 -1 0
    outer loop
      vertex -57 -70.5 6
      vertex -57.1577 -70.5 9
      vertex -57.1577 -70.5 6
    endloop
  endfacet
  facet normal 0 -1 0
    outer loop
      vertex -57.1577 -70.5 9
      vertex -57 -70.5 6
      vertex -57 -70.5 16
    endloop
  endfacet
  facet normal 0 0 1
    outer loop
      vertex -59.4541 -61.5754 16
      vertex -61.3406 -61.0431 16
      vertex -60.1946 -62.3159 16
    endloop
  endfacet
  facet normal 0 0 1
    outer loop
      vertex -61.5754 -59.4541 16
      vertex -61.3406 -61.0431 16
      vertex -59.4541 -61.5754 16
    endloop
  endfacet
  facet normal 0 0 1
    outer loop
      vertex -61.5754 -59.4541 16
      vertex -61.5881 -60.7682 16
      vertex -61.3406 -61.0431 16
    endloop
  endfacet
  facet normal 0 0 1
    outer loop
      vertex -61.5754 -59.4541 16
      vertex -61.8873 -60.5508 16
      vertex -61.5881 -60.7682 16
    endloop
  endfacet
  facet normal 0 -0 1
    outer loop
      vertex -61.8873 -60.5508 16
      vertex -61.5754 -59.4541 16
      vertex -62.3419 -60.2206 16
    endloop
  endfacet
  facet normal -0.706783 0.70743 0
    outer loop
      vertex -61.6847 -59.5633 9
      vertex -61.5754 -59.4541 6
      vertex -61.6847 -59.5633 6
    endloop
  endfacet
  facet normal -0.706783 0.70743 0
    outer loop
      vertex -61.5754 -59.4541 6
      vertex -61.6847 -59.5633 9
      vertex -61.5754 -59.4541 16
    endloop
  endfacet
  facet normal -0.707183 0.707031 -4.15939e-06
    outer loop
      vertex -62.2596 -60.1383 12.9949
      vertex -61.6847 -59.5633 9
      vertex -62.1502 -60.0289 9
    endloop
  endfacet
  facet normal -0.707131 0.707083 1.08449e-05
    outer loop
      vertex -61.6847 -59.5633 9
      vertex -62.2596 -60.1383 12.9949
      vertex -61.5754 -59.4541 16
    endloop
  endfacet
  facet normal -0.707107 0.707107 -1.67001e-15
    outer loop
      vertex -61.5754 -59.4541 16
      vertex -62.2596 -60.1383 12.9949
      vertex -62.3419 -60.2206 16
    endloop
  endfacet
  facet normal 0 0 -1
    outer loop
      vertex -60.9704 -60.0823 6
      vertex -59.4541 -61.5754 6
      vertex -59.5445 -61.6659 6
    endloop
  endfacet
  facet normal 0 0 -1
    outer loop
      vertex -60.9704 -60.0823 6
      vertex -61.5754 -59.4541 6
      vertex -59.4541 -61.5754 6
    endloop
  endfacet
  facet normal 0 -0 -1
    outer loop
      vertex -61.5754 -59.4541 6
      vertex -60.9704 -60.0823 6
      vertex -61.6847 -59.5633 6
    endloop
  endfacet
  facet normal 0.707498 -0.706716 0
    outer loop
      vertex -59.4541 -61.5754 16
      vertex -59.5445 -61.6659 9
      vertex -59.4541 -61.5754 6
    endloop
  endfacet
  facet normal 0.70703 -0.707184 1.20859e-05
    outer loop
      vertex -59.4541 -61.5754 16
      vertex -60.005 -62.1263 9
      vertex -59.5445 -61.6659 9
    endloop
  endfacet
  facet normal 0.707107 -0.707107 -1.83634e-16
    outer loop
      vertex -60.005 -62.1263 9
      vertex -59.4541 -61.5754 16
      vertex -60.1946 -62.3159 16
    endloop
  endfacet
  facet normal 0.707498 -0.706716 0
    outer loop
      vertex -59.4541 -61.5754 6
      vertex -59.5445 -61.6659 9
      vertex -59.5445 -61.6659 6
    endloop
  endfacet
  facet normal 0.707107 0.707107 0
    outer loop
      vertex -59.4541 -61.5754 16
      vertex -61.5754 -59.4541 6
      vertex -61.5754 -59.4541 16
    endloop
  endfacet
  facet normal 0.707107 0.707107 0
    outer loop
      vertex -61.5754 -59.4541 6
      vertex -59.4541 -61.5754 16
      vertex -59.4541 -61.5754 6
    endloop
  endfacet
  facet normal 0 0 1
    outer loop
      vertex -67.5 -57 16
      vertex -67.8421 -57.9838 16
      vertex -67.5 -58.0565 16
    endloop
  endfacet
  facet normal 0 0 1
    outer loop
      vertex -67.5 -57 16
      vertex -70.1579 -57.9838 16
      vertex -67.8421 -57.9838 16
    endloop
  endfacet
  facet normal -0 0 1
    outer loop
      vertex -70.5 -57 16
      vertex -70.1579 -57.9838 16
      vertex -67.5 -57 16
    endloop
  endfacet
  facet normal 0 0 1
    outer loop
      vertex -70.1579 -57.9838 16
      vertex -70.5 -57 16
      vertex -70.5 -58.0565 16
    endloop
  endfacet
  facet normal -1 0 0
    outer loop
      vertex -70.5 -57.118 9
      vertex -70.5 -57 6
      vertex -70.5 -57.118 6
    endloop
  endfacet
  facet normal -1 0 0
    outer loop
      vertex -70.5 -57 6
      vertex -70.5 -57.118 9
      vertex -70.5 -57 16
    endloop
  endfacet
  facet normal -1 0 0
    outer loop
      vertex -70.5 -57.7827 9
      vertex -70.5 -57 16
      vertex -70.5 -57.118 9
    endloop
  endfacet
  facet normal -1 -0 0
    outer loop
      vertex -70.5 -57 16
      vertex -70.5 -57.7827 9
      vertex -70.5 -58.0565 16
    endloop
  endfacet
  facet normal 0 0 -1
    outer loop
      vertex -67.7457 -57.0657 6
      vertex -67.5 -57 6
      vertex -67.5 -57.118 6
    endloop
  endfacet
  facet normal 0 0 -1
    outer loop
      vertex -70.2543 -57.0657 6
      vertex -67.5 -57 6
      vertex -67.7457 -57.0657 6
    endloop
  endfacet
  facet normal 0 0 -1
    outer loop
      vertex -70.2543 -57.0657 6
      vertex -70.5 -57 6
      vertex -67.5 -57 6
    endloop
  endfacet
  facet normal 0 0 -1
    outer loop
      vertex -70.5 -57 6
      vertex -70.2543 -57.0657 6
      vertex -70.5 -57.118 6
    endloop
  endfacet
  facet normal 1 0 0
    outer loop
      vertex -67.5 -57 16
      vertex -67.5 -57.118 9
      vertex -67.5 -57 6
    endloop
  endfacet
  facet normal 1 0 0
    outer loop
      vertex -67.5 -57 16
      vertex -67.5 -57.7827 9
      vertex -67.5 -57.118 9
    endloop
  endfacet
  facet normal 1 0 -0
    outer loop
      vertex -67.5 -57.7827 9
      vertex -67.5 -57 16
      vertex -67.5 -58.0565 16
    endloop
  endfacet
  facet normal 1 0 0
    outer loop
      vertex -67.5 -57 6
      vertex -67.5 -57.118 9
      vertex -67.5 -57.118 6
    endloop
  endfacet
  facet normal 0 1 -0
    outer loop
      vertex -67.5 -57 6
      vertex -70.5 -57 16
      vertex -67.5 -57 16
    endloop
  endfacet
  facet normal 0 1 0
    outer loop
      vertex -70.5 -57 16
      vertex -67.5 -57 6
      vertex -70.5 -57 6
    endloop
  endfacet
  facet normal 0 0 1
    outer loop
      vertex -76.4246 -59.4541 16
      vertex -76.1127 -60.5508 16
      vertex -75.6581 -60.2206 16
    endloop
  endfacet
  facet normal 0 0 1
    outer loop
      vertex -76.4246 -59.4541 16
      vertex -76.4119 -60.7682 16
      vertex -76.1127 -60.5508 16
    endloop
  endfacet
  facet normal 0 0 1
    outer loop
      vertex -76.4246 -59.4541 16
      vertex -76.6594 -61.0431 16
      vertex -76.4119 -60.7682 16
    endloop
  endfacet
  facet normal 0 0 1
    outer loop
      vertex -78.5459 -61.5754 16
      vertex -76.6594 -61.0431 16
      vertex -76.4246 -59.4541 16
    endloop
  endfacet
  facet normal 0 0 1
    outer loop
      vertex -76.6594 -61.0431 16
      vertex -78.5459 -61.5754 16
      vertex -77.8054 -62.3159 16
    endloop
  endfacet
  facet normal -0.70703 -0.707184 1.20859e-05
    outer loop
      vertex -77.995 -62.1263 9
      vertex -78.5459 -61.5754 16
      vertex -78.4555 -61.6659 9
    endloop
  endfacet
  facet normal -0.707498 -0.706716 0
    outer loop
      vertex -78.5459 -61.5754 6
      vertex -78.4555 -61.6659 9
      vertex -78.5459 -61.5754 16
    endloop
  endfacet
  facet normal -0.707498 -0.706716 -0
    outer loop
      vertex -78.4555 -61.6659 9
      vertex -78.5459 -61.5754 6
      vertex -78.4555 -61.6659 6
    endloop
  endfacet
  facet normal -0.707107 -0.707107 0
    outer loop
      vertex -78.5459 -61.5754 16
      vertex -77.995 -62.1263 9
      vertex -77.8054 -62.3159 16
    endloop
  endfacet
  facet normal 0 0 -1
    outer loop
      vertex -77.0296 -60.0823 6
      vertex -76.4246 -59.4541 6
      vertex -76.3153 -59.5633 6
    endloop
  endfacet
  facet normal -0 0 -1
    outer loop
      vertex -77.0296 -60.0823 6
      vertex -78.5459 -61.5754 6
      vertex -76.4246 -59.4541 6
    endloop
  endfacet
  facet normal 0 0 -1
    outer loop
      vertex -78.5459 -61.5754 6
      vertex -77.0296 -60.0823 6
      vertex -78.4555 -61.6659 6
    endloop
  endfacet
  facet normal 0.707107 0.707107 1.49321e-15
    outer loop
      vertex -75.7404 -60.1383 12.9949
      vertex -76.4246 -59.4541 16
      vertex -75.6581 -60.2206 16
    endloop
  endfacet
  facet normal 0.707183 0.707031 -4.15939e-06
    outer loop
      vertex -76.3153 -59.5633 9
      vertex -75.7404 -60.1383 12.9949
      vertex -75.8498 -60.0289 9
    endloop
  endfacet
  facet normal 0.707131 0.707083 1.08449e-05
    outer loop
      vertex -75.7404 -60.1383 12.9949
      vertex -76.3153 -59.5633 9
      vertex -76.4246 -59.4541 16
    endloop
  endfacet
  facet normal 0.706783 0.70743 0
    outer loop
      vertex -76.4246 -59.4541 6
      vertex -76.3153 -59.5633 9
      vertex -76.3153 -59.5633 6
    endloop
  endfacet
  facet normal 0.706783 0.70743 0
    outer loop
      vertex -76.3153 -59.5633 9
      vertex -76.4246 -59.4541 6
      vertex -76.4246 -59.4541 16
    endloop
  endfacet
  facet normal -0.707107 0.707107 0
    outer loop
      vertex -76.4246 -59.4541 6
      vertex -78.5459 -61.5754 16
      vertex -76.4246 -59.4541 16
    endloop
  endfacet
  facet normal -0.707107 0.707107 0
    outer loop
      vertex -78.5459 -61.5754 16
      vertex -76.4246 -59.4541 6
      vertex -78.5459 -61.5754 6
    endloop
  endfacet
  facet normal 0 0 1
    outer loop
      vertex -79.9193 -67.5 16
      vertex -81 -67.5 16
      vertex -80.0769 -69 16
    endloop
  endfacet
  facet normal 0 0 1
    outer loop
      vertex -81 -70.5 16
      vertex -80.0769 -69 16
      vertex -81 -67.5 16
    endloop
  endfacet
  facet normal 0 0 1
    outer loop
      vertex -80.0769 -69 16
      vertex -81 -70.5 16
      vertex -79.9193 -70.5 16
    endloop
  endfacet
  facet normal -1 0 0
    outer loop
      vertex -81 -69 6
      vertex -81 -67.5 16
      vertex -81 -67.5 6
    endloop
  endfacet
  facet normal -1 0 0
    outer loop
      vertex -81 -70.5 16
      vertex -81 -69 6
      vertex -81 -70.5 6
    endloop
  endfacet
  facet normal -1 0 0
    outer loop
      vertex -81 -69 6
      vertex -81 -70.5 16
      vertex -81 -67.5 16
    endloop
  endfacet
  facet normal 0 -1 0
    outer loop
      vertex -81 -70.5 16
      vertex -80.0144 -70.5 13.5263
      vertex -79.9193 -70.5 16
    endloop
  endfacet
  facet normal 0 -1 0
    outer loop
      vertex -81 -70.5 16
      vertex -80.8423 -70.5 9
      vertex -80.0144 -70.5 13.5263
    endloop
  endfacet
  facet normal 0 -1 0
    outer loop
      vertex -81 -70.5 6
      vertex -80.8423 -70.5 9
      vertex -81 -70.5 16
    endloop
  endfacet
  facet normal 0 -1 -0
    outer loop
      vertex -80.8423 -70.5 9
      vertex -81 -70.5 6
      vertex -80.8423 -70.5 6
    endloop
  endfacet
  facet normal 0 -1 0
    outer loop
      vertex -80.0144 -70.5 13.5263
      vertex -80.8423 -70.5 9
      vertex -80.1885 -70.5 9
    endloop
  endfacet
  facet normal 0 0 -1
    outer loop
      vertex -80.8423 -70.5 6
      vertex -81 -70.5 6
      vertex -81 -69 6
    endloop
  endfacet
  facet normal -0 0 -1
    outer loop
      vertex -80.8423 -67.5 6
      vertex -81 -69 6
      vertex -81 -67.5 6
    endloop
  endfacet
  facet normal 0 1 -0
    outer loop
      vertex -80.0144 -67.5 13.5263
      vertex -81 -67.5 16
      vertex -79.9193 -67.5 16
    endloop
  endfacet
  facet normal 0 1 0
    outer loop
      vertex -80.8423 -67.5 9
      vertex -80.0144 -67.5 13.5263
      vertex -80.1885 -67.5 9
    endloop
  endfacet
  facet normal 0 1 0
    outer loop
      vertex -80.0144 -67.5 13.5263
      vertex -80.8423 -67.5 9
      vertex -81 -67.5 16
    endloop
  endfacet
  facet normal 0 1 0
    outer loop
      vertex -81 -67.5 6
      vertex -80.8423 -67.5 9
      vertex -80.8423 -67.5 6
    endloop
  endfacet
  facet normal 0 1 0
    outer loop
      vertex -80.8423 -67.5 9
      vertex -81 -67.5 6
      vertex -81 -67.5 16
    endloop
  endfacet
  facet normal -0.707107 -0.707107 0
    outer loop
      vertex -76.4246 -78.5459 6
      vertex -78.5459 -76.4246 16
      vertex -78.5459 -76.4246 6
    endloop
  endfacet
  facet normal -0.707107 -0.707107 0
    outer loop
      vertex -78.5459 -76.4246 16
      vertex -76.4246 -78.5459 6
      vertex -76.4246 -78.5459 16
    endloop
  endfacet
  facet normal 0 0 1
    outer loop
      vertex -76.1127 -77.4492 16
      vertex -76.4246 -78.5459 16
      vertex -75.6581 -77.7794 16
    endloop
  endfacet
  facet normal 0 0 1
    outer loop
      vertex -76.4119 -77.2318 16
      vertex -76.4246 -78.5459 16
      vertex -76.1127 -77.4492 16
    endloop
  endfacet
  facet normal 0 0 1
    outer loop
      vertex -76.6594 -76.9569 16
      vertex -76.4246 -78.5459 16
      vertex -76.4119 -77.2318 16
    endloop
  endfacet
  facet normal -0 0 1
    outer loop
      vertex -78.5459 -76.4246 16
      vertex -76.6594 -76.9569 16
      vertex -77.8054 -75.6841 16
    endloop
  endfacet
  facet normal 0 0 1
    outer loop
      vertex -76.6594 -76.9569 16
      vertex -78.5459 -76.4246 16
      vertex -76.4246 -78.5459 16
    endloop
  endfacet
  facet normal 0 0 -1
    outer loop
      vertex -76.4246 -78.5459 6
      vertex -77.0296 -77.9177 6
      vertex -76.3153 -78.4367 6
    endloop
  endfacet
  facet normal 0 0 -1
    outer loop
      vertex -77.0296 -77.9177 6
      vertex -78.5459 -76.4246 6
      vertex -78.4555 -76.3341 6
    endloop
  endfacet
  facet normal 0 0 -1
    outer loop
      vertex -78.5459 -76.4246 6
      vertex -77.0296 -77.9177 6
      vertex -76.4246 -78.5459 6
    endloop
  endfacet
  facet normal 0.707183 -0.707031 -4.15939e-06
    outer loop
      vertex -75.7404 -77.8617 12.9949
      vertex -76.3153 -78.4367 9
      vertex -75.8498 -77.9711 9
    endloop
  endfacet
  facet normal 0.707107 -0.707107 2.99921e-15
    outer loop
      vertex -76.4246 -78.5459 16
      vertex -75.7404 -77.8617 12.9949
      vertex -75.6581 -77.7794 16
    endloop
  endfacet
  facet normal 0.707131 -0.707083 1.08449e-05
    outer loop
      vertex -75.7404 -77.8617 12.9949
      vertex -76.4246 -78.5459 16
      vertex -76.3153 -78.4367 9
    endloop
  endfacet
  facet normal 0.706783 -0.70743 0
    outer loop
      vertex -76.4246 -78.5459 6
      vertex -76.3153 -78.4367 9
      vertex -76.4246 -78.5459 16
    endloop
  endfacet
  facet normal 0.706783 -0.70743 0
    outer loop
      vertex -76.3153 -78.4367 9
      vertex -76.4246 -78.5459 6
      vertex -76.3153 -78.4367 6
    endloop
  endfacet
  facet normal -0.707107 0.707107 0
    outer loop
      vertex -77.995 -75.8737 9
      vertex -78.5459 -76.4246 16
      vertex -77.8054 -75.6841 16
    endloop
  endfacet
  facet normal -0.70703 0.707184 1.20859e-05
    outer loop
      vertex -78.4555 -76.3341 9
      vertex -78.5459 -76.4246 16
      vertex -77.995 -75.8737 9
    endloop
  endfacet
  facet normal -0.707498 0.706716 0
    outer loop
      vertex -78.5459 -76.4246 6
      vertex -78.4555 -76.3341 9
      vertex -78.4555 -76.3341 6
    endloop
  endfacet
  facet normal -0.707498 0.706716 0
    outer loop
      vertex -78.4555 -76.3341 9
      vertex -78.5459 -76.4246 6
      vertex -78.5459 -76.4246 16
    endloop
  endfacet
  facet normal 0 -1 0
    outer loop
      vertex -70.5 -81 6
      vertex -67.5 -81 16
      vertex -70.5 -81 16
    endloop
  endfacet
  facet normal 0 -1 -0
    outer loop
      vertex -67.5 -81 16
      vertex -70.5 -81 6
      vertex -67.5 -81 6
    endloop
  endfacet
  facet normal -0 0 1
    outer loop
      vertex -67.8421 -80.0162 16
      vertex -67.5 -81 16
      vertex -67.5 -79.9435 16
    endloop
  endfacet
  facet normal -0 0 1
    outer loop
      vertex -70.1579 -80.0162 16
      vertex -67.5 -81 16
      vertex -67.8421 -80.0162 16
    endloop
  endfacet
  facet normal 0 0 1
    outer loop
      vertex -70.5 -81 16
      vertex -70.1579 -80.0162 16
      vertex -70.5 -79.9435 16
    endloop
  endfacet
  facet normal 0 0 1
    outer loop
      vertex -70.1579 -80.0162 16
      vertex -70.5 -81 16
      vertex -67.5 -81 16
    endloop
  endfacet
  facet normal 0 0 -1
    outer loop
      vertex -67.5 -81 6
      vertex -67.7457 -80.9343 6
      vertex -67.5 -80.882 6
    endloop
  endfacet
  facet normal 0 0 -1
    outer loop
      vertex -67.5 -81 6
      vertex -70.2543 -80.9343 6
      vertex -67.7457 -80.9343 6
    endloop
  endfacet
  facet normal 0 0 -1
    outer loop
      vertex -70.5 -81 6
      vertex -70.2543 -80.9343 6
      vertex -67.5 -81 6
    endloop
  endfacet
  facet normal -0 0 -1
    outer loop
      vertex -70.2543 -80.9343 6
      vertex -70.5 -81 6
      vertex -70.5 -80.882 6
    endloop
  endfacet
  facet normal 1 -0 0
    outer loop
      vertex -67.5 -81 16
      vertex -67.5 -80.2173 9
      vertex -67.5 -79.9435 16
    endloop
  endfacet
  facet normal 1 0 0
    outer loop
      vertex -67.5 -80.2173 9
      vertex -67.5 -81 16
      vertex -67.5 -80.882 9
    endloop
  endfacet
  facet normal 1 0 0
    outer loop
      vertex -67.5 -81 6
      vertex -67.5 -80.882 9
      vertex -67.5 -81 16
    endloop
  endfacet
  facet normal 1 0 0
    outer loop
      vertex -67.5 -80.882 9
      vertex -67.5 -81 6
      vertex -67.5 -80.882 6
    endloop
  endfacet
  facet normal -1 0 0
    outer loop
      vertex -70.5 -80.882 6
      vertex -70.5 -81 6
      vertex -70.5 -80.882 9
    endloop
  endfacet
  facet normal -1 0 0
    outer loop
      vertex -70.5 -81 16
      vertex -70.5 -80.2173 9
      vertex -70.5 -80.882 9
    endloop
  endfacet
  facet normal -1 0 0
    outer loop
      vertex -70.5 -80.2173 9
      vertex -70.5 -81 16
      vertex -70.5 -79.9435 16
    endloop
  endfacet
  facet normal -1 0 0
    outer loop
      vertex -70.5 -81 16
      vertex -70.5 -80.882 9
      vertex -70.5 -81 6
    endloop
  endfacet
  facet normal 0.707107 -0.707107 0
    outer loop
      vertex -61.5754 -78.5459 16
      vertex -59.4541 -76.4246 6
      vertex -59.4541 -76.4246 16
    endloop
  endfacet
  facet normal 0.707107 -0.707107 0
    outer loop
      vertex -59.4541 -76.4246 6
      vertex -61.5754 -78.5459 16
      vertex -61.5754 -78.5459 6
    endloop
  endfacet
  facet normal 0 0 1
    outer loop
      vertex -61.3406 -76.9569 16
      vertex -59.4541 -76.4246 16
      vertex -60.1946 -75.6841 16
    endloop
  endfacet
  facet normal -0 0 1
    outer loop
      vertex -61.3406 -76.9569 16
      vertex -61.5754 -78.5459 16
      vertex -59.4541 -76.4246 16
    endloop
  endfacet
  facet normal -0 0 1
    outer loop
      vertex -61.5881 -77.2318 16
      vertex -61.5754 -78.5459 16
      vertex -61.3406 -76.9569 16
    endloop
  endfacet
  facet normal -0 0 1
    outer loop
      vertex -61.8873 -77.4492 16
      vertex -61.5754 -78.5459 16
      vertex -61.5881 -77.2318 16
    endloop
  endfacet
  facet normal 0 0 1
    outer loop
      vertex -61.5754 -78.5459 16
      vertex -61.8873 -77.4492 16
      vertex -62.3419 -77.7794 16
    endloop
  endfacet
  facet normal -0 0 -1
    outer loop
      vertex -59.4541 -76.4246 6
      vertex -60.9704 -77.9177 6
      vertex -59.5445 -76.3341 6
    endloop
  endfacet
  facet normal 0 0 -1
    outer loop
      vertex -61.5754 -78.5459 6
      vertex -60.9704 -77.9177 6
      vertex -59.4541 -76.4246 6
    endloop
  endfacet
  facet normal 0 0 -1
    outer loop
      vertex -60.9704 -77.9177 6
      vertex -61.5754 -78.5459 6
      vertex -61.6847 -78.4367 6
    endloop
  endfacet
  facet normal 0.707107 0.707107 -1.89314e-16
    outer loop
      vertex -59.4541 -76.4246 16
      vertex -60.005 -75.8737 9
      vertex -60.1946 -75.6841 16
    endloop
  endfacet
  facet normal 0.70703 0.707184 1.20859e-05
    outer loop
      vertex -60.005 -75.8737 9
      vertex -59.4541 -76.4246 16
      vertex -59.5445 -76.3341 9
    endloop
  endfacet
  facet normal 0.707498 0.706716 -0
    outer loop
      vertex -59.4541 -76.4246 6
      vertex -59.5445 -76.3341 9
      vertex -59.4541 -76.4246 16
    endloop
  endfacet
  facet normal 0.707498 0.706716 0
    outer loop
      vertex -59.5445 -76.3341 9
      vertex -59.4541 -76.4246 6
      vertex -59.5445 -76.3341 6
    endloop
  endfacet
  facet normal -0.706783 -0.70743 0
    outer loop
      vertex -61.6847 -78.4367 6
      vertex -61.5754 -78.5459 6
      vertex -61.6847 -78.4367 9
    endloop
  endfacet
  facet normal -0.707183 -0.707031 -4.15939e-06
    outer loop
      vertex -61.6847 -78.4367 9
      vertex -62.2596 -77.8617 12.9949
      vertex -62.1502 -77.9711 9
    endloop
  endfacet
  facet normal -0.707131 -0.707083 1.08449e-05
    outer loop
      vertex -61.5754 -78.5459 16
      vertex -62.2596 -77.8617 12.9949
      vertex -61.6847 -78.4367 9
    endloop
  endfacet
  facet normal -0.707107 -0.707107 -1.8106e-16
    outer loop
      vertex -62.2596 -77.8617 12.9949
      vertex -61.5754 -78.5459 16
      vertex -62.3419 -77.7794 16
    endloop
  endfacet
  facet normal -0.706783 -0.70743 -0
    outer loop
      vertex -61.5754 -78.5459 16
      vertex -61.6847 -78.4367 9
      vertex -61.5754 -78.5459 6
    endloop
  endfacet
  facet normal -0.30904 -0.951049 0
    outer loop
      vertex -61.6068 -69.4408 0
      vertex -60.7682 -69.7133 5
      vertex -61.6068 -69.4408 5
    endloop
  endfacet
  facet normal -0.30904 -0.951049 -0
    outer loop
      vertex -60.7682 -69.7133 5
      vertex -61.6068 -69.4408 0
      vertex -60.7682 -69.7133 0
    endloop
  endfacet
  facet normal -0.30904 0.951049 0
    outer loop
      vertex -60.7682 -68.2867 0
      vertex -61.6068 -68.5592 5
      vertex -60.7682 -68.2867 5
    endloop
  endfacet
  facet normal -0.30904 0.951049 0
    outer loop
      vertex -61.6068 -68.5592 5
      vertex -60.7682 -68.2867 0
      vertex -61.6068 -68.5592 0
    endloop
  endfacet
  facet normal 0.80904 0.587753 0
    outer loop
      vertex -60.25 -69 5
      vertex -60.7682 -68.2867 0
      vertex -60.7682 -68.2867 5
    endloop
  endfacet
  facet normal 0.80904 0.587753 0
    outer loop
      vertex -60.7682 -68.2867 0
      vertex -60.25 -69 5
      vertex -60.25 -69 0
    endloop
  endfacet
  facet normal -1 0 0
    outer loop
      vertex -61.6068 -69.4408 0
      vertex -61.6068 -68.5592 5
      vertex -61.6068 -68.5592 0
    endloop
  endfacet
  facet normal -1 -0 0
    outer loop
      vertex -61.6068 -68.5592 5
      vertex -61.6068 -69.4408 0
      vertex -61.6068 -69.4408 5
    endloop
  endfacet
  facet normal 0.80904 -0.587753 0
    outer loop
      vertex -60.7682 -69.7133 5
      vertex -60.25 -69 0
      vertex -60.25 -69 5
    endloop
  endfacet
  facet normal 0.80904 -0.587753 0
    outer loop
      vertex -60.25 -69 0
      vertex -60.7682 -69.7133 5
      vertex -60.7682 -69.7133 0
    endloop
  endfacet
  facet normal 0 0 -1
    outer loop
      vertex -60.7682 -69.7133 0
      vertex -60.7682 -68.2867 0
      vertex -60.25 -69 0
    endloop
  endfacet
  facet normal 0 0 -1
    outer loop
      vertex -61.6068 -69.4408 0
      vertex -60.7682 -68.2867 0
      vertex -60.7682 -69.7133 0
    endloop
  endfacet
  facet normal 0 0 -1
    outer loop
      vertex -60.7682 -68.2867 0
      vertex -61.6068 -69.4408 0
      vertex -61.6068 -68.5592 0
    endloop
  endfacet
  facet normal -0.669165 -0.743114 0
    outer loop
      vertex -73.7336 -62.2277 0
      vertex -73.0784 -62.8177 5
      vertex -73.7336 -62.2277 5
    endloop
  endfacet
  facet normal -0.669165 -0.743114 -0
    outer loop
      vertex -73.0784 -62.8177 5
      vertex -73.7336 -62.2277 0
      vertex -73.0784 -62.8177 0
    endloop
  endfacet
  facet normal -0.91354 0.406749 0
    outer loop
      vertex -73.7336 -62.2277 0
      vertex -73.375 -61.4223 5
      vertex -73.375 -61.4223 0
    endloop
  endfacet
  facet normal -0.91354 0.406749 0
    outer loop
      vertex -73.375 -61.4223 5
      vertex -73.7336 -62.2277 0
      vertex -73.7336 -62.2277 5
    endloop
  endfacet
  facet normal 0.499945 -0.866057 0
    outer loop
      vertex -73.0784 -62.8177 0
      vertex -72.3148 -62.3769 5
      vertex -73.0784 -62.8177 5
    endloop
  endfacet
  facet normal 0.499945 -0.866057 0
    outer loop
      vertex -72.3148 -62.3769 5
      vertex -73.0784 -62.8177 0
      vertex -72.3148 -62.3769 0
    endloop
  endfacet
  facet normal 0.978131 0.207988 0
    outer loop
      vertex -72.3148 -62.3769 5
      vertex -72.4982 -61.5144 0
      vertex -72.4982 -61.5144 5
    endloop
  endfacet
  facet normal 0.978131 0.207988 0
    outer loop
      vertex -72.4982 -61.5144 0
      vertex -72.3148 -62.3769 5
      vertex -72.3148 -62.3769 0
    endloop
  endfacet
  facet normal 0.104466 0.994528 -0
    outer loop
      vertex -72.4982 -61.5144 0
      vertex -73.375 -61.4223 5
      vertex -72.4982 -61.5144 5
    endloop
  endfacet
  facet normal 0.104466 0.994528 0
    outer loop
      vertex -73.375 -61.4223 5
      vertex -72.4982 -61.5144 0
      vertex -73.375 -61.4223 0
    endloop
  endfacet
  facet normal 0 0 -1
    outer loop
      vertex -73.0784 -62.8177 0
      vertex -72.4982 -61.5144 0
      vertex -72.3148 -62.3769 0
    endloop
  endfacet
  facet normal 0 0 -1
    outer loop
      vertex -73.0784 -62.8177 0
      vertex -73.375 -61.4223 0
      vertex -72.4982 -61.5144 0
    endloop
  endfacet
  facet normal 0 -0 -1
    outer loop
      vertex -73.375 -61.4223 0
      vertex -73.0784 -62.8177 0
      vertex -73.7336 -62.2277 0
    endloop
  endfacet
  facet normal 0.104466 -0.994528 0
    outer loop
      vertex -73.375 -76.5777 0
      vertex -72.4982 -76.4856 5
      vertex -73.375 -76.5777 5
    endloop
  endfacet
  facet normal 0.104466 -0.994528 0
    outer loop
      vertex -72.4982 -76.4856 5
      vertex -73.375 -76.5777 0
      vertex -72.4982 -76.4856 0
    endloop
  endfacet
  facet normal 0.978127 -0.208011 0
    outer loop
      vertex -72.4982 -76.4856 5
      vertex -72.3148 -75.6232 0
      vertex -72.3148 -75.6232 5
    endloop
  endfacet
  facet normal 0.978127 -0.208011 0
    outer loop
      vertex -72.3148 -75.6232 0
      vertex -72.4982 -76.4856 5
      vertex -72.4982 -76.4856 0
    endloop
  endfacet
  facet normal 0.50003 0.866008 -0
    outer loop
      vertex -72.3148 -75.6232 0
      vertex -73.0784 -75.1823 5
      vertex -72.3148 -75.6232 5
    endloop
  endfacet
  facet normal 0.50003 0.866008 0
    outer loop
      vertex -73.0784 -75.1823 5
      vertex -72.3148 -75.6232 0
      vertex -73.0784 -75.1823 0
    endloop
  endfacet
  facet normal -0.669165 0.743114 0
    outer loop
      vertex -73.0784 -75.1823 0
      vertex -73.7336 -75.7723 5
      vertex -73.0784 -75.1823 5
    endloop
  endfacet
  facet normal -0.669165 0.743114 0
    outer loop
      vertex -73.7336 -75.7723 5
      vertex -73.0784 -75.1823 0
      vertex -73.7336 -75.7723 0
    endloop
  endfacet
  facet normal -0.91354 -0.406749 0
    outer loop
      vertex -73.375 -76.5777 0
      vertex -73.7336 -75.7723 5
      vertex -73.7336 -75.7723 0
    endloop
  endfacet
  facet normal -0.91354 -0.406749 0
    outer loop
      vertex -73.7336 -75.7723 5
      vertex -73.375 -76.5777 0
      vertex -73.375 -76.5777 5
    endloop
  endfacet
  facet normal 0 0 -1
    outer loop
      vertex -72.4982 -76.4856 0
      vertex -73.0784 -75.1823 0
      vertex -72.3148 -75.6232 0
    endloop
  endfacet
  facet normal 0 0 -1
    outer loop
      vertex -73.375 -76.5777 0
      vertex -73.0784 -75.1823 0
      vertex -72.4982 -76.4856 0
    endloop
  endfacet
  facet normal 0 0 -1
    outer loop
      vertex -73.0784 -75.1823 0
      vertex -73.375 -76.5777 0
      vertex -73.7336 -75.7723 0
    endloop
  endfacet
  facet normal 0.406745 0.913542 -0
    outer loop
      vertex -63 -58.6077 5
      vertex -65.2918 -57.5873 9
      vertex -63 -58.6077 9
    endloop
  endfacet
  facet normal 0.406745 0.913542 0
    outer loop
      vertex -65.2918 -57.5873 9
      vertex -63 -58.6077 5
      vertex -65.2918 -57.5873 5
    endloop
  endfacet
  facet normal 0.951048 0.309044 0
    outer loop
      vertex -57.2622 -66.5051 9
      vertex -58.0375 -64.1192 5
      vertex -58.0375 -64.1192 9
    endloop
  endfacet
  facet normal 0.951048 0.309044 0
    outer loop
      vertex -58.0375 -64.1192 5
      vertex -57.2622 -66.5051 9
      vertex -57.2622 -66.5051 5
    endloop
  endfacet
  facet normal 0.994529 0.104461 -0
    outer loop
      vertex -57.1577 -67.5 6
      vertex -57.2622 -66.5051 9
      vertex -57.1577 -67.5 9
    endloop
  endfacet
  facet normal 0.994529 0.104461 0
    outer loop
      vertex -57.2622 -66.5051 9
      vertex -57.1577 -67.5 6
      vertex -57.2622 -66.5051 5
    endloop
  endfacet
  facet normal 0.994519 0.104557 -0
    outer loop
      vertex -57 -69 5
      vertex -57.1577 -67.5 6
      vertex -57 -69 6
    endloop
  endfacet
  facet normal 0.994523 0.104519 5.80912e-05
    outer loop
      vertex -57.1577 -67.5 6
      vertex -57 -69 5
      vertex -57.2622 -66.5051 5
    endloop
  endfacet
  facet normal 0.866034 0.499985 0
    outer loop
      vertex -58.0375 -64.1192 9
      vertex -59.2918 -61.9466 5
      vertex -59.2918 -61.9466 9
    endloop
  endfacet
  facet normal 0.866034 0.499985 0
    outer loop
      vertex -59.2918 -61.9466 5
      vertex -58.0375 -64.1192 9
      vertex -58.0375 -64.1192 5
    endloop
  endfacet
  facet normal 0.951048 -0.309044 0
    outer loop
      vertex -58.0375 -73.8808 9
      vertex -57.2622 -71.4949 5
      vertex -57.2622 -71.4949 9
    endloop
  endfacet
  facet normal 0.951048 -0.309044 0
    outer loop
      vertex -57.2622 -71.4949 5
      vertex -58.0375 -73.8808 9
      vertex -58.0375 -73.8808 5
    endloop
  endfacet
  facet normal 0 0 -1
    outer loop
      vertex -73.0784 -75.1823 5
      vertex -72.3148 -62.3769 5
      vertex -72.3148 -75.6232 5
    endloop
  endfacet
  facet normal 0 0 -1
    outer loop
      vertex -73.0784 -75.1823 5
      vertex -73.0784 -62.8177 5
      vertex -72.3148 -62.3769 5
    endloop
  endfacet
  facet normal 0 0 -1
    outer loop
      vertex -79.9625 -73.8808 5
      vertex -73.0784 -75.1823 5
      vertex -73.7336 -75.7723 5
    endloop
  endfacet
  facet normal 0 0 -1
    outer loop
      vertex -73.0784 -75.1823 5
      vertex -81 -69 5
      vertex -73.0784 -62.8177 5
    endloop
  endfacet
  facet normal 0 0 -1
    outer loop
      vertex -72.4982 -61.5144 5
      vertex -67.7457 -57.0657 5
      vertex -72.3148 -62.3769 5
    endloop
  endfacet
  facet normal -0 0 -1
    outer loop
      vertex -67.7457 -57.0657 5
      vertex -72.4982 -61.5144 5
      vertex -70.2543 -57.0657 5
    endloop
  endfacet
  facet normal 0 0 -1
    outer loop
      vertex -72.4982 -61.5144 5
      vertex -72.7082 -57.5873 5
      vertex -70.2543 -57.0657 5
    endloop
  endfacet
  facet normal 0 0 -1
    outer loop
      vertex -73.375 -61.4223 5
      vertex -72.7082 -57.5873 5
      vertex -72.4982 -61.5144 5
    endloop
  endfacet
  facet normal 0 0 -1
    outer loop
      vertex -77.0296 -60.0823 5
      vertex -73.375 -61.4223 5
      vertex -73.7336 -62.2277 5
    endloop
  endfacet
  facet normal 0 0 -1
    outer loop
      vertex -73.375 -61.4223 5
      vertex -75 -58.6077 5
      vertex -72.7082 -57.5873 5
    endloop
  endfacet
  facet normal 0 0 -1
    outer loop
      vertex -78.7082 -76.0534 5
      vertex -73.7336 -75.7723 5
      vertex -77.0296 -77.9177 5
    endloop
  endfacet
  facet normal 0 0 -1
    outer loop
      vertex -79.9625 -73.8808 5
      vertex -73.7336 -75.7723 5
      vertex -78.7082 -76.0534 5
    endloop
  endfacet
  facet normal 0 0 -1
    outer loop
      vertex -73.375 -61.4223 5
      vertex -77.0296 -60.0823 5
      vertex -75 -58.6077 5
    endloop
  endfacet
  facet normal 0 0 -1
    outer loop
      vertex -73.0784 -75.1823 5
      vertex -79.9625 -73.8808 5
      vertex -80.7378 -71.4949 5
    endloop
  endfacet
  facet normal 0 0 -1
    outer loop
      vertex -73.7336 -62.2277 5
      vertex -78.7082 -61.9466 5
      vertex -77.0296 -60.0823 5
    endloop
  endfacet
  facet normal 0 0 -1
    outer loop
      vertex -73.0784 -75.1823 5
      vertex -80.7378 -71.4949 5
      vertex -81 -69 5
    endloop
  endfacet
  facet normal -0 0 -1
    outer loop
      vertex -73.7336 -62.2277 5
      vertex -79.9625 -64.1192 5
      vertex -78.7082 -61.9466 5
    endloop
  endfacet
  facet normal 0 -0 -1
    outer loop
      vertex -80.7378 -66.5051 5
      vertex -73.0784 -62.8177 5
      vertex -81 -69 5
    endloop
  endfacet
  facet normal -0 0 -1
    outer loop
      vertex -73.0784 -62.8177 5
      vertex -79.9625 -64.1192 5
      vertex -73.7336 -62.2277 5
    endloop
  endfacet
  facet normal 0 -0 -1
    outer loop
      vertex -79.9625 -64.1192 5
      vertex -73.0784 -62.8177 5
      vertex -80.7378 -66.5051 5
    endloop
  endfacet
  facet normal 0 0 -1
    outer loop
      vertex -60.25 -69 5
      vertex -57 -69 5
      vertex -57.2622 -71.4949 5
    endloop
  endfacet
  facet normal 0 0 -1
    outer loop
      vertex -60.7682 -69.7133 5
      vertex -57.2622 -71.4949 5
      vertex -58.0375 -73.8808 5
    endloop
  endfacet
  facet normal 0 0 -1
    outer loop
      vertex -57 -69 5
      vertex -60.25 -69 5
      vertex -57.2622 -66.5051 5
    endloop
  endfacet
  facet normal 0 0 -1
    outer loop
      vertex -60.7682 -69.7133 5
      vertex -58.0375 -73.8808 5
      vertex -59.2918 -76.0534 5
    endloop
  endfacet
  facet normal 0 0 -1
    outer loop
      vertex -60.7682 -68.2867 5
      vertex -57.2622 -66.5051 5
      vertex -60.25 -69 5
    endloop
  endfacet
  facet normal -0 0 -1
    outer loop
      vertex -57.2622 -66.5051 5
      vertex -60.7682 -68.2867 5
      vertex -58.0375 -64.1192 5
    endloop
  endfacet
  facet normal 0 0 -1
    outer loop
      vertex -57.2622 -71.4949 5
      vertex -60.7682 -69.7133 5
      vertex -60.25 -69 5
    endloop
  endfacet
  facet normal 0 0 -1
    outer loop
      vertex -61.6068 -69.4408 5
      vertex -59.2918 -76.0534 5
      vertex -60.9704 -77.9177 5
    endloop
  endfacet
  facet normal 0 0 -1
    outer loop
      vertex -59.2918 -76.0534 5
      vertex -61.6068 -69.4408 5
      vertex -60.7682 -69.7133 5
    endloop
  endfacet
  facet normal 0 0 -1
    outer loop
      vertex -72.3148 -75.6232 5
      vertex -61.6068 -69.4408 5
      vertex -63 -79.3923 5
    endloop
  endfacet
  facet normal 0 0 -1
    outer loop
      vertex -63 -79.3923 5
      vertex -61.6068 -69.4408 5
      vertex -60.9704 -77.9177 5
    endloop
  endfacet
  facet normal -0 0 -1
    outer loop
      vertex -58.0375 -64.1192 5
      vertex -60.7682 -68.2867 5
      vertex -59.2918 -61.9466 5
    endloop
  endfacet
  facet normal 0 0 -1
    outer loop
      vertex -61.6068 -68.5592 5
      vertex -59.2918 -61.9466 5
      vertex -60.7682 -68.2867 5
    endloop
  endfacet
  facet normal -0 0 -1
    outer loop
      vertex -59.2918 -61.9466 5
      vertex -61.6068 -68.5592 5
      vertex -60.9704 -60.0823 5
    endloop
  endfacet
  facet normal -0 0 -1
    outer loop
      vertex -61.6068 -69.4408 5
      vertex -72.3148 -75.6232 5
      vertex -61.6068 -68.5592 5
    endloop
  endfacet
  facet normal 0 0 -1
    outer loop
      vertex -72.3148 -62.3769 5
      vertex -61.6068 -68.5592 5
      vertex -72.3148 -75.6232 5
    endloop
  endfacet
  facet normal 0 0 -1
    outer loop
      vertex -72.3148 -75.6232 5
      vertex -63 -79.3923 5
      vertex -65.2918 -80.4127 5
    endloop
  endfacet
  facet normal 0 0 -1
    outer loop
      vertex -61.6068 -68.5592 5
      vertex -63 -58.6077 5
      vertex -60.9704 -60.0823 5
    endloop
  endfacet
  facet normal 0 0 -1
    outer loop
      vertex -72.3148 -75.6232 5
      vertex -65.2918 -80.4127 5
      vertex -67.7457 -80.9343 5
    endloop
  endfacet
  facet normal 0 0 -1
    outer loop
      vertex -72.3148 -62.3769 5
      vertex -63 -58.6077 5
      vertex -61.6068 -68.5592 5
    endloop
  endfacet
  facet normal 0 0 -1
    outer loop
      vertex -72.4982 -76.4856 5
      vertex -67.7457 -80.9343 5
      vertex -70.2543 -80.9343 5
    endloop
  endfacet
  facet normal -0 0 -1
    outer loop
      vertex -63 -58.6077 5
      vertex -72.3148 -62.3769 5
      vertex -65.2918 -57.5873 5
    endloop
  endfacet
  facet normal -0 0 -1
    outer loop
      vertex -65.2918 -57.5873 5
      vertex -72.3148 -62.3769 5
      vertex -67.7457 -57.0657 5
    endloop
  endfacet
  facet normal 0 0 -1
    outer loop
      vertex -67.7457 -80.9343 5
      vertex -72.4982 -76.4856 5
      vertex -72.3148 -75.6232 5
    endloop
  endfacet
  facet normal 0 0 -1
    outer loop
      vertex -72.7082 -80.4127 5
      vertex -72.4982 -76.4856 5
      vertex -70.2543 -80.9343 5
    endloop
  endfacet
  facet normal 0 0 -1
    outer loop
      vertex -72.7082 -80.4127 5
      vertex -73.375 -76.5777 5
      vertex -72.4982 -76.4856 5
    endloop
  endfacet
  facet normal 0 0 -1
    outer loop
      vertex -75 -79.3923 5
      vertex -73.375 -76.5777 5
      vertex -72.7082 -80.4127 5
    endloop
  endfacet
  facet normal -0 0 -1
    outer loop
      vertex -73.375 -76.5777 5
      vertex -77.0296 -77.9177 5
      vertex -73.7336 -75.7723 5
    endloop
  endfacet
  facet normal 0 0 -1
    outer loop
      vertex -77.0296 -77.9177 5
      vertex -73.375 -76.5777 5
      vertex -75 -79.3923 5
    endloop
  endfacet
  facet normal 0.208197 -0.978087 0
    outer loop
      vertex -67.7457 -80.9343 6
      vertex -67.7457 -80.9343 5
      vertex -67.5 -80.882 6
    endloop
  endfacet
  facet normal 0.207883 -0.978154 0
    outer loop
      vertex -67.5 -80.882 6
      vertex -65.2918 -80.4127 9
      vertex -67.5 -80.882 9
    endloop
  endfacet
  facet normal 0.207915 -0.978147 7.24871e-05
    outer loop
      vertex -65.2918 -80.4127 5
      vertex -67.5 -80.882 6
      vertex -67.7457 -80.9343 5
    endloop
  endfacet
  facet normal 0.207883 -0.978154 0
    outer loop
      vertex -67.5 -80.882 6
      vertex -65.2918 -80.4127 5
      vertex -65.2918 -80.4127 9
    endloop
  endfacet
  facet normal 0.743202 0.669067 0
    outer loop
      vertex -59.5445 -61.6659 9
      vertex -59.2918 -61.9466 9
      vertex -59.5445 -61.6659 6
    endloop
  endfacet
  facet normal 0.74314 0.669136 0
    outer loop
      vertex -59.5445 -61.6659 6
      vertex -60.9704 -60.0823 5
      vertex -60.9704 -60.0823 6
    endloop
  endfacet
  facet normal 0.743149 0.669125 -2.96614e-05
    outer loop
      vertex -59.5445 -61.6659 6
      vertex -59.2918 -61.9466 5
      vertex -60.9704 -60.0823 5
    endloop
  endfacet
  facet normal 0.743202 0.669067 -0
    outer loop
      vertex -59.2918 -61.9466 5
      vertex -59.5445 -61.6659 6
      vertex -59.2918 -61.9466 9
    endloop
  endfacet
  facet normal 0.743202 -0.669067 0
    outer loop
      vertex -59.5445 -76.3341 6
      vertex -59.2918 -76.0534 9
      vertex -59.5445 -76.3341 9
    endloop
  endfacet
  facet normal 0.743202 -0.669067 0
    outer loop
      vertex -59.2918 -76.0534 9
      vertex -59.5445 -76.3341 6
      vertex -59.2918 -76.0534 5
    endloop
  endfacet
  facet normal 0.74314 -0.669136 0
    outer loop
      vertex -60.9704 -77.9177 5
      vertex -59.5445 -76.3341 6
      vertex -60.9704 -77.9177 6
    endloop
  endfacet
  facet normal 0.743149 -0.669125 -2.96614e-05
    outer loop
      vertex -59.5445 -76.3341 6
      vertex -60.9704 -77.9177 5
      vertex -59.2918 -76.0534 5
    endloop
  endfacet
  facet normal -0.951048 -0.309044 0
    outer loop
      vertex -79.9625 -73.8808 5
      vertex -80.7378 -71.4949 9
      vertex -80.7378 -71.4949 5
    endloop
  endfacet
  facet normal -0.951048 -0.309044 0
    outer loop
      vertex -80.7378 -71.4949 9
      vertex -79.9625 -73.8808 5
      vertex -79.9625 -73.8808 9
    endloop
  endfacet
  facet normal 0.866034 -0.499985 0
    outer loop
      vertex -59.2918 -76.0534 9
      vertex -58.0375 -73.8808 5
      vertex -58.0375 -73.8808 9
    endloop
  endfacet
  facet normal 0.866034 -0.499985 0
    outer loop
      vertex -58.0375 -73.8808 5
      vertex -59.2918 -76.0534 9
      vertex -59.2918 -76.0534 5
    endloop
  endfacet
  facet normal -0.406745 0.913542 0
    outer loop
      vertex -72.7082 -57.5873 5
      vertex -75 -58.6077 9
      vertex -72.7082 -57.5873 9
    endloop
  endfacet
  facet normal -0.406745 0.913542 0
    outer loop
      vertex -75 -58.6077 9
      vertex -72.7082 -57.5873 5
      vertex -75 -58.6077 5
    endloop
  endfacet
  facet normal -0.587777 0.809023 0
    outer loop
      vertex -75 -58.6077 9
      vertex -76.3153 -59.5633 6
      vertex -76.3153 -59.5633 9
    endloop
  endfacet
  facet normal -0.587777 0.809023 0
    outer loop
      vertex -75 -58.6077 5
      vertex -76.3153 -59.5633 6
      vertex -75 -58.6077 9
    endloop
  endfacet
  facet normal -0.587788 0.809015 -2.21706e-05
    outer loop
      vertex -77.0296 -60.0823 5
      vertex -76.3153 -59.5633 6
      vertex -75 -58.6077 5
    endloop
  endfacet
  facet normal -0.587808 0.809 0
    outer loop
      vertex -76.3153 -59.5633 6
      vertex -77.0296 -60.0823 5
      vertex -77.0296 -60.0823 6
    endloop
  endfacet
  facet normal -0.74314 0.669136 0
    outer loop
      vertex -77.0296 -60.0823 5
      vertex -78.4555 -61.6659 6
      vertex -77.0296 -60.0823 6
    endloop
  endfacet
  facet normal -0.743149 0.669125 -2.96614e-05
    outer loop
      vertex -78.7082 -61.9466 5
      vertex -78.4555 -61.6659 6
      vertex -77.0296 -60.0823 5
    endloop
  endfacet
  facet normal -0.743202 0.669067 0
    outer loop
      vertex -78.7082 -61.9466 9
      vertex -78.4555 -61.6659 6
      vertex -78.7082 -61.9466 5
    endloop
  endfacet
  facet normal -0.743202 0.669067 0
    outer loop
      vertex -78.4555 -61.6659 6
      vertex -78.7082 -61.9466 9
      vertex -78.4555 -61.6659 9
    endloop
  endfacet
  facet normal -0.866034 0.499985 0
    outer loop
      vertex -79.9625 -64.1192 5
      vertex -78.7082 -61.9466 9
      vertex -78.7082 -61.9466 5
    endloop
  endfacet
  facet normal -0.866034 0.499985 0
    outer loop
      vertex -78.7082 -61.9466 9
      vertex -79.9625 -64.1192 5
      vertex -79.9625 -64.1192 9
    endloop
  endfacet
  facet normal 0.587777 -0.809023 0
    outer loop
      vertex -63 -79.3923 9
      vertex -61.6847 -78.4367 6
      vertex -61.6847 -78.4367 9
    endloop
  endfacet
  facet normal 0.587777 -0.809023 0
    outer loop
      vertex -63 -79.3923 5
      vertex -61.6847 -78.4367 6
      vertex -63 -79.3923 9
    endloop
  endfacet
  facet normal 0.587788 -0.809015 -2.21706e-05
    outer loop
      vertex -60.9704 -77.9177 5
      vertex -61.6847 -78.4367 6
      vertex -63 -79.3923 5
    endloop
  endfacet
  facet normal 0.587808 -0.809 0
    outer loop
      vertex -61.6847 -78.4367 6
      vertex -60.9704 -77.9177 5
      vertex -60.9704 -77.9177 6
    endloop
  endfacet
  facet normal 0.207883 0.978154 0
    outer loop
      vertex -65.2918 -57.5873 9
      vertex -67.5 -57.118 6
      vertex -67.5 -57.118 9
    endloop
  endfacet
  facet normal 0.207883 0.978154 -0
    outer loop
      vertex -65.2918 -57.5873 5
      vertex -67.5 -57.118 6
      vertex -65.2918 -57.5873 9
    endloop
  endfacet
  facet normal 0.207915 0.978147 7.24871e-05
    outer loop
      vertex -67.7457 -57.0657 5
      vertex -67.5 -57.118 6
      vertex -65.2918 -57.5873 5
    endloop
  endfacet
  facet normal 0.208197 0.978087 0
    outer loop
      vertex -67.5 -57.118 6
      vertex -67.7457 -57.0657 5
      vertex -67.7457 -57.0657 6
    endloop
  endfacet
  facet normal -0.994519 -0.104557 0
    outer loop
      vertex -81 -69 5
      vertex -80.8423 -70.5 6
      vertex -81 -69 6
    endloop
  endfacet
  facet normal -0.994523 -0.104519 5.80912e-05
    outer loop
      vertex -80.7378 -71.4949 5
      vertex -80.8423 -70.5 6
      vertex -81 -69 5
    endloop
  endfacet
  facet normal -0.994529 -0.104461 -0
    outer loop
      vertex -80.7378 -71.4949 9
      vertex -80.8423 -70.5 6
      vertex -80.7378 -71.4949 5
    endloop
  endfacet
  facet normal -0.994529 -0.104461 0
    outer loop
      vertex -80.8423 -70.5 6
      vertex -80.7378 -71.4949 9
      vertex -80.8423 -70.5 9
    endloop
  endfacet
  facet normal 0.994529 -0.104461 0
    outer loop
      vertex -57.1577 -70.5 9
      vertex -57.2622 -71.4949 9
      vertex -57.1577 -70.5 6
    endloop
  endfacet
  facet normal 0.994519 -0.104557 0
    outer loop
      vertex -57.1577 -70.5 6
      vertex -57 -69 5
      vertex -57 -69 6
    endloop
  endfacet
  facet normal 0.994523 -0.104519 5.80912e-05
    outer loop
      vertex -57.1577 -70.5 6
      vertex -57.2622 -71.4949 5
      vertex -57 -69 5
    endloop
  endfacet
  facet normal 0.994529 -0.104461 0
    outer loop
      vertex -57.2622 -71.4949 5
      vertex -57.1577 -70.5 6
      vertex -57.2622 -71.4949 9
    endloop
  endfacet
  facet normal -0.866034 -0.499985 0
    outer loop
      vertex -78.7082 -76.0534 5
      vertex -79.9625 -73.8808 9
      vertex -79.9625 -73.8808 5
    endloop
  endfacet
  facet normal -0.866034 -0.499985 0
    outer loop
      vertex -79.9625 -73.8808 9
      vertex -78.7082 -76.0534 5
      vertex -78.7082 -76.0534 9
    endloop
  endfacet
  facet normal -0 0 1
    outer loop
      vertex -57.8115 -70.5 9
      vertex -57.2622 -71.4949 9
      vertex -57.1577 -70.5 9
    endloop
  endfacet
  facet normal -0 0 1
    outer loop
      vertex -57.9018 -71.359 9
      vertex -57.2622 -71.4949 9
      vertex -57.8115 -70.5 9
    endloop
  endfacet
  facet normal 0 0 1
    outer loop
      vertex -58.4161 -72.9419 9
      vertex -57.2622 -71.4949 9
      vertex -57.9018 -71.359 9
    endloop
  endfacet
  facet normal 0 0 1
    outer loop
      vertex -57.2622 -71.4949 9
      vertex -58.4161 -72.9419 9
      vertex -58.0375 -73.8808 9
    endloop
  endfacet
  facet normal -0 0 1
    outer loop
      vertex -58.6348 -73.6149 9
      vertex -58.0375 -73.8808 9
      vertex -58.4161 -72.9419 9
    endloop
  endfacet
  facet normal 0 0 1
    outer loop
      vertex -59.467 -75.0563 9
      vertex -58.0375 -73.8808 9
      vertex -58.6348 -73.6149 9
    endloop
  endfacet
  facet normal 0 0 1
    outer loop
      vertex -58.0375 -73.8808 9
      vertex -59.467 -75.0563 9
      vertex -59.2918 -76.0534 9
    endloop
  endfacet
  facet normal -0 0 1
    outer loop
      vertex -59.8208 -75.6691 9
      vertex -59.2918 -76.0534 9
      vertex -59.467 -75.0563 9
    endloop
  endfacet
  facet normal 0 0 1
    outer loop
      vertex -59.2918 -76.0534 9
      vertex -59.8208 -75.6691 9
      vertex -59.5445 -76.3341 9
    endloop
  endfacet
  facet normal 0 0 1
    outer loop
      vertex -59.5445 -76.3341 9
      vertex -59.8208 -75.6691 9
      vertex -60.005 -75.8737 9
    endloop
  endfacet
  facet normal 0 0 1
    outer loop
      vertex -70.5 -57.118 9
      vertex -70.8781 -57.8631 9
      vertex -70.5 -57.7827 9
    endloop
  endfacet
  facet normal -0 0 1
    outer loop
      vertex -72.7082 -57.5873 9
      vertex -70.8781 -57.8631 9
      vertex -70.5 -57.118 9
    endloop
  endfacet
  facet normal 0 0 1
    outer loop
      vertex -70.8781 -57.8631 9
      vertex -72.7082 -57.5873 9
      vertex -72.5062 -58.2092 9
    endloop
  endfacet
  facet normal 0 0 1
    outer loop
      vertex -72.7082 -57.5873 9
      vertex -74.0267 -58.8861 9
      vertex -72.5062 -58.2092 9
    endloop
  endfacet
  facet normal -0 0 1
    outer loop
      vertex -75 -58.6077 9
      vertex -74.0267 -58.8861 9
      vertex -72.7082 -57.5873 9
    endloop
  endfacet
  facet normal 0 0 1
    outer loop
      vertex -74.0267 -58.8861 9
      vertex -75 -58.6077 9
      vertex -74.6731 -59.1739 9
    endloop
  endfacet
  facet normal 0 0 1
    outer loop
      vertex -75 -58.6077 9
      vertex -75.2455 -59.5898 9
      vertex -74.6731 -59.1739 9
    endloop
  endfacet
  facet normal -0 0 1
    outer loop
      vertex -76.3153 -59.5633 9
      vertex -75.2455 -59.5898 9
      vertex -75 -58.6077 9
    endloop
  endfacet
  facet normal 0 0 1
    outer loop
      vertex -75.2455 -59.5898 9
      vertex -76.3153 -59.5633 9
      vertex -75.8498 -60.0289 9
    endloop
  endfacet
  facet normal 0 0 1
    outer loop
      vertex -57.2622 -66.5051 9
      vertex -57.8115 -67.5 9
      vertex -57.1577 -67.5 9
    endloop
  endfacet
  facet normal 0 0 1
    outer loop
      vertex -57.2622 -66.5051 9
      vertex -57.9018 -66.641 9
      vertex -57.8115 -67.5 9
    endloop
  endfacet
  facet normal -0 0 1
    outer loop
      vertex -58.4161 -65.0581 9
      vertex -57.2622 -66.5051 9
      vertex -58.0375 -64.1192 9
    endloop
  endfacet
  facet normal 0 0 1
    outer loop
      vertex -57.2622 -66.5051 9
      vertex -58.4161 -65.0581 9
      vertex -57.9018 -66.641 9
    endloop
  endfacet
  facet normal 0 0 1
    outer loop
      vertex -58.0375 -64.1192 9
      vertex -58.6348 -64.3851 9
      vertex -58.4161 -65.0581 9
    endloop
  endfacet
  facet normal -0 0 1
    outer loop
      vertex -59.467 -62.9437 9
      vertex -58.0375 -64.1192 9
      vertex -59.2918 -61.9466 9
    endloop
  endfacet
  facet normal 0 0 1
    outer loop
      vertex -58.0375 -64.1192 9
      vertex -59.467 -62.9437 9
      vertex -58.6348 -64.3851 9
    endloop
  endfacet
  facet normal 0 0 1
    outer loop
      vertex -59.8208 -62.3309 9
      vertex -59.2918 -61.9466 9
      vertex -59.5445 -61.6659 9
    endloop
  endfacet
  facet normal 0 0 1
    outer loop
      vertex -59.2918 -61.9466 9
      vertex -59.8208 -62.3309 9
      vertex -59.467 -62.9437 9
    endloop
  endfacet
  facet normal 0 -0 1
    outer loop
      vertex -59.8208 -62.3309 9
      vertex -59.5445 -61.6659 9
      vertex -60.005 -62.1263 9
    endloop
  endfacet
  facet normal 0 0 1
    outer loop
      vertex -78.1792 -75.6691 9
      vertex -78.4555 -76.3341 9
      vertex -77.995 -75.8737 9
    endloop
  endfacet
  facet normal 0 0 1
    outer loop
      vertex -78.7082 -76.0534 9
      vertex -78.1792 -75.6691 9
      vertex -78.533 -75.0563 9
    endloop
  endfacet
  facet normal 0 0 1
    outer loop
      vertex -78.1792 -75.6691 9
      vertex -78.7082 -76.0534 9
      vertex -78.4555 -76.3341 9
    endloop
  endfacet
  facet normal -0 0 1
    outer loop
      vertex -79.9625 -73.8808 9
      vertex -78.533 -75.0563 9
      vertex -79.3652 -73.6149 9
    endloop
  endfacet
  facet normal 0 0 1
    outer loop
      vertex -79.9625 -73.8808 9
      vertex -79.3652 -73.6149 9
      vertex -79.5839 -72.9419 9
    endloop
  endfacet
  facet normal 0 0 1
    outer loop
      vertex -78.533 -75.0563 9
      vertex -79.9625 -73.8808 9
      vertex -78.7082 -76.0534 9
    endloop
  endfacet
  facet normal -0 0 1
    outer loop
      vertex -80.7378 -71.4949 9
      vertex -79.5839 -72.9419 9
      vertex -80.0982 -71.359 9
    endloop
  endfacet
  facet normal 0 0 1
    outer loop
      vertex -80.7378 -71.4949 9
      vertex -80.0982 -71.359 9
      vertex -80.1885 -70.5 9
    endloop
  endfacet
  facet normal 0 0 1
    outer loop
      vertex -79.5839 -72.9419 9
      vertex -80.7378 -71.4949 9
      vertex -79.9625 -73.8808 9
    endloop
  endfacet
  facet normal 0 -0 1
    outer loop
      vertex -80.7378 -71.4949 9
      vertex -80.1885 -70.5 9
      vertex -80.8423 -70.5 9
    endloop
  endfacet
  facet normal 0 0 1
    outer loop
      vertex -78.4555 -61.6659 9
      vertex -78.1792 -62.3309 9
      vertex -77.995 -62.1263 9
    endloop
  endfacet
  facet normal -0 0 1
    outer loop
      vertex -78.7082 -61.9466 9
      vertex -78.1792 -62.3309 9
      vertex -78.4555 -61.6659 9
    endloop
  endfacet
  facet normal 0 0 1
    outer loop
      vertex -78.1792 -62.3309 9
      vertex -78.7082 -61.9466 9
      vertex -78.533 -62.9437 9
    endloop
  endfacet
  facet normal 0 0 1
    outer loop
      vertex -79.9625 -64.1192 9
      vertex -78.533 -62.9437 9
      vertex -78.7082 -61.9466 9
    endloop
  endfacet
  facet normal 0 0 1
    outer loop
      vertex -78.533 -62.9437 9
      vertex -79.9625 -64.1192 9
      vertex -79.3652 -64.3851 9
    endloop
  endfacet
  facet normal 0 0 1
    outer loop
      vertex -79.3652 -64.3851 9
      vertex -79.9625 -64.1192 9
      vertex -79.5839 -65.0581 9
    endloop
  endfacet
  facet normal 0 0 1
    outer loop
      vertex -80.7378 -66.5051 9
      vertex -79.5839 -65.0581 9
      vertex -79.9625 -64.1192 9
    endloop
  endfacet
  facet normal 0 0 1
    outer loop
      vertex -79.5839 -65.0581 9
      vertex -80.7378 -66.5051 9
      vertex -80.0982 -66.641 9
    endloop
  endfacet
  facet normal 0 0 1
    outer loop
      vertex -80.0982 -66.641 9
      vertex -80.7378 -66.5051 9
      vertex -80.1885 -67.5 9
    endloop
  endfacet
  facet normal 0 0 1
    outer loop
      vertex -80.1885 -67.5 9
      vertex -80.7378 -66.5051 9
      vertex -80.8423 -67.5 9
    endloop
  endfacet
  facet normal -0 0 1
    outer loop
      vertex -62.7545 -78.4102 9
      vertex -61.6847 -78.4367 9
      vertex -62.1502 -77.9711 9
    endloop
  endfacet
  facet normal 0 0 1
    outer loop
      vertex -62.7545 -78.4102 9
      vertex -63 -79.3923 9
      vertex -61.6847 -78.4367 9
    endloop
  endfacet
  facet normal -0 0 1
    outer loop
      vertex -63.3269 -78.8261 9
      vertex -63 -79.3923 9
      vertex -62.7545 -78.4102 9
    endloop
  endfacet
  facet normal -0 0 1
    outer loop
      vertex -63.9733 -79.1139 9
      vertex -63 -79.3923 9
      vertex -63.3269 -78.8261 9
    endloop
  endfacet
  facet normal 0 0 1
    outer loop
      vertex -63.9733 -79.1139 9
      vertex -65.2918 -80.4127 9
      vertex -63 -79.3923 9
    endloop
  endfacet
  facet normal -0 0 1
    outer loop
      vertex -65.4938 -79.7908 9
      vertex -65.2918 -80.4127 9
      vertex -63.9733 -79.1139 9
    endloop
  endfacet
  facet normal -0 0 1
    outer loop
      vertex -67.1219 -80.1369 9
      vertex -65.2918 -80.4127 9
      vertex -65.4938 -79.7908 9
    endloop
  endfacet
  facet normal 0 0 1
    outer loop
      vertex -67.5 -80.882 9
      vertex -67.1219 -80.1369 9
      vertex -67.5 -80.2173 9
    endloop
  endfacet
  facet normal 0 0 1
    outer loop
      vertex -67.1219 -80.1369 9
      vertex -67.5 -80.882 9
      vertex -65.2918 -80.4127 9
    endloop
  endfacet
  facet normal 0 0 1
    outer loop
      vertex -70.8781 -80.1369 9
      vertex -70.5 -80.882 9
      vertex -70.5 -80.2173 9
    endloop
  endfacet
  facet normal 0 0 1
    outer loop
      vertex -72.7082 -80.4127 9
      vertex -70.8781 -80.1369 9
      vertex -72.5062 -79.7908 9
    endloop
  endfacet
  facet normal 0 0 1
    outer loop
      vertex -70.8781 -80.1369 9
      vertex -72.7082 -80.4127 9
      vertex -70.5 -80.882 9
    endloop
  endfacet
  facet normal 0 0 1
    outer loop
      vertex -74.0267 -79.1139 9
      vertex -72.7082 -80.4127 9
      vertex -72.5062 -79.7908 9
    endloop
  endfacet
  facet normal 0 0 1
    outer loop
      vertex -75 -79.3923 9
      vertex -74.0267 -79.1139 9
      vertex -74.6731 -78.8261 9
    endloop
  endfacet
  facet normal 0 0 1
    outer loop
      vertex -74.0267 -79.1139 9
      vertex -75 -79.3923 9
      vertex -72.7082 -80.4127 9
    endloop
  endfacet
  facet normal 0 0 1
    outer loop
      vertex -75.2455 -78.4102 9
      vertex -75 -79.3923 9
      vertex -74.6731 -78.8261 9
    endloop
  endfacet
  facet normal 0 0 1
    outer loop
      vertex -76.3153 -78.4367 9
      vertex -75.2455 -78.4102 9
      vertex -75.8498 -77.9711 9
    endloop
  endfacet
  facet normal 0 0 1
    outer loop
      vertex -75.2455 -78.4102 9
      vertex -76.3153 -78.4367 9
      vertex -75 -79.3923 9
    endloop
  endfacet
  facet normal 0 0 1
    outer loop
      vertex -61.6847 -59.5633 9
      vertex -62.7545 -59.5898 9
      vertex -62.1502 -60.0289 9
    endloop
  endfacet
  facet normal 0 0 1
    outer loop
      vertex -63 -58.6077 9
      vertex -62.7545 -59.5898 9
      vertex -61.6847 -59.5633 9
    endloop
  endfacet
  facet normal 0 0 1
    outer loop
      vertex -63 -58.6077 9
      vertex -63.3269 -59.1739 9
      vertex -62.7545 -59.5898 9
    endloop
  endfacet
  facet normal 0 0 1
    outer loop
      vertex -63 -58.6077 9
      vertex -63.9733 -58.8861 9
      vertex -63.3269 -59.1739 9
    endloop
  endfacet
  facet normal 0 0 1
    outer loop
      vertex -65.2918 -57.5873 9
      vertex -63.9733 -58.8861 9
      vertex -63 -58.6077 9
    endloop
  endfacet
  facet normal 0 0 1
    outer loop
      vertex -65.2918 -57.5873 9
      vertex -65.4938 -58.2092 9
      vertex -63.9733 -58.8861 9
    endloop
  endfacet
  facet normal 0 0 1
    outer loop
      vertex -65.2918 -57.5873 9
      vertex -67.1219 -57.8631 9
      vertex -65.4938 -58.2092 9
    endloop
  endfacet
  facet normal 0 0 1
    outer loop
      vertex -67.5 -57.118 9
      vertex -67.1219 -57.8631 9
      vertex -65.2918 -57.5873 9
    endloop
  endfacet
  facet normal 0 0 1
    outer loop
      vertex -67.1219 -57.8631 9
      vertex -67.5 -57.118 9
      vertex -67.5 -57.7827 9
    endloop
  endfacet
  facet normal -0.587808 -0.809 -0
    outer loop
      vertex -77.0296 -77.9177 6
      vertex -77.0296 -77.9177 5
      vertex -76.3153 -78.4367 6
    endloop
  endfacet
  facet normal -0.587777 -0.809023 0
    outer loop
      vertex -76.3153 -78.4367 6
      vertex -75 -79.3923 9
      vertex -76.3153 -78.4367 9
    endloop
  endfacet
  facet normal -0.587777 -0.809023 0
    outer loop
      vertex -76.3153 -78.4367 6
      vertex -75 -79.3923 5
      vertex -75 -79.3923 9
    endloop
  endfacet
  facet normal -0.587788 -0.809015 -2.21706e-05
    outer loop
      vertex -75 -79.3923 5
      vertex -76.3153 -78.4367 6
      vertex -77.0296 -77.9177 5
    endloop
  endfacet
  facet normal 0 1 -0
    outer loop
      vertex -67.7457 -57.0657 5
      vertex -70.2543 -57.0657 6
      vertex -67.7457 -57.0657 6
    endloop
  endfacet
  facet normal 0 1 0
    outer loop
      vertex -70.2543 -57.0657 6
      vertex -67.7457 -57.0657 5
      vertex -70.2543 -57.0657 5
    endloop
  endfacet
  facet normal -0.951048 0.309044 0
    outer loop
      vertex -80.7378 -66.5051 5
      vertex -79.9625 -64.1192 9
      vertex -79.9625 -64.1192 5
    endloop
  endfacet
  facet normal -0.951048 0.309044 0
    outer loop
      vertex -79.9625 -64.1192 9
      vertex -80.7378 -66.5051 5
      vertex -80.7378 -66.5051 9
    endloop
  endfacet
  facet normal 0.406745 -0.913542 0
    outer loop
      vertex -65.2918 -80.4127 5
      vertex -63 -79.3923 9
      vertex -65.2918 -80.4127 9
    endloop
  endfacet
  facet normal 0.406745 -0.913542 0
    outer loop
      vertex -63 -79.3923 9
      vertex -65.2918 -80.4127 5
      vertex -63 -79.3923 5
    endloop
  endfacet
  facet normal 0.587808 0.809 0
    outer loop
      vertex -60.9704 -60.0823 6
      vertex -60.9704 -60.0823 5
      vertex -61.6847 -59.5633 6
    endloop
  endfacet
  facet normal 0.587777 0.809023 -0
    outer loop
      vertex -61.6847 -59.5633 6
      vertex -63 -58.6077 9
      vertex -61.6847 -59.5633 9
    endloop
  endfacet
  facet normal 0.587777 0.809023 0
    outer loop
      vertex -61.6847 -59.5633 6
      vertex -63 -58.6077 5
      vertex -63 -58.6077 9
    endloop
  endfacet
  facet normal 0.587788 0.809015 -2.21706e-05
    outer loop
      vertex -63 -58.6077 5
      vertex -61.6847 -59.5633 6
      vertex -60.9704 -60.0823 5
    endloop
  endfacet
  facet normal -0.994529 0.104461 0
    outer loop
      vertex -80.7378 -66.5051 5
      vertex -80.8423 -67.5 6
      vertex -80.7378 -66.5051 9
    endloop
  endfacet
  facet normal -0.994523 0.104519 5.80912e-05
    outer loop
      vertex -81 -69 5
      vertex -80.8423 -67.5 6
      vertex -80.7378 -66.5051 5
    endloop
  endfacet
  facet normal -0.994519 0.104557 0
    outer loop
      vertex -80.8423 -67.5 6
      vertex -81 -69 5
      vertex -81 -69 6
    endloop
  endfacet
  facet normal -0.994529 0.104461 0
    outer loop
      vertex -80.7378 -66.5051 9
      vertex -80.8423 -67.5 6
      vertex -80.8423 -67.5 9
    endloop
  endfacet
  facet normal -0.208197 0.978087 0
    outer loop
      vertex -70.2543 -57.0657 6
      vertex -70.2543 -57.0657 5
      vertex -70.5 -57.118 6
    endloop
  endfacet
  facet normal -0.207883 0.978154 0
    outer loop
      vertex -70.5 -57.118 6
      vertex -72.7082 -57.5873 9
      vertex -70.5 -57.118 9
    endloop
  endfacet
  facet normal -0.207915 0.978147 7.24871e-05
    outer loop
      vertex -72.7082 -57.5873 5
      vertex -70.5 -57.118 6
      vertex -70.2543 -57.0657 5
    endloop
  endfacet
  facet normal -0.207883 0.978154 0
    outer loop
      vertex -70.5 -57.118 6
      vertex -72.7082 -57.5873 5
      vertex -72.7082 -57.5873 9
    endloop
  endfacet
  facet normal -0.743202 -0.669067 0
    outer loop
      vertex -78.7082 -76.0534 5
      vertex -78.4555 -76.3341 6
      vertex -78.7082 -76.0534 9
    endloop
  endfacet
  facet normal -0.743149 -0.669125 -2.96614e-05
    outer loop
      vertex -77.0296 -77.9177 5
      vertex -78.4555 -76.3341 6
      vertex -78.7082 -76.0534 5
    endloop
  endfacet
  facet normal -0.74314 -0.669136 0
    outer loop
      vertex -78.4555 -76.3341 6
      vertex -77.0296 -77.9177 5
      vertex -77.0296 -77.9177 6
    endloop
  endfacet
  facet normal -0.743202 -0.669067 0
    outer loop
      vertex -78.7082 -76.0534 9
      vertex -78.4555 -76.3341 6
      vertex -78.4555 -76.3341 9
    endloop
  endfacet
  facet normal 0 -1 0
    outer loop
      vertex -70.2543 -80.9343 5
      vertex -67.7457 -80.9343 6
      vertex -70.2543 -80.9343 6
    endloop
  endfacet
  facet normal 0 -1 -0
    outer loop
      vertex -67.7457 -80.9343 6
      vertex -70.2543 -80.9343 5
      vertex -67.7457 -80.9343 5
    endloop
  endfacet
  facet normal -0.207883 -0.978154 0
    outer loop
      vertex -72.7082 -80.4127 9
      vertex -70.5 -80.882 6
      vertex -70.5 -80.882 9
    endloop
  endfacet
  facet normal -0.207883 -0.978154 0
    outer loop
      vertex -72.7082 -80.4127 5
      vertex -70.5 -80.882 6
      vertex -72.7082 -80.4127 9
    endloop
  endfacet
  facet normal -0.207915 -0.978147 7.24871e-05
    outer loop
      vertex -70.2543 -80.9343 5
      vertex -70.5 -80.882 6
      vertex -72.7082 -80.4127 5
    endloop
  endfacet
  facet normal -0.208197 -0.978087 0
    outer loop
      vertex -70.5 -80.882 6
      vertex -70.2543 -80.9343 5
      vertex -70.2543 -80.9343 6
    endloop
  endfacet
  facet normal -0.406745 -0.913542 0
    outer loop
      vertex -75 -79.3923 5
      vertex -72.7082 -80.4127 9
      vertex -75 -79.3923 9
    endloop
  endfacet
  facet normal -0.406745 -0.913542 -0
    outer loop
      vertex -72.7082 -80.4127 9
      vertex -75 -79.3923 5
      vertex -72.7082 -80.4127 5
    endloop
  endfacet
  facet normal 0.865391 -0.499637 0.0382204
    outer loop
      vertex -60.1008 -75.4656 18
      vertex -59.467 -75.0563 9
      vertex -58.951 -73.4741 18
    endloop
  endfacet
  facet normal 0.865393 -0.499634 0.0382206
    outer loop
      vertex -59.467 -75.0563 9
      vertex -60.1008 -75.4656 18
      vertex -59.8208 -75.6691 9
    endloop
  endfacet
  facet normal 0.865391 -0.499638 0.0382206
    outer loop
      vertex -58.951 -73.4741 18
      vertex -59.467 -75.0563 9
      vertex -58.6348 -73.6149 9
    endloop
  endfacet
  facet normal -0.865391 -0.499638 0.0382206
    outer loop
      vertex -79.049 -73.4741 18
      vertex -79.3652 -73.6149 9
      vertex -78.533 -75.0563 9
    endloop
  endfacet
  facet normal 0.993793 0.104463 0.038248
    outer loop
      vertex -58 -69 18
      vertex -58.0807 -67.5 16
      vertex -58.2404 -66.713 18
    endloop
  endfacet
  facet normal 0.993799 0.104415 0.0382116
    outer loop
      vertex -58.0807 -67.5 16
      vertex -58 -69 18
      vertex -57.9231 -69 16
    endloop
  endfacet
  facet normal 0.993783 0.10457 0.0382054
    outer loop
      vertex -58.2404 -66.713 18
      vertex -58.0807 -67.5 16
      vertex -57.9856 -67.5 13.5263
    endloop
  endfacet
  facet normal 0.993794 0.104465 0.0382244
    outer loop
      vertex -57.9856 -67.5 13.5263
      vertex -57.9018 -66.641 9
      vertex -58.2404 -66.713 18
    endloop
  endfacet
  facet normal 0.993793 0.10447 0.0382253
    outer loop
      vertex -57.9018 -66.641 9
      vertex -57.9856 -67.5 13.5263
      vertex -57.8115 -67.5 9
    endloop
  endfacet
  facet normal 0.207781 0.977428 0.0382224
    outer loop
      vertex -65.4938 -58.2092 9
      vertex -67.1219 -57.8631 9
      vertex -65.6008 -58.5384 18
    endloop
  endfacet
  facet normal 0.742597 -0.668647 0.0382219
    outer loop
      vertex -60.1008 -75.4656 18
      vertex -60.1946 -75.6841 16
      vertex -59.8208 -75.6691 9
    endloop
  endfacet
  facet normal 0.742612 -0.668631 0.0382194
    outer loop
      vertex -60.1008 -75.4656 18
      vertex -61.3406 -76.9569 16
      vertex -60.1946 -75.6841 16
    endloop
  endfacet
  facet normal 0.742599 -0.668644 0.0382367
    outer loop
      vertex -61.3406 -76.9569 16
      vertex -60.1008 -75.4656 18
      vertex -61.6396 -77.1746 18
    endloop
  endfacet
  facet normal 0.742643 -0.668596 0.0382244
    outer loop
      vertex -59.8208 -75.6691 9
      vertex -60.1946 -75.6841 16
      vertex -60.005 -75.8737 9
    endloop
  endfacet
  facet normal -0.587388 -0.808401 0.0382455
    outer loop
      vertex -76.3604 -77.1746 18
      vertex -76.4119 -77.2318 16
      vertex -76.1127 -77.4492 16
    endloop
  endfacet
  facet normal -0.5874 -0.808394 0.0382237
    outer loop
      vertex -75.7404 -77.8617 12.9949
      vertex -75.8498 -77.9711 9
      vertex -75.2455 -78.4102 9
    endloop
  endfacet
  facet normal -0.207717 0.977442 0.0382284
    outer loop
      vertex -70.5 -58.0565 16
      vertex -70.1498 -58.0603 18
      vertex -70.1579 -57.9838 16
    endloop
  endfacet
  facet normal -0.207749 0.977435 0.038234
    outer loop
      vertex -70.1498 -58.0603 18
      vertex -70.5 -58.0565 16
      vertex -72.3992 -58.5384 18
    endloop
  endfacet
  facet normal -0.20784 0.977415 0.0382309
    outer loop
      vertex -70.8781 -57.8631 9
      vertex -70.5 -58.0565 16
      vertex -70.5 -57.7827 9
    endloop
  endfacet
  facet normal -0.207757 0.977433 0.0382269
    outer loop
      vertex -70.5 -58.0565 16
      vertex -70.8781 -57.8631 9
      vertex -72.3992 -58.5384 18
    endloop
  endfacet
  facet normal -0.865393 0.499634 0.0382206
    outer loop
      vertex -78.533 -62.9437 9
      vertex -77.8992 -62.5344 18
      vertex -78.1792 -62.3309 9
    endloop
  endfacet
  facet normal -0.865391 0.499637 0.0382204
    outer loop
      vertex -77.8992 -62.5344 18
      vertex -78.533 -62.9437 9
      vertex -79.049 -64.5259 18
    endloop
  endfacet
  facet normal -0.406404 -0.912894 0.0382233
    outer loop
      vertex -72.3992 -79.4616 18
      vertex -74.0267 -79.1139 9
      vertex -72.5062 -79.7908 9
    endloop
  endfacet
  facet normal -0.950364 0.308783 0.0382251
    outer loop
      vertex -79.5839 -65.0581 9
      vertex -80.0982 -66.641 9
      vertex -79.7596 -66.713 18
    endloop
  endfacet
  facet normal 0.95035 0.308828 0.0382204
    outer loop
      vertex -58.951 -64.5259 18
      vertex -58.4161 -65.0581 9
      vertex -58.6348 -64.3851 9
    endloop
  endfacet
  facet normal 0.950366 0.308779 0.0382243
    outer loop
      vertex -58.4161 -65.0581 9
      vertex -58.951 -64.5259 18
      vertex -58.2404 -66.713 18
    endloop
  endfacet
  facet normal -0.742629 -0.66861 0.0382449
    outer loop
      vertex -76.3604 -77.1746 18
      vertex -76.6594 -76.9569 16
      vertex -76.4119 -77.2318 16
    endloop
  endfacet
  facet normal 0.587388 -0.808401 0.0382455
    outer loop
      vertex -61.6396 -77.1746 18
      vertex -61.8873 -77.4492 16
      vertex -61.5881 -77.2318 16
    endloop
  endfacet
  facet normal 0.5874 -0.808394 0.0382237
    outer loop
      vertex -62.2596 -77.8617 12.9949
      vertex -62.7545 -78.4102 9
      vertex -62.1502 -77.9711 9
    endloop
  endfacet
  facet normal -0.742643 0.668596 0.0382244
    outer loop
      vertex -77.995 -62.1263 9
      vertex -78.1792 -62.3309 9
      vertex -77.8054 -62.3159 16
    endloop
  endfacet
  facet normal -0.742611 0.66863 0.03824
    outer loop
      vertex -77.8054 -62.3159 16
      vertex -76.3604 -60.8254 18
      vertex -76.6594 -61.0431 16
    endloop
  endfacet
  facet normal -0.7426 0.668644 0.0382214
    outer loop
      vertex -77.8054 -62.3159 16
      vertex -77.8992 -62.5344 18
      vertex -76.3604 -60.8254 18
    endloop
  endfacet
  facet normal -0.742597 0.668647 0.0382219
    outer loop
      vertex -77.8992 -62.5344 18
      vertex -77.8054 -62.3159 16
      vertex -78.1792 -62.3309 9
    endloop
  endfacet
  facet normal 0.950364 0.308783 0.0382251
    outer loop
      vertex -57.9018 -66.641 9
      vertex -58.4161 -65.0581 9
      vertex -58.2404 -66.713 18
    endloop
  endfacet
  facet normal 0.950364 -0.308783 0.0382251
    outer loop
      vertex -58.2404 -71.287 18
      vertex -58.4161 -72.9419 9
      vertex -57.9018 -71.359 9
    endloop
  endfacet
  facet normal -0.993793 -0.10447 0.0382253
    outer loop
      vertex -80.0982 -71.359 9
      vertex -80.0144 -70.5 13.5263
      vertex -80.1885 -70.5 9
    endloop
  endfacet
  facet normal -0.993794 -0.104465 0.0382244
    outer loop
      vertex -80.0144 -70.5 13.5263
      vertex -80.0982 -71.359 9
      vertex -79.7596 -71.287 18
    endloop
  endfacet
  facet normal -0.993783 -0.10457 0.0382054
    outer loop
      vertex -80.0144 -70.5 13.5263
      vertex -79.7596 -71.287 18
      vertex -79.9193 -70.5 16
    endloop
  endfacet
  facet normal -0.993799 -0.104415 0.0382116
    outer loop
      vertex -79.9193 -70.5 16
      vertex -80 -69 18
      vertex -80.0769 -69 16
    endloop
  endfacet
  facet normal -0.993793 -0.104463 0.038248
    outer loop
      vertex -80 -69 18
      vertex -79.9193 -70.5 16
      vertex -79.7596 -71.287 18
    endloop
  endfacet
  facet normal 0.742611 0.66863 0.03824
    outer loop
      vertex -61.6396 -60.8254 18
      vertex -60.1946 -62.3159 16
      vertex -61.3406 -61.0431 16
    endloop
  endfacet
  facet normal 0.742597 0.668647 0.0382219
    outer loop
      vertex -60.1946 -62.3159 16
      vertex -60.1008 -62.5344 18
      vertex -59.8208 -62.3309 9
    endloop
  endfacet
  facet normal 0.7426 0.668644 0.0382214
    outer loop
      vertex -60.1008 -62.5344 18
      vertex -60.1946 -62.3159 16
      vertex -61.6396 -60.8254 18
    endloop
  endfacet
  facet normal 0.742643 0.668596 0.0382244
    outer loop
      vertex -60.005 -62.1263 9
      vertex -60.1946 -62.3159 16
      vertex -59.8208 -62.3309 9
    endloop
  endfacet
  facet normal -0.587254 -0.808497 0.0382752
    outer loop
      vertex -75.6581 -77.7794 16
      vertex -76.3604 -77.1746 18
      vertex -76.1127 -77.4492 16
    endloop
  endfacet
  facet normal -0.587367 -0.808418 0.0382115
    outer loop
      vertex -76.3604 -77.1746 18
      vertex -75.6581 -77.7794 16
      vertex -74.5 -78.5263 18
    endloop
  endfacet
  facet normal -0.587384 -0.808405 0.0382262
    outer loop
      vertex -75.7404 -77.8617 12.9949
      vertex -74.5 -78.5263 18
      vertex -75.6581 -77.7794 16
    endloop
  endfacet
  facet normal -0.587381 -0.808407 0.0382279
    outer loop
      vertex -74.6731 -78.8261 9
      vertex -75.7404 -77.8617 12.9949
      vertex -75.2455 -78.4102 9
    endloop
  endfacet
  facet normal -0.587385 -0.808405 0.0382262
    outer loop
      vertex -75.7404 -77.8617 12.9949
      vertex -74.6731 -78.8261 9
      vertex -74.5 -78.5263 18
    endloop
  endfacet
  facet normal -0.742629 0.66861 0.0382449
    outer loop
      vertex -76.4119 -60.7682 16
      vertex -76.6594 -61.0431 16
      vertex -76.3604 -60.8254 18
    endloop
  endfacet
  facet normal 0.865393 0.499634 0.0382206
    outer loop
      vertex -60.1008 -62.5344 18
      vertex -59.467 -62.9437 9
      vertex -59.8208 -62.3309 9
    endloop
  endfacet
  facet normal 0.865391 0.499637 0.0382204
    outer loop
      vertex -59.467 -62.9437 9
      vertex -60.1008 -62.5344 18
      vertex -58.951 -64.5259 18
    endloop
  endfacet
  facet normal -0.587367 0.808418 0.0382115
    outer loop
      vertex -74.5 -59.4737 18
      vertex -75.6581 -60.2206 16
      vertex -76.3604 -60.8254 18
    endloop
  endfacet
  facet normal -0.587384 0.808405 0.0382262
    outer loop
      vertex -74.5 -59.4737 18
      vertex -75.7404 -60.1383 12.9949
      vertex -75.6581 -60.2206 16
    endloop
  endfacet
  facet normal -0.587385 0.808405 0.0382262
    outer loop
      vertex -74.6731 -59.1739 9
      vertex -75.7404 -60.1383 12.9949
      vertex -74.5 -59.4737 18
    endloop
  endfacet
  facet normal -0.587381 0.808407 0.0382279
    outer loop
      vertex -75.7404 -60.1383 12.9949
      vertex -74.6731 -59.1739 9
      vertex -75.2455 -59.5898 9
    endloop
  endfacet
  facet normal -0.587254 0.808497 0.0382752
    outer loop
      vertex -76.3604 -60.8254 18
      vertex -75.6581 -60.2206 16
      vertex -76.1127 -60.5508 16
    endloop
  endfacet
  facet normal -0.406426 0.912884 0.0382277
    outer loop
      vertex -74.0267 -58.8861 9
      vertex -74.5 -59.4737 18
      vertex -72.3992 -58.5384 18
    endloop
  endfacet
  facet normal -0.406444 0.912876 0.0382262
    outer loop
      vertex -74.5 -59.4737 18
      vertex -74.0267 -58.8861 9
      vertex -74.6731 -59.1739 9
    endloop
  endfacet
  facet normal 0.742629 0.66861 0.0382449
    outer loop
      vertex -61.5881 -60.7682 16
      vertex -61.6396 -60.8254 18
      vertex -61.3406 -61.0431 16
    endloop
  endfacet
  facet normal 0.742629 -0.66861 0.0382449
    outer loop
      vertex -61.3406 -76.9569 16
      vertex -61.6396 -77.1746 18
      vertex -61.5881 -77.2318 16
    endloop
  endfacet
  facet normal 0.406404 -0.912894 0.0382233
    outer loop
      vertex -63.9733 -79.1139 9
      vertex -65.6008 -79.4616 18
      vertex -65.4938 -79.7908 9
    endloop
  endfacet
  facet normal 0.207781 -0.977428 0.0382224
    outer loop
      vertex -65.6008 -79.4616 18
      vertex -67.1219 -80.1369 9
      vertex -65.4938 -79.7908 9
    endloop
  endfacet
  facet normal -0.406404 0.912894 0.0382233
    outer loop
      vertex -72.5062 -58.2092 9
      vertex -74.0267 -58.8861 9
      vertex -72.3992 -58.5384 18
    endloop
  endfacet
  facet normal 0.865391 0.499638 0.0382206
    outer loop
      vertex -58.6348 -64.3851 9
      vertex -59.467 -62.9437 9
      vertex -58.951 -64.5259 18
    endloop
  endfacet
  facet normal 0.587388 0.808401 0.0382455
    outer loop
      vertex -61.5881 -60.7682 16
      vertex -61.8873 -60.5508 16
      vertex -61.6396 -60.8254 18
    endloop
  endfacet
  facet normal 0.5874 0.808394 0.0382237
    outer loop
      vertex -62.1502 -60.0289 9
      vertex -62.7545 -59.5898 9
      vertex -62.2596 -60.1383 12.9949
    endloop
  endfacet
  facet normal 0.406426 -0.912884 0.0382277
    outer loop
      vertex -63.9733 -79.1139 9
      vertex -63.5 -78.5263 18
      vertex -65.6008 -79.4616 18
    endloop
  endfacet
  facet normal 0.406444 -0.912876 0.0382262
    outer loop
      vertex -63.5 -78.5263 18
      vertex -63.9733 -79.1139 9
      vertex -63.3269 -78.8261 9
    endloop
  endfacet
  facet normal -0.993793 0.10447 0.0382253
    outer loop
      vertex -80.0144 -67.5 13.5263
      vertex -80.0982 -66.641 9
      vertex -80.1885 -67.5 9
    endloop
  endfacet
  facet normal -0.993794 0.104465 0.0382244
    outer loop
      vertex -80.0982 -66.641 9
      vertex -80.0144 -67.5 13.5263
      vertex -79.7596 -66.713 18
    endloop
  endfacet
  facet normal 0 0.999269 0.038222
    outer loop
      vertex -67.8421 -57.9838 16
      vertex -70.1498 -58.0603 18
      vertex -67.8502 -58.0603 18
    endloop
  endfacet
  facet normal 0 0.999269 0.038222
    outer loop
      vertex -70.1498 -58.0603 18
      vertex -67.8421 -57.9838 16
      vertex -70.1579 -57.9838 16
    endloop
  endfacet
  facet normal -0.207781 0.977428 0.0382224
    outer loop
      vertex -70.8781 -57.8631 9
      vertex -72.5062 -58.2092 9
      vertex -72.3992 -58.5384 18
    endloop
  endfacet
  facet normal 0.406404 0.912894 0.0382233
    outer loop
      vertex -65.4938 -58.2092 9
      vertex -65.6008 -58.5384 18
      vertex -63.9733 -58.8861 9
    endloop
  endfacet
  facet normal -0.406444 -0.912876 0.0382262
    outer loop
      vertex -74.0267 -79.1139 9
      vertex -74.5 -78.5263 18
      vertex -74.6731 -78.8261 9
    endloop
  endfacet
  facet normal -0.406426 -0.912884 0.0382277
    outer loop
      vertex -74.5 -78.5263 18
      vertex -74.0267 -79.1139 9
      vertex -72.3992 -79.4616 18
    endloop
  endfacet
  facet normal -0.950364 -0.308783 0.0382251
    outer loop
      vertex -79.7596 -71.287 18
      vertex -80.0982 -71.359 9
      vertex -79.5839 -72.9419 9
    endloop
  endfacet
  facet normal 0.993794 -0.104465 0.0382244
    outer loop
      vertex -57.9018 -71.359 9
      vertex -57.9856 -70.5 13.5263
      vertex -58.2404 -71.287 18
    endloop
  endfacet
  facet normal 0.993793 -0.10447 0.0382253
    outer loop
      vertex -57.9856 -70.5 13.5263
      vertex -57.9018 -71.359 9
      vertex -57.8115 -70.5 9
    endloop
  endfacet
  facet normal 0.993799 -0.104415 0.0382116
    outer loop
      vertex -58 -69 18
      vertex -58.0807 -70.5 16
      vertex -57.9231 -69 16
    endloop
  endfacet
  facet normal 0.993783 -0.10457 0.0382054
    outer loop
      vertex -58.0807 -70.5 16
      vertex -58.2404 -71.287 18
      vertex -57.9856 -70.5 13.5263
    endloop
  endfacet
  facet normal 0.993793 -0.104463 0.038248
    outer loop
      vertex -58.2404 -71.287 18
      vertex -58.0807 -70.5 16
      vertex -58 -69 18
    endloop
  endfacet
  facet normal -0.742643 -0.668596 0.0382244
    outer loop
      vertex -78.1792 -75.6691 9
      vertex -77.995 -75.8737 9
      vertex -77.8054 -75.6841 16
    endloop
  endfacet
  facet normal -0.742597 -0.668647 0.0382219
    outer loop
      vertex -77.8054 -75.6841 16
      vertex -77.8992 -75.4656 18
      vertex -78.1792 -75.6691 9
    endloop
  endfacet
  facet normal -0.742612 -0.668631 0.0382194
    outer loop
      vertex -76.6594 -76.9569 16
      vertex -77.8992 -75.4656 18
      vertex -77.8054 -75.6841 16
    endloop
  endfacet
  facet normal -0.742599 -0.668644 0.0382367
    outer loop
      vertex -77.8992 -75.4656 18
      vertex -76.6594 -76.9569 16
      vertex -76.3604 -77.1746 18
    endloop
  endfacet
  facet normal 0.207749 0.977435 0.038234
    outer loop
      vertex -65.6008 -58.5384 18
      vertex -67.5 -58.0565 16
      vertex -67.8502 -58.0603 18
    endloop
  endfacet
  facet normal 0.207757 0.977433 0.0382269
    outer loop
      vertex -67.1219 -57.8631 9
      vertex -67.5 -58.0565 16
      vertex -65.6008 -58.5384 18
    endloop
  endfacet
  facet normal 0.20784 0.977415 0.0382309
    outer loop
      vertex -67.5 -58.0565 16
      vertex -67.1219 -57.8631 9
      vertex -67.5 -57.7827 9
    endloop
  endfacet
  facet normal 0.207717 0.977442 0.0382284
    outer loop
      vertex -67.8502 -58.0603 18
      vertex -67.5 -58.0565 16
      vertex -67.8421 -57.9838 16
    endloop
  endfacet
  facet normal -0.865391 0.499638 0.0382206
    outer loop
      vertex -78.533 -62.9437 9
      vertex -79.3652 -64.3851 9
      vertex -79.049 -64.5259 18
    endloop
  endfacet
  facet normal -0.993783 0.10457 0.0382054
    outer loop
      vertex -79.9193 -67.5 16
      vertex -79.7596 -66.713 18
      vertex -80.0144 -67.5 13.5263
    endloop
  endfacet
  facet normal -0.993799 0.104415 0.0382116
    outer loop
      vertex -80 -69 18
      vertex -79.9193 -67.5 16
      vertex -80.0769 -69 16
    endloop
  endfacet
  facet normal -0.993793 0.104463 0.038248
    outer loop
      vertex -79.9193 -67.5 16
      vertex -80 -69 18
      vertex -79.7596 -66.713 18
    endloop
  endfacet
  facet normal -0.587388 0.808401 0.0382455
    outer loop
      vertex -76.1127 -60.5508 16
      vertex -76.4119 -60.7682 16
      vertex -76.3604 -60.8254 18
    endloop
  endfacet
  facet normal -0.5874 0.808394 0.0382237
    outer loop
      vertex -75.2455 -59.5898 9
      vertex -75.8498 -60.0289 9
      vertex -75.7404 -60.1383 12.9949
    endloop
  endfacet
  facet normal -0.95035 0.308828 0.0382204
    outer loop
      vertex -79.5839 -65.0581 9
      vertex -79.049 -64.5259 18
      vertex -79.3652 -64.3851 9
    endloop
  endfacet
  facet normal -0.950366 0.308779 0.0382243
    outer loop
      vertex -79.049 -64.5259 18
      vertex -79.5839 -65.0581 9
      vertex -79.7596 -66.713 18
    endloop
  endfacet
  facet normal -0.950366 -0.308779 0.0382243
    outer loop
      vertex -79.5839 -72.9419 9
      vertex -79.049 -73.4741 18
      vertex -79.7596 -71.287 18
    endloop
  endfacet
  facet normal -0.95035 -0.308828 0.0382204
    outer loop
      vertex -79.049 -73.4741 18
      vertex -79.5839 -72.9419 9
      vertex -79.3652 -73.6149 9
    endloop
  endfacet
  facet normal -0.865391 -0.499637 0.0382204
    outer loop
      vertex -78.533 -75.0563 9
      vertex -77.8992 -75.4656 18
      vertex -79.049 -73.4741 18
    endloop
  endfacet
  facet normal -0.865393 -0.499634 0.0382206
    outer loop
      vertex -77.8992 -75.4656 18
      vertex -78.533 -75.0563 9
      vertex -78.1792 -75.6691 9
    endloop
  endfacet
  facet normal -0.207781 -0.977428 0.0382224
    outer loop
      vertex -72.3992 -79.4616 18
      vertex -72.5062 -79.7908 9
      vertex -70.8781 -80.1369 9
    endloop
  endfacet
  facet normal 0.587254 0.808497 0.0382752
    outer loop
      vertex -62.3419 -60.2206 16
      vertex -61.6396 -60.8254 18
      vertex -61.8873 -60.5508 16
    endloop
  endfacet
  facet normal 0.587367 0.808418 0.0382115
    outer loop
      vertex -61.6396 -60.8254 18
      vertex -62.3419 -60.2206 16
      vertex -63.5 -59.4737 18
    endloop
  endfacet
  facet normal 0.587384 0.808405 0.0382262
    outer loop
      vertex -62.2596 -60.1383 12.9949
      vertex -63.5 -59.4737 18
      vertex -62.3419 -60.2206 16
    endloop
  endfacet
  facet normal 0.587381 0.808407 0.0382279
    outer loop
      vertex -63.3269 -59.1739 9
      vertex -62.2596 -60.1383 12.9949
      vertex -62.7545 -59.5898 9
    endloop
  endfacet
  facet normal 0.587385 0.808405 0.0382262
    outer loop
      vertex -62.2596 -60.1383 12.9949
      vertex -63.3269 -59.1739 9
      vertex -63.5 -59.4737 18
    endloop
  endfacet
  facet normal 0.207717 -0.977442 0.0382284
    outer loop
      vertex -67.5 -79.9435 16
      vertex -67.8502 -79.9397 18
      vertex -67.8421 -80.0162 16
    endloop
  endfacet
  facet normal 0.207749 -0.977435 0.038234
    outer loop
      vertex -67.8502 -79.9397 18
      vertex -67.5 -79.9435 16
      vertex -65.6008 -79.4616 18
    endloop
  endfacet
  facet normal 0.20784 -0.977415 0.0382309
    outer loop
      vertex -67.1219 -80.1369 9
      vertex -67.5 -79.9435 16
      vertex -67.5 -80.2173 9
    endloop
  endfacet
  facet normal 0.207757 -0.977433 0.0382269
    outer loop
      vertex -67.5 -79.9435 16
      vertex -67.1219 -80.1369 9
      vertex -65.6008 -79.4616 18
    endloop
  endfacet
  facet normal 0 -0.999269 0.038222
    outer loop
      vertex -70.1579 -80.0162 16
      vertex -67.8502 -79.9397 18
      vertex -70.1498 -79.9397 18
    endloop
  endfacet
  facet normal 0 -0.999269 0.038222
    outer loop
      vertex -67.8502 -79.9397 18
      vertex -70.1579 -80.0162 16
      vertex -67.8421 -80.0162 16
    endloop
  endfacet
  facet normal 0.950366 -0.308779 0.0382243
    outer loop
      vertex -58.951 -73.4741 18
      vertex -58.4161 -72.9419 9
      vertex -58.2404 -71.287 18
    endloop
  endfacet
  facet normal 0.95035 -0.308828 0.0382204
    outer loop
      vertex -58.4161 -72.9419 9
      vertex -58.951 -73.4741 18
      vertex -58.6348 -73.6149 9
    endloop
  endfacet
  facet normal 0.406444 0.912876 0.0382262
    outer loop
      vertex -63.9733 -58.8861 9
      vertex -63.5 -59.4737 18
      vertex -63.3269 -59.1739 9
    endloop
  endfacet
  facet normal 0.406426 0.912884 0.0382277
    outer loop
      vertex -63.5 -59.4737 18
      vertex -63.9733 -58.8861 9
      vertex -65.6008 -58.5384 18
    endloop
  endfacet
  facet normal -0.207749 -0.977435 0.038234
    outer loop
      vertex -72.3992 -79.4616 18
      vertex -70.5 -79.9435 16
      vertex -70.1498 -79.9397 18
    endloop
  endfacet
  facet normal -0.207757 -0.977433 0.0382269
    outer loop
      vertex -70.8781 -80.1369 9
      vertex -70.5 -79.9435 16
      vertex -72.3992 -79.4616 18
    endloop
  endfacet
  facet normal -0.20784 -0.977415 0.0382309
    outer loop
      vertex -70.5 -79.9435 16
      vertex -70.8781 -80.1369 9
      vertex -70.5 -80.2173 9
    endloop
  endfacet
  facet normal -0.207717 -0.977442 0.0382284
    outer loop
      vertex -70.1498 -79.9397 18
      vertex -70.5 -79.9435 16
      vertex -70.1579 -80.0162 16
    endloop
  endfacet
  facet normal 0 0 1
    outer loop
      vertex -58.2404 -66.713 18
      vertex -58.2404 -71.287 18
      vertex -58 -69 18
    endloop
  endfacet
  facet normal 0 0 1
    outer loop
      vertex -58.951 -64.5259 18
      vertex -58.2404 -71.287 18
      vertex -58.2404 -66.713 18
    endloop
  endfacet
  facet normal 0 0 1
    outer loop
      vertex -58.951 -64.5259 18
      vertex -58.951 -73.4741 18
      vertex -58.2404 -71.287 18
    endloop
  endfacet
  facet normal 0 0 1
    outer loop
      vertex -60.1008 -62.5344 18
      vertex -58.951 -73.4741 18
      vertex -58.951 -64.5259 18
    endloop
  endfacet
  facet normal 0 0 1
    outer loop
      vertex -60.1008 -62.5344 18
      vertex -60.1008 -75.4656 18
      vertex -58.951 -73.4741 18
    endloop
  endfacet
  facet normal 0 0 1
    outer loop
      vertex -61.6396 -60.8254 18
      vertex -60.1008 -75.4656 18
      vertex -60.1008 -62.5344 18
    endloop
  endfacet
  facet normal 0 0 1
    outer loop
      vertex -61.6396 -60.8254 18
      vertex -61.6396 -77.1746 18
      vertex -60.1008 -75.4656 18
    endloop
  endfacet
  facet normal 0 0 1
    outer loop
      vertex -63.5 -59.4737 18
      vertex -61.6396 -77.1746 18
      vertex -61.6396 -60.8254 18
    endloop
  endfacet
  facet normal 0 0 1
    outer loop
      vertex -63.5 -59.4737 18
      vertex -63.5 -78.5263 18
      vertex -61.6396 -77.1746 18
    endloop
  endfacet
  facet normal 0 0 1
    outer loop
      vertex -65.6008 -58.5384 18
      vertex -63.5 -78.5263 18
      vertex -63.5 -59.4737 18
    endloop
  endfacet
  facet normal 0 0 1
    outer loop
      vertex -65.6008 -58.5384 18
      vertex -65.6008 -79.4616 18
      vertex -63.5 -78.5263 18
    endloop
  endfacet
  facet normal 0 0 1
    outer loop
      vertex -67.8502 -58.0603 18
      vertex -65.6008 -79.4616 18
      vertex -65.6008 -58.5384 18
    endloop
  endfacet
  facet normal 0 0 1
    outer loop
      vertex -67.8502 -58.0603 18
      vertex -67.8502 -79.9397 18
      vertex -65.6008 -79.4616 18
    endloop
  endfacet
  facet normal -0 0 1
    outer loop
      vertex -70.1498 -58.0603 18
      vertex -67.8502 -79.9397 18
      vertex -67.8502 -58.0603 18
    endloop
  endfacet
  facet normal 0 0 1
    outer loop
      vertex -70.1498 -58.0603 18
      vertex -70.1498 -79.9397 18
      vertex -67.8502 -79.9397 18
    endloop
  endfacet
  facet normal -0 0 1
    outer loop
      vertex -72.3992 -58.5384 18
      vertex -70.1498 -79.9397 18
      vertex -70.1498 -58.0603 18
    endloop
  endfacet
  facet normal 0 0 1
    outer loop
      vertex -72.3992 -58.5384 18
      vertex -72.3992 -79.4616 18
      vertex -70.1498 -79.9397 18
    endloop
  endfacet
  facet normal -0 0 1
    outer loop
      vertex -74.5 -59.4737 18
      vertex -72.3992 -79.4616 18
      vertex -72.3992 -58.5384 18
    endloop
  endfacet
  facet normal 0 0 1
    outer loop
      vertex -74.5 -59.4737 18
      vertex -74.5 -78.5263 18
      vertex -72.3992 -79.4616 18
    endloop
  endfacet
  facet normal -0 0 1
    outer loop
      vertex -76.3604 -60.8254 18
      vertex -74.5 -78.5263 18
      vertex -74.5 -59.4737 18
    endloop
  endfacet
  facet normal 0 0 1
    outer loop
      vertex -76.3604 -60.8254 18
      vertex -76.3604 -77.1746 18
      vertex -74.5 -78.5263 18
    endloop
  endfacet
  facet normal -0 0 1
    outer loop
      vertex -77.8992 -62.5344 18
      vertex -76.3604 -77.1746 18
      vertex -76.3604 -60.8254 18
    endloop
  endfacet
  facet normal 0 0 1
    outer loop
      vertex -77.8992 -62.5344 18
      vertex -77.8992 -75.4656 18
      vertex -76.3604 -77.1746 18
    endloop
  endfacet
  facet normal -0 0 1
    outer loop
      vertex -79.049 -64.5259 18
      vertex -77.8992 -75.4656 18
      vertex -77.8992 -62.5344 18
    endloop
  endfacet
  facet normal 0 0 1
    outer loop
      vertex -79.049 -64.5259 18
      vertex -79.049 -73.4741 18
      vertex -77.8992 -75.4656 18
    endloop
  endfacet
  facet normal -0 0 1
    outer loop
      vertex -79.7596 -66.713 18
      vertex -79.049 -73.4741 18
      vertex -79.049 -64.5259 18
    endloop
  endfacet
  facet normal 0 0 1
    outer loop
      vertex -79.7596 -66.713 18
      vertex -79.7596 -71.287 18
      vertex -79.049 -73.4741 18
    endloop
  endfacet
  facet normal 0 -0 1
    outer loop
      vertex -79.7596 -71.287 18
      vertex -79.7596 -66.713 18
      vertex -80 -69 18
    endloop
  endfacet
  facet normal 0.587367 -0.808418 0.0382115
    outer loop
      vertex -63.5 -78.5263 18
      vertex -62.3419 -77.7794 16
      vertex -61.6396 -77.1746 18
    endloop
  endfacet
  facet normal 0.587384 -0.808405 0.0382262
    outer loop
      vertex -63.5 -78.5263 18
      vertex -62.2596 -77.8617 12.9949
      vertex -62.3419 -77.7794 16
    endloop
  endfacet
  facet normal 0.587385 -0.808405 0.0382262
    outer loop
      vertex -63.3269 -78.8261 9
      vertex -62.2596 -77.8617 12.9949
      vertex -63.5 -78.5263 18
    endloop
  endfacet
  facet normal 0.587381 -0.808407 0.0382279
    outer loop
      vertex -62.2596 -77.8617 12.9949
      vertex -63.3269 -78.8261 9
      vertex -62.7545 -78.4102 9
    endloop
  endfacet
  facet normal 0.587254 -0.808497 0.0382752
    outer loop
      vertex -61.6396 -77.1746 18
      vertex -62.3419 -77.7794 16
      vertex -61.8873 -77.4492 16
    endloop
  endfacet
  facet normal -0.923888 -0.382663 0
    outer loop
      vertex -70.7678 -70.7678 22
      vertex -71.5 -69 32
      vertex -71.5 -69 22
    endloop
  endfacet
  facet normal -0.923888 -0.382663 0
    outer loop
      vertex -71.5 -69 32
      vertex -70.7678 -70.7678 22
      vertex -70.7678 -70.7678 32
    endloop
  endfacet
  facet normal 0.382663 0.923888 -0
    outer loop
      vertex -67.2322 -67.2322 22
      vertex -69 -66.5 32
      vertex -67.2322 -67.2322 32
    endloop
  endfacet
  facet normal 0.382663 0.923888 0
    outer loop
      vertex -69 -66.5 32
      vertex -67.2322 -67.2322 22
      vertex -69 -66.5 22
    endloop
  endfacet
  facet normal 0.923888 0.382663 0
    outer loop
      vertex -66.5 -69 32
      vertex -67.2322 -67.2322 22
      vertex -67.2322 -67.2322 32
    endloop
  endfacet
  facet normal 0.923888 0.382663 0
    outer loop
      vertex -67.2322 -67.2322 22
      vertex -66.5 -69 32
      vertex -66.5 -69 22
    endloop
  endfacet
  facet normal 0.923888 -0.382663 0
    outer loop
      vertex -67.2322 -70.7678 32
      vertex -66.5 -69 22
      vertex -66.5 -69 32
    endloop
  endfacet
  facet normal 0.923888 -0.382663 0
    outer loop
      vertex -66.5 -69 22
      vertex -67.2322 -70.7678 32
      vertex -67.2322 -70.7678 22
    endloop
  endfacet
  facet normal -0.382663 -0.923888 0
    outer loop
      vertex -70.7678 -70.7678 22
      vertex -69 -71.5 32
      vertex -70.7678 -70.7678 32
    endloop
  endfacet
  facet normal -0.382663 -0.923888 -0
    outer loop
      vertex -69 -71.5 32
      vertex -70.7678 -70.7678 22
      vertex -69 -71.5 22
    endloop
  endfacet
  facet normal -0.382663 0.923888 0
    outer loop
      vertex -69 -66.5 22
      vertex -70.7678 -67.2322 32
      vertex -69 -66.5 32
    endloop
  endfacet
  facet normal -0.382663 0.923888 0
    outer loop
      vertex -70.7678 -67.2322 32
      vertex -69 -66.5 22
      vertex -70.7678 -67.2322 22
    endloop
  endfacet
  facet normal -0.923888 0.382663 0
    outer loop
      vertex -71.5 -69 22
      vertex -70.7678 -67.2322 32
      vertex -70.7678 -67.2322 22
    endloop
  endfacet
  facet normal -0.923888 0.382663 0
    outer loop
      vertex -70.7678 -67.2322 32
      vertex -71.5 -69 22
      vertex -71.5 -69 32
    endloop
  endfacet
  facet normal 0.382663 -0.923888 0
    outer loop
      vertex -69 -71.5 22
      vertex -67.2322 -70.7678 32
      vertex -69 -71.5 32
    endloop
  endfacet
  facet normal 0.382663 -0.923888 0
    outer loop
      vertex -67.2322 -70.7678 32
      vertex -69 -71.5 22
      vertex -67.2322 -70.7678 22
    endloop
  endfacet
  facet normal 0 0 -1
    outer loop
      vertex -66.5 -69 32
      vertex -65.5 -69 32
      vertex -66.0556 -70.8922 32
    endloop
  endfacet
  facet normal 0 0 -1
    outer loop
      vertex -65.5 -69 32
      vertex -66.5 -69 32
      vertex -66.0556 -67.1078 32
    endloop
  endfacet
  facet normal 0 0 -1
    outer loop
      vertex -66.0556 -70.8922 32
      vertex -67.2322 -70.7678 32
      vertex -66.5 -69 32
    endloop
  endfacet
  facet normal 0 0 -1
    outer loop
      vertex -67.5461 -72.1837 32
      vertex -67.2322 -70.7678 32
      vertex -66.0556 -70.8922 32
    endloop
  endfacet
  facet normal 0 0 -1
    outer loop
      vertex -67.5461 -72.1837 32
      vertex -69 -71.5 32
      vertex -67.2322 -70.7678 32
    endloop
  endfacet
  facet normal 0 0 -1
    outer loop
      vertex -69.4981 -72.4644 32
      vertex -69 -71.5 32
      vertex -67.5461 -72.1837 32
    endloop
  endfacet
  facet normal 0 0 -1
    outer loop
      vertex -69.4981 -72.4644 32
      vertex -70.7678 -70.7678 32
      vertex -69 -71.5 32
    endloop
  endfacet
  facet normal 0 0 -1
    outer loop
      vertex -71.292 -71.6451 32
      vertex -70.7678 -70.7678 32
      vertex -69.4981 -72.4644 32
    endloop
  endfacet
  facet normal 0 0 -1
    outer loop
      vertex -72.3582 -69.9861 32
      vertex -70.7678 -70.7678 32
      vertex -71.292 -71.6451 32
    endloop
  endfacet
  facet normal 0 0 -1
    outer loop
      vertex -70.7678 -70.7678 32
      vertex -72.3582 -69.9861 32
      vertex -71.5 -69 32
    endloop
  endfacet
  facet normal 0 0 -1
    outer loop
      vertex -67.2322 -67.2322 32
      vertex -66.0556 -67.1078 32
      vertex -66.5 -69 32
    endloop
  endfacet
  facet normal 0 0 -1
    outer loop
      vertex -67.2322 -67.2322 32
      vertex -67.5461 -65.8163 32
      vertex -66.0556 -67.1078 32
    endloop
  endfacet
  facet normal 0 0 -1
    outer loop
      vertex -69 -66.5 32
      vertex -67.5461 -65.8163 32
      vertex -67.2322 -67.2322 32
    endloop
  endfacet
  facet normal 0 0 -1
    outer loop
      vertex -69 -66.5 32
      vertex -69.4981 -65.5356 32
      vertex -67.5461 -65.8163 32
    endloop
  endfacet
  facet normal 0 0 -1
    outer loop
      vertex -70.7678 -67.2322 32
      vertex -69.4981 -65.5356 32
      vertex -69 -66.5 32
    endloop
  endfacet
  facet normal 0 0 -1
    outer loop
      vertex -70.7678 -67.2322 32
      vertex -71.292 -66.3549 32
      vertex -69.4981 -65.5356 32
    endloop
  endfacet
  facet normal 0 0 -1
    outer loop
      vertex -72.3582 -68.0139 32
      vertex -70.7678 -67.2322 32
      vertex -71.5 -69 32
    endloop
  endfacet
  facet normal 0 0 -1
    outer loop
      vertex -72.3582 -68.0139 32
      vertex -71.5 -69 32
      vertex -72.3582 -69.9861 32
    endloop
  endfacet
  facet normal -0 0 -1
    outer loop
      vertex -70.7678 -67.2322 32
      vertex -72.3582 -68.0139 32
      vertex -71.292 -66.3549 32
    endloop
  endfacet
  facet normal 0 0 -1
    outer loop
      vertex -67.2322 -70.7678 22
      vertex -67.2322 -67.2322 22
      vertex -66.5 -69 22
    endloop
  endfacet
  facet normal 0 0 -1
    outer loop
      vertex -69 -71.5 22
      vertex -67.2322 -67.2322 22
      vertex -67.2322 -70.7678 22
    endloop
  endfacet
  facet normal 0 0 -1
    outer loop
      vertex -69 -71.5 22
      vertex -69 -66.5 22
      vertex -67.2322 -67.2322 22
    endloop
  endfacet
  facet normal 0 0 -1
    outer loop
      vertex -70.7678 -70.7678 22
      vertex -69 -66.5 22
      vertex -69 -71.5 22
    endloop
  endfacet
  facet normal 0 0 -1
    outer loop
      vertex -70.7678 -70.7678 22
      vertex -70.7678 -67.2322 22
      vertex -69 -66.5 22
    endloop
  endfacet
  facet normal 0 -0 -1
    outer loop
      vertex -70.7678 -67.2322 22
      vertex -70.7678 -70.7678 22
      vertex -71.5 -69 22
    endloop
  endfacet
  facet normal 0.654853 0.755756 -0
    outer loop
      vertex -66.0556 -67.1078 32
      vertex -67.5461 -65.8163 35
      vertex -66.0556 -67.1078 35
    endloop
  endfacet
  facet normal 0.654853 0.755756 0
    outer loop
      vertex -67.5461 -65.8163 35
      vertex -66.0556 -67.1078 32
      vertex -67.5461 -65.8163 32
    endloop
  endfacet
  facet normal 0.959493 0.281733 0
    outer loop
      vertex -65.5 -69 35
      vertex -66.0556 -67.1078 32
      vertex -66.0556 -67.1078 35
    endloop
  endfacet
  facet normal 0.959493 0.281733 0
    outer loop
      vertex -66.0556 -67.1078 32
      vertex -65.5 -69 35
      vertex -65.5 -69 32
    endloop
  endfacet
  facet normal 0.142337 0.989818 -0
    outer loop
      vertex -67.5461 -65.8163 32
      vertex -69.4981 -65.5356 35
      vertex -67.5461 -65.8163 35
    endloop
  endfacet
  facet normal 0.142337 0.989818 0
    outer loop
      vertex -69.4981 -65.5356 35
      vertex -67.5461 -65.8163 32
      vertex -69.4981 -65.5356 32
    endloop
  endfacet
  facet normal -0.415437 0.909622 0
    outer loop
      vertex -69.4981 -65.5356 32
      vertex -71.292 -66.3549 35
      vertex -69.4981 -65.5356 35
    endloop
  endfacet
  facet normal -0.415437 0.909622 0
    outer loop
      vertex -71.292 -66.3549 35
      vertex -69.4981 -65.5356 32
      vertex -71.292 -66.3549 32
    endloop
  endfacet
  facet normal -1 0 0
    outer loop
      vertex -72.3582 -69.9861 32
      vertex -72.3582 -68.0139 35
      vertex -72.3582 -68.0139 32
    endloop
  endfacet
  facet normal -1 -0 0
    outer loop
      vertex -72.3582 -68.0139 35
      vertex -72.3582 -69.9861 32
      vertex -72.3582 -69.9861 35
    endloop
  endfacet
  facet normal 0.142337 -0.989818 0
    outer loop
      vertex -69.4981 -72.4644 32
      vertex -67.5461 -72.1837 35
      vertex -69.4981 -72.4644 35
    endloop
  endfacet
  facet normal 0.142337 -0.989818 0
    outer loop
      vertex -67.5461 -72.1837 35
      vertex -69.4981 -72.4644 32
      vertex -67.5461 -72.1837 32
    endloop
  endfacet
  facet normal 0.654853 -0.755756 0
    outer loop
      vertex -67.5461 -72.1837 32
      vertex -66.0556 -70.8922 35
      vertex -67.5461 -72.1837 35
    endloop
  endfacet
  facet normal 0.654853 -0.755756 0
    outer loop
      vertex -66.0556 -70.8922 35
      vertex -67.5461 -72.1837 32
      vertex -66.0556 -70.8922 32
    endloop
  endfacet
  facet normal -0.841248 -0.54065 0
    outer loop
      vertex -71.292 -71.6451 32
      vertex -72.3582 -69.9861 35
      vertex -72.3582 -69.9861 32
    endloop
  endfacet
  facet normal -0.841248 -0.54065 0
    outer loop
      vertex -72.3582 -69.9861 35
      vertex -71.292 -71.6451 32
      vertex -71.292 -71.6451 35
    endloop
  endfacet
  facet normal 0.959493 -0.281733 0
    outer loop
      vertex -66.0556 -70.8922 35
      vertex -65.5 -69 32
      vertex -65.5 -69 35
    endloop
  endfacet
  facet normal 0.959493 -0.281733 0
    outer loop
      vertex -65.5 -69 32
      vertex -66.0556 -70.8922 35
      vertex -66.0556 -70.8922 32
    endloop
  endfacet
  facet normal -0.841248 0.54065 0
    outer loop
      vertex -72.3582 -68.0139 32
      vertex -71.292 -66.3549 35
      vertex -71.292 -66.3549 32
    endloop
  endfacet
  facet normal -0.841248 0.54065 0
    outer loop
      vertex -71.292 -66.3549 35
      vertex -72.3582 -68.0139 32
      vertex -72.3582 -68.0139 35
    endloop
  endfacet
  facet normal 0 0 1
    outer loop
      vertex -66.0556 -67.1078 35
      vertex -66.0556 -70.8922 35
      vertex -65.5 -69 35
    endloop
  endfacet
  facet normal 0 0 1
    outer loop
      vertex -67.5461 -65.8163 35
      vertex -66.0556 -70.8922 35
      vertex -66.0556 -67.1078 35
    endloop
  endfacet
  facet normal 0 0 1
    outer loop
      vertex -67.5461 -65.8163 35
      vertex -67.5461 -72.1837 35
      vertex -66.0556 -70.8922 35
    endloop
  endfacet
  facet normal 0 0 1
    outer loop
      vertex -69.4981 -65.5356 35
      vertex -67.5461 -72.1837 35
      vertex -67.5461 -65.8163 35
    endloop
  endfacet
  facet normal 0 0 1
    outer loop
      vertex -69.4981 -65.5356 35
      vertex -69.4981 -72.4644 35
      vertex -67.5461 -72.1837 35
    endloop
  endfacet
  facet normal -0 0 1
    outer loop
      vertex -71.292 -66.3549 35
      vertex -69.4981 -72.4644 35
      vertex -69.4981 -65.5356 35
    endloop
  endfacet
  facet normal 0 0 1
    outer loop
      vertex -71.292 -66.3549 35
      vertex -71.292 -71.6451 35
      vertex -69.4981 -72.4644 35
    endloop
  endfacet
  facet normal -0 0 1
    outer loop
      vertex -72.3582 -68.0139 35
      vertex -71.292 -71.6451 35
      vertex -71.292 -66.3549 35
    endloop
  endfacet
  facet normal 0 0 1
    outer loop
      vertex -71.292 -71.6451 35
      vertex -72.3582 -68.0139 35
      vertex -72.3582 -69.9861 35
    endloop
  endfacet
  facet normal -0.415437 -0.909622 0
    outer loop
      vertex -71.292 -71.6451 32
      vertex -69.4981 -72.4644 35
      vertex -71.292 -71.6451 35
    endloop
  endfacet
  facet normal -0.415437 -0.909622 -0
    outer loop
      vertex -69.4981 -72.4644 35
      vertex -71.292 -71.6451 32
      vertex -69.4981 -72.4644 32
    endloop
  endfacet
  facet normal 1 0 0
    outer loop
      vertex 81 -67.5 16
      vertex 81 -69 6
      vertex 81 -67.5 6
    endloop
  endfacet
  facet normal 1 -0 0
    outer loop
      vertex 81 -70.5 16
      vertex 81 -69 6
      vertex 81 -67.5 16
    endloop
  endfacet
  facet normal 1 0 0
    outer loop
      vertex 81 -69 6
      vertex 81 -70.5 16
      vertex 81 -70.5 6
    endloop
  endfacet
  facet normal 0 0 1
    outer loop
      vertex 81 -67.5 16
      vertex 80.0769 -69 16
      vertex 81 -70.5 16
    endloop
  endfacet
  facet normal 0 -0 1
    outer loop
      vertex 80.0769 -69 16
      vertex 81 -67.5 16
      vertex 79.9193 -67.5 16
    endloop
  endfacet
  facet normal 0 0 1
    outer loop
      vertex 81 -70.5 16
      vertex 80.0769 -69 16
      vertex 79.9193 -70.5 16
    endloop
  endfacet
  facet normal 0 0 -1
    outer loop
      vertex 81 -69 6
      vertex 80.8423 -67.5 6
      vertex 81 -67.5 6
    endloop
  endfacet
  facet normal 0 0 -1
    outer loop
      vertex 81 -70.5 6
      vertex 80.8423 -70.5 6
      vertex 81 -69 6
    endloop
  endfacet
  facet normal 0 1 0
    outer loop
      vertex 81 -67.5 16
      vertex 80.0144 -67.5 13.5263
      vertex 79.9193 -67.5 16
    endloop
  endfacet
  facet normal 0 1 0
    outer loop
      vertex 81 -67.5 16
      vertex 80.8423 -67.5 9
      vertex 80.0144 -67.5 13.5263
    endloop
  endfacet
  facet normal 0 1 -0
    outer loop
      vertex 81 -67.5 6
      vertex 80.8423 -67.5 9
      vertex 81 -67.5 16
    endloop
  endfacet
  facet normal 0 1 0
    outer loop
      vertex 80.8423 -67.5 9
      vertex 81 -67.5 6
      vertex 80.8423 -67.5 6
    endloop
  endfacet
  facet normal 0 1 0
    outer loop
      vertex 80.0144 -67.5 13.5263
      vertex 80.8423 -67.5 9
      vertex 80.1885 -67.5 9
    endloop
  endfacet
  facet normal 0 -1 0
    outer loop
      vertex 80.0144 -70.5 13.5263
      vertex 81 -70.5 16
      vertex 79.9193 -70.5 16
    endloop
  endfacet
  facet normal 0 -1 0
    outer loop
      vertex 80.8423 -70.5 9
      vertex 80.0144 -70.5 13.5263
      vertex 80.1885 -70.5 9
    endloop
  endfacet
  facet normal 0 -1 0
    outer loop
      vertex 80.0144 -70.5 13.5263
      vertex 80.8423 -70.5 9
      vertex 81 -70.5 16
    endloop
  endfacet
  facet normal 0 -1 0
    outer loop
      vertex 81 -70.5 6
      vertex 80.8423 -70.5 9
      vertex 80.8423 -70.5 6
    endloop
  endfacet
  facet normal 0 -1 0
    outer loop
      vertex 80.8423 -70.5 9
      vertex 81 -70.5 6
      vertex 81 -70.5 16
    endloop
  endfacet
  facet normal 0 0 1
    outer loop
      vertex 78.5459 -61.5754 16
      vertex 76.6594 -61.0431 16
      vertex 77.8054 -62.3159 16
    endloop
  endfacet
  facet normal 0 0 1
    outer loop
      vertex 76.4246 -59.4541 16
      vertex 76.6594 -61.0431 16
      vertex 78.5459 -61.5754 16
    endloop
  endfacet
  facet normal 0 0 1
    outer loop
      vertex 76.4246 -59.4541 16
      vertex 76.4119 -60.7682 16
      vertex 76.6594 -61.0431 16
    endloop
  endfacet
  facet normal 0 0 1
    outer loop
      vertex 76.4246 -59.4541 16
      vertex 76.1127 -60.5508 16
      vertex 76.4119 -60.7682 16
    endloop
  endfacet
  facet normal 0 -0 1
    outer loop
      vertex 76.1127 -60.5508 16
      vertex 76.4246 -59.4541 16
      vertex 75.6581 -60.2206 16
    endloop
  endfacet
  facet normal -0.707107 0.707107 1.4996e-15
    outer loop
      vertex 76.4246 -59.4541 16
      vertex 75.7404 -60.1383 12.9949
      vertex 75.6581 -60.2206 16
    endloop
  endfacet
  facet normal -0.707131 0.707083 1.08449e-05
    outer loop
      vertex 76.4246 -59.4541 16
      vertex 76.3153 -59.5633 9
      vertex 75.7404 -60.1383 12.9949
    endloop
  endfacet
  facet normal -0.706783 0.70743 0
    outer loop
      vertex 76.4246 -59.4541 6
      vertex 76.3153 -59.5633 9
      vertex 76.4246 -59.4541 16
    endloop
  endfacet
  facet normal -0.706783 0.70743 0
    outer loop
      vertex 76.3153 -59.5633 9
      vertex 76.4246 -59.4541 6
      vertex 76.3153 -59.5633 6
    endloop
  endfacet
  facet normal -0.707183 0.707031 -4.15939e-06
    outer loop
      vertex 75.7404 -60.1383 12.9949
      vertex 76.3153 -59.5633 9
      vertex 75.8498 -60.0289 9
    endloop
  endfacet
  facet normal 0 0 -1
    outer loop
      vertex 77.0296 -60.0823 6
      vertex 78.5459 -61.5754 6
      vertex 78.4555 -61.6659 6
    endloop
  endfacet
  facet normal 0 0 -1
    outer loop
      vertex 77.0296 -60.0823 6
      vertex 76.4246 -59.4541 6
      vertex 78.5459 -61.5754 6
    endloop
  endfacet
  facet normal 0 -0 -1
    outer loop
      vertex 76.4246 -59.4541 6
      vertex 77.0296 -60.0823 6
      vertex 76.3153 -59.5633 6
    endloop
  endfacet
  facet normal 0.707107 -0.707107 0
    outer loop
      vertex 77.995 -62.1263 9
      vertex 78.5459 -61.5754 16
      vertex 77.8054 -62.3159 16
    endloop
  endfacet
  facet normal 0.70703 -0.707184 1.20859e-05
    outer loop
      vertex 78.4555 -61.6659 9
      vertex 78.5459 -61.5754 16
      vertex 77.995 -62.1263 9
    endloop
  endfacet
  facet normal 0.707498 -0.706716 0
    outer loop
      vertex 78.5459 -61.5754 6
      vertex 78.4555 -61.6659 9
      vertex 78.4555 -61.6659 6
    endloop
  endfacet
  facet normal 0.707498 -0.706716 0
    outer loop
      vertex 78.4555 -61.6659 9
      vertex 78.5459 -61.5754 6
      vertex 78.5459 -61.5754 16
    endloop
  endfacet
  facet normal 0.707107 0.707107 -0
    outer loop
      vertex 78.5459 -61.5754 6
      vertex 76.4246 -59.4541 16
      vertex 78.5459 -61.5754 16
    endloop
  endfacet
  facet normal 0.707107 0.707107 0
    outer loop
      vertex 76.4246 -59.4541 16
      vertex 78.5459 -61.5754 6
      vertex 76.4246 -59.4541 6
    endloop
  endfacet
  facet normal 0 0 1
    outer loop
      vertex 70.5 -57 16
      vertex 70.1579 -57.9838 16
      vertex 70.5 -58.0565 16
    endloop
  endfacet
  facet normal 0 0 1
    outer loop
      vertex 70.5 -57 16
      vertex 67.8421 -57.9838 16
      vertex 70.1579 -57.9838 16
    endloop
  endfacet
  facet normal -0 0 1
    outer loop
      vertex 67.5 -57 16
      vertex 67.8421 -57.9838 16
      vertex 70.5 -57 16
    endloop
  endfacet
  facet normal 0 0 1
    outer loop
      vertex 67.8421 -57.9838 16
      vertex 67.5 -57 16
      vertex 67.5 -58.0565 16
    endloop
  endfacet
  facet normal -1 0 0
    outer loop
      vertex 67.5 -57.118 9
      vertex 67.5 -57 6
      vertex 67.5 -57.118 6
    endloop
  endfacet
  facet normal -1 0 0
    outer loop
      vertex 67.5 -57 6
      vertex 67.5 -57.118 9
      vertex 67.5 -57 16
    endloop
  endfacet
  facet normal -1 0 0
    outer loop
      vertex 67.5 -57.7827 9
      vertex 67.5 -57 16
      vertex 67.5 -57.118 9
    endloop
  endfacet
  facet normal -1 -0 0
    outer loop
      vertex 67.5 -57 16
      vertex 67.5 -57.7827 9
      vertex 67.5 -58.0565 16
    endloop
  endfacet
  facet normal 0 0 -1
    outer loop
      vertex 70.2543 -57.0657 6
      vertex 70.5 -57 6
      vertex 70.5 -57.118 6
    endloop
  endfacet
  facet normal 0 0 -1
    outer loop
      vertex 67.7457 -57.0657 6
      vertex 70.5 -57 6
      vertex 70.2543 -57.0657 6
    endloop
  endfacet
  facet normal 0 0 -1
    outer loop
      vertex 67.7457 -57.0657 6
      vertex 67.5 -57 6
      vertex 70.5 -57 6
    endloop
  endfacet
  facet normal 0 0 -1
    outer loop
      vertex 67.5 -57 6
      vertex 67.7457 -57.0657 6
      vertex 67.5 -57.118 6
    endloop
  endfacet
  facet normal 1 0 0
    outer loop
      vertex 70.5 -57 16
      vertex 70.5 -57.118 9
      vertex 70.5 -57 6
    endloop
  endfacet
  facet normal 1 0 0
    outer loop
      vertex 70.5 -57 16
      vertex 70.5 -57.7827 9
      vertex 70.5 -57.118 9
    endloop
  endfacet
  facet normal 1 0 -0
    outer loop
      vertex 70.5 -57.7827 9
      vertex 70.5 -57 16
      vertex 70.5 -58.0565 16
    endloop
  endfacet
  facet normal 1 0 0
    outer loop
      vertex 70.5 -57 6
      vertex 70.5 -57.118 9
      vertex 70.5 -57.118 6
    endloop
  endfacet
  facet normal 0 1 -0
    outer loop
      vertex 70.5 -57 6
      vertex 67.5 -57 16
      vertex 70.5 -57 16
    endloop
  endfacet
  facet normal 0 1 0
    outer loop
      vertex 67.5 -57 16
      vertex 70.5 -57 6
      vertex 67.5 -57 6
    endloop
  endfacet
  facet normal 0 0 1
    outer loop
      vertex 61.5754 -59.4541 16
      vertex 61.8873 -60.5508 16
      vertex 62.3419 -60.2206 16
    endloop
  endfacet
  facet normal 0 0 1
    outer loop
      vertex 61.5754 -59.4541 16
      vertex 61.5881 -60.7682 16
      vertex 61.8873 -60.5508 16
    endloop
  endfacet
  facet normal 0 0 1
    outer loop
      vertex 61.5754 -59.4541 16
      vertex 61.3406 -61.0431 16
      vertex 61.5881 -60.7682 16
    endloop
  endfacet
  facet normal 0 0 1
    outer loop
      vertex 59.4541 -61.5754 16
      vertex 61.3406 -61.0431 16
      vertex 61.5754 -59.4541 16
    endloop
  endfacet
  facet normal 0 0 1
    outer loop
      vertex 61.3406 -61.0431 16
      vertex 59.4541 -61.5754 16
      vertex 60.1946 -62.3159 16
    endloop
  endfacet
  facet normal -0.707498 -0.706716 -0
    outer loop
      vertex 59.5445 -61.6659 9
      vertex 59.4541 -61.5754 6
      vertex 59.5445 -61.6659 6
    endloop
  endfacet
  facet normal -0.707498 -0.706716 0
    outer loop
      vertex 59.4541 -61.5754 6
      vertex 59.5445 -61.6659 9
      vertex 59.4541 -61.5754 16
    endloop
  endfacet
  facet normal -0.70703 -0.707184 1.20859e-05
    outer loop
      vertex 60.005 -62.1263 9
      vertex 59.4541 -61.5754 16
      vertex 59.5445 -61.6659 9
    endloop
  endfacet
  facet normal -0.707107 -0.707107 -1.89314e-16
    outer loop
      vertex 59.4541 -61.5754 16
      vertex 60.005 -62.1263 9
      vertex 60.1946 -62.3159 16
    endloop
  endfacet
  facet normal 0 0 -1
    outer loop
      vertex 60.9704 -60.0823 6
      vertex 61.5754 -59.4541 6
      vertex 61.6847 -59.5633 6
    endloop
  endfacet
  facet normal -0 0 -1
    outer loop
      vertex 60.9704 -60.0823 6
      vertex 59.4541 -61.5754 6
      vertex 61.5754 -59.4541 6
    endloop
  endfacet
  facet normal 0 0 -1
    outer loop
      vertex 59.4541 -61.5754 6
      vertex 60.9704 -60.0823 6
      vertex 59.5445 -61.6659 6
    endloop
  endfacet
  facet normal 0.706783 0.70743 0
    outer loop
      vertex 61.5754 -59.4541 16
      vertex 61.6847 -59.5633 9
      vertex 61.5754 -59.4541 6
    endloop
  endfacet
  facet normal 0.707131 0.707083 1.08449e-05
    outer loop
      vertex 62.2596 -60.1383 12.9949
      vertex 61.6847 -59.5633 9
      vertex 61.5754 -59.4541 16
    endloop
  endfacet
  facet normal 0.707183 0.707031 -4.15939e-06
    outer loop
      vertex 61.6847 -59.5633 9
      vertex 62.2596 -60.1383 12.9949
      vertex 62.1502 -60.0289 9
    endloop
  endfacet
  facet normal 0.707107 0.707107 -1.67214e-15
    outer loop
      vertex 62.2596 -60.1383 12.9949
      vertex 61.5754 -59.4541 16
      vertex 62.3419 -60.2206 16
    endloop
  endfacet
  facet normal 0.706783 0.70743 0
    outer loop
      vertex 61.5754 -59.4541 6
      vertex 61.6847 -59.5633 9
      vertex 61.6847 -59.5633 6
    endloop
  endfacet
  facet normal -0.707107 0.707107 0
    outer loop
      vertex 59.4541 -61.5754 6
      vertex 61.5754 -59.4541 16
      vertex 61.5754 -59.4541 6
    endloop
  endfacet
  facet normal -0.707107 0.707107 0
    outer loop
      vertex 61.5754 -59.4541 16
      vertex 59.4541 -61.5754 6
      vertex 59.4541 -61.5754 16
    endloop
  endfacet
  facet normal 0 0 1
    outer loop
      vertex 58.0807 -67.5 16
      vertex 57 -67.5 16
      vertex 57.9231 -69 16
    endloop
  endfacet
  facet normal 0 0 1
    outer loop
      vertex 57 -70.5 16
      vertex 57.9231 -69 16
      vertex 57 -67.5 16
    endloop
  endfacet
  facet normal 0 0 1
    outer loop
      vertex 57.9231 -69 16
      vertex 57 -70.5 16
      vertex 58.0807 -70.5 16
    endloop
  endfacet
  facet normal -1 0 0
    outer loop
      vertex 57 -69 6
      vertex 57 -67.5 16
      vertex 57 -67.5 6
    endloop
  endfacet
  facet normal -1 0 0
    outer loop
      vertex 57 -70.5 16
      vertex 57 -69 6
      vertex 57 -70.5 6
    endloop
  endfacet
  facet normal -1 0 0
    outer loop
      vertex 57 -69 6
      vertex 57 -70.5 16
      vertex 57 -67.5 16
    endloop
  endfacet
  facet normal 0 -1 0
    outer loop
      vertex 57 -70.5 16
      vertex 57.9856 -70.5 13.5263
      vertex 58.0807 -70.5 16
    endloop
  endfacet
  facet normal 0 -1 0
    outer loop
      vertex 57 -70.5 16
      vertex 57.1577 -70.5 9
      vertex 57.9856 -70.5 13.5263
    endloop
  endfacet
  facet normal 0 -1 0
    outer loop
      vertex 57 -70.5 6
      vertex 57.1577 -70.5 9
      vertex 57 -70.5 16
    endloop
  endfacet
  facet normal 0 -1 -0
    outer loop
      vertex 57.1577 -70.5 9
      vertex 57 -70.5 6
      vertex 57.1577 -70.5 6
    endloop
  endfacet
  facet normal 0 -1 0
    outer loop
      vertex 57.9856 -70.5 13.5263
      vertex 57.1577 -70.5 9
      vertex 57.8115 -70.5 9
    endloop
  endfacet
  facet normal 0 0 -1
    outer loop
      vertex 57.1577 -70.5 6
      vertex 57 -70.5 6
      vertex 57 -69 6
    endloop
  endfacet
  facet normal -0 0 -1
    outer loop
      vertex 57.1577 -67.5 6
      vertex 57 -69 6
      vertex 57 -67.5 6
    endloop
  endfacet
  facet normal 0 1 -0
    outer loop
      vertex 57.9856 -67.5 13.5263
      vertex 57 -67.5 16
      vertex 58.0807 -67.5 16
    endloop
  endfacet
  facet normal 0 1 0
    outer loop
      vertex 57.1577 -67.5 9
      vertex 57.9856 -67.5 13.5263
      vertex 57.8115 -67.5 9
    endloop
  endfacet
  facet normal 0 1 0
    outer loop
      vertex 57.9856 -67.5 13.5263
      vertex 57.1577 -67.5 9
      vertex 57 -67.5 16
    endloop
  endfacet
  facet normal 0 1 0
    outer loop
      vertex 57 -67.5 6
      vertex 57.1577 -67.5 9
      vertex 57.1577 -67.5 6
    endloop
  endfacet
  facet normal 0 1 0
    outer loop
      vertex 57.1577 -67.5 9
      vertex 57 -67.5 6
      vertex 57 -67.5 16
    endloop
  endfacet
  facet normal -0.707107 -0.707107 0
    outer loop
      vertex 61.5754 -78.5459 6
      vertex 59.4541 -76.4246 16
      vertex 59.4541 -76.4246 6
    endloop
  endfacet
  facet normal -0.707107 -0.707107 0
    outer loop
      vertex 59.4541 -76.4246 16
      vertex 61.5754 -78.5459 6
      vertex 61.5754 -78.5459 16
    endloop
  endfacet
  facet normal 0 0 1
    outer loop
      vertex 61.8873 -77.4492 16
      vertex 61.5754 -78.5459 16
      vertex 62.3419 -77.7794 16
    endloop
  endfacet
  facet normal 0 0 1
    outer loop
      vertex 61.5881 -77.2318 16
      vertex 61.5754 -78.5459 16
      vertex 61.8873 -77.4492 16
    endloop
  endfacet
  facet normal 0 0 1
    outer loop
      vertex 61.3406 -76.9569 16
      vertex 61.5754 -78.5459 16
      vertex 61.5881 -77.2318 16
    endloop
  endfacet
  facet normal -0 0 1
    outer loop
      vertex 59.4541 -76.4246 16
      vertex 61.3406 -76.9569 16
      vertex 60.1946 -75.6841 16
    endloop
  endfacet
  facet normal 0 0 1
    outer loop
      vertex 61.3406 -76.9569 16
      vertex 59.4541 -76.4246 16
      vertex 61.5754 -78.5459 16
    endloop
  endfacet
  facet normal 0 0 -1
    outer loop
      vertex 61.5754 -78.5459 6
      vertex 60.9704 -77.9177 6
      vertex 61.6847 -78.4367 6
    endloop
  endfacet
  facet normal 0 0 -1
    outer loop
      vertex 60.9704 -77.9177 6
      vertex 59.4541 -76.4246 6
      vertex 59.5445 -76.3341 6
    endloop
  endfacet
  facet normal 0 0 -1
    outer loop
      vertex 59.4541 -76.4246 6
      vertex 60.9704 -77.9177 6
      vertex 61.5754 -78.5459 6
    endloop
  endfacet
  facet normal 0.707183 -0.707031 -4.15939e-06
    outer loop
      vertex 62.2596 -77.8617 12.9949
      vertex 61.6847 -78.4367 9
      vertex 62.1502 -77.9711 9
    endloop
  endfacet
  facet normal 0.707107 -0.707107 -1.7041e-16
    outer loop
      vertex 61.5754 -78.5459 16
      vertex 62.2596 -77.8617 12.9949
      vertex 62.3419 -77.7794 16
    endloop
  endfacet
  facet normal 0.707131 -0.707083 1.08449e-05
    outer loop
      vertex 62.2596 -77.8617 12.9949
      vertex 61.5754 -78.5459 16
      vertex 61.6847 -78.4367 9
    endloop
  endfacet
  facet normal 0.706783 -0.70743 0
    outer loop
      vertex 61.5754 -78.5459 6
      vertex 61.6847 -78.4367 9
      vertex 61.5754 -78.5459 16
    endloop
  endfacet
  facet normal 0.706783 -0.70743 0
    outer loop
      vertex 61.6847 -78.4367 9
      vertex 61.5754 -78.5459 6
      vertex 61.6847 -78.4367 6
    endloop
  endfacet
  facet normal -0.707498 0.706716 0
    outer loop
      vertex 59.5445 -76.3341 6
      vertex 59.4541 -76.4246 6
      vertex 59.5445 -76.3341 9
    endloop
  endfacet
  facet normal -0.70703 0.707184 1.20859e-05
    outer loop
      vertex 59.4541 -76.4246 16
      vertex 60.005 -75.8737 9
      vertex 59.5445 -76.3341 9
    endloop
  endfacet
  facet normal -0.707107 0.707107 -1.83634e-16
    outer loop
      vertex 60.005 -75.8737 9
      vertex 59.4541 -76.4246 16
      vertex 60.1946 -75.6841 16
    endloop
  endfacet
  facet normal -0.707498 0.706716 0
    outer loop
      vertex 59.4541 -76.4246 16
      vertex 59.5445 -76.3341 9
      vertex 59.4541 -76.4246 6
    endloop
  endfacet
  facet normal 0 -1 0
    outer loop
      vertex 67.5 -81 6
      vertex 70.5 -81 16
      vertex 67.5 -81 16
    endloop
  endfacet
  facet normal 0 -1 -0
    outer loop
      vertex 70.5 -81 16
      vertex 67.5 -81 6
      vertex 70.5 -81 6
    endloop
  endfacet
  facet normal -0 0 1
    outer loop
      vertex 70.1579 -80.0162 16
      vertex 70.5 -81 16
      vertex 70.5 -79.9435 16
    endloop
  endfacet
  facet normal -0 0 1
    outer loop
      vertex 67.8421 -80.0162 16
      vertex 70.5 -81 16
      vertex 70.1579 -80.0162 16
    endloop
  endfacet
  facet normal 0 0 1
    outer loop
      vertex 67.5 -81 16
      vertex 67.8421 -80.0162 16
      vertex 67.5 -79.9435 16
    endloop
  endfacet
  facet normal 0 0 1
    outer loop
      vertex 67.8421 -80.0162 16
      vertex 67.5 -81 16
      vertex 70.5 -81 16
    endloop
  endfacet
  facet normal 0 0 -1
    outer loop
      vertex 70.5 -81 6
      vertex 70.2543 -80.9343 6
      vertex 70.5 -80.882 6
    endloop
  endfacet
  facet normal 0 0 -1
    outer loop
      vertex 70.5 -81 6
      vertex 67.7457 -80.9343 6
      vertex 70.2543 -80.9343 6
    endloop
  endfacet
  facet normal 0 0 -1
    outer loop
      vertex 67.5 -81 6
      vertex 67.7457 -80.9343 6
      vertex 70.5 -81 6
    endloop
  endfacet
  facet normal -0 0 -1
    outer loop
      vertex 67.7457 -80.9343 6
      vertex 67.5 -81 6
      vertex 67.5 -80.882 6
    endloop
  endfacet
  facet normal 1 -0 0
    outer loop
      vertex 70.5 -81 16
      vertex 70.5 -80.2173 9
      vertex 70.5 -79.9435 16
    endloop
  endfacet
  facet normal 1 0 0
    outer loop
      vertex 70.5 -80.2173 9
      vertex 70.5 -81 16
      vertex 70.5 -80.882 9
    endloop
  endfacet
  facet normal 1 0 0
    outer loop
      vertex 70.5 -81 6
      vertex 70.5 -80.882 9
      vertex 70.5 -81 16
    endloop
  endfacet
  facet normal 1 0 0
    outer loop
      vertex 70.5 -80.882 9
      vertex 70.5 -81 6
      vertex 70.5 -80.882 6
    endloop
  endfacet
  facet normal -1 0 0
    outer loop
      vertex 67.5 -80.882 6
      vertex 67.5 -81 6
      vertex 67.5 -80.882 9
    endloop
  endfacet
  facet normal -1 0 0
    outer loop
      vertex 67.5 -81 16
      vertex 67.5 -80.2173 9
      vertex 67.5 -80.882 9
    endloop
  endfacet
  facet normal -1 0 0
    outer loop
      vertex 67.5 -80.2173 9
      vertex 67.5 -81 16
      vertex 67.5 -79.9435 16
    endloop
  endfacet
  facet normal -1 0 0
    outer loop
      vertex 67.5 -81 16
      vertex 67.5 -80.882 9
      vertex 67.5 -81 6
    endloop
  endfacet
  facet normal 0.707107 -0.707107 0
    outer loop
      vertex 76.4246 -78.5459 16
      vertex 78.5459 -76.4246 6
      vertex 78.5459 -76.4246 16
    endloop
  endfacet
  facet normal 0.707107 -0.707107 0
    outer loop
      vertex 78.5459 -76.4246 6
      vertex 76.4246 -78.5459 16
      vertex 76.4246 -78.5459 6
    endloop
  endfacet
  facet normal 0 0 1
    outer loop
      vertex 76.6594 -76.9569 16
      vertex 78.5459 -76.4246 16
      vertex 77.8054 -75.6841 16
    endloop
  endfacet
  facet normal -0 0 1
    outer loop
      vertex 76.6594 -76.9569 16
      vertex 76.4246 -78.5459 16
      vertex 78.5459 -76.4246 16
    endloop
  endfacet
  facet normal -0 0 1
    outer loop
      vertex 76.4119 -77.2318 16
      vertex 76.4246 -78.5459 16
      vertex 76.6594 -76.9569 16
    endloop
  endfacet
  facet normal -0 0 1
    outer loop
      vertex 76.1127 -77.4492 16
      vertex 76.4246 -78.5459 16
      vertex 76.4119 -77.2318 16
    endloop
  endfacet
  facet normal 0 0 1
    outer loop
      vertex 76.4246 -78.5459 16
      vertex 76.1127 -77.4492 16
      vertex 75.6581 -77.7794 16
    endloop
  endfacet
  facet normal -0 0 -1
    outer loop
      vertex 78.5459 -76.4246 6
      vertex 77.0296 -77.9177 6
      vertex 78.4555 -76.3341 6
    endloop
  endfacet
  facet normal 0 0 -1
    outer loop
      vertex 76.4246 -78.5459 6
      vertex 77.0296 -77.9177 6
      vertex 78.5459 -76.4246 6
    endloop
  endfacet
  facet normal 0 0 -1
    outer loop
      vertex 77.0296 -77.9177 6
      vertex 76.4246 -78.5459 6
      vertex 76.3153 -78.4367 6
    endloop
  endfacet
  facet normal 0.70703 0.707184 1.20859e-05
    outer loop
      vertex 77.995 -75.8737 9
      vertex 78.5459 -76.4246 16
      vertex 78.4555 -76.3341 9
    endloop
  endfacet
  facet normal 0.707498 0.706716 -0
    outer loop
      vertex 78.5459 -76.4246 6
      vertex 78.4555 -76.3341 9
      vertex 78.5459 -76.4246 16
    endloop
  endfacet
  facet normal 0.707498 0.706716 0
    outer loop
      vertex 78.4555 -76.3341 9
      vertex 78.5459 -76.4246 6
      vertex 78.4555 -76.3341 6
    endloop
  endfacet
  facet normal 0.707107 0.707107 0
    outer loop
      vertex 78.5459 -76.4246 16
      vertex 77.995 -75.8737 9
      vertex 77.8054 -75.6841 16
    endloop
  endfacet
  facet normal -0.706783 -0.70743 0
    outer loop
      vertex 76.3153 -78.4367 6
      vertex 76.4246 -78.5459 6
      vertex 76.3153 -78.4367 9
    endloop
  endfacet
  facet normal -0.707183 -0.707031 -4.15939e-06
    outer loop
      vertex 76.3153 -78.4367 9
      vertex 75.7404 -77.8617 12.9949
      vertex 75.8498 -77.9711 9
    endloop
  endfacet
  facet normal -0.707131 -0.707083 1.08449e-05
    outer loop
      vertex 76.4246 -78.5459 16
      vertex 75.7404 -77.8617 12.9949
      vertex 76.3153 -78.4367 9
    endloop
  endfacet
  facet normal -0.707107 -0.707107 2.98643e-15
    outer loop
      vertex 75.7404 -77.8617 12.9949
      vertex 76.4246 -78.5459 16
      vertex 75.6581 -77.7794 16
    endloop
  endfacet
  facet normal -0.706783 -0.70743 -0
    outer loop
      vertex 76.4246 -78.5459 16
      vertex 76.3153 -78.4367 9
      vertex 76.4246 -78.5459 6
    endloop
  endfacet
  facet normal -0.30904 -0.951049 0
    outer loop
      vertex 76.3932 -69.4408 0
      vertex 77.2318 -69.7133 5
      vertex 76.3932 -69.4408 5
    endloop
  endfacet
  facet normal -0.30904 -0.951049 -0
    outer loop
      vertex 77.2318 -69.7133 5
      vertex 76.3932 -69.4408 0
      vertex 77.2318 -69.7133 0
    endloop
  endfacet
  facet normal -0.30904 0.951049 0
    outer loop
      vertex 77.2318 -68.2867 0
      vertex 76.3932 -68.5592 5
      vertex 77.2318 -68.2867 5
    endloop
  endfacet
  facet normal -0.30904 0.951049 0
    outer loop
      vertex 76.3932 -68.5592 5
      vertex 77.2318 -68.2867 0
      vertex 76.3932 -68.5592 0
    endloop
  endfacet
  facet normal 0.80904 0.587753 0
    outer loop
      vertex 77.75 -69 5
      vertex 77.2318 -68.2867 0
      vertex 77.2318 -68.2867 5
    endloop
  endfacet
  facet normal 0.80904 0.587753 0
    outer loop
      vertex 77.2318 -68.2867 0
      vertex 77.75 -69 5
      vertex 77.75 -69 0
    endloop
  endfacet
  facet normal -1 0 0
    outer loop
      vertex 76.3932 -69.4408 0
      vertex 76.3932 -68.5592 5
      vertex 76.3932 -68.5592 0
    endloop
  endfacet
  facet normal -1 -0 0
    outer loop
      vertex 76.3932 -68.5592 5
      vertex 76.3932 -69.4408 0
      vertex 76.3932 -69.4408 5
    endloop
  endfacet
  facet normal 0.80904 -0.587753 0
    outer loop
      vertex 77.2318 -69.7133 5
      vertex 77.75 -69 0
      vertex 77.75 -69 5
    endloop
  endfacet
  facet normal 0.80904 -0.587753 0
    outer loop
      vertex 77.75 -69 0
      vertex 77.2318 -69.7133 5
      vertex 77.2318 -69.7133 0
    endloop
  endfacet
  facet normal 0 0 -1
    outer loop
      vertex 77.2318 -69.7133 0
      vertex 77.2318 -68.2867 0
      vertex 77.75 -69 0
    endloop
  endfacet
  facet normal 0 0 -1
    outer loop
      vertex 76.3932 -69.4408 0
      vertex 77.2318 -68.2867 0
      vertex 77.2318 -69.7133 0
    endloop
  endfacet
  facet normal 0 0 -1
    outer loop
      vertex 77.2318 -68.2867 0
      vertex 76.3932 -69.4408 0
      vertex 76.3932 -68.5592 0
    endloop
  endfacet
  facet normal -0.669165 -0.743114 0
    outer loop
      vertex 64.2664 -62.2277 0
      vertex 64.9216 -62.8177 5
      vertex 64.2664 -62.2277 5
    endloop
  endfacet
  facet normal -0.669165 -0.743114 -0
    outer loop
      vertex 64.9216 -62.8177 5
      vertex 64.2664 -62.2277 0
      vertex 64.9216 -62.8177 0
    endloop
  endfacet
  facet normal -0.91354 0.406749 0
    outer loop
      vertex 64.2664 -62.2277 0
      vertex 64.625 -61.4223 5
      vertex 64.625 -61.4223 0
    endloop
  endfacet
  facet normal -0.91354 0.406749 0
    outer loop
      vertex 64.625 -61.4223 5
      vertex 64.2664 -62.2277 0
      vertex 64.2664 -62.2277 5
    endloop
  endfacet
  facet normal 0.499945 -0.866057 0
    outer loop
      vertex 64.9216 -62.8177 0
      vertex 65.6852 -62.3769 5
      vertex 64.9216 -62.8177 5
    endloop
  endfacet
  facet normal 0.499945 -0.866057 0
    outer loop
      vertex 65.6852 -62.3769 5
      vertex 64.9216 -62.8177 0
      vertex 65.6852 -62.3769 0
    endloop
  endfacet
  facet normal 0.978131 0.207988 0
    outer loop
      vertex 65.6852 -62.3769 5
      vertex 65.5018 -61.5144 0
      vertex 65.5018 -61.5144 5
    endloop
  endfacet
  facet normal 0.978131 0.207988 0
    outer loop
      vertex 65.5018 -61.5144 0
      vertex 65.6852 -62.3769 5
      vertex 65.6852 -62.3769 0
    endloop
  endfacet
  facet normal 0.104466 0.994528 -0
    outer loop
      vertex 65.5018 -61.5144 0
      vertex 64.625 -61.4223 5
      vertex 65.5018 -61.5144 5
    endloop
  endfacet
  facet normal 0.104466 0.994528 0
    outer loop
      vertex 64.625 -61.4223 5
      vertex 65.5018 -61.5144 0
      vertex 64.625 -61.4223 0
    endloop
  endfacet
  facet normal 0 0 -1
    outer loop
      vertex 64.9216 -62.8177 0
      vertex 65.5018 -61.5144 0
      vertex 65.6852 -62.3769 0
    endloop
  endfacet
  facet normal 0 0 -1
    outer loop
      vertex 64.9216 -62.8177 0
      vertex 64.625 -61.4223 0
      vertex 65.5018 -61.5144 0
    endloop
  endfacet
  facet normal 0 -0 -1
    outer loop
      vertex 64.625 -61.4223 0
      vertex 64.9216 -62.8177 0
      vertex 64.2664 -62.2277 0
    endloop
  endfacet
  facet normal 0.104466 -0.994528 0
    outer loop
      vertex 64.625 -76.5777 0
      vertex 65.5018 -76.4856 5
      vertex 64.625 -76.5777 5
    endloop
  endfacet
  facet normal 0.104466 -0.994528 0
    outer loop
      vertex 65.5018 -76.4856 5
      vertex 64.625 -76.5777 0
      vertex 65.5018 -76.4856 0
    endloop
  endfacet
  facet normal 0.978127 -0.208011 0
    outer loop
      vertex 65.5018 -76.4856 5
      vertex 65.6852 -75.6232 0
      vertex 65.6852 -75.6232 5
    endloop
  endfacet
  facet normal 0.978127 -0.208011 0
    outer loop
      vertex 65.6852 -75.6232 0
      vertex 65.5018 -76.4856 5
      vertex 65.5018 -76.4856 0
    endloop
  endfacet
  facet normal 0.50003 0.866008 -0
    outer loop
      vertex 65.6852 -75.6232 0
      vertex 64.9216 -75.1823 5
      vertex 65.6852 -75.6232 5
    endloop
  endfacet
  facet normal 0.50003 0.866008 0
    outer loop
      vertex 64.9216 -75.1823 5
      vertex 65.6852 -75.6232 0
      vertex 64.9216 -75.1823 0
    endloop
  endfacet
  facet normal -0.669165 0.743114 0
    outer loop
      vertex 64.9216 -75.1823 0
      vertex 64.2664 -75.7723 5
      vertex 64.9216 -75.1823 5
    endloop
  endfacet
  facet normal -0.669165 0.743114 0
    outer loop
      vertex 64.2664 -75.7723 5
      vertex 64.9216 -75.1823 0
      vertex 64.2664 -75.7723 0
    endloop
  endfacet
  facet normal -0.91354 -0.406749 0
    outer loop
      vertex 64.625 -76.5777 0
      vertex 64.2664 -75.7723 5
      vertex 64.2664 -75.7723 0
    endloop
  endfacet
  facet normal -0.91354 -0.406749 0
    outer loop
      vertex 64.2664 -75.7723 5
      vertex 64.625 -76.5777 0
      vertex 64.625 -76.5777 5
    endloop
  endfacet
  facet normal 0 0 -1
    outer loop
      vertex 65.5018 -76.4856 0
      vertex 64.9216 -75.1823 0
      vertex 65.6852 -75.6232 0
    endloop
  endfacet
  facet normal 0 0 -1
    outer loop
      vertex 64.625 -76.5777 0
      vertex 64.9216 -75.1823 0
      vertex 65.5018 -76.4856 0
    endloop
  endfacet
  facet normal 0 0 -1
    outer loop
      vertex 64.9216 -75.1823 0
      vertex 64.625 -76.5777 0
      vertex 64.2664 -75.7723 0
    endloop
  endfacet
  facet normal 0.406745 0.913542 -0
    outer loop
      vertex 75 -58.6077 5
      vertex 72.7082 -57.5873 9
      vertex 75 -58.6077 9
    endloop
  endfacet
  facet normal 0.406745 0.913542 0
    outer loop
      vertex 72.7082 -57.5873 9
      vertex 75 -58.6077 5
      vertex 72.7082 -57.5873 5
    endloop
  endfacet
  facet normal 0.951048 0.309044 0
    outer loop
      vertex 80.7378 -66.5051 9
      vertex 79.9625 -64.1192 5
      vertex 79.9625 -64.1192 9
    endloop
  endfacet
  facet normal 0.951048 0.309044 0
    outer loop
      vertex 79.9625 -64.1192 5
      vertex 80.7378 -66.5051 9
      vertex 80.7378 -66.5051 5
    endloop
  endfacet
  facet normal 0.994529 0.104461 -0
    outer loop
      vertex 80.8423 -67.5 6
      vertex 80.7378 -66.5051 9
      vertex 80.8423 -67.5 9
    endloop
  endfacet
  facet normal 0.994529 0.104461 0
    outer loop
      vertex 80.7378 -66.5051 9
      vertex 80.8423 -67.5 6
      vertex 80.7378 -66.5051 5
    endloop
  endfacet
  facet normal 0.994519 0.104557 -0
    outer loop
      vertex 81 -69 5
      vertex 80.8423 -67.5 6
      vertex 81 -69 6
    endloop
  endfacet
  facet normal 0.994523 0.104519 5.80912e-05
    outer loop
      vertex 80.8423 -67.5 6
      vertex 81 -69 5
      vertex 80.7378 -66.5051 5
    endloop
  endfacet
  facet normal 0.866034 0.499985 0
    outer loop
      vertex 79.9625 -64.1192 9
      vertex 78.7082 -61.9466 5
      vertex 78.7082 -61.9466 9
    endloop
  endfacet
  facet normal 0.866034 0.499985 0
    outer loop
      vertex 78.7082 -61.9466 5
      vertex 79.9625 -64.1192 9
      vertex 79.9625 -64.1192 5
    endloop
  endfacet
  facet normal 0.951048 -0.309044 0
    outer loop
      vertex 79.9625 -73.8808 9
      vertex 80.7378 -71.4949 5
      vertex 80.7378 -71.4949 9
    endloop
  endfacet
  facet normal 0.951048 -0.309044 0
    outer loop
      vertex 80.7378 -71.4949 5
      vertex 79.9625 -73.8808 9
      vertex 79.9625 -73.8808 5
    endloop
  endfacet
  facet normal 0 0 -1
    outer loop
      vertex 64.9216 -75.1823 5
      vertex 65.6852 -62.3769 5
      vertex 65.6852 -75.6232 5
    endloop
  endfacet
  facet normal 0 0 -1
    outer loop
      vertex 64.9216 -75.1823 5
      vertex 64.9216 -62.8177 5
      vertex 65.6852 -62.3769 5
    endloop
  endfacet
  facet normal 0 0 -1
    outer loop
      vertex 58.0375 -73.8808 5
      vertex 64.9216 -75.1823 5
      vertex 64.2664 -75.7723 5
    endloop
  endfacet
  facet normal 0 0 -1
    outer loop
      vertex 64.9216 -75.1823 5
      vertex 57 -69 5
      vertex 64.9216 -62.8177 5
    endloop
  endfacet
  facet normal 0 0 -1
    outer loop
      vertex 65.5018 -61.5144 5
      vertex 70.2543 -57.0657 5
      vertex 65.6852 -62.3769 5
    endloop
  endfacet
  facet normal -0 0 -1
    outer loop
      vertex 70.2543 -57.0657 5
      vertex 65.5018 -61.5144 5
      vertex 67.7457 -57.0657 5
    endloop
  endfacet
  facet normal 0 0 -1
    outer loop
      vertex 65.5018 -61.5144 5
      vertex 65.2918 -57.5873 5
      vertex 67.7457 -57.0657 5
    endloop
  endfacet
  facet normal 0 0 -1
    outer loop
      vertex 64.625 -61.4223 5
      vertex 65.2918 -57.5873 5
      vertex 65.5018 -61.5144 5
    endloop
  endfacet
  facet normal 0 0 -1
    outer loop
      vertex 60.9704 -60.0823 5
      vertex 64.625 -61.4223 5
      vertex 64.2664 -62.2277 5
    endloop
  endfacet
  facet normal 0 0 -1
    outer loop
      vertex 64.625 -61.4223 5
      vertex 63 -58.6077 5
      vertex 65.2918 -57.5873 5
    endloop
  endfacet
  facet normal 0 0 -1
    outer loop
      vertex 59.2918 -76.0534 5
      vertex 64.2664 -75.7723 5
      vertex 60.9704 -77.9177 5
    endloop
  endfacet
  facet normal 0 0 -1
    outer loop
      vertex 58.0375 -73.8808 5
      vertex 64.2664 -75.7723 5
      vertex 59.2918 -76.0534 5
    endloop
  endfacet
  facet normal 0 0 -1
    outer loop
      vertex 64.625 -61.4223 5
      vertex 60.9704 -60.0823 5
      vertex 63 -58.6077 5
    endloop
  endfacet
  facet normal 0 0 -1
    outer loop
      vertex 64.9216 -75.1823 5
      vertex 58.0375 -73.8808 5
      vertex 57.2622 -71.4949 5
    endloop
  endfacet
  facet normal 0 0 -1
    outer loop
      vertex 64.2664 -62.2277 5
      vertex 59.2918 -61.9466 5
      vertex 60.9704 -60.0823 5
    endloop
  endfacet
  facet normal 0 0 -1
    outer loop
      vertex 64.9216 -75.1823 5
      vertex 57.2622 -71.4949 5
      vertex 57 -69 5
    endloop
  endfacet
  facet normal -0 0 -1
    outer loop
      vertex 64.2664 -62.2277 5
      vertex 58.0375 -64.1192 5
      vertex 59.2918 -61.9466 5
    endloop
  endfacet
  facet normal 0 -0 -1
    outer loop
      vertex 57.2622 -66.5051 5
      vertex 64.9216 -62.8177 5
      vertex 57 -69 5
    endloop
  endfacet
  facet normal -0 0 -1
    outer loop
      vertex 64.9216 -62.8177 5
      vertex 58.0375 -64.1192 5
      vertex 64.2664 -62.2277 5
    endloop
  endfacet
  facet normal 0 -0 -1
    outer loop
      vertex 58.0375 -64.1192 5
      vertex 64.9216 -62.8177 5
      vertex 57.2622 -66.5051 5
    endloop
  endfacet
  facet normal 0 0 -1
    outer loop
      vertex 77.75 -69 5
      vertex 81 -69 5
      vertex 80.7378 -71.4949 5
    endloop
  endfacet
  facet normal 0 0 -1
    outer loop
      vertex 77.2318 -69.7133 5
      vertex 80.7378 -71.4949 5
      vertex 79.9625 -73.8808 5
    endloop
  endfacet
  facet normal 0 0 -1
    outer loop
      vertex 81 -69 5
      vertex 77.75 -69 5
      vertex 80.7378 -66.5051 5
    endloop
  endfacet
  facet normal 0 0 -1
    outer loop
      vertex 77.2318 -69.7133 5
      vertex 79.9625 -73.8808 5
      vertex 78.7082 -76.0534 5
    endloop
  endfacet
  facet normal 0 0 -1
    outer loop
      vertex 77.2318 -68.2867 5
      vertex 80.7378 -66.5051 5
      vertex 77.75 -69 5
    endloop
  endfacet
  facet normal -0 0 -1
    outer loop
      vertex 80.7378 -66.5051 5
      vertex 77.2318 -68.2867 5
      vertex 79.9625 -64.1192 5
    endloop
  endfacet
  facet normal 0 0 -1
    outer loop
      vertex 80.7378 -71.4949 5
      vertex 77.2318 -69.7133 5
      vertex 77.75 -69 5
    endloop
  endfacet
  facet normal 0 0 -1
    outer loop
      vertex 76.3932 -69.4408 5
      vertex 78.7082 -76.0534 5
      vertex 77.0296 -77.9177 5
    endloop
  endfacet
  facet normal 0 0 -1
    outer loop
      vertex 78.7082 -76.0534 5
      vertex 76.3932 -69.4408 5
      vertex 77.2318 -69.7133 5
    endloop
  endfacet
  facet normal 0 0 -1
    outer loop
      vertex 65.6852 -75.6232 5
      vertex 76.3932 -69.4408 5
      vertex 75 -79.3923 5
    endloop
  endfacet
  facet normal 0 0 -1
    outer loop
      vertex 75 -79.3923 5
      vertex 76.3932 -69.4408 5
      vertex 77.0296 -77.9177 5
    endloop
  endfacet
  facet normal -0 0 -1
    outer loop
      vertex 79.9625 -64.1192 5
      vertex 77.2318 -68.2867 5
      vertex 78.7082 -61.9466 5
    endloop
  endfacet
  facet normal 0 0 -1
    outer loop
      vertex 76.3932 -68.5592 5
      vertex 78.7082 -61.9466 5
      vertex 77.2318 -68.2867 5
    endloop
  endfacet
  facet normal -0 0 -1
    outer loop
      vertex 78.7082 -61.9466 5
      vertex 76.3932 -68.5592 5
      vertex 77.0296 -60.0823 5
    endloop
  endfacet
  facet normal -0 0 -1
    outer loop
      vertex 76.3932 -69.4408 5
      vertex 65.6852 -75.6232 5
      vertex 76.3932 -68.5592 5
    endloop
  endfacet
  facet normal 0 0 -1
    outer loop
      vertex 65.6852 -62.3769 5
      vertex 76.3932 -68.5592 5
      vertex 65.6852 -75.6232 5
    endloop
  endfacet
  facet normal 0 0 -1
    outer loop
      vertex 65.6852 -75.6232 5
      vertex 75 -79.3923 5
      vertex 72.7082 -80.4127 5
    endloop
  endfacet
  facet normal 0 0 -1
    outer loop
      vertex 76.3932 -68.5592 5
      vertex 75 -58.6077 5
      vertex 77.0296 -60.0823 5
    endloop
  endfacet
  facet normal 0 0 -1
    outer loop
      vertex 65.6852 -75.6232 5
      vertex 72.7082 -80.4127 5
      vertex 70.2543 -80.9343 5
    endloop
  endfacet
  facet normal 0 0 -1
    outer loop
      vertex 65.6852 -62.3769 5
      vertex 75 -58.6077 5
      vertex 76.3932 -68.5592 5
    endloop
  endfacet
  facet normal 0 0 -1
    outer loop
      vertex 65.5018 -76.4856 5
      vertex 70.2543 -80.9343 5
      vertex 67.7457 -80.9343 5
    endloop
  endfacet
  facet normal -0 0 -1
    outer loop
      vertex 75 -58.6077 5
      vertex 65.6852 -62.3769 5
      vertex 72.7082 -57.5873 5
    endloop
  endfacet
  facet normal -0 0 -1
    outer loop
      vertex 72.7082 -57.5873 5
      vertex 65.6852 -62.3769 5
      vertex 70.2543 -57.0657 5
    endloop
  endfacet
  facet normal 0 0 -1
    outer loop
      vertex 70.2543 -80.9343 5
      vertex 65.5018 -76.4856 5
      vertex 65.6852 -75.6232 5
    endloop
  endfacet
  facet normal 0 0 -1
    outer loop
      vertex 65.2918 -80.4127 5
      vertex 65.5018 -76.4856 5
      vertex 67.7457 -80.9343 5
    endloop
  endfacet
  facet normal 0 0 -1
    outer loop
      vertex 65.2918 -80.4127 5
      vertex 64.625 -76.5777 5
      vertex 65.5018 -76.4856 5
    endloop
  endfacet
  facet normal 0 0 -1
    outer loop
      vertex 63 -79.3923 5
      vertex 64.625 -76.5777 5
      vertex 65.2918 -80.4127 5
    endloop
  endfacet
  facet normal -0 0 -1
    outer loop
      vertex 64.625 -76.5777 5
      vertex 60.9704 -77.9177 5
      vertex 64.2664 -75.7723 5
    endloop
  endfacet
  facet normal 0 0 -1
    outer loop
      vertex 60.9704 -77.9177 5
      vertex 64.625 -76.5777 5
      vertex 63 -79.3923 5
    endloop
  endfacet
  facet normal 0.208197 -0.978087 0
    outer loop
      vertex 70.2543 -80.9343 6
      vertex 70.2543 -80.9343 5
      vertex 70.5 -80.882 6
    endloop
  endfacet
  facet normal 0.207883 -0.978154 0
    outer loop
      vertex 70.5 -80.882 6
      vertex 72.7082 -80.4127 9
      vertex 70.5 -80.882 9
    endloop
  endfacet
  facet normal 0.207915 -0.978147 7.24871e-05
    outer loop
      vertex 72.7082 -80.4127 5
      vertex 70.5 -80.882 6
      vertex 70.2543 -80.9343 5
    endloop
  endfacet
  facet normal 0.207883 -0.978154 0
    outer loop
      vertex 70.5 -80.882 6
      vertex 72.7082 -80.4127 5
      vertex 72.7082 -80.4127 9
    endloop
  endfacet
  facet normal 0.743202 0.669067 0
    outer loop
      vertex 78.4555 -61.6659 9
      vertex 78.7082 -61.9466 9
      vertex 78.4555 -61.6659 6
    endloop
  endfacet
  facet normal 0.74314 0.669136 0
    outer loop
      vertex 78.4555 -61.6659 6
      vertex 77.0296 -60.0823 5
      vertex 77.0296 -60.0823 6
    endloop
  endfacet
  facet normal 0.743149 0.669125 -2.96614e-05
    outer loop
      vertex 78.4555 -61.6659 6
      vertex 78.7082 -61.9466 5
      vertex 77.0296 -60.0823 5
    endloop
  endfacet
  facet normal 0.743202 0.669067 -0
    outer loop
      vertex 78.7082 -61.9466 5
      vertex 78.4555 -61.6659 6
      vertex 78.7082 -61.9466 9
    endloop
  endfacet
  facet normal 0.743202 -0.669067 0
    outer loop
      vertex 78.4555 -76.3341 6
      vertex 78.7082 -76.0534 9
      vertex 78.4555 -76.3341 9
    endloop
  endfacet
  facet normal 0.743202 -0.669067 0
    outer loop
      vertex 78.7082 -76.0534 9
      vertex 78.4555 -76.3341 6
      vertex 78.7082 -76.0534 5
    endloop
  endfacet
  facet normal 0.74314 -0.669136 0
    outer loop
      vertex 77.0296 -77.9177 5
      vertex 78.4555 -76.3341 6
      vertex 77.0296 -77.9177 6
    endloop
  endfacet
  facet normal 0.743149 -0.669125 -2.96614e-05
    outer loop
      vertex 78.4555 -76.3341 6
      vertex 77.0296 -77.9177 5
      vertex 78.7082 -76.0534 5
    endloop
  endfacet
  facet normal -0.951048 -0.309044 0
    outer loop
      vertex 58.0375 -73.8808 5
      vertex 57.2622 -71.4949 9
      vertex 57.2622 -71.4949 5
    endloop
  endfacet
  facet normal -0.951048 -0.309044 0
    outer loop
      vertex 57.2622 -71.4949 9
      vertex 58.0375 -73.8808 5
      vertex 58.0375 -73.8808 9
    endloop
  endfacet
  facet normal 0.866034 -0.499985 0
    outer loop
      vertex 78.7082 -76.0534 9
      vertex 79.9625 -73.8808 5
      vertex 79.9625 -73.8808 9
    endloop
  endfacet
  facet normal 0.866034 -0.499985 0
    outer loop
      vertex 79.9625 -73.8808 5
      vertex 78.7082 -76.0534 9
      vertex 78.7082 -76.0534 5
    endloop
  endfacet
  facet normal -0.406745 0.913542 0
    outer loop
      vertex 65.2918 -57.5873 5
      vertex 63 -58.6077 9
      vertex 65.2918 -57.5873 9
    endloop
  endfacet
  facet normal -0.406745 0.913542 0
    outer loop
      vertex 63 -58.6077 9
      vertex 65.2918 -57.5873 5
      vertex 63 -58.6077 5
    endloop
  endfacet
  facet normal -0.587777 0.809023 0
    outer loop
      vertex 63 -58.6077 9
      vertex 61.6847 -59.5633 6
      vertex 61.6847 -59.5633 9
    endloop
  endfacet
  facet normal -0.587777 0.809023 0
    outer loop
      vertex 63 -58.6077 5
      vertex 61.6847 -59.5633 6
      vertex 63 -58.6077 9
    endloop
  endfacet
  facet normal -0.587788 0.809015 -2.21706e-05
    outer loop
      vertex 60.9704 -60.0823 5
      vertex 61.6847 -59.5633 6
      vertex 63 -58.6077 5
    endloop
  endfacet
  facet normal -0.587808 0.809 0
    outer loop
      vertex 61.6847 -59.5633 6
      vertex 60.9704 -60.0823 5
      vertex 60.9704 -60.0823 6
    endloop
  endfacet
  facet normal -0.74314 0.669136 0
    outer loop
      vertex 60.9704 -60.0823 5
      vertex 59.5445 -61.6659 6
      vertex 60.9704 -60.0823 6
    endloop
  endfacet
  facet normal -0.743149 0.669125 -2.96614e-05
    outer loop
      vertex 59.2918 -61.9466 5
      vertex 59.5445 -61.6659 6
      vertex 60.9704 -60.0823 5
    endloop
  endfacet
  facet normal -0.743202 0.669067 0
    outer loop
      vertex 59.2918 -61.9466 9
      vertex 59.5445 -61.6659 6
      vertex 59.2918 -61.9466 5
    endloop
  endfacet
  facet normal -0.743202 0.669067 0
    outer loop
      vertex 59.5445 -61.6659 6
      vertex 59.2918 -61.9466 9
      vertex 59.5445 -61.6659 9
    endloop
  endfacet
  facet normal -0.866034 0.499985 0
    outer loop
      vertex 58.0375 -64.1192 5
      vertex 59.2918 -61.9466 9
      vertex 59.2918 -61.9466 5
    endloop
  endfacet
  facet normal -0.866034 0.499985 0
    outer loop
      vertex 59.2918 -61.9466 9
      vertex 58.0375 -64.1192 5
      vertex 58.0375 -64.1192 9
    endloop
  endfacet
  facet normal 0.587777 -0.809023 0
    outer loop
      vertex 75 -79.3923 9
      vertex 76.3153 -78.4367 6
      vertex 76.3153 -78.4367 9
    endloop
  endfacet
  facet normal 0.587777 -0.809023 0
    outer loop
      vertex 75 -79.3923 5
      vertex 76.3153 -78.4367 6
      vertex 75 -79.3923 9
    endloop
  endfacet
  facet normal 0.587788 -0.809015 -2.21706e-05
    outer loop
      vertex 77.0296 -77.9177 5
      vertex 76.3153 -78.4367 6
      vertex 75 -79.3923 5
    endloop
  endfacet
  facet normal 0.587808 -0.809 0
    outer loop
      vertex 76.3153 -78.4367 6
      vertex 77.0296 -77.9177 5
      vertex 77.0296 -77.9177 6
    endloop
  endfacet
  facet normal 0.207883 0.978154 0
    outer loop
      vertex 72.7082 -57.5873 9
      vertex 70.5 -57.118 6
      vertex 70.5 -57.118 9
    endloop
  endfacet
  facet normal 0.207883 0.978154 -0
    outer loop
      vertex 72.7082 -57.5873 5
      vertex 70.5 -57.118 6
      vertex 72.7082 -57.5873 9
    endloop
  endfacet
  facet normal 0.207915 0.978147 7.24871e-05
    outer loop
      vertex 70.2543 -57.0657 5
      vertex 70.5 -57.118 6
      vertex 72.7082 -57.5873 5
    endloop
  endfacet
  facet normal 0.208197 0.978087 0
    outer loop
      vertex 70.5 -57.118 6
      vertex 70.2543 -57.0657 5
      vertex 70.2543 -57.0657 6
    endloop
  endfacet
  facet normal -0.994519 -0.104557 0
    outer loop
      vertex 57 -69 5
      vertex 57.1577 -70.5 6
      vertex 57 -69 6
    endloop
  endfacet
  facet normal -0.994523 -0.104519 5.80912e-05
    outer loop
      vertex 57.2622 -71.4949 5
      vertex 57.1577 -70.5 6
      vertex 57 -69 5
    endloop
  endfacet
  facet normal -0.994529 -0.104461 -0
    outer loop
      vertex 57.2622 -71.4949 9
      vertex 57.1577 -70.5 6
      vertex 57.2622 -71.4949 5
    endloop
  endfacet
  facet normal -0.994529 -0.104461 0
    outer loop
      vertex 57.1577 -70.5 6
      vertex 57.2622 -71.4949 9
      vertex 57.1577 -70.5 9
    endloop
  endfacet
  facet normal 0.994529 -0.104461 0
    outer loop
      vertex 80.8423 -70.5 9
      vertex 80.7378 -71.4949 9
      vertex 80.8423 -70.5 6
    endloop
  endfacet
  facet normal 0.994519 -0.104557 0
    outer loop
      vertex 80.8423 -70.5 6
      vertex 81 -69 5
      vertex 81 -69 6
    endloop
  endfacet
  facet normal 0.994523 -0.104519 5.80912e-05
    outer loop
      vertex 80.8423 -70.5 6
      vertex 80.7378 -71.4949 5
      vertex 81 -69 5
    endloop
  endfacet
  facet normal 0.994529 -0.104461 0
    outer loop
      vertex 80.7378 -71.4949 5
      vertex 80.8423 -70.5 6
      vertex 80.7378 -71.4949 9
    endloop
  endfacet
  facet normal -0.866034 -0.499985 0
    outer loop
      vertex 59.2918 -76.0534 5
      vertex 58.0375 -73.8808 9
      vertex 58.0375 -73.8808 5
    endloop
  endfacet
  facet normal -0.866034 -0.499985 0
    outer loop
      vertex 58.0375 -73.8808 9
      vertex 59.2918 -76.0534 5
      vertex 59.2918 -76.0534 9
    endloop
  endfacet
  facet normal -0 0 1
    outer loop
      vertex 80.1885 -70.5 9
      vertex 80.7378 -71.4949 9
      vertex 80.8423 -70.5 9
    endloop
  endfacet
  facet normal -0 0 1
    outer loop
      vertex 80.0982 -71.359 9
      vertex 80.7378 -71.4949 9
      vertex 80.1885 -70.5 9
    endloop
  endfacet
  facet normal 0 0 1
    outer loop
      vertex 79.5839 -72.9419 9
      vertex 80.7378 -71.4949 9
      vertex 80.0982 -71.359 9
    endloop
  endfacet
  facet normal 0 0 1
    outer loop
      vertex 80.7378 -71.4949 9
      vertex 79.5839 -72.9419 9
      vertex 79.9625 -73.8808 9
    endloop
  endfacet
  facet normal -0 0 1
    outer loop
      vertex 79.3652 -73.6149 9
      vertex 79.9625 -73.8808 9
      vertex 79.5839 -72.9419 9
    endloop
  endfacet
  facet normal 0 0 1
    outer loop
      vertex 78.533 -75.0563 9
      vertex 79.9625 -73.8808 9
      vertex 79.3652 -73.6149 9
    endloop
  endfacet
  facet normal 0 0 1
    outer loop
      vertex 79.9625 -73.8808 9
      vertex 78.533 -75.0563 9
      vertex 78.7082 -76.0534 9
    endloop
  endfacet
  facet normal -0 0 1
    outer loop
      vertex 78.1792 -75.6691 9
      vertex 78.7082 -76.0534 9
      vertex 78.533 -75.0563 9
    endloop
  endfacet
  facet normal 0 0 1
    outer loop
      vertex 78.7082 -76.0534 9
      vertex 78.1792 -75.6691 9
      vertex 78.4555 -76.3341 9
    endloop
  endfacet
  facet normal 0 0 1
    outer loop
      vertex 78.4555 -76.3341 9
      vertex 78.1792 -75.6691 9
      vertex 77.995 -75.8737 9
    endloop
  endfacet
  facet normal 0 0 1
    outer loop
      vertex 67.5 -57.118 9
      vertex 67.1219 -57.8631 9
      vertex 67.5 -57.7827 9
    endloop
  endfacet
  facet normal -0 0 1
    outer loop
      vertex 65.2918 -57.5873 9
      vertex 67.1219 -57.8631 9
      vertex 67.5 -57.118 9
    endloop
  endfacet
  facet normal 0 0 1
    outer loop
      vertex 67.1219 -57.8631 9
      vertex 65.2918 -57.5873 9
      vertex 65.4938 -58.2092 9
    endloop
  endfacet
  facet normal 0 0 1
    outer loop
      vertex 65.2918 -57.5873 9
      vertex 63.9733 -58.8861 9
      vertex 65.4938 -58.2092 9
    endloop
  endfacet
  facet normal -0 0 1
    outer loop
      vertex 63 -58.6077 9
      vertex 63.9733 -58.8861 9
      vertex 65.2918 -57.5873 9
    endloop
  endfacet
  facet normal 0 0 1
    outer loop
      vertex 63.9733 -58.8861 9
      vertex 63 -58.6077 9
      vertex 63.3269 -59.1739 9
    endloop
  endfacet
  facet normal 0 0 1
    outer loop
      vertex 63 -58.6077 9
      vertex 62.7545 -59.5898 9
      vertex 63.3269 -59.1739 9
    endloop
  endfacet
  facet normal -0 0 1
    outer loop
      vertex 61.6847 -59.5633 9
      vertex 62.7545 -59.5898 9
      vertex 63 -58.6077 9
    endloop
  endfacet
  facet normal 0 0 1
    outer loop
      vertex 62.7545 -59.5898 9
      vertex 61.6847 -59.5633 9
      vertex 62.1502 -60.0289 9
    endloop
  endfacet
  facet normal 0 0 1
    outer loop
      vertex 80.7378 -66.5051 9
      vertex 80.1885 -67.5 9
      vertex 80.8423 -67.5 9
    endloop
  endfacet
  facet normal 0 0 1
    outer loop
      vertex 80.7378 -66.5051 9
      vertex 80.0982 -66.641 9
      vertex 80.1885 -67.5 9
    endloop
  endfacet
  facet normal -0 0 1
    outer loop
      vertex 79.5839 -65.0581 9
      vertex 80.7378 -66.5051 9
      vertex 79.9625 -64.1192 9
    endloop
  endfacet
  facet normal 0 0 1
    outer loop
      vertex 80.7378 -66.5051 9
      vertex 79.5839 -65.0581 9
      vertex 80.0982 -66.641 9
    endloop
  endfacet
  facet normal 0 0 1
    outer loop
      vertex 79.9625 -64.1192 9
      vertex 79.3652 -64.3851 9
      vertex 79.5839 -65.0581 9
    endloop
  endfacet
  facet normal -0 0 1
    outer loop
      vertex 78.533 -62.9437 9
      vertex 79.9625 -64.1192 9
      vertex 78.7082 -61.9466 9
    endloop
  endfacet
  facet normal 0 0 1
    outer loop
      vertex 79.9625 -64.1192 9
      vertex 78.533 -62.9437 9
      vertex 79.3652 -64.3851 9
    endloop
  endfacet
  facet normal 0 0 1
    outer loop
      vertex 78.1792 -62.3309 9
      vertex 78.7082 -61.9466 9
      vertex 78.4555 -61.6659 9
    endloop
  endfacet
  facet normal 0 0 1
    outer loop
      vertex 78.7082 -61.9466 9
      vertex 78.1792 -62.3309 9
      vertex 78.533 -62.9437 9
    endloop
  endfacet
  facet normal 0 -0 1
    outer loop
      vertex 78.1792 -62.3309 9
      vertex 78.4555 -61.6659 9
      vertex 77.995 -62.1263 9
    endloop
  endfacet
  facet normal 0 0 1
    outer loop
      vertex 59.8208 -75.6691 9
      vertex 59.5445 -76.3341 9
      vertex 60.005 -75.8737 9
    endloop
  endfacet
  facet normal 0 0 1
    outer loop
      vertex 59.2918 -76.0534 9
      vertex 59.8208 -75.6691 9
      vertex 59.467 -75.0563 9
    endloop
  endfacet
  facet normal 0 0 1
    outer loop
      vertex 59.8208 -75.6691 9
      vertex 59.2918 -76.0534 9
      vertex 59.5445 -76.3341 9
    endloop
  endfacet
  facet normal -0 0 1
    outer loop
      vertex 58.0375 -73.8808 9
      vertex 59.467 -75.0563 9
      vertex 58.6348 -73.6149 9
    endloop
  endfacet
  facet normal 0 0 1
    outer loop
      vertex 58.0375 -73.8808 9
      vertex 58.6348 -73.6149 9
      vertex 58.4161 -72.9419 9
    endloop
  endfacet
  facet normal 0 0 1
    outer loop
      vertex 59.467 -75.0563 9
      vertex 58.0375 -73.8808 9
      vertex 59.2918 -76.0534 9
    endloop
  endfacet
  facet normal -0 0 1
    outer loop
      vertex 57.2622 -71.4949 9
      vertex 58.4161 -72.9419 9
      vertex 57.9018 -71.359 9
    endloop
  endfacet
  facet normal 0 0 1
    outer loop
      vertex 57.2622 -71.4949 9
      vertex 57.9018 -71.359 9
      vertex 57.8115 -70.5 9
    endloop
  endfacet
  facet normal 0 0 1
    outer loop
      vertex 58.4161 -72.9419 9
      vertex 57.2622 -71.4949 9
      vertex 58.0375 -73.8808 9
    endloop
  endfacet
  facet normal 0 -0 1
    outer loop
      vertex 57.2622 -71.4949 9
      vertex 57.8115 -70.5 9
      vertex 57.1577 -70.5 9
    endloop
  endfacet
  facet normal 0 0 1
    outer loop
      vertex 59.5445 -61.6659 9
      vertex 59.8208 -62.3309 9
      vertex 60.005 -62.1263 9
    endloop
  endfacet
  facet normal -0 0 1
    outer loop
      vertex 59.2918 -61.9466 9
      vertex 59.8208 -62.3309 9
      vertex 59.5445 -61.6659 9
    endloop
  endfacet
  facet normal 0 0 1
    outer loop
      vertex 59.8208 -62.3309 9
      vertex 59.2918 -61.9466 9
      vertex 59.467 -62.9437 9
    endloop
  endfacet
  facet normal 0 0 1
    outer loop
      vertex 58.0375 -64.1192 9
      vertex 59.467 -62.9437 9
      vertex 59.2918 -61.9466 9
    endloop
  endfacet
  facet normal 0 0 1
    outer loop
      vertex 59.467 -62.9437 9
      vertex 58.0375 -64.1192 9
      vertex 58.6348 -64.3851 9
    endloop
  endfacet
  facet normal 0 0 1
    outer loop
      vertex 58.6348 -64.3851 9
      vertex 58.0375 -64.1192 9
      vertex 58.4161 -65.0581 9
    endloop
  endfacet
  facet normal 0 0 1
    outer loop
      vertex 57.2622 -66.5051 9
      vertex 58.4161 -65.0581 9
      vertex 58.0375 -64.1192 9
    endloop
  endfacet
  facet normal 0 0 1
    outer loop
      vertex 58.4161 -65.0581 9
      vertex 57.2622 -66.5051 9
      vertex 57.9018 -66.641 9
    endloop
  endfacet
  facet normal 0 0 1
    outer loop
      vertex 57.9018 -66.641 9
      vertex 57.2622 -66.5051 9
      vertex 57.8115 -67.5 9
    endloop
  endfacet
  facet normal 0 0 1
    outer loop
      vertex 57.8115 -67.5 9
      vertex 57.2622 -66.5051 9
      vertex 57.1577 -67.5 9
    endloop
  endfacet
  facet normal -0 0 1
    outer loop
      vertex 75.2455 -78.4102 9
      vertex 76.3153 -78.4367 9
      vertex 75.8498 -77.9711 9
    endloop
  endfacet
  facet normal 0 0 1
    outer loop
      vertex 75.2455 -78.4102 9
      vertex 75 -79.3923 9
      vertex 76.3153 -78.4367 9
    endloop
  endfacet
  facet normal -0 0 1
    outer loop
      vertex 74.6731 -78.8261 9
      vertex 75 -79.3923 9
      vertex 75.2455 -78.4102 9
    endloop
  endfacet
  facet normal -0 0 1
    outer loop
      vertex 74.0267 -79.1139 9
      vertex 75 -79.3923 9
      vertex 74.6731 -78.8261 9
    endloop
  endfacet
  facet normal 0 0 1
    outer loop
      vertex 74.0267 -79.1139 9
      vertex 72.7082 -80.4127 9
      vertex 75 -79.3923 9
    endloop
  endfacet
  facet normal -0 0 1
    outer loop
      vertex 72.5062 -79.7908 9
      vertex 72.7082 -80.4127 9
      vertex 74.0267 -79.1139 9
    endloop
  endfacet
  facet normal -0 0 1
    outer loop
      vertex 70.8781 -80.1369 9
      vertex 72.7082 -80.4127 9
      vertex 72.5062 -79.7908 9
    endloop
  endfacet
  facet normal 0 0 1
    outer loop
      vertex 70.5 -80.882 9
      vertex 70.8781 -80.1369 9
      vertex 70.5 -80.2173 9
    endloop
  endfacet
  facet normal 0 0 1
    outer loop
      vertex 70.8781 -80.1369 9
      vertex 70.5 -80.882 9
      vertex 72.7082 -80.4127 9
    endloop
  endfacet
  facet normal 0 0 1
    outer loop
      vertex 67.1219 -80.1369 9
      vertex 67.5 -80.882 9
      vertex 67.5 -80.2173 9
    endloop
  endfacet
  facet normal 0 0 1
    outer loop
      vertex 65.2918 -80.4127 9
      vertex 67.1219 -80.1369 9
      vertex 65.4938 -79.7908 9
    endloop
  endfacet
  facet normal 0 0 1
    outer loop
      vertex 67.1219 -80.1369 9
      vertex 65.2918 -80.4127 9
      vertex 67.5 -80.882 9
    endloop
  endfacet
  facet normal 0 0 1
    outer loop
      vertex 63.9733 -79.1139 9
      vertex 65.2918 -80.4127 9
      vertex 65.4938 -79.7908 9
    endloop
  endfacet
  facet normal 0 0 1
    outer loop
      vertex 63 -79.3923 9
      vertex 63.9733 -79.1139 9
      vertex 63.3269 -78.8261 9
    endloop
  endfacet
  facet normal 0 0 1
    outer loop
      vertex 63.9733 -79.1139 9
      vertex 63 -79.3923 9
      vertex 65.2918 -80.4127 9
    endloop
  endfacet
  facet normal 0 0 1
    outer loop
      vertex 62.7545 -78.4102 9
      vertex 63 -79.3923 9
      vertex 63.3269 -78.8261 9
    endloop
  endfacet
  facet normal 0 0 1
    outer loop
      vertex 61.6847 -78.4367 9
      vertex 62.7545 -78.4102 9
      vertex 62.1502 -77.9711 9
    endloop
  endfacet
  facet normal 0 0 1
    outer loop
      vertex 62.7545 -78.4102 9
      vertex 61.6847 -78.4367 9
      vertex 63 -79.3923 9
    endloop
  endfacet
  facet normal 0 0 1
    outer loop
      vertex 76.3153 -59.5633 9
      vertex 75.2455 -59.5898 9
      vertex 75.8498 -60.0289 9
    endloop
  endfacet
  facet normal 0 0 1
    outer loop
      vertex 75 -58.6077 9
      vertex 75.2455 -59.5898 9
      vertex 76.3153 -59.5633 9
    endloop
  endfacet
  facet normal 0 0 1
    outer loop
      vertex 75 -58.6077 9
      vertex 74.6731 -59.1739 9
      vertex 75.2455 -59.5898 9
    endloop
  endfacet
  facet normal 0 0 1
    outer loop
      vertex 75 -58.6077 9
      vertex 74.0267 -58.8861 9
      vertex 74.6731 -59.1739 9
    endloop
  endfacet
  facet normal 0 0 1
    outer loop
      vertex 72.7082 -57.5873 9
      vertex 74.0267 -58.8861 9
      vertex 75 -58.6077 9
    endloop
  endfacet
  facet normal 0 0 1
    outer loop
      vertex 72.7082 -57.5873 9
      vertex 72.5062 -58.2092 9
      vertex 74.0267 -58.8861 9
    endloop
  endfacet
  facet normal 0 0 1
    outer loop
      vertex 72.7082 -57.5873 9
      vertex 70.8781 -57.8631 9
      vertex 72.5062 -58.2092 9
    endloop
  endfacet
  facet normal 0 0 1
    outer loop
      vertex 70.5 -57.118 9
      vertex 70.8781 -57.8631 9
      vertex 72.7082 -57.5873 9
    endloop
  endfacet
  facet normal 0 0 1
    outer loop
      vertex 70.8781 -57.8631 9
      vertex 70.5 -57.118 9
      vertex 70.5 -57.7827 9
    endloop
  endfacet
  facet normal -0.587808 -0.809 -0
    outer loop
      vertex 60.9704 -77.9177 6
      vertex 60.9704 -77.9177 5
      vertex 61.6847 -78.4367 6
    endloop
  endfacet
  facet normal -0.587777 -0.809023 0
    outer loop
      vertex 61.6847 -78.4367 6
      vertex 63 -79.3923 9
      vertex 61.6847 -78.4367 9
    endloop
  endfacet
  facet normal -0.587777 -0.809023 0
    outer loop
      vertex 61.6847 -78.4367 6
      vertex 63 -79.3923 5
      vertex 63 -79.3923 9
    endloop
  endfacet
  facet normal -0.587788 -0.809015 -2.21706e-05
    outer loop
      vertex 63 -79.3923 5
      vertex 61.6847 -78.4367 6
      vertex 60.9704 -77.9177 5
    endloop
  endfacet
  facet normal 0 1 -0
    outer loop
      vertex 70.2543 -57.0657 5
      vertex 67.7457 -57.0657 6
      vertex 70.2543 -57.0657 6
    endloop
  endfacet
  facet normal 0 1 0
    outer loop
      vertex 67.7457 -57.0657 6
      vertex 70.2543 -57.0657 5
      vertex 67.7457 -57.0657 5
    endloop
  endfacet
  facet normal -0.951048 0.309044 0
    outer loop
      vertex 57.2622 -66.5051 5
      vertex 58.0375 -64.1192 9
      vertex 58.0375 -64.1192 5
    endloop
  endfacet
  facet normal -0.951048 0.309044 0
    outer loop
      vertex 58.0375 -64.1192 9
      vertex 57.2622 -66.5051 5
      vertex 57.2622 -66.5051 9
    endloop
  endfacet
  facet normal 0.406745 -0.913542 0
    outer loop
      vertex 72.7082 -80.4127 5
      vertex 75 -79.3923 9
      vertex 72.7082 -80.4127 9
    endloop
  endfacet
  facet normal 0.406745 -0.913542 0
    outer loop
      vertex 75 -79.3923 9
      vertex 72.7082 -80.4127 5
      vertex 75 -79.3923 5
    endloop
  endfacet
  facet normal 0.587808 0.809 0
    outer loop
      vertex 77.0296 -60.0823 6
      vertex 77.0296 -60.0823 5
      vertex 76.3153 -59.5633 6
    endloop
  endfacet
  facet normal 0.587777 0.809023 -0
    outer loop
      vertex 76.3153 -59.5633 6
      vertex 75 -58.6077 9
      vertex 76.3153 -59.5633 9
    endloop
  endfacet
  facet normal 0.587777 0.809023 0
    outer loop
      vertex 76.3153 -59.5633 6
      vertex 75 -58.6077 5
      vertex 75 -58.6077 9
    endloop
  endfacet
  facet normal 0.587788 0.809015 -2.21706e-05
    outer loop
      vertex 75 -58.6077 5
      vertex 76.3153 -59.5633 6
      vertex 77.0296 -60.0823 5
    endloop
  endfacet
  facet normal -0.994529 0.104461 0
    outer loop
      vertex 57.2622 -66.5051 5
      vertex 57.1577 -67.5 6
      vertex 57.2622 -66.5051 9
    endloop
  endfacet
  facet normal -0.994523 0.104519 5.80912e-05
    outer loop
      vertex 57 -69 5
      vertex 57.1577 -67.5 6
      vertex 57.2622 -66.5051 5
    endloop
  endfacet
  facet normal -0.994519 0.104557 0
    outer loop
      vertex 57.1577 -67.5 6
      vertex 57 -69 5
      vertex 57 -69 6
    endloop
  endfacet
  facet normal -0.994529 0.104461 0
    outer loop
      vertex 57.2622 -66.5051 9
      vertex 57.1577 -67.5 6
      vertex 57.1577 -67.5 9
    endloop
  endfacet
  facet normal -0.208197 0.978087 0
    outer loop
      vertex 67.7457 -57.0657 6
      vertex 67.7457 -57.0657 5
      vertex 67.5 -57.118 6
    endloop
  endfacet
  facet normal -0.207883 0.978154 0
    outer loop
      vertex 67.5 -57.118 6
      vertex 65.2918 -57.5873 9
      vertex 67.5 -57.118 9
    endloop
  endfacet
  facet normal -0.207915 0.978147 7.24871e-05
    outer loop
      vertex 65.2918 -57.5873 5
      vertex 67.5 -57.118 6
      vertex 67.7457 -57.0657 5
    endloop
  endfacet
  facet normal -0.207883 0.978154 0
    outer loop
      vertex 67.5 -57.118 6
      vertex 65.2918 -57.5873 5
      vertex 65.2918 -57.5873 9
    endloop
  endfacet
  facet normal -0.743202 -0.669067 0
    outer loop
      vertex 59.2918 -76.0534 5
      vertex 59.5445 -76.3341 6
      vertex 59.2918 -76.0534 9
    endloop
  endfacet
  facet normal -0.743149 -0.669125 -2.96614e-05
    outer loop
      vertex 60.9704 -77.9177 5
      vertex 59.5445 -76.3341 6
      vertex 59.2918 -76.0534 5
    endloop
  endfacet
  facet normal -0.74314 -0.669136 0
    outer loop
      vertex 59.5445 -76.3341 6
      vertex 60.9704 -77.9177 5
      vertex 60.9704 -77.9177 6
    endloop
  endfacet
  facet normal -0.743202 -0.669067 0
    outer loop
      vertex 59.2918 -76.0534 9
      vertex 59.5445 -76.3341 6
      vertex 59.5445 -76.3341 9
    endloop
  endfacet
  facet normal 0 -1 0
    outer loop
      vertex 67.7457 -80.9343 5
      vertex 70.2543 -80.9343 6
      vertex 67.7457 -80.9343 6
    endloop
  endfacet
  facet normal 0 -1 -0
    outer loop
      vertex 70.2543 -80.9343 6
      vertex 67.7457 -80.9343 5
      vertex 70.2543 -80.9343 5
    endloop
  endfacet
  facet normal -0.207883 -0.978154 0
    outer loop
      vertex 65.2918 -80.4127 9
      vertex 67.5 -80.882 6
      vertex 67.5 -80.882 9
    endloop
  endfacet
  facet normal -0.207883 -0.978154 0
    outer loop
      vertex 65.2918 -80.4127 5
      vertex 67.5 -80.882 6
      vertex 65.2918 -80.4127 9
    endloop
  endfacet
  facet normal -0.207915 -0.978147 7.24871e-05
    outer loop
      vertex 67.7457 -80.9343 5
      vertex 67.5 -80.882 6
      vertex 65.2918 -80.4127 5
    endloop
  endfacet
  facet normal -0.208197 -0.978087 0
    outer loop
      vertex 67.5 -80.882 6
      vertex 67.7457 -80.9343 5
      vertex 67.7457 -80.9343 6
    endloop
  endfacet
  facet normal -0.406745 -0.913542 0
    outer loop
      vertex 63 -79.3923 5
      vertex 65.2918 -80.4127 9
      vertex 63 -79.3923 9
    endloop
  endfacet
  facet normal -0.406745 -0.913542 -0
    outer loop
      vertex 65.2918 -80.4127 9
      vertex 63 -79.3923 5
      vertex 65.2918 -80.4127 5
    endloop
  endfacet
  facet normal 0.865391 -0.499637 0.0382204
    outer loop
      vertex 77.8992 -75.4656 18
      vertex 78.533 -75.0563 9
      vertex 79.049 -73.4741 18
    endloop
  endfacet
  facet normal 0.865393 -0.499634 0.0382206
    outer loop
      vertex 78.533 -75.0563 9
      vertex 77.8992 -75.4656 18
      vertex 78.1792 -75.6691 9
    endloop
  endfacet
  facet normal 0.865391 -0.499638 0.0382206
    outer loop
      vertex 79.049 -73.4741 18
      vertex 78.533 -75.0563 9
      vertex 79.3652 -73.6149 9
    endloop
  endfacet
  facet normal -0.865391 -0.499638 0.0382206
    outer loop
      vertex 58.951 -73.4741 18
      vertex 58.6348 -73.6149 9
      vertex 59.467 -75.0563 9
    endloop
  endfacet
  facet normal 0.993793 0.104463 0.038248
    outer loop
      vertex 80 -69 18
      vertex 79.9193 -67.5 16
      vertex 79.7596 -66.713 18
    endloop
  endfacet
  facet normal 0.993799 0.104415 0.0382116
    outer loop
      vertex 79.9193 -67.5 16
      vertex 80 -69 18
      vertex 80.0769 -69 16
    endloop
  endfacet
  facet normal 0.993783 0.10457 0.0382054
    outer loop
      vertex 79.7596 -66.713 18
      vertex 79.9193 -67.5 16
      vertex 80.0144 -67.5 13.5263
    endloop
  endfacet
  facet normal 0.993794 0.104465 0.0382244
    outer loop
      vertex 80.0144 -67.5 13.5263
      vertex 80.0982 -66.641 9
      vertex 79.7596 -66.713 18
    endloop
  endfacet
  facet normal 0.993793 0.10447 0.0382253
    outer loop
      vertex 80.0982 -66.641 9
      vertex 80.0144 -67.5 13.5263
      vertex 80.1885 -67.5 9
    endloop
  endfacet
  facet normal 0.207781 0.977428 0.0382224
    outer loop
      vertex 72.5062 -58.2092 9
      vertex 70.8781 -57.8631 9
      vertex 72.3992 -58.5384 18
    endloop
  endfacet
  facet normal 0.742597 -0.668647 0.0382219
    outer loop
      vertex 77.8992 -75.4656 18
      vertex 77.8054 -75.6841 16
      vertex 78.1792 -75.6691 9
    endloop
  endfacet
  facet normal 0.742612 -0.668631 0.0382194
    outer loop
      vertex 77.8992 -75.4656 18
      vertex 76.6594 -76.9569 16
      vertex 77.8054 -75.6841 16
    endloop
  endfacet
  facet normal 0.742599 -0.668644 0.0382367
    outer loop
      vertex 76.6594 -76.9569 16
      vertex 77.8992 -75.4656 18
      vertex 76.3604 -77.1746 18
    endloop
  endfacet
  facet normal 0.742643 -0.668596 0.0382244
    outer loop
      vertex 78.1792 -75.6691 9
      vertex 77.8054 -75.6841 16
      vertex 77.995 -75.8737 9
    endloop
  endfacet
  facet normal -0.587388 -0.808401 0.0382455
    outer loop
      vertex 61.6396 -77.1746 18
      vertex 61.5881 -77.2318 16
      vertex 61.8873 -77.4492 16
    endloop
  endfacet
  facet normal -0.5874 -0.808394 0.0382237
    outer loop
      vertex 62.2596 -77.8617 12.9949
      vertex 62.1502 -77.9711 9
      vertex 62.7545 -78.4102 9
    endloop
  endfacet
  facet normal -0.207717 0.977442 0.0382284
    outer loop
      vertex 67.5 -58.0565 16
      vertex 67.8502 -58.0603 18
      vertex 67.8421 -57.9838 16
    endloop
  endfacet
  facet normal -0.207749 0.977435 0.038234
    outer loop
      vertex 67.8502 -58.0603 18
      vertex 67.5 -58.0565 16
      vertex 65.6008 -58.5384 18
    endloop
  endfacet
  facet normal -0.20784 0.977415 0.0382309
    outer loop
      vertex 67.1219 -57.8631 9
      vertex 67.5 -58.0565 16
      vertex 67.5 -57.7827 9
    endloop
  endfacet
  facet normal -0.207757 0.977433 0.0382269
    outer loop
      vertex 67.5 -58.0565 16
      vertex 67.1219 -57.8631 9
      vertex 65.6008 -58.5384 18
    endloop
  endfacet
  facet normal -0.865393 0.499634 0.0382206
    outer loop
      vertex 59.467 -62.9437 9
      vertex 60.1008 -62.5344 18
      vertex 59.8208 -62.3309 9
    endloop
  endfacet
  facet normal -0.865391 0.499637 0.0382204
    outer loop
      vertex 60.1008 -62.5344 18
      vertex 59.467 -62.9437 9
      vertex 58.951 -64.5259 18
    endloop
  endfacet
  facet normal -0.406404 -0.912894 0.0382233
    outer loop
      vertex 65.6008 -79.4616 18
      vertex 63.9733 -79.1139 9
      vertex 65.4938 -79.7908 9
    endloop
  endfacet
  facet normal -0.950364 0.308783 0.0382251
    outer loop
      vertex 58.4161 -65.0581 9
      vertex 57.9018 -66.641 9
      vertex 58.2404 -66.713 18
    endloop
  endfacet
  facet normal 0.95035 0.308828 0.0382204
    outer loop
      vertex 79.049 -64.5259 18
      vertex 79.5839 -65.0581 9
      vertex 79.3652 -64.3851 9
    endloop
  endfacet
  facet normal 0.950366 0.308779 0.0382243
    outer loop
      vertex 79.5839 -65.0581 9
      vertex 79.049 -64.5259 18
      vertex 79.7596 -66.713 18
    endloop
  endfacet
  facet normal -0.742629 -0.66861 0.0382449
    outer loop
      vertex 61.6396 -77.1746 18
      vertex 61.3406 -76.9569 16
      vertex 61.5881 -77.2318 16
    endloop
  endfacet
  facet normal 0.587388 -0.808401 0.0382455
    outer loop
      vertex 76.3604 -77.1746 18
      vertex 76.1127 -77.4492 16
      vertex 76.4119 -77.2318 16
    endloop
  endfacet
  facet normal 0.5874 -0.808394 0.0382237
    outer loop
      vertex 75.7404 -77.8617 12.9949
      vertex 75.2455 -78.4102 9
      vertex 75.8498 -77.9711 9
    endloop
  endfacet
  facet normal -0.742643 0.668596 0.0382244
    outer loop
      vertex 60.005 -62.1263 9
      vertex 59.8208 -62.3309 9
      vertex 60.1946 -62.3159 16
    endloop
  endfacet
  facet normal -0.742611 0.66863 0.03824
    outer loop
      vertex 60.1946 -62.3159 16
      vertex 61.6396 -60.8254 18
      vertex 61.3406 -61.0431 16
    endloop
  endfacet
  facet normal -0.7426 0.668644 0.0382214
    outer loop
      vertex 60.1946 -62.3159 16
      vertex 60.1008 -62.5344 18
      vertex 61.6396 -60.8254 18
    endloop
  endfacet
  facet normal -0.742597 0.668647 0.0382219
    outer loop
      vertex 60.1008 -62.5344 18
      vertex 60.1946 -62.3159 16
      vertex 59.8208 -62.3309 9
    endloop
  endfacet
  facet normal 0.950364 0.308783 0.0382251
    outer loop
      vertex 80.0982 -66.641 9
      vertex 79.5839 -65.0581 9
      vertex 79.7596 -66.713 18
    endloop
  endfacet
  facet normal 0.950364 -0.308783 0.0382251
    outer loop
      vertex 79.7596 -71.287 18
      vertex 79.5839 -72.9419 9
      vertex 80.0982 -71.359 9
    endloop
  endfacet
  facet normal -0.993793 -0.10447 0.0382253
    outer loop
      vertex 57.9018 -71.359 9
      vertex 57.9856 -70.5 13.5263
      vertex 57.8115 -70.5 9
    endloop
  endfacet
  facet normal -0.993794 -0.104465 0.0382244
    outer loop
      vertex 57.9856 -70.5 13.5263
      vertex 57.9018 -71.359 9
      vertex 58.2404 -71.287 18
    endloop
  endfacet
  facet normal -0.993783 -0.10457 0.0382054
    outer loop
      vertex 57.9856 -70.5 13.5263
      vertex 58.2404 -71.287 18
      vertex 58.0807 -70.5 16
    endloop
  endfacet
  facet normal -0.993799 -0.104415 0.0382116
    outer loop
      vertex 58.0807 -70.5 16
      vertex 58 -69 18
      vertex 57.9231 -69 16
    endloop
  endfacet
  facet normal -0.993793 -0.104463 0.038248
    outer loop
      vertex 58 -69 18
      vertex 58.0807 -70.5 16
      vertex 58.2404 -71.287 18
    endloop
  endfacet
  facet normal 0.742611 0.66863 0.03824
    outer loop
      vertex 76.3604 -60.8254 18
      vertex 77.8054 -62.3159 16
      vertex 76.6594 -61.0431 16
    endloop
  endfacet
  facet normal 0.742597 0.668647 0.0382219
    outer loop
      vertex 77.8054 -62.3159 16
      vertex 77.8992 -62.5344 18
      vertex 78.1792 -62.3309 9
    endloop
  endfacet
  facet normal 0.7426 0.668644 0.0382214
    outer loop
      vertex 77.8992 -62.5344 18
      vertex 77.8054 -62.3159 16
      vertex 76.3604 -60.8254 18
    endloop
  endfacet
  facet normal 0.742643 0.668596 0.0382244
    outer loop
      vertex 77.995 -62.1263 9
      vertex 77.8054 -62.3159 16
      vertex 78.1792 -62.3309 9
    endloop
  endfacet
  facet normal -0.587254 -0.808497 0.0382752
    outer loop
      vertex 62.3419 -77.7794 16
      vertex 61.6396 -77.1746 18
      vertex 61.8873 -77.4492 16
    endloop
  endfacet
  facet normal -0.587367 -0.808418 0.0382115
    outer loop
      vertex 61.6396 -77.1746 18
      vertex 62.3419 -77.7794 16
      vertex 63.5 -78.5263 18
    endloop
  endfacet
  facet normal -0.587384 -0.808405 0.0382262
    outer loop
      vertex 62.2596 -77.8617 12.9949
      vertex 63.5 -78.5263 18
      vertex 62.3419 -77.7794 16
    endloop
  endfacet
  facet normal -0.587381 -0.808407 0.0382279
    outer loop
      vertex 63.3269 -78.8261 9
      vertex 62.2596 -77.8617 12.9949
      vertex 62.7545 -78.4102 9
    endloop
  endfacet
  facet normal -0.587385 -0.808405 0.0382262
    outer loop
      vertex 62.2596 -77.8617 12.9949
      vertex 63.3269 -78.8261 9
      vertex 63.5 -78.5263 18
    endloop
  endfacet
  facet normal -0.742629 0.66861 0.0382449
    outer loop
      vertex 61.5881 -60.7682 16
      vertex 61.3406 -61.0431 16
      vertex 61.6396 -60.8254 18
    endloop
  endfacet
  facet normal 0.865393 0.499634 0.0382206
    outer loop
      vertex 77.8992 -62.5344 18
      vertex 78.533 -62.9437 9
      vertex 78.1792 -62.3309 9
    endloop
  endfacet
  facet normal 0.865391 0.499637 0.0382204
    outer loop
      vertex 78.533 -62.9437 9
      vertex 77.8992 -62.5344 18
      vertex 79.049 -64.5259 18
    endloop
  endfacet
  facet normal -0.587367 0.808418 0.0382115
    outer loop
      vertex 63.5 -59.4737 18
      vertex 62.3419 -60.2206 16
      vertex 61.6396 -60.8254 18
    endloop
  endfacet
  facet normal -0.587384 0.808405 0.0382262
    outer loop
      vertex 63.5 -59.4737 18
      vertex 62.2596 -60.1383 12.9949
      vertex 62.3419 -60.2206 16
    endloop
  endfacet
  facet normal -0.587385 0.808405 0.0382262
    outer loop
      vertex 63.3269 -59.1739 9
      vertex 62.2596 -60.1383 12.9949
      vertex 63.5 -59.4737 18
    endloop
  endfacet
  facet normal -0.587381 0.808407 0.0382279
    outer loop
      vertex 62.2596 -60.1383 12.9949
      vertex 63.3269 -59.1739 9
      vertex 62.7545 -59.5898 9
    endloop
  endfacet
  facet normal -0.587254 0.808497 0.0382752
    outer loop
      vertex 61.6396 -60.8254 18
      vertex 62.3419 -60.2206 16
      vertex 61.8873 -60.5508 16
    endloop
  endfacet
  facet normal -0.406426 0.912884 0.0382277
    outer loop
      vertex 63.9733 -58.8861 9
      vertex 63.5 -59.4737 18
      vertex 65.6008 -58.5384 18
    endloop
  endfacet
  facet normal -0.406444 0.912876 0.0382262
    outer loop
      vertex 63.5 -59.4737 18
      vertex 63.9733 -58.8861 9
      vertex 63.3269 -59.1739 9
    endloop
  endfacet
  facet normal 0.742629 0.66861 0.0382449
    outer loop
      vertex 76.4119 -60.7682 16
      vertex 76.3604 -60.8254 18
      vertex 76.6594 -61.0431 16
    endloop
  endfacet
  facet normal 0.742629 -0.66861 0.0382449
    outer loop
      vertex 76.6594 -76.9569 16
      vertex 76.3604 -77.1746 18
      vertex 76.4119 -77.2318 16
    endloop
  endfacet
  facet normal 0.406404 -0.912894 0.0382233
    outer loop
      vertex 74.0267 -79.1139 9
      vertex 72.3992 -79.4616 18
      vertex 72.5062 -79.7908 9
    endloop
  endfacet
  facet normal 0.207781 -0.977428 0.0382224
    outer loop
      vertex 72.3992 -79.4616 18
      vertex 70.8781 -80.1369 9
      vertex 72.5062 -79.7908 9
    endloop
  endfacet
  facet normal -0.406404 0.912894 0.0382233
    outer loop
      vertex 65.4938 -58.2092 9
      vertex 63.9733 -58.8861 9
      vertex 65.6008 -58.5384 18
    endloop
  endfacet
  facet normal 0.865391 0.499638 0.0382206
    outer loop
      vertex 79.3652 -64.3851 9
      vertex 78.533 -62.9437 9
      vertex 79.049 -64.5259 18
    endloop
  endfacet
  facet normal 0.587388 0.808401 0.0382455
    outer loop
      vertex 76.4119 -60.7682 16
      vertex 76.1127 -60.5508 16
      vertex 76.3604 -60.8254 18
    endloop
  endfacet
  facet normal 0.5874 0.808394 0.0382237
    outer loop
      vertex 75.8498 -60.0289 9
      vertex 75.2455 -59.5898 9
      vertex 75.7404 -60.1383 12.9949
    endloop
  endfacet
  facet normal 0.406426 -0.912884 0.0382277
    outer loop
      vertex 74.0267 -79.1139 9
      vertex 74.5 -78.5263 18
      vertex 72.3992 -79.4616 18
    endloop
  endfacet
  facet normal 0.406444 -0.912876 0.0382262
    outer loop
      vertex 74.5 -78.5263 18
      vertex 74.0267 -79.1139 9
      vertex 74.6731 -78.8261 9
    endloop
  endfacet
  facet normal -0.993793 0.10447 0.0382253
    outer loop
      vertex 57.9856 -67.5 13.5263
      vertex 57.9018 -66.641 9
      vertex 57.8115 -67.5 9
    endloop
  endfacet
  facet normal -0.993794 0.104465 0.0382244
    outer loop
      vertex 57.9018 -66.641 9
      vertex 57.9856 -67.5 13.5263
      vertex 58.2404 -66.713 18
    endloop
  endfacet
  facet normal 0 0.999269 0.038222
    outer loop
      vertex 70.1579 -57.9838 16
      vertex 67.8502 -58.0603 18
      vertex 70.1498 -58.0603 18
    endloop
  endfacet
  facet normal 0 0.999269 0.038222
    outer loop
      vertex 67.8502 -58.0603 18
      vertex 70.1579 -57.9838 16
      vertex 67.8421 -57.9838 16
    endloop
  endfacet
  facet normal -0.207781 0.977428 0.0382224
    outer loop
      vertex 67.1219 -57.8631 9
      vertex 65.4938 -58.2092 9
      vertex 65.6008 -58.5384 18
    endloop
  endfacet
  facet normal 0.406404 0.912894 0.0382233
    outer loop
      vertex 72.5062 -58.2092 9
      vertex 72.3992 -58.5384 18
      vertex 74.0267 -58.8861 9
    endloop
  endfacet
  facet normal -0.406444 -0.912876 0.0382262
    outer loop
      vertex 63.9733 -79.1139 9
      vertex 63.5 -78.5263 18
      vertex 63.3269 -78.8261 9
    endloop
  endfacet
  facet normal -0.406426 -0.912884 0.0382277
    outer loop
      vertex 63.5 -78.5263 18
      vertex 63.9733 -79.1139 9
      vertex 65.6008 -79.4616 18
    endloop
  endfacet
  facet normal -0.950364 -0.308783 0.0382251
    outer loop
      vertex 58.2404 -71.287 18
      vertex 57.9018 -71.359 9
      vertex 58.4161 -72.9419 9
    endloop
  endfacet
  facet normal 0.993794 -0.104465 0.0382244
    outer loop
      vertex 80.0982 -71.359 9
      vertex 80.0144 -70.5 13.5263
      vertex 79.7596 -71.287 18
    endloop
  endfacet
  facet normal 0.993793 -0.10447 0.0382253
    outer loop
      vertex 80.0144 -70.5 13.5263
      vertex 80.0982 -71.359 9
      vertex 80.1885 -70.5 9
    endloop
  endfacet
  facet normal 0.993799 -0.104415 0.0382116
    outer loop
      vertex 80 -69 18
      vertex 79.9193 -70.5 16
      vertex 80.0769 -69 16
    endloop
  endfacet
  facet normal 0.993783 -0.10457 0.0382054
    outer loop
      vertex 79.9193 -70.5 16
      vertex 79.7596 -71.287 18
      vertex 80.0144 -70.5 13.5263
    endloop
  endfacet
  facet normal 0.993793 -0.104463 0.038248
    outer loop
      vertex 79.7596 -71.287 18
      vertex 79.9193 -70.5 16
      vertex 80 -69 18
    endloop
  endfacet
  facet normal -0.742643 -0.668596 0.0382244
    outer loop
      vertex 59.8208 -75.6691 9
      vertex 60.005 -75.8737 9
      vertex 60.1946 -75.6841 16
    endloop
  endfacet
  facet normal -0.742597 -0.668647 0.0382219
    outer loop
      vertex 60.1946 -75.6841 16
      vertex 60.1008 -75.4656 18
      vertex 59.8208 -75.6691 9
    endloop
  endfacet
  facet normal -0.742612 -0.668631 0.0382194
    outer loop
      vertex 61.3406 -76.9569 16
      vertex 60.1008 -75.4656 18
      vertex 60.1946 -75.6841 16
    endloop
  endfacet
  facet normal -0.742599 -0.668644 0.0382367
    outer loop
      vertex 60.1008 -75.4656 18
      vertex 61.3406 -76.9569 16
      vertex 61.6396 -77.1746 18
    endloop
  endfacet
  facet normal 0.207749 0.977435 0.038234
    outer loop
      vertex 72.3992 -58.5384 18
      vertex 70.5 -58.0565 16
      vertex 70.1498 -58.0603 18
    endloop
  endfacet
  facet normal 0.207757 0.977433 0.0382269
    outer loop
      vertex 70.8781 -57.8631 9
      vertex 70.5 -58.0565 16
      vertex 72.3992 -58.5384 18
    endloop
  endfacet
  facet normal 0.20784 0.977415 0.0382309
    outer loop
      vertex 70.5 -58.0565 16
      vertex 70.8781 -57.8631 9
      vertex 70.5 -57.7827 9
    endloop
  endfacet
  facet normal 0.207717 0.977442 0.0382284
    outer loop
      vertex 70.1498 -58.0603 18
      vertex 70.5 -58.0565 16
      vertex 70.1579 -57.9838 16
    endloop
  endfacet
  facet normal -0.865391 0.499638 0.0382206
    outer loop
      vertex 59.467 -62.9437 9
      vertex 58.6348 -64.3851 9
      vertex 58.951 -64.5259 18
    endloop
  endfacet
  facet normal -0.993783 0.10457 0.0382054
    outer loop
      vertex 58.0807 -67.5 16
      vertex 58.2404 -66.713 18
      vertex 57.9856 -67.5 13.5263
    endloop
  endfacet
  facet normal -0.993799 0.104415 0.0382116
    outer loop
      vertex 58 -69 18
      vertex 58.0807 -67.5 16
      vertex 57.9231 -69 16
    endloop
  endfacet
  facet normal -0.993793 0.104463 0.038248
    outer loop
      vertex 58.0807 -67.5 16
      vertex 58 -69 18
      vertex 58.2404 -66.713 18
    endloop
  endfacet
  facet normal -0.587388 0.808401 0.0382455
    outer loop
      vertex 61.8873 -60.5508 16
      vertex 61.5881 -60.7682 16
      vertex 61.6396 -60.8254 18
    endloop
  endfacet
  facet normal -0.5874 0.808394 0.0382237
    outer loop
      vertex 62.7545 -59.5898 9
      vertex 62.1502 -60.0289 9
      vertex 62.2596 -60.1383 12.9949
    endloop
  endfacet
  facet normal -0.95035 0.308828 0.0382204
    outer loop
      vertex 58.4161 -65.0581 9
      vertex 58.951 -64.5259 18
      vertex 58.6348 -64.3851 9
    endloop
  endfacet
  facet normal -0.950366 0.308779 0.0382243
    outer loop
      vertex 58.951 -64.5259 18
      vertex 58.4161 -65.0581 9
      vertex 58.2404 -66.713 18
    endloop
  endfacet
  facet normal -0.950366 -0.308779 0.0382243
    outer loop
      vertex 58.4161 -72.9419 9
      vertex 58.951 -73.4741 18
      vertex 58.2404 -71.287 18
    endloop
  endfacet
  facet normal -0.95035 -0.308828 0.0382204
    outer loop
      vertex 58.951 -73.4741 18
      vertex 58.4161 -72.9419 9
      vertex 58.6348 -73.6149 9
    endloop
  endfacet
  facet normal -0.865391 -0.499637 0.0382204
    outer loop
      vertex 59.467 -75.0563 9
      vertex 60.1008 -75.4656 18
      vertex 58.951 -73.4741 18
    endloop
  endfacet
  facet normal -0.865393 -0.499634 0.0382206
    outer loop
      vertex 60.1008 -75.4656 18
      vertex 59.467 -75.0563 9
      vertex 59.8208 -75.6691 9
    endloop
  endfacet
  facet normal -0.207781 -0.977428 0.0382224
    outer loop
      vertex 65.6008 -79.4616 18
      vertex 65.4938 -79.7908 9
      vertex 67.1219 -80.1369 9
    endloop
  endfacet
  facet normal 0.587254 0.808497 0.0382752
    outer loop
      vertex 75.6581 -60.2206 16
      vertex 76.3604 -60.8254 18
      vertex 76.1127 -60.5508 16
    endloop
  endfacet
  facet normal 0.587367 0.808418 0.0382115
    outer loop
      vertex 76.3604 -60.8254 18
      vertex 75.6581 -60.2206 16
      vertex 74.5 -59.4737 18
    endloop
  endfacet
  facet normal 0.587384 0.808405 0.0382262
    outer loop
      vertex 75.7404 -60.1383 12.9949
      vertex 74.5 -59.4737 18
      vertex 75.6581 -60.2206 16
    endloop
  endfacet
  facet normal 0.587381 0.808407 0.0382279
    outer loop
      vertex 74.6731 -59.1739 9
      vertex 75.7404 -60.1383 12.9949
      vertex 75.2455 -59.5898 9
    endloop
  endfacet
  facet normal 0.587385 0.808405 0.0382262
    outer loop
      vertex 75.7404 -60.1383 12.9949
      vertex 74.6731 -59.1739 9
      vertex 74.5 -59.4737 18
    endloop
  endfacet
  facet normal 0.207717 -0.977442 0.0382284
    outer loop
      vertex 70.5 -79.9435 16
      vertex 70.1498 -79.9397 18
      vertex 70.1579 -80.0162 16
    endloop
  endfacet
  facet normal 0.207749 -0.977435 0.038234
    outer loop
      vertex 70.1498 -79.9397 18
      vertex 70.5 -79.9435 16
      vertex 72.3992 -79.4616 18
    endloop
  endfacet
  facet normal 0.20784 -0.977415 0.0382309
    outer loop
      vertex 70.8781 -80.1369 9
      vertex 70.5 -79.9435 16
      vertex 70.5 -80.2173 9
    endloop
  endfacet
  facet normal 0.207757 -0.977433 0.0382269
    outer loop
      vertex 70.5 -79.9435 16
      vertex 70.8781 -80.1369 9
      vertex 72.3992 -79.4616 18
    endloop
  endfacet
  facet normal 0 -0.999269 0.038222
    outer loop
      vertex 67.8421 -80.0162 16
      vertex 70.1498 -79.9397 18
      vertex 67.8502 -79.9397 18
    endloop
  endfacet
  facet normal 0 -0.999269 0.038222
    outer loop
      vertex 70.1498 -79.9397 18
      vertex 67.8421 -80.0162 16
      vertex 70.1579 -80.0162 16
    endloop
  endfacet
  facet normal 0.950366 -0.308779 0.0382243
    outer loop
      vertex 79.049 -73.4741 18
      vertex 79.5839 -72.9419 9
      vertex 79.7596 -71.287 18
    endloop
  endfacet
  facet normal 0.95035 -0.308828 0.0382204
    outer loop
      vertex 79.5839 -72.9419 9
      vertex 79.049 -73.4741 18
      vertex 79.3652 -73.6149 9
    endloop
  endfacet
  facet normal 0.406444 0.912876 0.0382262
    outer loop
      vertex 74.0267 -58.8861 9
      vertex 74.5 -59.4737 18
      vertex 74.6731 -59.1739 9
    endloop
  endfacet
  facet normal 0.406426 0.912884 0.0382277
    outer loop
      vertex 74.5 -59.4737 18
      vertex 74.0267 -58.8861 9
      vertex 72.3992 -58.5384 18
    endloop
  endfacet
  facet normal -0.207749 -0.977435 0.038234
    outer loop
      vertex 65.6008 -79.4616 18
      vertex 67.5 -79.9435 16
      vertex 67.8502 -79.9397 18
    endloop
  endfacet
  facet normal -0.207757 -0.977433 0.0382269
    outer loop
      vertex 67.1219 -80.1369 9
      vertex 67.5 -79.9435 16
      vertex 65.6008 -79.4616 18
    endloop
  endfacet
  facet normal -0.20784 -0.977415 0.0382309
    outer loop
      vertex 67.5 -79.9435 16
      vertex 67.1219 -80.1369 9
      vertex 67.5 -80.2173 9
    endloop
  endfacet
  facet normal -0.207717 -0.977442 0.0382284
    outer loop
      vertex 67.8502 -79.9397 18
      vertex 67.5 -79.9435 16
      vertex 67.8421 -80.0162 16
    endloop
  endfacet
  facet normal 0 0 1
    outer loop
      vertex 79.7596 -66.713 18
      vertex 79.7596 -71.287 18
      vertex 80 -69 18
    endloop
  endfacet
  facet normal 0 0 1
    outer loop
      vertex 79.049 -64.5259 18
      vertex 79.7596 -71.287 18
      vertex 79.7596 -66.713 18
    endloop
  endfacet
  facet normal 0 0 1
    outer loop
      vertex 79.049 -64.5259 18
      vertex 79.049 -73.4741 18
      vertex 79.7596 -71.287 18
    endloop
  endfacet
  facet normal 0 0 1
    outer loop
      vertex 77.8992 -62.5344 18
      vertex 79.049 -73.4741 18
      vertex 79.049 -64.5259 18
    endloop
  endfacet
  facet normal 0 0 1
    outer loop
      vertex 77.8992 -62.5344 18
      vertex 77.8992 -75.4656 18
      vertex 79.049 -73.4741 18
    endloop
  endfacet
  facet normal 0 0 1
    outer loop
      vertex 76.3604 -60.8254 18
      vertex 77.8992 -75.4656 18
      vertex 77.8992 -62.5344 18
    endloop
  endfacet
  facet normal 0 0 1
    outer loop
      vertex 76.3604 -60.8254 18
      vertex 76.3604 -77.1746 18
      vertex 77.8992 -75.4656 18
    endloop
  endfacet
  facet normal 0 0 1
    outer loop
      vertex 74.5 -59.4737 18
      vertex 76.3604 -77.1746 18
      vertex 76.3604 -60.8254 18
    endloop
  endfacet
  facet normal 0 0 1
    outer loop
      vertex 74.5 -59.4737 18
      vertex 74.5 -78.5263 18
      vertex 76.3604 -77.1746 18
    endloop
  endfacet
  facet normal 0 0 1
    outer loop
      vertex 72.3992 -58.5384 18
      vertex 74.5 -78.5263 18
      vertex 74.5 -59.4737 18
    endloop
  endfacet
  facet normal 0 0 1
    outer loop
      vertex 72.3992 -58.5384 18
      vertex 72.3992 -79.4616 18
      vertex 74.5 -78.5263 18
    endloop
  endfacet
  facet normal 0 0 1
    outer loop
      vertex 70.1498 -58.0603 18
      vertex 72.3992 -79.4616 18
      vertex 72.3992 -58.5384 18
    endloop
  endfacet
  facet normal 0 0 1
    outer loop
      vertex 70.1498 -58.0603 18
      vertex 70.1498 -79.9397 18
      vertex 72.3992 -79.4616 18
    endloop
  endfacet
  facet normal -0 0 1
    outer loop
      vertex 67.8502 -58.0603 18
      vertex 70.1498 -79.9397 18
      vertex 70.1498 -58.0603 18
    endloop
  endfacet
  facet normal 0 0 1
    outer loop
      vertex 67.8502 -58.0603 18
      vertex 67.8502 -79.9397 18
      vertex 70.1498 -79.9397 18
    endloop
  endfacet
  facet normal -0 0 1
    outer loop
      vertex 65.6008 -58.5384 18
      vertex 67.8502 -79.9397 18
      vertex 67.8502 -58.0603 18
    endloop
  endfacet
  facet normal 0 0 1
    outer loop
      vertex 65.6008 -58.5384 18
      vertex 65.6008 -79.4616 18
      vertex 67.8502 -79.9397 18
    endloop
  endfacet
  facet normal -0 0 1
    outer loop
      vertex 63.5 -59.4737 18
      vertex 65.6008 -79.4616 18
      vertex 65.6008 -58.5384 18
    endloop
  endfacet
  facet normal 0 0 1
    outer loop
      vertex 63.5 -59.4737 18
      vertex 63.5 -78.5263 18
      vertex 65.6008 -79.4616 18
    endloop
  endfacet
  facet normal -0 0 1
    outer loop
      vertex 61.6396 -60.8254 18
      vertex 63.5 -78.5263 18
      vertex 63.5 -59.4737 18
    endloop
  endfacet
  facet normal 0 0 1
    outer loop
      vertex 61.6396 -60.8254 18
      vertex 61.6396 -77.1746 18
      vertex 63.5 -78.5263 18
    endloop
  endfacet
  facet normal -0 0 1
    outer loop
      vertex 60.1008 -62.5344 18
      vertex 61.6396 -77.1746 18
      vertex 61.6396 -60.8254 18
    endloop
  endfacet
  facet normal 0 0 1
    outer loop
      vertex 60.1008 -62.5344 18
      vertex 60.1008 -75.4656 18
      vertex 61.6396 -77.1746 18
    endloop
  endfacet
  facet normal -0 0 1
    outer loop
      vertex 58.951 -64.5259 18
      vertex 60.1008 -75.4656 18
      vertex 60.1008 -62.5344 18
    endloop
  endfacet
  facet normal 0 0 1
    outer loop
      vertex 58.951 -64.5259 18
      vertex 58.951 -73.4741 18
      vertex 60.1008 -75.4656 18
    endloop
  endfacet
  facet normal -0 0 1
    outer loop
      vertex 58.2404 -66.713 18
      vertex 58.951 -73.4741 18
      vertex 58.951 -64.5259 18
    endloop
  endfacet
  facet normal 0 0 1
    outer loop
      vertex 58.2404 -66.713 18
      vertex 58.2404 -71.287 18
      vertex 58.951 -73.4741 18
    endloop
  endfacet
  facet normal 0 -0 1
    outer loop
      vertex 58.2404 -71.287 18
      vertex 58.2404 -66.713 18
      vertex 58 -69 18
    endloop
  endfacet
  facet normal 0.587367 -0.808418 0.0382115
    outer loop
      vertex 74.5 -78.5263 18
      vertex 75.6581 -77.7794 16
      vertex 76.3604 -77.1746 18
    endloop
  endfacet
  facet normal 0.587384 -0.808405 0.0382262
    outer loop
      vertex 74.5 -78.5263 18
      vertex 75.7404 -77.8617 12.9949
      vertex 75.6581 -77.7794 16
    endloop
  endfacet
  facet normal 0.587385 -0.808405 0.0382262
    outer loop
      vertex 74.6731 -78.8261 9
      vertex 75.7404 -77.8617 12.9949
      vertex 74.5 -78.5263 18
    endloop
  endfacet
  facet normal 0.587381 -0.808407 0.0382279
    outer loop
      vertex 75.7404 -77.8617 12.9949
      vertex 74.6731 -78.8261 9
      vertex 75.2455 -78.4102 9
    endloop
  endfacet
  facet normal 0.587254 -0.808497 0.0382752
    outer loop
      vertex 76.3604 -77.1746 18
      vertex 75.6581 -77.7794 16
      vertex 76.1127 -77.4492 16
    endloop
  endfacet
  facet normal -0.923888 -0.382663 0
    outer loop
      vertex 67.2322 -70.7678 22
      vertex 66.5 -69 32
      vertex 66.5 -69 22
    endloop
  endfacet
  facet normal -0.923888 -0.382663 0
    outer loop
      vertex 66.5 -69 32
      vertex 67.2322 -70.7678 22
      vertex 67.2322 -70.7678 32
    endloop
  endfacet
  facet normal 0.382663 0.923888 -0
    outer loop
      vertex 70.7678 -67.2322 22
      vertex 69 -66.5 32
      vertex 70.7678 -67.2322 32
    endloop
  endfacet
  facet normal 0.382663 0.923888 0
    outer loop
      vertex 69 -66.5 32
      vertex 70.7678 -67.2322 22
      vertex 69 -66.5 22
    endloop
  endfacet
  facet normal 0.923888 0.382663 0
    outer loop
      vertex 71.5 -69 32
      vertex 70.7678 -67.2322 22
      vertex 70.7678 -67.2322 32
    endloop
  endfacet
  facet normal 0.923888 0.382663 0
    outer loop
      vertex 70.7678 -67.2322 22
      vertex 71.5 -69 32
      vertex 71.5 -69 22
    endloop
  endfacet
  facet normal 0.923888 -0.382663 0
    outer loop
      vertex 70.7678 -70.7678 32
      vertex 71.5 -69 22
      vertex 71.5 -69 32
    endloop
  endfacet
  facet normal 0.923888 -0.382663 0
    outer loop
      vertex 71.5 -69 22
      vertex 70.7678 -70.7678 32
      vertex 70.7678 -70.7678 22
    endloop
  endfacet
  facet normal -0.382663 -0.923888 0
    outer loop
      vertex 67.2322 -70.7678 22
      vertex 69 -71.5 32
      vertex 67.2322 -70.7678 32
    endloop
  endfacet
  facet normal -0.382663 -0.923888 -0
    outer loop
      vertex 69 -71.5 32
      vertex 67.2322 -70.7678 22
      vertex 69 -71.5 22
    endloop
  endfacet
  facet normal -0.382663 0.923888 0
    outer loop
      vertex 69 -66.5 22
      vertex 67.2322 -67.2322 32
      vertex 69 -66.5 32
    endloop
  endfacet
  facet normal -0.382663 0.923888 0
    outer loop
      vertex 67.2322 -67.2322 32
      vertex 69 -66.5 22
      vertex 67.2322 -67.2322 22
    endloop
  endfacet
  facet normal -0.923888 0.382663 0
    outer loop
      vertex 66.5 -69 22
      vertex 67.2322 -67.2322 32
      vertex 67.2322 -67.2322 22
    endloop
  endfacet
  facet normal -0.923888 0.382663 0
    outer loop
      vertex 67.2322 -67.2322 32
      vertex 66.5 -69 22
      vertex 66.5 -69 32
    endloop
  endfacet
  facet normal 0.382663 -0.923888 0
    outer loop
      vertex 69 -71.5 22
      vertex 70.7678 -70.7678 32
      vertex 69 -71.5 32
    endloop
  endfacet
  facet normal 0.382663 -0.923888 0
    outer loop
      vertex 70.7678 -70.7678 32
      vertex 69 -71.5 22
      vertex 70.7678 -70.7678 22
    endloop
  endfacet
  facet normal 0 0 -1
    outer loop
      vertex 71.5 -69 32
      vertex 72.5 -69 32
      vertex 71.9444 -70.8922 32
    endloop
  endfacet
  facet normal 0 0 -1
    outer loop
      vertex 72.5 -69 32
      vertex 71.5 -69 32
      vertex 71.9444 -67.1078 32
    endloop
  endfacet
  facet normal 0 0 -1
    outer loop
      vertex 71.9444 -70.8922 32
      vertex 70.7678 -70.7678 32
      vertex 71.5 -69 32
    endloop
  endfacet
  facet normal 0 0 -1
    outer loop
      vertex 70.4539 -72.1837 32
      vertex 70.7678 -70.7678 32
      vertex 71.9444 -70.8922 32
    endloop
  endfacet
  facet normal 0 0 -1
    outer loop
      vertex 70.4539 -72.1837 32
      vertex 69 -71.5 32
      vertex 70.7678 -70.7678 32
    endloop
  endfacet
  facet normal 0 0 -1
    outer loop
      vertex 68.5019 -72.4644 32
      vertex 69 -71.5 32
      vertex 70.4539 -72.1837 32
    endloop
  endfacet
  facet normal 0 0 -1
    outer loop
      vertex 68.5019 -72.4644 32
      vertex 67.2322 -70.7678 32
      vertex 69 -71.5 32
    endloop
  endfacet
  facet normal 0 0 -1
    outer loop
      vertex 66.708 -71.6451 32
      vertex 67.2322 -70.7678 32
      vertex 68.5019 -72.4644 32
    endloop
  endfacet
  facet normal 0 0 -1
    outer loop
      vertex 65.6418 -69.9861 32
      vertex 67.2322 -70.7678 32
      vertex 66.708 -71.6451 32
    endloop
  endfacet
  facet normal 0 0 -1
    outer loop
      vertex 67.2322 -70.7678 32
      vertex 65.6418 -69.9861 32
      vertex 66.5 -69 32
    endloop
  endfacet
  facet normal 0 0 -1
    outer loop
      vertex 70.7678 -67.2322 32
      vertex 71.9444 -67.1078 32
      vertex 71.5 -69 32
    endloop
  endfacet
  facet normal 0 0 -1
    outer loop
      vertex 70.7678 -67.2322 32
      vertex 70.4539 -65.8163 32
      vertex 71.9444 -67.1078 32
    endloop
  endfacet
  facet normal 0 0 -1
    outer loop
      vertex 69 -66.5 32
      vertex 70.4539 -65.8163 32
      vertex 70.7678 -67.2322 32
    endloop
  endfacet
  facet normal 0 0 -1
    outer loop
      vertex 69 -66.5 32
      vertex 68.5019 -65.5356 32
      vertex 70.4539 -65.8163 32
    endloop
  endfacet
  facet normal 0 0 -1
    outer loop
      vertex 67.2322 -67.2322 32
      vertex 68.5019 -65.5356 32
      vertex 69 -66.5 32
    endloop
  endfacet
  facet normal 0 0 -1
    outer loop
      vertex 67.2322 -67.2322 32
      vertex 66.708 -66.3549 32
      vertex 68.5019 -65.5356 32
    endloop
  endfacet
  facet normal 0 0 -1
    outer loop
      vertex 65.6418 -68.0139 32
      vertex 67.2322 -67.2322 32
      vertex 66.5 -69 32
    endloop
  endfacet
  facet normal 0 0 -1
    outer loop
      vertex 65.6418 -68.0139 32
      vertex 66.5 -69 32
      vertex 65.6418 -69.9861 32
    endloop
  endfacet
  facet normal -0 0 -1
    outer loop
      vertex 67.2322 -67.2322 32
      vertex 65.6418 -68.0139 32
      vertex 66.708 -66.3549 32
    endloop
  endfacet
  facet normal 0 0 -1
    outer loop
      vertex 70.7678 -70.7678 22
      vertex 70.7678 -67.2322 22
      vertex 71.5 -69 22
    endloop
  endfacet
  facet normal 0 0 -1
    outer loop
      vertex 69 -71.5 22
      vertex 70.7678 -67.2322 22
      vertex 70.7678 -70.7678 22
    endloop
  endfacet
  facet normal 0 0 -1
    outer loop
      vertex 69 -71.5 22
      vertex 69 -66.5 22
      vertex 70.7678 -67.2322 22
    endloop
  endfacet
  facet normal 0 0 -1
    outer loop
      vertex 67.2322 -70.7678 22
      vertex 69 -66.5 22
      vertex 69 -71.5 22
    endloop
  endfacet
  facet normal 0 0 -1
    outer loop
      vertex 67.2322 -70.7678 22
      vertex 67.2322 -67.2322 22
      vertex 69 -66.5 22
    endloop
  endfacet
  facet normal 0 -0 -1
    outer loop
      vertex 67.2322 -67.2322 22
      vertex 67.2322 -70.7678 22
      vertex 66.5 -69 22
    endloop
  endfacet
  facet normal 0.654853 0.755756 -0
    outer loop
      vertex 71.9444 -67.1078 32
      vertex 70.4539 -65.8163 35
      vertex 71.9444 -67.1078 35
    endloop
  endfacet
  facet normal 0.654853 0.755756 0
    outer loop
      vertex 70.4539 -65.8163 35
      vertex 71.9444 -67.1078 32
      vertex 70.4539 -65.8163 32
    endloop
  endfacet
  facet normal 0.959493 0.281733 0
    outer loop
      vertex 72.5 -69 35
      vertex 71.9444 -67.1078 32
      vertex 71.9444 -67.1078 35
    endloop
  endfacet
  facet normal 0.959493 0.281733 0
    outer loop
      vertex 71.9444 -67.1078 32
      vertex 72.5 -69 35
      vertex 72.5 -69 32
    endloop
  endfacet
  facet normal 0.142337 0.989818 -0
    outer loop
      vertex 70.4539 -65.8163 32
      vertex 68.5019 -65.5356 35
      vertex 70.4539 -65.8163 35
    endloop
  endfacet
  facet normal 0.142337 0.989818 0
    outer loop
      vertex 68.5019 -65.5356 35
      vertex 70.4539 -65.8163 32
      vertex 68.5019 -65.5356 32
    endloop
  endfacet
  facet normal -0.415437 0.909622 0
    outer loop
      vertex 68.5019 -65.5356 32
      vertex 66.708 -66.3549 35
      vertex 68.5019 -65.5356 35
    endloop
  endfacet
  facet normal -0.415437 0.909622 0
    outer loop
      vertex 66.708 -66.3549 35
      vertex 68.5019 -65.5356 32
      vertex 66.708 -66.3549 32
    endloop
  endfacet
  facet normal -1 0 0
    outer loop
      vertex 65.6418 -69.9861 32
      vertex 65.6418 -68.0139 35
      vertex 65.6418 -68.0139 32
    endloop
  endfacet
  facet normal -1 -0 0
    outer loop
      vertex 65.6418 -68.0139 35
      vertex 65.6418 -69.9861 32
      vertex 65.6418 -69.9861 35
    endloop
  endfacet
  facet normal 0.142337 -0.989818 0
    outer loop
      vertex 68.5019 -72.4644 32
      vertex 70.4539 -72.1837 35
      vertex 68.5019 -72.4644 35
    endloop
  endfacet
  facet normal 0.142337 -0.989818 0
    outer loop
      vertex 70.4539 -72.1837 35
      vertex 68.5019 -72.4644 32
      vertex 70.4539 -72.1837 32
    endloop
  endfacet
  facet normal 0.654853 -0.755756 0
    outer loop
      vertex 70.4539 -72.1837 32
      vertex 71.9444 -70.8922 35
      vertex 70.4539 -72.1837 35
    endloop
  endfacet
  facet normal 0.654853 -0.755756 0
    outer loop
      vertex 71.9444 -70.8922 35
      vertex 70.4539 -72.1837 32
      vertex 71.9444 -70.8922 32
    endloop
  endfacet
  facet normal -0.841248 -0.54065 0
    outer loop
      vertex 66.708 -71.6451 32
      vertex 65.6418 -69.9861 35
      vertex 65.6418 -69.9861 32
    endloop
  endfacet
  facet normal -0.841248 -0.54065 0
    outer loop
      vertex 65.6418 -69.9861 35
      vertex 66.708 -71.6451 32
      vertex 66.708 -71.6451 35
    endloop
  endfacet
  facet normal 0.959493 -0.281733 0
    outer loop
      vertex 71.9444 -70.8922 35
      vertex 72.5 -69 32
      vertex 72.5 -69 35
    endloop
  endfacet
  facet normal 0.959493 -0.281733 0
    outer loop
      vertex 72.5 -69 32
      vertex 71.9444 -70.8922 35
      vertex 71.9444 -70.8922 32
    endloop
  endfacet
  facet normal -0.841248 0.54065 0
    outer loop
      vertex 65.6418 -68.0139 32
      vertex 66.708 -66.3549 35
      vertex 66.708 -66.3549 32
    endloop
  endfacet
  facet normal -0.841248 0.54065 0
    outer loop
      vertex 66.708 -66.3549 35
      vertex 65.6418 -68.0139 32
      vertex 65.6418 -68.0139 35
    endloop
  endfacet
  facet normal 0 0 1
    outer loop
      vertex 71.9444 -67.1078 35
      vertex 71.9444 -70.8922 35
      vertex 72.5 -69 35
    endloop
  endfacet
  facet normal 0 0 1
    outer loop
      vertex 70.4539 -65.8163 35
      vertex 71.9444 -70.8922 35
      vertex 71.9444 -67.1078 35
    endloop
  endfacet
  facet normal 0 0 1
    outer loop
      vertex 70.4539 -65.8163 35
      vertex 70.4539 -72.1837 35
      vertex 71.9444 -70.8922 35
    endloop
  endfacet
  facet normal 0 0 1
    outer loop
      vertex 68.5019 -65.5356 35
      vertex 70.4539 -72.1837 35
      vertex 70.4539 -65.8163 35
    endloop
  endfacet
  facet normal 0 0 1
    outer loop
      vertex 68.5019 -65.5356 35
      vertex 68.5019 -72.4644 35
      vertex 70.4539 -72.1837 35
    endloop
  endfacet
  facet normal -0 0 1
    outer loop
      vertex 66.708 -66.3549 35
      vertex 68.5019 -72.4644 35
      vertex 68.5019 -65.5356 35
    endloop
  endfacet
  facet normal 0 0 1
    outer loop
      vertex 66.708 -66.3549 35
      vertex 66.708 -71.6451 35
      vertex 68.5019 -72.4644 35
    endloop
  endfacet
  facet normal -0 0 1
    outer loop
      vertex 65.6418 -68.0139 35
      vertex 66.708 -71.6451 35
      vertex 66.708 -66.3549 35
    endloop
  endfacet
  facet normal 0 0 1
    outer loop
      vertex 66.708 -71.6451 35
      vertex 65.6418 -68.0139 35
      vertex 65.6418 -69.9861 35
    endloop
  endfacet
  facet normal -0.415437 -0.909622 0
    outer loop
      vertex 66.708 -71.6451 32
      vertex 68.5019 -72.4644 35
      vertex 66.708 -71.6451 35
    endloop
  endfacet
  facet normal -0.415437 -0.909622 -0
    outer loop
      vertex 68.5019 -72.4644 35
      vertex 66.708 -71.6451 32
      vertex 68.5019 -72.4644 32
    endloop
  endfacet
  facet normal 1 0 0
    outer loop
      vertex 81 70.5 16
      vertex 81 69 6
      vertex 81 70.5 6
    endloop
  endfacet
  facet normal 1 -0 0
    outer loop
      vertex 81 67.5 16
      vertex 81 69 6
      vertex 81 70.5 16
    endloop
  endfacet
  facet normal 1 0 0
    outer loop
      vertex 81 69 6
      vertex 81 67.5 16
      vertex 81 67.5 6
    endloop
  endfacet
  facet normal 0 0 1
    outer loop
      vertex 81 70.5 16
      vertex 80.0769 69 16
      vertex 81 67.5 16
    endloop
  endfacet
  facet normal 0 -0 1
    outer loop
      vertex 80.0769 69 16
      vertex 81 70.5 16
      vertex 79.9193 70.5 16
    endloop
  endfacet
  facet normal 0 0 1
    outer loop
      vertex 81 67.5 16
      vertex 80.0769 69 16
      vertex 79.9193 67.5 16
    endloop
  endfacet
  facet normal 0 0 -1
    outer loop
      vertex 81 69 6
      vertex 80.8423 70.5 6
      vertex 81 70.5 6
    endloop
  endfacet
  facet normal 0 0 -1
    outer loop
      vertex 81 67.5 6
      vertex 80.8423 67.5 6
      vertex 81 69 6
    endloop
  endfacet
  facet normal 0 1 0
    outer loop
      vertex 81 70.5 16
      vertex 80.0144 70.5 13.5263
      vertex 79.9193 70.5 16
    endloop
  endfacet
  facet normal 0 1 0
    outer loop
      vertex 81 70.5 16
      vertex 80.8423 70.5 9
      vertex 80.0144 70.5 13.5263
    endloop
  endfacet
  facet normal 0 1 -0
    outer loop
      vertex 81 70.5 6
      vertex 80.8423 70.5 9
      vertex 81 70.5 16
    endloop
  endfacet
  facet normal 0 1 0
    outer loop
      vertex 80.8423 70.5 9
      vertex 81 70.5 6
      vertex 80.8423 70.5 6
    endloop
  endfacet
  facet normal 0 1 0
    outer loop
      vertex 80.0144 70.5 13.5263
      vertex 80.8423 70.5 9
      vertex 80.1885 70.5 9
    endloop
  endfacet
  facet normal 0 -1 0
    outer loop
      vertex 80.0144 67.5 13.5263
      vertex 81 67.5 16
      vertex 79.9193 67.5 16
    endloop
  endfacet
  facet normal 0 -1 0
    outer loop
      vertex 80.8423 67.5 9
      vertex 80.0144 67.5 13.5263
      vertex 80.1885 67.5 9
    endloop
  endfacet
  facet normal 0 -1 0
    outer loop
      vertex 80.0144 67.5 13.5263
      vertex 80.8423 67.5 9
      vertex 81 67.5 16
    endloop
  endfacet
  facet normal 0 -1 0
    outer loop
      vertex 81 67.5 6
      vertex 80.8423 67.5 9
      vertex 80.8423 67.5 6
    endloop
  endfacet
  facet normal 0 -1 0
    outer loop
      vertex 80.8423 67.5 9
      vertex 81 67.5 6
      vertex 81 67.5 16
    endloop
  endfacet
  facet normal 0 0 1
    outer loop
      vertex 78.5459 76.4246 16
      vertex 76.6594 76.9569 16
      vertex 77.8054 75.6841 16
    endloop
  endfacet
  facet normal 0 0 1
    outer loop
      vertex 76.4246 78.5459 16
      vertex 76.6594 76.9569 16
      vertex 78.5459 76.4246 16
    endloop
  endfacet
  facet normal 0 0 1
    outer loop
      vertex 76.4246 78.5459 16
      vertex 76.4119 77.2318 16
      vertex 76.6594 76.9569 16
    endloop
  endfacet
  facet normal 0 0 1
    outer loop
      vertex 76.4246 78.5459 16
      vertex 76.1127 77.4492 16
      vertex 76.4119 77.2318 16
    endloop
  endfacet
  facet normal 0 -0 1
    outer loop
      vertex 76.1127 77.4492 16
      vertex 76.4246 78.5459 16
      vertex 75.6581 77.7794 16
    endloop
  endfacet
  facet normal -0.706783 0.70743 0
    outer loop
      vertex 76.3153 78.4367 9
      vertex 76.4246 78.5459 6
      vertex 76.3153 78.4367 6
    endloop
  endfacet
  facet normal -0.706783 0.70743 0
    outer loop
      vertex 76.4246 78.5459 6
      vertex 76.3153 78.4367 9
      vertex 76.4246 78.5459 16
    endloop
  endfacet
  facet normal -0.707183 0.707031 -4.15939e-06
    outer loop
      vertex 75.7404 77.8617 12.9949
      vertex 76.3153 78.4367 9
      vertex 75.8498 77.9711 9
    endloop
  endfacet
  facet normal -0.707131 0.707083 1.08449e-05
    outer loop
      vertex 76.3153 78.4367 9
      vertex 75.7404 77.8617 12.9949
      vertex 76.4246 78.5459 16
    endloop
  endfacet
  facet normal -0.707107 0.707107 2.99921e-15
    outer loop
      vertex 76.4246 78.5459 16
      vertex 75.7404 77.8617 12.9949
      vertex 75.6581 77.7794 16
    endloop
  endfacet
  facet normal 0 0 -1
    outer loop
      vertex 77.0296 77.9177 6
      vertex 78.5459 76.4246 6
      vertex 78.4555 76.3341 6
    endloop
  endfacet
  facet normal 0 0 -1
    outer loop
      vertex 77.0296 77.9177 6
      vertex 76.4246 78.5459 6
      vertex 78.5459 76.4246 6
    endloop
  endfacet
  facet normal 0 -0 -1
    outer loop
      vertex 76.4246 78.5459 6
      vertex 77.0296 77.9177 6
      vertex 76.3153 78.4367 6
    endloop
  endfacet
  facet normal 0.707107 -0.707107 0
    outer loop
      vertex 77.995 75.8737 9
      vertex 78.5459 76.4246 16
      vertex 77.8054 75.6841 16
    endloop
  endfacet
  facet normal 0.70703 -0.707184 1.20859e-05
    outer loop
      vertex 78.4555 76.3341 9
      vertex 78.5459 76.4246 16
      vertex 77.995 75.8737 9
    endloop
  endfacet
  facet normal 0.707498 -0.706716 0
    outer loop
      vertex 78.5459 76.4246 6
      vertex 78.4555 76.3341 9
      vertex 78.4555 76.3341 6
    endloop
  endfacet
  facet normal 0.707498 -0.706716 0
    outer loop
      vertex 78.4555 76.3341 9
      vertex 78.5459 76.4246 6
      vertex 78.5459 76.4246 16
    endloop
  endfacet
  facet normal 0.707107 0.707107 0
    outer loop
      vertex 78.5459 76.4246 16
      vertex 76.4246 78.5459 6
      vertex 76.4246 78.5459 16
    endloop
  endfacet
  facet normal 0.707107 0.707107 0
    outer loop
      vertex 76.4246 78.5459 6
      vertex 78.5459 76.4246 16
      vertex 78.5459 76.4246 6
    endloop
  endfacet
  facet normal 0 0 1
    outer loop
      vertex 70.5 81 16
      vertex 70.1579 80.0162 16
      vertex 70.5 79.9435 16
    endloop
  endfacet
  facet normal 0 0 1
    outer loop
      vertex 70.5 81 16
      vertex 67.8421 80.0162 16
      vertex 70.1579 80.0162 16
    endloop
  endfacet
  facet normal -0 0 1
    outer loop
      vertex 67.5 81 16
      vertex 67.8421 80.0162 16
      vertex 70.5 81 16
    endloop
  endfacet
  facet normal 0 0 1
    outer loop
      vertex 67.8421 80.0162 16
      vertex 67.5 81 16
      vertex 67.5 79.9435 16
    endloop
  endfacet
  facet normal -1 0 0
    outer loop
      vertex 67.5 80.882 9
      vertex 67.5 81 6
      vertex 67.5 80.882 6
    endloop
  endfacet
  facet normal -1 0 0
    outer loop
      vertex 67.5 81 6
      vertex 67.5 80.882 9
      vertex 67.5 81 16
    endloop
  endfacet
  facet normal -1 0 0
    outer loop
      vertex 67.5 80.2173 9
      vertex 67.5 81 16
      vertex 67.5 80.882 9
    endloop
  endfacet
  facet normal -1 -0 0
    outer loop
      vertex 67.5 81 16
      vertex 67.5 80.2173 9
      vertex 67.5 79.9435 16
    endloop
  endfacet
  facet normal 0 0 -1
    outer loop
      vertex 70.2543 80.9343 6
      vertex 70.5 81 6
      vertex 70.5 80.882 6
    endloop
  endfacet
  facet normal 0 0 -1
    outer loop
      vertex 67.7457 80.9343 6
      vertex 70.5 81 6
      vertex 70.2543 80.9343 6
    endloop
  endfacet
  facet normal 0 0 -1
    outer loop
      vertex 67.7457 80.9343 6
      vertex 67.5 81 6
      vertex 70.5 81 6
    endloop
  endfacet
  facet normal 0 0 -1
    outer loop
      vertex 67.5 81 6
      vertex 67.7457 80.9343 6
      vertex 67.5 80.882 6
    endloop
  endfacet
  facet normal 1 0 0
    outer loop
      vertex 70.5 81 16
      vertex 70.5 80.882 9
      vertex 70.5 81 6
    endloop
  endfacet
  facet normal 1 0 0
    outer loop
      vertex 70.5 81 16
      vertex 70.5 80.2173 9
      vertex 70.5 80.882 9
    endloop
  endfacet
  facet normal 1 0 -0
    outer loop
      vertex 70.5 80.2173 9
      vertex 70.5 81 16
      vertex 70.5 79.9435 16
    endloop
  endfacet
  facet normal 1 0 0
    outer loop
      vertex 70.5 81 6
      vertex 70.5 80.882 9
      vertex 70.5 80.882 6
    endloop
  endfacet
  facet normal 0 1 -0
    outer loop
      vertex 70.5 81 6
      vertex 67.5 81 16
      vertex 70.5 81 16
    endloop
  endfacet
  facet normal 0 1 0
    outer loop
      vertex 67.5 81 16
      vertex 70.5 81 6
      vertex 67.5 81 6
    endloop
  endfacet
  facet normal 0 0 1
    outer loop
      vertex 61.5754 78.5459 16
      vertex 61.8873 77.4492 16
      vertex 62.3419 77.7794 16
    endloop
  endfacet
  facet normal 0 0 1
    outer loop
      vertex 61.5754 78.5459 16
      vertex 61.5881 77.2318 16
      vertex 61.8873 77.4492 16
    endloop
  endfacet
  facet normal 0 0 1
    outer loop
      vertex 61.5754 78.5459 16
      vertex 61.3406 76.9569 16
      vertex 61.5881 77.2318 16
    endloop
  endfacet
  facet normal 0 0 1
    outer loop
      vertex 59.4541 76.4246 16
      vertex 61.3406 76.9569 16
      vertex 61.5754 78.5459 16
    endloop
  endfacet
  facet normal 0 0 1
    outer loop
      vertex 61.3406 76.9569 16
      vertex 59.4541 76.4246 16
      vertex 60.1946 75.6841 16
    endloop
  endfacet
  facet normal -0.707498 -0.706716 -0
    outer loop
      vertex 59.5445 76.3341 9
      vertex 59.4541 76.4246 6
      vertex 59.5445 76.3341 6
    endloop
  endfacet
  facet normal -0.707498 -0.706716 0
    outer loop
      vertex 59.4541 76.4246 6
      vertex 59.5445 76.3341 9
      vertex 59.4541 76.4246 16
    endloop
  endfacet
  facet normal -0.70703 -0.707184 1.20859e-05
    outer loop
      vertex 60.005 75.8737 9
      vertex 59.4541 76.4246 16
      vertex 59.5445 76.3341 9
    endloop
  endfacet
  facet normal -0.707107 -0.707107 -1.89314e-16
    outer loop
      vertex 59.4541 76.4246 16
      vertex 60.005 75.8737 9
      vertex 60.1946 75.6841 16
    endloop
  endfacet
  facet normal 0 0 -1
    outer loop
      vertex 60.9704 77.9177 6
      vertex 61.5754 78.5459 6
      vertex 61.6847 78.4367 6
    endloop
  endfacet
  facet normal -0 0 -1
    outer loop
      vertex 60.9704 77.9177 6
      vertex 59.4541 76.4246 6
      vertex 61.5754 78.5459 6
    endloop
  endfacet
  facet normal 0 0 -1
    outer loop
      vertex 59.4541 76.4246 6
      vertex 60.9704 77.9177 6
      vertex 59.5445 76.3341 6
    endloop
  endfacet
  facet normal 0.706783 0.70743 0
    outer loop
      vertex 61.5754 78.5459 16
      vertex 61.6847 78.4367 9
      vertex 61.5754 78.5459 6
    endloop
  endfacet
  facet normal 0.707131 0.707083 1.08449e-05
    outer loop
      vertex 62.2596 77.8617 12.9949
      vertex 61.6847 78.4367 9
      vertex 61.5754 78.5459 16
    endloop
  endfacet
  facet normal 0.707183 0.707031 -4.15939e-06
    outer loop
      vertex 61.6847 78.4367 9
      vertex 62.2596 77.8617 12.9949
      vertex 62.1502 77.9711 9
    endloop
  endfacet
  facet normal 0.707107 0.707107 -1.8106e-16
    outer loop
      vertex 62.2596 77.8617 12.9949
      vertex 61.5754 78.5459 16
      vertex 62.3419 77.7794 16
    endloop
  endfacet
  facet normal 0.706783 0.70743 0
    outer loop
      vertex 61.5754 78.5459 6
      vertex 61.6847 78.4367 9
      vertex 61.6847 78.4367 6
    endloop
  endfacet
  facet normal -0.707107 0.707107 0
    outer loop
      vertex 59.4541 76.4246 6
      vertex 61.5754 78.5459 16
      vertex 61.5754 78.5459 6
    endloop
  endfacet
  facet normal -0.707107 0.707107 0
    outer loop
      vertex 61.5754 78.5459 16
      vertex 59.4541 76.4246 6
      vertex 59.4541 76.4246 16
    endloop
  endfacet
  facet normal 0 0 1
    outer loop
      vertex 58.0807 70.5 16
      vertex 57 70.5 16
      vertex 57.9231 69 16
    endloop
  endfacet
  facet normal 0 0 1
    outer loop
      vertex 57 67.5 16
      vertex 57.9231 69 16
      vertex 57 70.5 16
    endloop
  endfacet
  facet normal 0 0 1
    outer loop
      vertex 57.9231 69 16
      vertex 57 67.5 16
      vertex 58.0807 67.5 16
    endloop
  endfacet
  facet normal -1 0 0
    outer loop
      vertex 57 69 6
      vertex 57 70.5 16
      vertex 57 70.5 6
    endloop
  endfacet
  facet normal -1 0 0
    outer loop
      vertex 57 67.5 16
      vertex 57 69 6
      vertex 57 67.5 6
    endloop
  endfacet
  facet normal -1 0 0
    outer loop
      vertex 57 69 6
      vertex 57 67.5 16
      vertex 57 70.5 16
    endloop
  endfacet
  facet normal 0 -1 0
    outer loop
      vertex 57 67.5 16
      vertex 57.9856 67.5 13.5263
      vertex 58.0807 67.5 16
    endloop
  endfacet
  facet normal 0 -1 0
    outer loop
      vertex 57 67.5 16
      vertex 57.1577 67.5 9
      vertex 57.9856 67.5 13.5263
    endloop
  endfacet
  facet normal 0 -1 0
    outer loop
      vertex 57 67.5 6
      vertex 57.1577 67.5 9
      vertex 57 67.5 16
    endloop
  endfacet
  facet normal 0 -1 -0
    outer loop
      vertex 57.1577 67.5 9
      vertex 57 67.5 6
      vertex 57.1577 67.5 6
    endloop
  endfacet
  facet normal 0 -1 0
    outer loop
      vertex 57.9856 67.5 13.5263
      vertex 57.1577 67.5 9
      vertex 57.8115 67.5 9
    endloop
  endfacet
  facet normal 0 0 -1
    outer loop
      vertex 57.1577 67.5 6
      vertex 57 67.5 6
      vertex 57 69 6
    endloop
  endfacet
  facet normal -0 0 -1
    outer loop
      vertex 57.1577 70.5 6
      vertex 57 69 6
      vertex 57 70.5 6
    endloop
  endfacet
  facet normal 0 1 -0
    outer loop
      vertex 57.9856 70.5 13.5263
      vertex 57 70.5 16
      vertex 58.0807 70.5 16
    endloop
  endfacet
  facet normal 0 1 0
    outer loop
      vertex 57.1577 70.5 9
      vertex 57.9856 70.5 13.5263
      vertex 57.8115 70.5 9
    endloop
  endfacet
  facet normal 0 1 0
    outer loop
      vertex 57.9856 70.5 13.5263
      vertex 57.1577 70.5 9
      vertex 57 70.5 16
    endloop
  endfacet
  facet normal 0 1 0
    outer loop
      vertex 57 70.5 6
      vertex 57.1577 70.5 9
      vertex 57.1577 70.5 6
    endloop
  endfacet
  facet normal 0 1 0
    outer loop
      vertex 57.1577 70.5 9
      vertex 57 70.5 6
      vertex 57 70.5 16
    endloop
  endfacet
  facet normal -0.707107 -0.707107 0
    outer loop
      vertex 61.5754 59.4541 6
      vertex 59.4541 61.5754 16
      vertex 59.4541 61.5754 6
    endloop
  endfacet
  facet normal -0.707107 -0.707107 0
    outer loop
      vertex 59.4541 61.5754 16
      vertex 61.5754 59.4541 6
      vertex 61.5754 59.4541 16
    endloop
  endfacet
  facet normal 0 0 1
    outer loop
      vertex 61.8873 60.5508 16
      vertex 61.5754 59.4541 16
      vertex 62.3419 60.2206 16
    endloop
  endfacet
  facet normal 0 0 1
    outer loop
      vertex 61.5881 60.7682 16
      vertex 61.5754 59.4541 16
      vertex 61.8873 60.5508 16
    endloop
  endfacet
  facet normal 0 0 1
    outer loop
      vertex 61.3406 61.0431 16
      vertex 61.5754 59.4541 16
      vertex 61.5881 60.7682 16
    endloop
  endfacet
  facet normal -0 0 1
    outer loop
      vertex 59.4541 61.5754 16
      vertex 61.3406 61.0431 16
      vertex 60.1946 62.3159 16
    endloop
  endfacet
  facet normal 0 0 1
    outer loop
      vertex 61.3406 61.0431 16
      vertex 59.4541 61.5754 16
      vertex 61.5754 59.4541 16
    endloop
  endfacet
  facet normal 0 0 -1
    outer loop
      vertex 61.5754 59.4541 6
      vertex 60.9704 60.0823 6
      vertex 61.6847 59.5633 6
    endloop
  endfacet
  facet normal 0 0 -1
    outer loop
      vertex 60.9704 60.0823 6
      vertex 59.4541 61.5754 6
      vertex 59.5445 61.6659 6
    endloop
  endfacet
  facet normal 0 0 -1
    outer loop
      vertex 59.4541 61.5754 6
      vertex 60.9704 60.0823 6
      vertex 61.5754 59.4541 6
    endloop
  endfacet
  facet normal 0.707107 -0.707107 -1.67001e-15
    outer loop
      vertex 61.5754 59.4541 16
      vertex 62.2596 60.1383 12.9949
      vertex 62.3419 60.2206 16
    endloop
  endfacet
  facet normal 0.707131 -0.707083 1.08449e-05
    outer loop
      vertex 61.6847 59.5633 9
      vertex 62.2596 60.1383 12.9949
      vertex 61.5754 59.4541 16
    endloop
  endfacet
  facet normal 0.707183 -0.707031 -4.15939e-06
    outer loop
      vertex 62.2596 60.1383 12.9949
      vertex 61.6847 59.5633 9
      vertex 62.1502 60.0289 9
    endloop
  endfacet
  facet normal 0.706783 -0.70743 0
    outer loop
      vertex 61.5754 59.4541 6
      vertex 61.6847 59.5633 9
      vertex 61.5754 59.4541 16
    endloop
  endfacet
  facet normal 0.706783 -0.70743 0
    outer loop
      vertex 61.6847 59.5633 9
      vertex 61.5754 59.4541 6
      vertex 61.6847 59.5633 6
    endloop
  endfacet
  facet normal -0.707498 0.706716 0
    outer loop
      vertex 59.5445 61.6659 6
      vertex 59.4541 61.5754 6
      vertex 59.5445 61.6659 9
    endloop
  endfacet
  facet normal -0.70703 0.707184 1.20859e-05
    outer loop
      vertex 59.4541 61.5754 16
      vertex 60.005 62.1263 9
      vertex 59.5445 61.6659 9
    endloop
  endfacet
  facet normal -0.707107 0.707107 -1.83634e-16
    outer loop
      vertex 60.005 62.1263 9
      vertex 59.4541 61.5754 16
      vertex 60.1946 62.3159 16
    endloop
  endfacet
  facet normal -0.707498 0.706716 0
    outer loop
      vertex 59.4541 61.5754 16
      vertex 59.5445 61.6659 9
      vertex 59.4541 61.5754 6
    endloop
  endfacet
  facet normal 0 -1 0
    outer loop
      vertex 67.5 57 6
      vertex 70.5 57 16
      vertex 67.5 57 16
    endloop
  endfacet
  facet normal 0 -1 -0
    outer loop
      vertex 70.5 57 16
      vertex 67.5 57 6
      vertex 70.5 57 6
    endloop
  endfacet
  facet normal -0 0 1
    outer loop
      vertex 70.1579 57.9838 16
      vertex 70.5 57 16
      vertex 70.5 58.0565 16
    endloop
  endfacet
  facet normal -0 0 1
    outer loop
      vertex 67.8421 57.9838 16
      vertex 70.5 57 16
      vertex 70.1579 57.9838 16
    endloop
  endfacet
  facet normal 0 0 1
    outer loop
      vertex 67.5 57 16
      vertex 67.8421 57.9838 16
      vertex 67.5 58.0565 16
    endloop
  endfacet
  facet normal 0 0 1
    outer loop
      vertex 67.8421 57.9838 16
      vertex 67.5 57 16
      vertex 70.5 57 16
    endloop
  endfacet
  facet normal 0 0 -1
    outer loop
      vertex 70.5 57 6
      vertex 70.2543 57.0657 6
      vertex 70.5 57.118 6
    endloop
  endfacet
  facet normal 0 0 -1
    outer loop
      vertex 70.5 57 6
      vertex 67.7457 57.0657 6
      vertex 70.2543 57.0657 6
    endloop
  endfacet
  facet normal 0 0 -1
    outer loop
      vertex 67.5 57 6
      vertex 67.7457 57.0657 6
      vertex 70.5 57 6
    endloop
  endfacet
  facet normal -0 0 -1
    outer loop
      vertex 67.7457 57.0657 6
      vertex 67.5 57 6
      vertex 67.5 57.118 6
    endloop
  endfacet
  facet normal 1 -0 0
    outer loop
      vertex 70.5 57 16
      vertex 70.5 57.7827 9
      vertex 70.5 58.0565 16
    endloop
  endfacet
  facet normal 1 0 0
    outer loop
      vertex 70.5 57.7827 9
      vertex 70.5 57 16
      vertex 70.5 57.118 9
    endloop
  endfacet
  facet normal 1 0 0
    outer loop
      vertex 70.5 57 6
      vertex 70.5 57.118 9
      vertex 70.5 57 16
    endloop
  endfacet
  facet normal 1 0 0
    outer loop
      vertex 70.5 57.118 9
      vertex 70.5 57 6
      vertex 70.5 57.118 6
    endloop
  endfacet
  facet normal -1 0 0
    outer loop
      vertex 67.5 57.118 6
      vertex 67.5 57 6
      vertex 67.5 57.118 9
    endloop
  endfacet
  facet normal -1 0 0
    outer loop
      vertex 67.5 57 16
      vertex 67.5 57.7827 9
      vertex 67.5 57.118 9
    endloop
  endfacet
  facet normal -1 0 0
    outer loop
      vertex 67.5 57.7827 9
      vertex 67.5 57 16
      vertex 67.5 58.0565 16
    endloop
  endfacet
  facet normal -1 0 0
    outer loop
      vertex 67.5 57 16
      vertex 67.5 57.118 9
      vertex 67.5 57 6
    endloop
  endfacet
  facet normal 0.707107 -0.707107 0
    outer loop
      vertex 76.4246 59.4541 6
      vertex 78.5459 61.5754 16
      vertex 76.4246 59.4541 16
    endloop
  endfacet
  facet normal 0.707107 -0.707107 0
    outer loop
      vertex 78.5459 61.5754 16
      vertex 76.4246 59.4541 6
      vertex 78.5459 61.5754 6
    endloop
  endfacet
  facet normal 0 0 1
    outer loop
      vertex 76.6594 61.0431 16
      vertex 78.5459 61.5754 16
      vertex 77.8054 62.3159 16
    endloop
  endfacet
  facet normal -0 0 1
    outer loop
      vertex 76.6594 61.0431 16
      vertex 76.4246 59.4541 16
      vertex 78.5459 61.5754 16
    endloop
  endfacet
  facet normal -0 0 1
    outer loop
      vertex 76.4119 60.7682 16
      vertex 76.4246 59.4541 16
      vertex 76.6594 61.0431 16
    endloop
  endfacet
  facet normal -0 0 1
    outer loop
      vertex 76.1127 60.5508 16
      vertex 76.4246 59.4541 16
      vertex 76.4119 60.7682 16
    endloop
  endfacet
  facet normal 0 0 1
    outer loop
      vertex 76.4246 59.4541 16
      vertex 76.1127 60.5508 16
      vertex 75.6581 60.2206 16
    endloop
  endfacet
  facet normal -0 0 -1
    outer loop
      vertex 78.5459 61.5754 6
      vertex 77.0296 60.0823 6
      vertex 78.4555 61.6659 6
    endloop
  endfacet
  facet normal 0 0 -1
    outer loop
      vertex 76.4246 59.4541 6
      vertex 77.0296 60.0823 6
      vertex 78.5459 61.5754 6
    endloop
  endfacet
  facet normal 0 0 -1
    outer loop
      vertex 77.0296 60.0823 6
      vertex 76.4246 59.4541 6
      vertex 76.3153 59.5633 6
    endloop
  endfacet
  facet normal 0.70703 0.707184 1.20859e-05
    outer loop
      vertex 77.995 62.1263 9
      vertex 78.5459 61.5754 16
      vertex 78.4555 61.6659 9
    endloop
  endfacet
  facet normal 0.707498 0.706716 -0
    outer loop
      vertex 78.5459 61.5754 6
      vertex 78.4555 61.6659 9
      vertex 78.5459 61.5754 16
    endloop
  endfacet
  facet normal 0.707498 0.706716 0
    outer loop
      vertex 78.4555 61.6659 9
      vertex 78.5459 61.5754 6
      vertex 78.4555 61.6659 6
    endloop
  endfacet
  facet normal 0.707107 0.707107 0
    outer loop
      vertex 78.5459 61.5754 16
      vertex 77.995 62.1263 9
      vertex 77.8054 62.3159 16
    endloop
  endfacet
  facet normal -0.707107 -0.707107 1.49321e-15
    outer loop
      vertex 75.7404 60.1383 12.9949
      vertex 76.4246 59.4541 16
      vertex 75.6581 60.2206 16
    endloop
  endfacet
  facet normal -0.707183 -0.707031 -4.15939e-06
    outer loop
      vertex 76.3153 59.5633 9
      vertex 75.7404 60.1383 12.9949
      vertex 75.8498 60.0289 9
    endloop
  endfacet
  facet normal -0.707131 -0.707083 1.08449e-05
    outer loop
      vertex 75.7404 60.1383 12.9949
      vertex 76.3153 59.5633 9
      vertex 76.4246 59.4541 16
    endloop
  endfacet
  facet normal -0.706783 -0.70743 0
    outer loop
      vertex 76.4246 59.4541 6
      vertex 76.3153 59.5633 9
      vertex 76.3153 59.5633 6
    endloop
  endfacet
  facet normal -0.706783 -0.70743 0
    outer loop
      vertex 76.3153 59.5633 9
      vertex 76.4246 59.4541 6
      vertex 76.4246 59.4541 16
    endloop
  endfacet
  facet normal -0.30904 -0.951049 0
    outer loop
      vertex 76.3932 68.5592 0
      vertex 77.2318 68.2867 5
      vertex 76.3932 68.5592 5
    endloop
  endfacet
  facet normal -0.30904 -0.951049 -0
    outer loop
      vertex 77.2318 68.2867 5
      vertex 76.3932 68.5592 0
      vertex 77.2318 68.2867 0
    endloop
  endfacet
  facet normal -0.30904 0.951049 0
    outer loop
      vertex 77.2318 69.7133 0
      vertex 76.3932 69.4408 5
      vertex 77.2318 69.7133 5
    endloop
  endfacet
  facet normal -0.30904 0.951049 0
    outer loop
      vertex 76.3932 69.4408 5
      vertex 77.2318 69.7133 0
      vertex 76.3932 69.4408 0
    endloop
  endfacet
  facet normal 0.80904 0.587753 0
    outer loop
      vertex 77.75 69 5
      vertex 77.2318 69.7133 0
      vertex 77.2318 69.7133 5
    endloop
  endfacet
  facet normal 0.80904 0.587753 0
    outer loop
      vertex 77.2318 69.7133 0
      vertex 77.75 69 5
      vertex 77.75 69 0
    endloop
  endfacet
  facet normal -1 0 0
    outer loop
      vertex 76.3932 68.5592 0
      vertex 76.3932 69.4408 5
      vertex 76.3932 69.4408 0
    endloop
  endfacet
  facet normal -1 -0 0
    outer loop
      vertex 76.3932 69.4408 5
      vertex 76.3932 68.5592 0
      vertex 76.3932 68.5592 5
    endloop
  endfacet
  facet normal 0.80904 -0.587753 0
    outer loop
      vertex 77.2318 68.2867 5
      vertex 77.75 69 0
      vertex 77.75 69 5
    endloop
  endfacet
  facet normal 0.80904 -0.587753 0
    outer loop
      vertex 77.75 69 0
      vertex 77.2318 68.2867 5
      vertex 77.2318 68.2867 0
    endloop
  endfacet
  facet normal 0 0 -1
    outer loop
      vertex 77.2318 68.2867 0
      vertex 77.2318 69.7133 0
      vertex 77.75 69 0
    endloop
  endfacet
  facet normal 0 0 -1
    outer loop
      vertex 76.3932 68.5592 0
      vertex 77.2318 69.7133 0
      vertex 77.2318 68.2867 0
    endloop
  endfacet
  facet normal 0 0 -1
    outer loop
      vertex 77.2318 69.7133 0
      vertex 76.3932 68.5592 0
      vertex 76.3932 69.4408 0
    endloop
  endfacet
  facet normal -0.669165 -0.743114 0
    outer loop
      vertex 64.2664 75.7723 0
      vertex 64.9216 75.1823 5
      vertex 64.2664 75.7723 5
    endloop
  endfacet
  facet normal -0.669165 -0.743114 -0
    outer loop
      vertex 64.9216 75.1823 5
      vertex 64.2664 75.7723 0
      vertex 64.9216 75.1823 0
    endloop
  endfacet
  facet normal -0.91354 0.406749 0
    outer loop
      vertex 64.2664 75.7723 0
      vertex 64.625 76.5777 5
      vertex 64.625 76.5777 0
    endloop
  endfacet
  facet normal -0.91354 0.406749 0
    outer loop
      vertex 64.625 76.5777 5
      vertex 64.2664 75.7723 0
      vertex 64.2664 75.7723 5
    endloop
  endfacet
  facet normal 0.50003 -0.866008 0
    outer loop
      vertex 64.9216 75.1823 0
      vertex 65.6852 75.6232 5
      vertex 64.9216 75.1823 5
    endloop
  endfacet
  facet normal 0.50003 -0.866008 0
    outer loop
      vertex 65.6852 75.6232 5
      vertex 64.9216 75.1823 0
      vertex 65.6852 75.6232 0
    endloop
  endfacet
  facet normal 0.978127 0.208011 0
    outer loop
      vertex 65.6852 75.6232 5
      vertex 65.5018 76.4856 0
      vertex 65.5018 76.4856 5
    endloop
  endfacet
  facet normal 0.978127 0.208011 0
    outer loop
      vertex 65.5018 76.4856 0
      vertex 65.6852 75.6232 5
      vertex 65.6852 75.6232 0
    endloop
  endfacet
  facet normal 0.104466 0.994528 -0
    outer loop
      vertex 65.5018 76.4856 0
      vertex 64.625 76.5777 5
      vertex 65.5018 76.4856 5
    endloop
  endfacet
  facet normal 0.104466 0.994528 0
    outer loop
      vertex 64.625 76.5777 5
      vertex 65.5018 76.4856 0
      vertex 64.625 76.5777 0
    endloop
  endfacet
  facet normal 0 0 -1
    outer loop
      vertex 64.9216 75.1823 0
      vertex 65.5018 76.4856 0
      vertex 65.6852 75.6232 0
    endloop
  endfacet
  facet normal 0 0 -1
    outer loop
      vertex 64.9216 75.1823 0
      vertex 64.625 76.5777 0
      vertex 65.5018 76.4856 0
    endloop
  endfacet
  facet normal 0 -0 -1
    outer loop
      vertex 64.625 76.5777 0
      vertex 64.9216 75.1823 0
      vertex 64.2664 75.7723 0
    endloop
  endfacet
  facet normal 0.104466 -0.994528 0
    outer loop
      vertex 64.625 61.4223 0
      vertex 65.5018 61.5144 5
      vertex 64.625 61.4223 5
    endloop
  endfacet
  facet normal 0.104466 -0.994528 0
    outer loop
      vertex 65.5018 61.5144 5
      vertex 64.625 61.4223 0
      vertex 65.5018 61.5144 0
    endloop
  endfacet
  facet normal 0.978131 -0.207988 0
    outer loop
      vertex 65.5018 61.5144 5
      vertex 65.6852 62.3769 0
      vertex 65.6852 62.3769 5
    endloop
  endfacet
  facet normal 0.978131 -0.207988 0
    outer loop
      vertex 65.6852 62.3769 0
      vertex 65.5018 61.5144 5
      vertex 65.5018 61.5144 0
    endloop
  endfacet
  facet normal 0.499945 0.866057 -0
    outer loop
      vertex 65.6852 62.3769 0
      vertex 64.9216 62.8177 5
      vertex 65.6852 62.3769 5
    endloop
  endfacet
  facet normal 0.499945 0.866057 0
    outer loop
      vertex 64.9216 62.8177 5
      vertex 65.6852 62.3769 0
      vertex 64.9216 62.8177 0
    endloop
  endfacet
  facet normal -0.669165 0.743114 0
    outer loop
      vertex 64.9216 62.8177 0
      vertex 64.2664 62.2277 5
      vertex 64.9216 62.8177 5
    endloop
  endfacet
  facet normal -0.669165 0.743114 0
    outer loop
      vertex 64.2664 62.2277 5
      vertex 64.9216 62.8177 0
      vertex 64.2664 62.2277 0
    endloop
  endfacet
  facet normal -0.91354 -0.406749 0
    outer loop
      vertex 64.625 61.4223 0
      vertex 64.2664 62.2277 5
      vertex 64.2664 62.2277 0
    endloop
  endfacet
  facet normal -0.91354 -0.406749 0
    outer loop
      vertex 64.2664 62.2277 5
      vertex 64.625 61.4223 0
      vertex 64.625 61.4223 5
    endloop
  endfacet
  facet normal 0 0 -1
    outer loop
      vertex 65.5018 61.5144 0
      vertex 64.9216 62.8177 0
      vertex 65.6852 62.3769 0
    endloop
  endfacet
  facet normal 0 0 -1
    outer loop
      vertex 64.625 61.4223 0
      vertex 64.9216 62.8177 0
      vertex 65.5018 61.5144 0
    endloop
  endfacet
  facet normal 0 0 -1
    outer loop
      vertex 64.9216 62.8177 0
      vertex 64.625 61.4223 0
      vertex 64.2664 62.2277 0
    endloop
  endfacet
  facet normal 0.406745 0.913542 -0
    outer loop
      vertex 75 79.3923 5
      vertex 72.7082 80.4127 9
      vertex 75 79.3923 9
    endloop
  endfacet
  facet normal 0.406745 0.913542 0
    outer loop
      vertex 72.7082 80.4127 9
      vertex 75 79.3923 5
      vertex 72.7082 80.4127 5
    endloop
  endfacet
  facet normal 0.951048 0.309044 0
    outer loop
      vertex 80.7378 71.4949 9
      vertex 79.9625 73.8808 5
      vertex 79.9625 73.8808 9
    endloop
  endfacet
  facet normal 0.951048 0.309044 0
    outer loop
      vertex 79.9625 73.8808 5
      vertex 80.7378 71.4949 9
      vertex 80.7378 71.4949 5
    endloop
  endfacet
  facet normal 0.994529 0.104461 -0
    outer loop
      vertex 80.8423 70.5 6
      vertex 80.7378 71.4949 9
      vertex 80.8423 70.5 9
    endloop
  endfacet
  facet normal 0.994529 0.104461 0
    outer loop
      vertex 80.7378 71.4949 9
      vertex 80.8423 70.5 6
      vertex 80.7378 71.4949 5
    endloop
  endfacet
  facet normal 0.994519 0.104557 -0
    outer loop
      vertex 81 69 5
      vertex 80.8423 70.5 6
      vertex 81 69 6
    endloop
  endfacet
  facet normal 0.994523 0.104519 5.80912e-05
    outer loop
      vertex 80.8423 70.5 6
      vertex 81 69 5
      vertex 80.7378 71.4949 5
    endloop
  endfacet
  facet normal 0.866034 0.499985 0
    outer loop
      vertex 79.9625 73.8808 9
      vertex 78.7082 76.0534 5
      vertex 78.7082 76.0534 9
    endloop
  endfacet
  facet normal 0.866034 0.499985 0
    outer loop
      vertex 78.7082 76.0534 5
      vertex 79.9625 73.8808 9
      vertex 79.9625 73.8808 5
    endloop
  endfacet
  facet normal 0.951048 -0.309044 0
    outer loop
      vertex 79.9625 64.1192 9
      vertex 80.7378 66.5051 5
      vertex 80.7378 66.5051 9
    endloop
  endfacet
  facet normal 0.951048 -0.309044 0
    outer loop
      vertex 80.7378 66.5051 5
      vertex 79.9625 64.1192 9
      vertex 79.9625 64.1192 5
    endloop
  endfacet
  facet normal 0 0 -1
    outer loop
      vertex 64.9216 62.8177 5
      vertex 65.6852 75.6232 5
      vertex 65.6852 62.3769 5
    endloop
  endfacet
  facet normal 0 0 -1
    outer loop
      vertex 64.9216 62.8177 5
      vertex 64.9216 75.1823 5
      vertex 65.6852 75.6232 5
    endloop
  endfacet
  facet normal 0 0 -1
    outer loop
      vertex 58.0375 64.1192 5
      vertex 64.9216 62.8177 5
      vertex 64.2664 62.2277 5
    endloop
  endfacet
  facet normal 0 0 -1
    outer loop
      vertex 64.9216 62.8177 5
      vertex 57 69 5
      vertex 64.9216 75.1823 5
    endloop
  endfacet
  facet normal 0 0 -1
    outer loop
      vertex 65.5018 76.4856 5
      vertex 70.2543 80.9343 5
      vertex 65.6852 75.6232 5
    endloop
  endfacet
  facet normal -0 0 -1
    outer loop
      vertex 70.2543 80.9343 5
      vertex 65.5018 76.4856 5
      vertex 67.7457 80.9343 5
    endloop
  endfacet
  facet normal 0 0 -1
    outer loop
      vertex 65.5018 76.4856 5
      vertex 65.2918 80.4127 5
      vertex 67.7457 80.9343 5
    endloop
  endfacet
  facet normal 0 0 -1
    outer loop
      vertex 64.625 76.5777 5
      vertex 65.2918 80.4127 5
      vertex 65.5018 76.4856 5
    endloop
  endfacet
  facet normal 0 0 -1
    outer loop
      vertex 60.9704 77.9177 5
      vertex 64.625 76.5777 5
      vertex 64.2664 75.7723 5
    endloop
  endfacet
  facet normal 0 0 -1
    outer loop
      vertex 64.625 76.5777 5
      vertex 63 79.3923 5
      vertex 65.2918 80.4127 5
    endloop
  endfacet
  facet normal 0 0 -1
    outer loop
      vertex 59.2918 61.9466 5
      vertex 64.2664 62.2277 5
      vertex 60.9704 60.0823 5
    endloop
  endfacet
  facet normal 0 0 -1
    outer loop
      vertex 58.0375 64.1192 5
      vertex 64.2664 62.2277 5
      vertex 59.2918 61.9466 5
    endloop
  endfacet
  facet normal 0 0 -1
    outer loop
      vertex 64.625 76.5777 5
      vertex 60.9704 77.9177 5
      vertex 63 79.3923 5
    endloop
  endfacet
  facet normal 0 0 -1
    outer loop
      vertex 64.9216 62.8177 5
      vertex 58.0375 64.1192 5
      vertex 57.2622 66.5051 5
    endloop
  endfacet
  facet normal 0 0 -1
    outer loop
      vertex 64.2664 75.7723 5
      vertex 59.2918 76.0534 5
      vertex 60.9704 77.9177 5
    endloop
  endfacet
  facet normal 0 0 -1
    outer loop
      vertex 64.9216 62.8177 5
      vertex 57.2622 66.5051 5
      vertex 57 69 5
    endloop
  endfacet
  facet normal -0 0 -1
    outer loop
      vertex 64.2664 75.7723 5
      vertex 58.0375 73.8808 5
      vertex 59.2918 76.0534 5
    endloop
  endfacet
  facet normal 0 -0 -1
    outer loop
      vertex 57.2622 71.4949 5
      vertex 64.9216 75.1823 5
      vertex 57 69 5
    endloop
  endfacet
  facet normal -0 0 -1
    outer loop
      vertex 64.9216 75.1823 5
      vertex 58.0375 73.8808 5
      vertex 64.2664 75.7723 5
    endloop
  endfacet
  facet normal 0 -0 -1
    outer loop
      vertex 58.0375 73.8808 5
      vertex 64.9216 75.1823 5
      vertex 57.2622 71.4949 5
    endloop
  endfacet
  facet normal 0 0 -1
    outer loop
      vertex 77.75 69 5
      vertex 81 69 5
      vertex 80.7378 66.5051 5
    endloop
  endfacet
  facet normal 0 0 -1
    outer loop
      vertex 77.2318 68.2867 5
      vertex 80.7378 66.5051 5
      vertex 79.9625 64.1192 5
    endloop
  endfacet
  facet normal 0 0 -1
    outer loop
      vertex 81 69 5
      vertex 77.75 69 5
      vertex 80.7378 71.4949 5
    endloop
  endfacet
  facet normal 0 0 -1
    outer loop
      vertex 77.2318 68.2867 5
      vertex 79.9625 64.1192 5
      vertex 78.7082 61.9466 5
    endloop
  endfacet
  facet normal 0 0 -1
    outer loop
      vertex 77.2318 69.7133 5
      vertex 80.7378 71.4949 5
      vertex 77.75 69 5
    endloop
  endfacet
  facet normal -0 0 -1
    outer loop
      vertex 80.7378 71.4949 5
      vertex 77.2318 69.7133 5
      vertex 79.9625 73.8808 5
    endloop
  endfacet
  facet normal 0 0 -1
    outer loop
      vertex 80.7378 66.5051 5
      vertex 77.2318 68.2867 5
      vertex 77.75 69 5
    endloop
  endfacet
  facet normal 0 0 -1
    outer loop
      vertex 76.3932 68.5592 5
      vertex 78.7082 61.9466 5
      vertex 77.0296 60.0823 5
    endloop
  endfacet
  facet normal 0 0 -1
    outer loop
      vertex 78.7082 61.9466 5
      vertex 76.3932 68.5592 5
      vertex 77.2318 68.2867 5
    endloop
  endfacet
  facet normal 0 0 -1
    outer loop
      vertex 65.6852 62.3769 5
      vertex 76.3932 68.5592 5
      vertex 75 58.6077 5
    endloop
  endfacet
  facet normal 0 0 -1
    outer loop
      vertex 75 58.6077 5
      vertex 76.3932 68.5592 5
      vertex 77.0296 60.0823 5
    endloop
  endfacet
  facet normal -0 0 -1
    outer loop
      vertex 79.9625 73.8808 5
      vertex 77.2318 69.7133 5
      vertex 78.7082 76.0534 5
    endloop
  endfacet
  facet normal 0 0 -1
    outer loop
      vertex 76.3932 69.4408 5
      vertex 78.7082 76.0534 5
      vertex 77.2318 69.7133 5
    endloop
  endfacet
  facet normal -0 0 -1
    outer loop
      vertex 78.7082 76.0534 5
      vertex 76.3932 69.4408 5
      vertex 77.0296 77.9177 5
    endloop
  endfacet
  facet normal -0 0 -1
    outer loop
      vertex 76.3932 68.5592 5
      vertex 65.6852 62.3769 5
      vertex 76.3932 69.4408 5
    endloop
  endfacet
  facet normal 0 0 -1
    outer loop
      vertex 65.6852 75.6232 5
      vertex 76.3932 69.4408 5
      vertex 65.6852 62.3769 5
    endloop
  endfacet
  facet normal 0 0 -1
    outer loop
      vertex 65.6852 62.3769 5
      vertex 75 58.6077 5
      vertex 72.7082 57.5873 5
    endloop
  endfacet
  facet normal 0 0 -1
    outer loop
      vertex 76.3932 69.4408 5
      vertex 75 79.3923 5
      vertex 77.0296 77.9177 5
    endloop
  endfacet
  facet normal 0 0 -1
    outer loop
      vertex 65.6852 62.3769 5
      vertex 72.7082 57.5873 5
      vertex 70.2543 57.0657 5
    endloop
  endfacet
  facet normal 0 0 -1
    outer loop
      vertex 65.6852 75.6232 5
      vertex 75 79.3923 5
      vertex 76.3932 69.4408 5
    endloop
  endfacet
  facet normal 0 0 -1
    outer loop
      vertex 65.5018 61.5144 5
      vertex 70.2543 57.0657 5
      vertex 67.7457 57.0657 5
    endloop
  endfacet
  facet normal -0 0 -1
    outer loop
      vertex 75 79.3923 5
      vertex 65.6852 75.6232 5
      vertex 72.7082 80.4127 5
    endloop
  endfacet
  facet normal -0 0 -1
    outer loop
      vertex 72.7082 80.4127 5
      vertex 65.6852 75.6232 5
      vertex 70.2543 80.9343 5
    endloop
  endfacet
  facet normal 0 0 -1
    outer loop
      vertex 70.2543 57.0657 5
      vertex 65.5018 61.5144 5
      vertex 65.6852 62.3769 5
    endloop
  endfacet
  facet normal 0 0 -1
    outer loop
      vertex 65.2918 57.5873 5
      vertex 65.5018 61.5144 5
      vertex 67.7457 57.0657 5
    endloop
  endfacet
  facet normal 0 0 -1
    outer loop
      vertex 65.2918 57.5873 5
      vertex 64.625 61.4223 5
      vertex 65.5018 61.5144 5
    endloop
  endfacet
  facet normal 0 0 -1
    outer loop
      vertex 63 58.6077 5
      vertex 64.625 61.4223 5
      vertex 65.2918 57.5873 5
    endloop
  endfacet
  facet normal -0 0 -1
    outer loop
      vertex 64.625 61.4223 5
      vertex 60.9704 60.0823 5
      vertex 64.2664 62.2277 5
    endloop
  endfacet
  facet normal 0 0 -1
    outer loop
      vertex 60.9704 60.0823 5
      vertex 64.625 61.4223 5
      vertex 63 58.6077 5
    endloop
  endfacet
  facet normal 0.208197 -0.978087 0
    outer loop
      vertex 70.2543 57.0657 6
      vertex 70.2543 57.0657 5
      vertex 70.5 57.118 6
    endloop
  endfacet
  facet normal 0.207883 -0.978154 0
    outer loop
      vertex 70.5 57.118 6
      vertex 72.7082 57.5873 9
      vertex 70.5 57.118 9
    endloop
  endfacet
  facet normal 0.207915 -0.978147 7.24871e-05
    outer loop
      vertex 72.7082 57.5873 5
      vertex 70.5 57.118 6
      vertex 70.2543 57.0657 5
    endloop
  endfacet
  facet normal 0.207883 -0.978154 0
    outer loop
      vertex 70.5 57.118 6
      vertex 72.7082 57.5873 5
      vertex 72.7082 57.5873 9
    endloop
  endfacet
  facet normal 0.743202 0.669067 0
    outer loop
      vertex 78.4555 76.3341 9
      vertex 78.7082 76.0534 9
      vertex 78.4555 76.3341 6
    endloop
  endfacet
  facet normal 0.74314 0.669136 0
    outer loop
      vertex 78.4555 76.3341 6
      vertex 77.0296 77.9177 5
      vertex 77.0296 77.9177 6
    endloop
  endfacet
  facet normal 0.743149 0.669125 -2.96614e-05
    outer loop
      vertex 78.4555 76.3341 6
      vertex 78.7082 76.0534 5
      vertex 77.0296 77.9177 5
    endloop
  endfacet
  facet normal 0.743202 0.669067 -0
    outer loop
      vertex 78.7082 76.0534 5
      vertex 78.4555 76.3341 6
      vertex 78.7082 76.0534 9
    endloop
  endfacet
  facet normal 0.743202 -0.669067 0
    outer loop
      vertex 78.4555 61.6659 6
      vertex 78.7082 61.9466 9
      vertex 78.4555 61.6659 9
    endloop
  endfacet
  facet normal 0.743202 -0.669067 0
    outer loop
      vertex 78.7082 61.9466 9
      vertex 78.4555 61.6659 6
      vertex 78.7082 61.9466 5
    endloop
  endfacet
  facet normal 0.74314 -0.669136 0
    outer loop
      vertex 77.0296 60.0823 5
      vertex 78.4555 61.6659 6
      vertex 77.0296 60.0823 6
    endloop
  endfacet
  facet normal 0.743149 -0.669125 -2.96614e-05
    outer loop
      vertex 78.4555 61.6659 6
      vertex 77.0296 60.0823 5
      vertex 78.7082 61.9466 5
    endloop
  endfacet
  facet normal -0.951048 -0.309044 0
    outer loop
      vertex 58.0375 64.1192 5
      vertex 57.2622 66.5051 9
      vertex 57.2622 66.5051 5
    endloop
  endfacet
  facet normal -0.951048 -0.309044 0
    outer loop
      vertex 57.2622 66.5051 9
      vertex 58.0375 64.1192 5
      vertex 58.0375 64.1192 9
    endloop
  endfacet
  facet normal 0.866034 -0.499985 0
    outer loop
      vertex 78.7082 61.9466 9
      vertex 79.9625 64.1192 5
      vertex 79.9625 64.1192 9
    endloop
  endfacet
  facet normal 0.866034 -0.499985 0
    outer loop
      vertex 79.9625 64.1192 5
      vertex 78.7082 61.9466 9
      vertex 78.7082 61.9466 5
    endloop
  endfacet
  facet normal -0.406745 0.913542 0
    outer loop
      vertex 65.2918 80.4127 5
      vertex 63 79.3923 9
      vertex 65.2918 80.4127 9
    endloop
  endfacet
  facet normal -0.406745 0.913542 0
    outer loop
      vertex 63 79.3923 9
      vertex 65.2918 80.4127 5
      vertex 63 79.3923 5
    endloop
  endfacet
  facet normal -0.587777 0.809023 0
    outer loop
      vertex 63 79.3923 9
      vertex 61.6847 78.4367 6
      vertex 61.6847 78.4367 9
    endloop
  endfacet
  facet normal -0.587777 0.809023 0
    outer loop
      vertex 63 79.3923 5
      vertex 61.6847 78.4367 6
      vertex 63 79.3923 9
    endloop
  endfacet
  facet normal -0.587788 0.809015 -2.21706e-05
    outer loop
      vertex 60.9704 77.9177 5
      vertex 61.6847 78.4367 6
      vertex 63 79.3923 5
    endloop
  endfacet
  facet normal -0.587808 0.809 0
    outer loop
      vertex 61.6847 78.4367 6
      vertex 60.9704 77.9177 5
      vertex 60.9704 77.9177 6
    endloop
  endfacet
  facet normal -0.74314 0.669136 0
    outer loop
      vertex 60.9704 77.9177 5
      vertex 59.5445 76.3341 6
      vertex 60.9704 77.9177 6
    endloop
  endfacet
  facet normal -0.743149 0.669125 -2.96614e-05
    outer loop
      vertex 59.2918 76.0534 5
      vertex 59.5445 76.3341 6
      vertex 60.9704 77.9177 5
    endloop
  endfacet
  facet normal -0.743202 0.669067 0
    outer loop
      vertex 59.2918 76.0534 9
      vertex 59.5445 76.3341 6
      vertex 59.2918 76.0534 5
    endloop
  endfacet
  facet normal -0.743202 0.669067 0
    outer loop
      vertex 59.5445 76.3341 6
      vertex 59.2918 76.0534 9
      vertex 59.5445 76.3341 9
    endloop
  endfacet
  facet normal -0.866034 0.499985 0
    outer loop
      vertex 58.0375 73.8808 5
      vertex 59.2918 76.0534 9
      vertex 59.2918 76.0534 5
    endloop
  endfacet
  facet normal -0.866034 0.499985 0
    outer loop
      vertex 59.2918 76.0534 9
      vertex 58.0375 73.8808 5
      vertex 58.0375 73.8808 9
    endloop
  endfacet
  facet normal 0.587777 -0.809023 0
    outer loop
      vertex 75 58.6077 9
      vertex 76.3153 59.5633 6
      vertex 76.3153 59.5633 9
    endloop
  endfacet
  facet normal 0.587777 -0.809023 0
    outer loop
      vertex 75 58.6077 5
      vertex 76.3153 59.5633 6
      vertex 75 58.6077 9
    endloop
  endfacet
  facet normal 0.587788 -0.809015 -2.21706e-05
    outer loop
      vertex 77.0296 60.0823 5
      vertex 76.3153 59.5633 6
      vertex 75 58.6077 5
    endloop
  endfacet
  facet normal 0.587808 -0.809 0
    outer loop
      vertex 76.3153 59.5633 6
      vertex 77.0296 60.0823 5
      vertex 77.0296 60.0823 6
    endloop
  endfacet
  facet normal 0.207883 0.978154 0
    outer loop
      vertex 72.7082 80.4127 9
      vertex 70.5 80.882 6
      vertex 70.5 80.882 9
    endloop
  endfacet
  facet normal 0.207883 0.978154 -0
    outer loop
      vertex 72.7082 80.4127 5
      vertex 70.5 80.882 6
      vertex 72.7082 80.4127 9
    endloop
  endfacet
  facet normal 0.207915 0.978147 7.24871e-05
    outer loop
      vertex 70.2543 80.9343 5
      vertex 70.5 80.882 6
      vertex 72.7082 80.4127 5
    endloop
  endfacet
  facet normal 0.208197 0.978087 0
    outer loop
      vertex 70.5 80.882 6
      vertex 70.2543 80.9343 5
      vertex 70.2543 80.9343 6
    endloop
  endfacet
  facet normal -0.994519 -0.104557 0
    outer loop
      vertex 57 69 5
      vertex 57.1577 67.5 6
      vertex 57 69 6
    endloop
  endfacet
  facet normal -0.994523 -0.104519 5.80912e-05
    outer loop
      vertex 57.2622 66.5051 5
      vertex 57.1577 67.5 6
      vertex 57 69 5
    endloop
  endfacet
  facet normal -0.994529 -0.104461 -0
    outer loop
      vertex 57.2622 66.5051 9
      vertex 57.1577 67.5 6
      vertex 57.2622 66.5051 5
    endloop
  endfacet
  facet normal -0.994529 -0.104461 0
    outer loop
      vertex 57.1577 67.5 6
      vertex 57.2622 66.5051 9
      vertex 57.1577 67.5 9
    endloop
  endfacet
  facet normal 0.994529 -0.104461 0
    outer loop
      vertex 80.8423 67.5 9
      vertex 80.7378 66.5051 9
      vertex 80.8423 67.5 6
    endloop
  endfacet
  facet normal 0.994519 -0.104557 0
    outer loop
      vertex 80.8423 67.5 6
      vertex 81 69 5
      vertex 81 69 6
    endloop
  endfacet
  facet normal 0.994523 -0.104519 5.80912e-05
    outer loop
      vertex 80.8423 67.5 6
      vertex 80.7378 66.5051 5
      vertex 81 69 5
    endloop
  endfacet
  facet normal 0.994529 -0.104461 0
    outer loop
      vertex 80.7378 66.5051 5
      vertex 80.8423 67.5 6
      vertex 80.7378 66.5051 9
    endloop
  endfacet
  facet normal -0.866034 -0.499985 0
    outer loop
      vertex 59.2918 61.9466 5
      vertex 58.0375 64.1192 9
      vertex 58.0375 64.1192 5
    endloop
  endfacet
  facet normal -0.866034 -0.499985 0
    outer loop
      vertex 58.0375 64.1192 9
      vertex 59.2918 61.9466 5
      vertex 59.2918 61.9466 9
    endloop
  endfacet
  facet normal -0 0 1
    outer loop
      vertex 80.1885 67.5 9
      vertex 80.7378 66.5051 9
      vertex 80.8423 67.5 9
    endloop
  endfacet
  facet normal -0 0 1
    outer loop
      vertex 80.0982 66.641 9
      vertex 80.7378 66.5051 9
      vertex 80.1885 67.5 9
    endloop
  endfacet
  facet normal 0 0 1
    outer loop
      vertex 79.5839 65.0581 9
      vertex 80.7378 66.5051 9
      vertex 80.0982 66.641 9
    endloop
  endfacet
  facet normal 0 0 1
    outer loop
      vertex 80.7378 66.5051 9
      vertex 79.5839 65.0581 9
      vertex 79.9625 64.1192 9
    endloop
  endfacet
  facet normal -0 0 1
    outer loop
      vertex 79.3652 64.3851 9
      vertex 79.9625 64.1192 9
      vertex 79.5839 65.0581 9
    endloop
  endfacet
  facet normal 0 0 1
    outer loop
      vertex 78.533 62.9437 9
      vertex 79.9625 64.1192 9
      vertex 79.3652 64.3851 9
    endloop
  endfacet
  facet normal 0 0 1
    outer loop
      vertex 79.9625 64.1192 9
      vertex 78.533 62.9437 9
      vertex 78.7082 61.9466 9
    endloop
  endfacet
  facet normal -0 0 1
    outer loop
      vertex 78.1792 62.3309 9
      vertex 78.7082 61.9466 9
      vertex 78.533 62.9437 9
    endloop
  endfacet
  facet normal 0 0 1
    outer loop
      vertex 78.7082 61.9466 9
      vertex 78.1792 62.3309 9
      vertex 78.4555 61.6659 9
    endloop
  endfacet
  facet normal 0 0 1
    outer loop
      vertex 78.4555 61.6659 9
      vertex 78.1792 62.3309 9
      vertex 77.995 62.1263 9
    endloop
  endfacet
  facet normal 0 0 1
    outer loop
      vertex 67.5 80.882 9
      vertex 67.1219 80.1369 9
      vertex 67.5 80.2173 9
    endloop
  endfacet
  facet normal -0 0 1
    outer loop
      vertex 65.2918 80.4127 9
      vertex 67.1219 80.1369 9
      vertex 67.5 80.882 9
    endloop
  endfacet
  facet normal 0 0 1
    outer loop
      vertex 67.1219 80.1369 9
      vertex 65.2918 80.4127 9
      vertex 65.4938 79.7908 9
    endloop
  endfacet
  facet normal 0 0 1
    outer loop
      vertex 65.2918 80.4127 9
      vertex 63.9733 79.1139 9
      vertex 65.4938 79.7908 9
    endloop
  endfacet
  facet normal -0 0 1
    outer loop
      vertex 63 79.3923 9
      vertex 63.9733 79.1139 9
      vertex 65.2918 80.4127 9
    endloop
  endfacet
  facet normal 0 0 1
    outer loop
      vertex 63.9733 79.1139 9
      vertex 63 79.3923 9
      vertex 63.3269 78.8261 9
    endloop
  endfacet
  facet normal 0 0 1
    outer loop
      vertex 63 79.3923 9
      vertex 62.7545 78.4102 9
      vertex 63.3269 78.8261 9
    endloop
  endfacet
  facet normal -0 0 1
    outer loop
      vertex 61.6847 78.4367 9
      vertex 62.7545 78.4102 9
      vertex 63 79.3923 9
    endloop
  endfacet
  facet normal 0 0 1
    outer loop
      vertex 62.7545 78.4102 9
      vertex 61.6847 78.4367 9
      vertex 62.1502 77.9711 9
    endloop
  endfacet
  facet normal 0 0 1
    outer loop
      vertex 80.7378 71.4949 9
      vertex 80.1885 70.5 9
      vertex 80.8423 70.5 9
    endloop
  endfacet
  facet normal 0 0 1
    outer loop
      vertex 80.7378 71.4949 9
      vertex 80.0982 71.359 9
      vertex 80.1885 70.5 9
    endloop
  endfacet
  facet normal -0 0 1
    outer loop
      vertex 79.5839 72.9419 9
      vertex 80.7378 71.4949 9
      vertex 79.9625 73.8808 9
    endloop
  endfacet
  facet normal 0 0 1
    outer loop
      vertex 80.7378 71.4949 9
      vertex 79.5839 72.9419 9
      vertex 80.0982 71.359 9
    endloop
  endfacet
  facet normal 0 0 1
    outer loop
      vertex 79.9625 73.8808 9
      vertex 79.3652 73.6149 9
      vertex 79.5839 72.9419 9
    endloop
  endfacet
  facet normal -0 0 1
    outer loop
      vertex 78.533 75.0563 9
      vertex 79.9625 73.8808 9
      vertex 78.7082 76.0534 9
    endloop
  endfacet
  facet normal 0 0 1
    outer loop
      vertex 79.9625 73.8808 9
      vertex 78.533 75.0563 9
      vertex 79.3652 73.6149 9
    endloop
  endfacet
  facet normal 0 0 1
    outer loop
      vertex 78.1792 75.6691 9
      vertex 78.7082 76.0534 9
      vertex 78.4555 76.3341 9
    endloop
  endfacet
  facet normal 0 0 1
    outer loop
      vertex 78.7082 76.0534 9
      vertex 78.1792 75.6691 9
      vertex 78.533 75.0563 9
    endloop
  endfacet
  facet normal 0 -0 1
    outer loop
      vertex 78.1792 75.6691 9
      vertex 78.4555 76.3341 9
      vertex 77.995 75.8737 9
    endloop
  endfacet
  facet normal 0 0 1
    outer loop
      vertex 59.8208 62.3309 9
      vertex 59.5445 61.6659 9
      vertex 60.005 62.1263 9
    endloop
  endfacet
  facet normal 0 0 1
    outer loop
      vertex 59.2918 61.9466 9
      vertex 59.8208 62.3309 9
      vertex 59.467 62.9437 9
    endloop
  endfacet
  facet normal 0 0 1
    outer loop
      vertex 59.8208 62.3309 9
      vertex 59.2918 61.9466 9
      vertex 59.5445 61.6659 9
    endloop
  endfacet
  facet normal -0 0 1
    outer loop
      vertex 58.0375 64.1192 9
      vertex 59.467 62.9437 9
      vertex 58.6348 64.3851 9
    endloop
  endfacet
  facet normal 0 0 1
    outer loop
      vertex 58.0375 64.1192 9
      vertex 58.6348 64.3851 9
      vertex 58.4161 65.0581 9
    endloop
  endfacet
  facet normal 0 0 1
    outer loop
      vertex 59.467 62.9437 9
      vertex 58.0375 64.1192 9
      vertex 59.2918 61.9466 9
    endloop
  endfacet
  facet normal -0 0 1
    outer loop
      vertex 57.2622 66.5051 9
      vertex 58.4161 65.0581 9
      vertex 57.9018 66.641 9
    endloop
  endfacet
  facet normal 0 0 1
    outer loop
      vertex 57.2622 66.5051 9
      vertex 57.9018 66.641 9
      vertex 57.8115 67.5 9
    endloop
  endfacet
  facet normal 0 0 1
    outer loop
      vertex 58.4161 65.0581 9
      vertex 57.2622 66.5051 9
      vertex 58.0375 64.1192 9
    endloop
  endfacet
  facet normal 0 -0 1
    outer loop
      vertex 57.2622 66.5051 9
      vertex 57.8115 67.5 9
      vertex 57.1577 67.5 9
    endloop
  endfacet
  facet normal 0 0 1
    outer loop
      vertex 59.5445 76.3341 9
      vertex 59.8208 75.6691 9
      vertex 60.005 75.8737 9
    endloop
  endfacet
  facet normal -0 0 1
    outer loop
      vertex 59.2918 76.0534 9
      vertex 59.8208 75.6691 9
      vertex 59.5445 76.3341 9
    endloop
  endfacet
  facet normal 0 0 1
    outer loop
      vertex 59.8208 75.6691 9
      vertex 59.2918 76.0534 9
      vertex 59.467 75.0563 9
    endloop
  endfacet
  facet normal 0 0 1
    outer loop
      vertex 58.0375 73.8808 9
      vertex 59.467 75.0563 9
      vertex 59.2918 76.0534 9
    endloop
  endfacet
  facet normal 0 0 1
    outer loop
      vertex 59.467 75.0563 9
      vertex 58.0375 73.8808 9
      vertex 58.6348 73.6149 9
    endloop
  endfacet
  facet normal 0 0 1
    outer loop
      vertex 58.6348 73.6149 9
      vertex 58.0375 73.8808 9
      vertex 58.4161 72.9419 9
    endloop
  endfacet
  facet normal 0 0 1
    outer loop
      vertex 57.2622 71.4949 9
      vertex 58.4161 72.9419 9
      vertex 58.0375 73.8808 9
    endloop
  endfacet
  facet normal 0 0 1
    outer loop
      vertex 58.4161 72.9419 9
      vertex 57.2622 71.4949 9
      vertex 57.9018 71.359 9
    endloop
  endfacet
  facet normal 0 0 1
    outer loop
      vertex 57.9018 71.359 9
      vertex 57.2622 71.4949 9
      vertex 57.8115 70.5 9
    endloop
  endfacet
  facet normal 0 0 1
    outer loop
      vertex 57.8115 70.5 9
      vertex 57.2622 71.4949 9
      vertex 57.1577 70.5 9
    endloop
  endfacet
  facet normal -0 0 1
    outer loop
      vertex 75.2455 59.5898 9
      vertex 76.3153 59.5633 9
      vertex 75.8498 60.0289 9
    endloop
  endfacet
  facet normal 0 0 1
    outer loop
      vertex 75.2455 59.5898 9
      vertex 75 58.6077 9
      vertex 76.3153 59.5633 9
    endloop
  endfacet
  facet normal -0 0 1
    outer loop
      vertex 74.6731 59.1739 9
      vertex 75 58.6077 9
      vertex 75.2455 59.5898 9
    endloop
  endfacet
  facet normal -0 0 1
    outer loop
      vertex 74.0267 58.8861 9
      vertex 75 58.6077 9
      vertex 74.6731 59.1739 9
    endloop
  endfacet
  facet normal 0 0 1
    outer loop
      vertex 74.0267 58.8861 9
      vertex 72.7082 57.5873 9
      vertex 75 58.6077 9
    endloop
  endfacet
  facet normal -0 0 1
    outer loop
      vertex 72.5062 58.2092 9
      vertex 72.7082 57.5873 9
      vertex 74.0267 58.8861 9
    endloop
  endfacet
  facet normal -0 0 1
    outer loop
      vertex 70.8781 57.8631 9
      vertex 72.7082 57.5873 9
      vertex 72.5062 58.2092 9
    endloop
  endfacet
  facet normal 0 0 1
    outer loop
      vertex 70.5 57.118 9
      vertex 70.8781 57.8631 9
      vertex 70.5 57.7827 9
    endloop
  endfacet
  facet normal 0 0 1
    outer loop
      vertex 70.8781 57.8631 9
      vertex 70.5 57.118 9
      vertex 72.7082 57.5873 9
    endloop
  endfacet
  facet normal 0 0 1
    outer loop
      vertex 67.1219 57.8631 9
      vertex 67.5 57.118 9
      vertex 67.5 57.7827 9
    endloop
  endfacet
  facet normal 0 0 1
    outer loop
      vertex 65.2918 57.5873 9
      vertex 67.1219 57.8631 9
      vertex 65.4938 58.2092 9
    endloop
  endfacet
  facet normal 0 0 1
    outer loop
      vertex 67.1219 57.8631 9
      vertex 65.2918 57.5873 9
      vertex 67.5 57.118 9
    endloop
  endfacet
  facet normal 0 0 1
    outer loop
      vertex 63.9733 58.8861 9
      vertex 65.2918 57.5873 9
      vertex 65.4938 58.2092 9
    endloop
  endfacet
  facet normal 0 0 1
    outer loop
      vertex 63 58.6077 9
      vertex 63.9733 58.8861 9
      vertex 63.3269 59.1739 9
    endloop
  endfacet
  facet normal 0 0 1
    outer loop
      vertex 63.9733 58.8861 9
      vertex 63 58.6077 9
      vertex 65.2918 57.5873 9
    endloop
  endfacet
  facet normal 0 0 1
    outer loop
      vertex 62.7545 59.5898 9
      vertex 63 58.6077 9
      vertex 63.3269 59.1739 9
    endloop
  endfacet
  facet normal 0 0 1
    outer loop
      vertex 61.6847 59.5633 9
      vertex 62.7545 59.5898 9
      vertex 62.1502 60.0289 9
    endloop
  endfacet
  facet normal 0 0 1
    outer loop
      vertex 62.7545 59.5898 9
      vertex 61.6847 59.5633 9
      vertex 63 58.6077 9
    endloop
  endfacet
  facet normal 0 0 1
    outer loop
      vertex 76.3153 78.4367 9
      vertex 75.2455 78.4102 9
      vertex 75.8498 77.9711 9
    endloop
  endfacet
  facet normal 0 0 1
    outer loop
      vertex 75 79.3923 9
      vertex 75.2455 78.4102 9
      vertex 76.3153 78.4367 9
    endloop
  endfacet
  facet normal 0 0 1
    outer loop
      vertex 75 79.3923 9
      vertex 74.6731 78.8261 9
      vertex 75.2455 78.4102 9
    endloop
  endfacet
  facet normal 0 0 1
    outer loop
      vertex 75 79.3923 9
      vertex 74.0267 79.1139 9
      vertex 74.6731 78.8261 9
    endloop
  endfacet
  facet normal 0 0 1
    outer loop
      vertex 72.7082 80.4127 9
      vertex 74.0267 79.1139 9
      vertex 75 79.3923 9
    endloop
  endfacet
  facet normal 0 0 1
    outer loop
      vertex 72.7082 80.4127 9
      vertex 72.5062 79.7908 9
      vertex 74.0267 79.1139 9
    endloop
  endfacet
  facet normal 0 0 1
    outer loop
      vertex 72.7082 80.4127 9
      vertex 70.8781 80.1369 9
      vertex 72.5062 79.7908 9
    endloop
  endfacet
  facet normal 0 0 1
    outer loop
      vertex 70.5 80.882 9
      vertex 70.8781 80.1369 9
      vertex 72.7082 80.4127 9
    endloop
  endfacet
  facet normal 0 0 1
    outer loop
      vertex 70.8781 80.1369 9
      vertex 70.5 80.882 9
      vertex 70.5 80.2173 9
    endloop
  endfacet
  facet normal -0.587808 -0.809 -0
    outer loop
      vertex 60.9704 60.0823 6
      vertex 60.9704 60.0823 5
      vertex 61.6847 59.5633 6
    endloop
  endfacet
  facet normal -0.587777 -0.809023 0
    outer loop
      vertex 61.6847 59.5633 6
      vertex 63 58.6077 9
      vertex 61.6847 59.5633 9
    endloop
  endfacet
  facet normal -0.587777 -0.809023 0
    outer loop
      vertex 61.6847 59.5633 6
      vertex 63 58.6077 5
      vertex 63 58.6077 9
    endloop
  endfacet
  facet normal -0.587788 -0.809015 -2.21706e-05
    outer loop
      vertex 63 58.6077 5
      vertex 61.6847 59.5633 6
      vertex 60.9704 60.0823 5
    endloop
  endfacet
  facet normal 0 1 -0
    outer loop
      vertex 70.2543 80.9343 5
      vertex 67.7457 80.9343 6
      vertex 70.2543 80.9343 6
    endloop
  endfacet
  facet normal 0 1 0
    outer loop
      vertex 67.7457 80.9343 6
      vertex 70.2543 80.9343 5
      vertex 67.7457 80.9343 5
    endloop
  endfacet
  facet normal -0.951048 0.309044 0
    outer loop
      vertex 57.2622 71.4949 5
      vertex 58.0375 73.8808 9
      vertex 58.0375 73.8808 5
    endloop
  endfacet
  facet normal -0.951048 0.309044 0
    outer loop
      vertex 58.0375 73.8808 9
      vertex 57.2622 71.4949 5
      vertex 57.2622 71.4949 9
    endloop
  endfacet
  facet normal 0.406745 -0.913542 0
    outer loop
      vertex 72.7082 57.5873 5
      vertex 75 58.6077 9
      vertex 72.7082 57.5873 9
    endloop
  endfacet
  facet normal 0.406745 -0.913542 0
    outer loop
      vertex 75 58.6077 9
      vertex 72.7082 57.5873 5
      vertex 75 58.6077 5
    endloop
  endfacet
  facet normal 0.587808 0.809 0
    outer loop
      vertex 77.0296 77.9177 6
      vertex 77.0296 77.9177 5
      vertex 76.3153 78.4367 6
    endloop
  endfacet
  facet normal 0.587777 0.809023 -0
    outer loop
      vertex 76.3153 78.4367 6
      vertex 75 79.3923 9
      vertex 76.3153 78.4367 9
    endloop
  endfacet
  facet normal 0.587777 0.809023 0
    outer loop
      vertex 76.3153 78.4367 6
      vertex 75 79.3923 5
      vertex 75 79.3923 9
    endloop
  endfacet
  facet normal 0.587788 0.809015 -2.21706e-05
    outer loop
      vertex 75 79.3923 5
      vertex 76.3153 78.4367 6
      vertex 77.0296 77.9177 5
    endloop
  endfacet
  facet normal -0.994529 0.104461 0
    outer loop
      vertex 57.2622 71.4949 5
      vertex 57.1577 70.5 6
      vertex 57.2622 71.4949 9
    endloop
  endfacet
  facet normal -0.994523 0.104519 5.80912e-05
    outer loop
      vertex 57 69 5
      vertex 57.1577 70.5 6
      vertex 57.2622 71.4949 5
    endloop
  endfacet
  facet normal -0.994519 0.104557 0
    outer loop
      vertex 57.1577 70.5 6
      vertex 57 69 5
      vertex 57 69 6
    endloop
  endfacet
  facet normal -0.994529 0.104461 0
    outer loop
      vertex 57.2622 71.4949 9
      vertex 57.1577 70.5 6
      vertex 57.1577 70.5 9
    endloop
  endfacet
  facet normal -0.208197 0.978087 0
    outer loop
      vertex 67.7457 80.9343 6
      vertex 67.7457 80.9343 5
      vertex 67.5 80.882 6
    endloop
  endfacet
  facet normal -0.207883 0.978154 0
    outer loop
      vertex 67.5 80.882 6
      vertex 65.2918 80.4127 9
      vertex 67.5 80.882 9
    endloop
  endfacet
  facet normal -0.207915 0.978147 7.24871e-05
    outer loop
      vertex 65.2918 80.4127 5
      vertex 67.5 80.882 6
      vertex 67.7457 80.9343 5
    endloop
  endfacet
  facet normal -0.207883 0.978154 0
    outer loop
      vertex 67.5 80.882 6
      vertex 65.2918 80.4127 5
      vertex 65.2918 80.4127 9
    endloop
  endfacet
  facet normal -0.743202 -0.669067 0
    outer loop
      vertex 59.2918 61.9466 5
      vertex 59.5445 61.6659 6
      vertex 59.2918 61.9466 9
    endloop
  endfacet
  facet normal -0.743149 -0.669125 -2.96614e-05
    outer loop
      vertex 60.9704 60.0823 5
      vertex 59.5445 61.6659 6
      vertex 59.2918 61.9466 5
    endloop
  endfacet
  facet normal -0.74314 -0.669136 0
    outer loop
      vertex 59.5445 61.6659 6
      vertex 60.9704 60.0823 5
      vertex 60.9704 60.0823 6
    endloop
  endfacet
  facet normal -0.743202 -0.669067 0
    outer loop
      vertex 59.2918 61.9466 9
      vertex 59.5445 61.6659 6
      vertex 59.5445 61.6659 9
    endloop
  endfacet
  facet normal 0 -1 0
    outer loop
      vertex 67.7457 57.0657 5
      vertex 70.2543 57.0657 6
      vertex 67.7457 57.0657 6
    endloop
  endfacet
  facet normal 0 -1 -0
    outer loop
      vertex 70.2543 57.0657 6
      vertex 67.7457 57.0657 5
      vertex 70.2543 57.0657 5
    endloop
  endfacet
  facet normal -0.207883 -0.978154 0
    outer loop
      vertex 65.2918 57.5873 9
      vertex 67.5 57.118 6
      vertex 67.5 57.118 9
    endloop
  endfacet
  facet normal -0.207883 -0.978154 0
    outer loop
      vertex 65.2918 57.5873 5
      vertex 67.5 57.118 6
      vertex 65.2918 57.5873 9
    endloop
  endfacet
  facet normal -0.207915 -0.978147 7.24871e-05
    outer loop
      vertex 67.7457 57.0657 5
      vertex 67.5 57.118 6
      vertex 65.2918 57.5873 5
    endloop
  endfacet
  facet normal -0.208197 -0.978087 0
    outer loop
      vertex 67.5 57.118 6
      vertex 67.7457 57.0657 5
      vertex 67.7457 57.0657 6
    endloop
  endfacet
  facet normal -0.406745 -0.913542 0
    outer loop
      vertex 63 58.6077 5
      vertex 65.2918 57.5873 9
      vertex 63 58.6077 9
    endloop
  endfacet
  facet normal -0.406745 -0.913542 -0
    outer loop
      vertex 65.2918 57.5873 9
      vertex 63 58.6077 5
      vertex 65.2918 57.5873 5
    endloop
  endfacet
  facet normal 0.865391 -0.499637 0.0382204
    outer loop
      vertex 77.8992 62.5344 18
      vertex 78.533 62.9437 9
      vertex 79.049 64.5259 18
    endloop
  endfacet
  facet normal 0.865393 -0.499634 0.0382206
    outer loop
      vertex 78.533 62.9437 9
      vertex 77.8992 62.5344 18
      vertex 78.1792 62.3309 9
    endloop
  endfacet
  facet normal 0.865391 -0.499638 0.0382206
    outer loop
      vertex 79.049 64.5259 18
      vertex 78.533 62.9437 9
      vertex 79.3652 64.3851 9
    endloop
  endfacet
  facet normal -0.865391 -0.499638 0.0382206
    outer loop
      vertex 58.951 64.5259 18
      vertex 58.6348 64.3851 9
      vertex 59.467 62.9437 9
    endloop
  endfacet
  facet normal 0.993793 0.104463 0.038248
    outer loop
      vertex 80 69 18
      vertex 79.9193 70.5 16
      vertex 79.7596 71.287 18
    endloop
  endfacet
  facet normal 0.993799 0.104415 0.0382116
    outer loop
      vertex 79.9193 70.5 16
      vertex 80 69 18
      vertex 80.0769 69 16
    endloop
  endfacet
  facet normal 0.993783 0.10457 0.0382054
    outer loop
      vertex 79.7596 71.287 18
      vertex 79.9193 70.5 16
      vertex 80.0144 70.5 13.5263
    endloop
  endfacet
  facet normal 0.993794 0.104465 0.0382244
    outer loop
      vertex 80.0144 70.5 13.5263
      vertex 80.0982 71.359 9
      vertex 79.7596 71.287 18
    endloop
  endfacet
  facet normal 0.993793 0.10447 0.0382253
    outer loop
      vertex 80.0982 71.359 9
      vertex 80.0144 70.5 13.5263
      vertex 80.1885 70.5 9
    endloop
  endfacet
  facet normal 0.207781 0.977428 0.0382224
    outer loop
      vertex 72.5062 79.7908 9
      vertex 70.8781 80.1369 9
      vertex 72.3992 79.4616 18
    endloop
  endfacet
  facet normal 0.742597 -0.668647 0.0382219
    outer loop
      vertex 77.8992 62.5344 18
      vertex 77.8054 62.3159 16
      vertex 78.1792 62.3309 9
    endloop
  endfacet
  facet normal 0.742612 -0.668631 0.0382194
    outer loop
      vertex 77.8992 62.5344 18
      vertex 76.6594 61.0431 16
      vertex 77.8054 62.3159 16
    endloop
  endfacet
  facet normal 0.742599 -0.668644 0.0382367
    outer loop
      vertex 76.6594 61.0431 16
      vertex 77.8992 62.5344 18
      vertex 76.3604 60.8254 18
    endloop
  endfacet
  facet normal 0.742643 -0.668596 0.0382244
    outer loop
      vertex 78.1792 62.3309 9
      vertex 77.8054 62.3159 16
      vertex 77.995 62.1263 9
    endloop
  endfacet
  facet normal -0.587388 -0.808401 0.0382455
    outer loop
      vertex 61.6396 60.8254 18
      vertex 61.5881 60.7682 16
      vertex 61.8873 60.5508 16
    endloop
  endfacet
  facet normal -0.5874 -0.808394 0.0382237
    outer loop
      vertex 62.2596 60.1383 12.9949
      vertex 62.1502 60.0289 9
      vertex 62.7545 59.5898 9
    endloop
  endfacet
  facet normal -0.207717 0.977442 0.0382284
    outer loop
      vertex 67.5 79.9435 16
      vertex 67.8502 79.9397 18
      vertex 67.8421 80.0162 16
    endloop
  endfacet
  facet normal -0.207749 0.977435 0.038234
    outer loop
      vertex 67.8502 79.9397 18
      vertex 67.5 79.9435 16
      vertex 65.6008 79.4616 18
    endloop
  endfacet
  facet normal -0.20784 0.977415 0.0382309
    outer loop
      vertex 67.1219 80.1369 9
      vertex 67.5 79.9435 16
      vertex 67.5 80.2173 9
    endloop
  endfacet
  facet normal -0.207757 0.977433 0.0382269
    outer loop
      vertex 67.5 79.9435 16
      vertex 67.1219 80.1369 9
      vertex 65.6008 79.4616 18
    endloop
  endfacet
  facet normal -0.865393 0.499634 0.0382206
    outer loop
      vertex 59.467 75.0563 9
      vertex 60.1008 75.4656 18
      vertex 59.8208 75.6691 9
    endloop
  endfacet
  facet normal -0.865391 0.499637 0.0382204
    outer loop
      vertex 60.1008 75.4656 18
      vertex 59.467 75.0563 9
      vertex 58.951 73.4741 18
    endloop
  endfacet
  facet normal -0.406404 -0.912894 0.0382233
    outer loop
      vertex 65.6008 58.5384 18
      vertex 63.9733 58.8861 9
      vertex 65.4938 58.2092 9
    endloop
  endfacet
  facet normal -0.950364 0.308783 0.0382251
    outer loop
      vertex 58.4161 72.9419 9
      vertex 57.9018 71.359 9
      vertex 58.2404 71.287 18
    endloop
  endfacet
  facet normal 0.95035 0.308828 0.0382204
    outer loop
      vertex 79.049 73.4741 18
      vertex 79.5839 72.9419 9
      vertex 79.3652 73.6149 9
    endloop
  endfacet
  facet normal 0.950366 0.308779 0.0382243
    outer loop
      vertex 79.5839 72.9419 9
      vertex 79.049 73.4741 18
      vertex 79.7596 71.287 18
    endloop
  endfacet
  facet normal -0.742629 -0.66861 0.0382449
    outer loop
      vertex 61.6396 60.8254 18
      vertex 61.3406 61.0431 16
      vertex 61.5881 60.7682 16
    endloop
  endfacet
  facet normal 0.587388 -0.808401 0.0382455
    outer loop
      vertex 76.3604 60.8254 18
      vertex 76.1127 60.5508 16
      vertex 76.4119 60.7682 16
    endloop
  endfacet
  facet normal 0.5874 -0.808394 0.0382237
    outer loop
      vertex 75.7404 60.1383 12.9949
      vertex 75.2455 59.5898 9
      vertex 75.8498 60.0289 9
    endloop
  endfacet
  facet normal -0.742643 0.668596 0.0382244
    outer loop
      vertex 60.005 75.8737 9
      vertex 59.8208 75.6691 9
      vertex 60.1946 75.6841 16
    endloop
  endfacet
  facet normal -0.742611 0.66863 0.03824
    outer loop
      vertex 60.1946 75.6841 16
      vertex 61.6396 77.1746 18
      vertex 61.3406 76.9569 16
    endloop
  endfacet
  facet normal -0.7426 0.668644 0.0382214
    outer loop
      vertex 60.1946 75.6841 16
      vertex 60.1008 75.4656 18
      vertex 61.6396 77.1746 18
    endloop
  endfacet
  facet normal -0.742597 0.668647 0.0382219
    outer loop
      vertex 60.1008 75.4656 18
      vertex 60.1946 75.6841 16
      vertex 59.8208 75.6691 9
    endloop
  endfacet
  facet normal 0.950364 0.308783 0.0382251
    outer loop
      vertex 80.0982 71.359 9
      vertex 79.5839 72.9419 9
      vertex 79.7596 71.287 18
    endloop
  endfacet
  facet normal 0.950364 -0.308783 0.0382251
    outer loop
      vertex 79.7596 66.713 18
      vertex 79.5839 65.0581 9
      vertex 80.0982 66.641 9
    endloop
  endfacet
  facet normal -0.993793 -0.10447 0.0382253
    outer loop
      vertex 57.9018 66.641 9
      vertex 57.9856 67.5 13.5263
      vertex 57.8115 67.5 9
    endloop
  endfacet
  facet normal -0.993794 -0.104465 0.0382244
    outer loop
      vertex 57.9856 67.5 13.5263
      vertex 57.9018 66.641 9
      vertex 58.2404 66.713 18
    endloop
  endfacet
  facet normal -0.993783 -0.10457 0.0382054
    outer loop
      vertex 57.9856 67.5 13.5263
      vertex 58.2404 66.713 18
      vertex 58.0807 67.5 16
    endloop
  endfacet
  facet normal -0.993799 -0.104415 0.0382116
    outer loop
      vertex 58.0807 67.5 16
      vertex 58 69 18
      vertex 57.9231 69 16
    endloop
  endfacet
  facet normal -0.993793 -0.104463 0.038248
    outer loop
      vertex 58 69 18
      vertex 58.0807 67.5 16
      vertex 58.2404 66.713 18
    endloop
  endfacet
  facet normal 0.742611 0.66863 0.03824
    outer loop
      vertex 76.3604 77.1746 18
      vertex 77.8054 75.6841 16
      vertex 76.6594 76.9569 16
    endloop
  endfacet
  facet normal 0.742597 0.668647 0.0382219
    outer loop
      vertex 77.8054 75.6841 16
      vertex 77.8992 75.4656 18
      vertex 78.1792 75.6691 9
    endloop
  endfacet
  facet normal 0.7426 0.668644 0.0382214
    outer loop
      vertex 77.8992 75.4656 18
      vertex 77.8054 75.6841 16
      vertex 76.3604 77.1746 18
    endloop
  endfacet
  facet normal 0.742643 0.668596 0.0382244
    outer loop
      vertex 77.995 75.8737 9
      vertex 77.8054 75.6841 16
      vertex 78.1792 75.6691 9
    endloop
  endfacet
  facet normal -0.587254 -0.808497 0.0382752
    outer loop
      vertex 62.3419 60.2206 16
      vertex 61.6396 60.8254 18
      vertex 61.8873 60.5508 16
    endloop
  endfacet
  facet normal -0.587367 -0.808418 0.0382115
    outer loop
      vertex 61.6396 60.8254 18
      vertex 62.3419 60.2206 16
      vertex 63.5 59.4737 18
    endloop
  endfacet
  facet normal -0.587384 -0.808405 0.0382262
    outer loop
      vertex 62.2596 60.1383 12.9949
      vertex 63.5 59.4737 18
      vertex 62.3419 60.2206 16
    endloop
  endfacet
  facet normal -0.587381 -0.808407 0.0382279
    outer loop
      vertex 63.3269 59.1739 9
      vertex 62.2596 60.1383 12.9949
      vertex 62.7545 59.5898 9
    endloop
  endfacet
  facet normal -0.587385 -0.808405 0.0382262
    outer loop
      vertex 62.2596 60.1383 12.9949
      vertex 63.3269 59.1739 9
      vertex 63.5 59.4737 18
    endloop
  endfacet
  facet normal -0.742629 0.66861 0.0382449
    outer loop
      vertex 61.5881 77.2318 16
      vertex 61.3406 76.9569 16
      vertex 61.6396 77.1746 18
    endloop
  endfacet
  facet normal 0.865393 0.499634 0.0382206
    outer loop
      vertex 77.8992 75.4656 18
      vertex 78.533 75.0563 9
      vertex 78.1792 75.6691 9
    endloop
  endfacet
  facet normal 0.865391 0.499637 0.0382204
    outer loop
      vertex 78.533 75.0563 9
      vertex 77.8992 75.4656 18
      vertex 79.049 73.4741 18
    endloop
  endfacet
  facet normal -0.587367 0.808418 0.0382115
    outer loop
      vertex 63.5 78.5263 18
      vertex 62.3419 77.7794 16
      vertex 61.6396 77.1746 18
    endloop
  endfacet
  facet normal -0.587384 0.808405 0.0382262
    outer loop
      vertex 63.5 78.5263 18
      vertex 62.2596 77.8617 12.9949
      vertex 62.3419 77.7794 16
    endloop
  endfacet
  facet normal -0.587385 0.808405 0.0382262
    outer loop
      vertex 63.3269 78.8261 9
      vertex 62.2596 77.8617 12.9949
      vertex 63.5 78.5263 18
    endloop
  endfacet
  facet normal -0.587381 0.808407 0.0382279
    outer loop
      vertex 62.2596 77.8617 12.9949
      vertex 63.3269 78.8261 9
      vertex 62.7545 78.4102 9
    endloop
  endfacet
  facet normal -0.587254 0.808497 0.0382752
    outer loop
      vertex 61.6396 77.1746 18
      vertex 62.3419 77.7794 16
      vertex 61.8873 77.4492 16
    endloop
  endfacet
  facet normal -0.406426 0.912884 0.0382277
    outer loop
      vertex 63.9733 79.1139 9
      vertex 63.5 78.5263 18
      vertex 65.6008 79.4616 18
    endloop
  endfacet
  facet normal -0.406444 0.912876 0.0382262
    outer loop
      vertex 63.5 78.5263 18
      vertex 63.9733 79.1139 9
      vertex 63.3269 78.8261 9
    endloop
  endfacet
  facet normal 0.742629 0.66861 0.0382449
    outer loop
      vertex 76.4119 77.2318 16
      vertex 76.3604 77.1746 18
      vertex 76.6594 76.9569 16
    endloop
  endfacet
  facet normal 0.742629 -0.66861 0.0382449
    outer loop
      vertex 76.6594 61.0431 16
      vertex 76.3604 60.8254 18
      vertex 76.4119 60.7682 16
    endloop
  endfacet
  facet normal 0.406404 -0.912894 0.0382233
    outer loop
      vertex 74.0267 58.8861 9
      vertex 72.3992 58.5384 18
      vertex 72.5062 58.2092 9
    endloop
  endfacet
  facet normal 0.207781 -0.977428 0.0382224
    outer loop
      vertex 72.3992 58.5384 18
      vertex 70.8781 57.8631 9
      vertex 72.5062 58.2092 9
    endloop
  endfacet
  facet normal -0.406404 0.912894 0.0382233
    outer loop
      vertex 65.4938 79.7908 9
      vertex 63.9733 79.1139 9
      vertex 65.6008 79.4616 18
    endloop
  endfacet
  facet normal 0.865391 0.499638 0.0382206
    outer loop
      vertex 79.3652 73.6149 9
      vertex 78.533 75.0563 9
      vertex 79.049 73.4741 18
    endloop
  endfacet
  facet normal 0.587388 0.808401 0.0382455
    outer loop
      vertex 76.4119 77.2318 16
      vertex 76.1127 77.4492 16
      vertex 76.3604 77.1746 18
    endloop
  endfacet
  facet normal 0.5874 0.808394 0.0382237
    outer loop
      vertex 75.8498 77.9711 9
      vertex 75.2455 78.4102 9
      vertex 75.7404 77.8617 12.9949
    endloop
  endfacet
  facet normal 0.406426 -0.912884 0.0382277
    outer loop
      vertex 74.0267 58.8861 9
      vertex 74.5 59.4737 18
      vertex 72.3992 58.5384 18
    endloop
  endfacet
  facet normal 0.406444 -0.912876 0.0382262
    outer loop
      vertex 74.5 59.4737 18
      vertex 74.0267 58.8861 9
      vertex 74.6731 59.1739 9
    endloop
  endfacet
  facet normal -0.993793 0.10447 0.0382253
    outer loop
      vertex 57.9856 70.5 13.5263
      vertex 57.9018 71.359 9
      vertex 57.8115 70.5 9
    endloop
  endfacet
  facet normal -0.993794 0.104465 0.0382244
    outer loop
      vertex 57.9018 71.359 9
      vertex 57.9856 70.5 13.5263
      vertex 58.2404 71.287 18
    endloop
  endfacet
  facet normal 0 0.999269 0.038222
    outer loop
      vertex 70.1579 80.0162 16
      vertex 67.8502 79.9397 18
      vertex 70.1498 79.9397 18
    endloop
  endfacet
  facet normal 0 0.999269 0.038222
    outer loop
      vertex 67.8502 79.9397 18
      vertex 70.1579 80.0162 16
      vertex 67.8421 80.0162 16
    endloop
  endfacet
  facet normal -0.207781 0.977428 0.0382224
    outer loop
      vertex 67.1219 80.1369 9
      vertex 65.4938 79.7908 9
      vertex 65.6008 79.4616 18
    endloop
  endfacet
  facet normal 0.406404 0.912894 0.0382233
    outer loop
      vertex 72.5062 79.7908 9
      vertex 72.3992 79.4616 18
      vertex 74.0267 79.1139 9
    endloop
  endfacet
  facet normal -0.406444 -0.912876 0.0382262
    outer loop
      vertex 63.9733 58.8861 9
      vertex 63.5 59.4737 18
      vertex 63.3269 59.1739 9
    endloop
  endfacet
  facet normal -0.406426 -0.912884 0.0382277
    outer loop
      vertex 63.5 59.4737 18
      vertex 63.9733 58.8861 9
      vertex 65.6008 58.5384 18
    endloop
  endfacet
  facet normal -0.950364 -0.308783 0.0382251
    outer loop
      vertex 58.2404 66.713 18
      vertex 57.9018 66.641 9
      vertex 58.4161 65.0581 9
    endloop
  endfacet
  facet normal 0.993794 -0.104465 0.0382244
    outer loop
      vertex 80.0982 66.641 9
      vertex 80.0144 67.5 13.5263
      vertex 79.7596 66.713 18
    endloop
  endfacet
  facet normal 0.993793 -0.10447 0.0382253
    outer loop
      vertex 80.0144 67.5 13.5263
      vertex 80.0982 66.641 9
      vertex 80.1885 67.5 9
    endloop
  endfacet
  facet normal 0.993799 -0.104415 0.0382116
    outer loop
      vertex 80 69 18
      vertex 79.9193 67.5 16
      vertex 80.0769 69 16
    endloop
  endfacet
  facet normal 0.993783 -0.10457 0.0382054
    outer loop
      vertex 79.9193 67.5 16
      vertex 79.7596 66.713 18
      vertex 80.0144 67.5 13.5263
    endloop
  endfacet
  facet normal 0.993793 -0.104463 0.038248
    outer loop
      vertex 79.7596 66.713 18
      vertex 79.9193 67.5 16
      vertex 80 69 18
    endloop
  endfacet
  facet normal -0.742643 -0.668596 0.0382244
    outer loop
      vertex 59.8208 62.3309 9
      vertex 60.005 62.1263 9
      vertex 60.1946 62.3159 16
    endloop
  endfacet
  facet normal -0.742597 -0.668647 0.0382219
    outer loop
      vertex 60.1946 62.3159 16
      vertex 60.1008 62.5344 18
      vertex 59.8208 62.3309 9
    endloop
  endfacet
  facet normal -0.742612 -0.668631 0.0382194
    outer loop
      vertex 61.3406 61.0431 16
      vertex 60.1008 62.5344 18
      vertex 60.1946 62.3159 16
    endloop
  endfacet
  facet normal -0.742599 -0.668644 0.0382367
    outer loop
      vertex 60.1008 62.5344 18
      vertex 61.3406 61.0431 16
      vertex 61.6396 60.8254 18
    endloop
  endfacet
  facet normal 0.207749 0.977435 0.038234
    outer loop
      vertex 72.3992 79.4616 18
      vertex 70.5 79.9435 16
      vertex 70.1498 79.9397 18
    endloop
  endfacet
  facet normal 0.207757 0.977433 0.0382269
    outer loop
      vertex 70.8781 80.1369 9
      vertex 70.5 79.9435 16
      vertex 72.3992 79.4616 18
    endloop
  endfacet
  facet normal 0.20784 0.977415 0.0382309
    outer loop
      vertex 70.5 79.9435 16
      vertex 70.8781 80.1369 9
      vertex 70.5 80.2173 9
    endloop
  endfacet
  facet normal 0.207717 0.977442 0.0382284
    outer loop
      vertex 70.1498 79.9397 18
      vertex 70.5 79.9435 16
      vertex 70.1579 80.0162 16
    endloop
  endfacet
  facet normal -0.865391 0.499638 0.0382206
    outer loop
      vertex 59.467 75.0563 9
      vertex 58.6348 73.6149 9
      vertex 58.951 73.4741 18
    endloop
  endfacet
  facet normal -0.993783 0.10457 0.0382054
    outer loop
      vertex 58.0807 70.5 16
      vertex 58.2404 71.287 18
      vertex 57.9856 70.5 13.5263
    endloop
  endfacet
  facet normal -0.993799 0.104415 0.0382116
    outer loop
      vertex 58 69 18
      vertex 58.0807 70.5 16
      vertex 57.9231 69 16
    endloop
  endfacet
  facet normal -0.993793 0.104463 0.038248
    outer loop
      vertex 58.0807 70.5 16
      vertex 58 69 18
      vertex 58.2404 71.287 18
    endloop
  endfacet
  facet normal -0.587388 0.808401 0.0382455
    outer loop
      vertex 61.8873 77.4492 16
      vertex 61.5881 77.2318 16
      vertex 61.6396 77.1746 18
    endloop
  endfacet
  facet normal -0.5874 0.808394 0.0382237
    outer loop
      vertex 62.7545 78.4102 9
      vertex 62.1502 77.9711 9
      vertex 62.2596 77.8617 12.9949
    endloop
  endfacet
  facet normal -0.95035 0.308828 0.0382204
    outer loop
      vertex 58.4161 72.9419 9
      vertex 58.951 73.4741 18
      vertex 58.6348 73.6149 9
    endloop
  endfacet
  facet normal -0.950366 0.308779 0.0382243
    outer loop
      vertex 58.951 73.4741 18
      vertex 58.4161 72.9419 9
      vertex 58.2404 71.287 18
    endloop
  endfacet
  facet normal -0.950366 -0.308779 0.0382243
    outer loop
      vertex 58.4161 65.0581 9
      vertex 58.951 64.5259 18
      vertex 58.2404 66.713 18
    endloop
  endfacet
  facet normal -0.95035 -0.308828 0.0382204
    outer loop
      vertex 58.951 64.5259 18
      vertex 58.4161 65.0581 9
      vertex 58.6348 64.3851 9
    endloop
  endfacet
  facet normal -0.865391 -0.499637 0.0382204
    outer loop
      vertex 59.467 62.9437 9
      vertex 60.1008 62.5344 18
      vertex 58.951 64.5259 18
    endloop
  endfacet
  facet normal -0.865393 -0.499634 0.0382206
    outer loop
      vertex 60.1008 62.5344 18
      vertex 59.467 62.9437 9
      vertex 59.8208 62.3309 9
    endloop
  endfacet
  facet normal -0.207781 -0.977428 0.0382224
    outer loop
      vertex 65.6008 58.5384 18
      vertex 65.4938 58.2092 9
      vertex 67.1219 57.8631 9
    endloop
  endfacet
  facet normal 0.587254 0.808497 0.0382752
    outer loop
      vertex 75.6581 77.7794 16
      vertex 76.3604 77.1746 18
      vertex 76.1127 77.4492 16
    endloop
  endfacet
  facet normal 0.587367 0.808418 0.0382115
    outer loop
      vertex 76.3604 77.1746 18
      vertex 75.6581 77.7794 16
      vertex 74.5 78.5263 18
    endloop
  endfacet
  facet normal 0.587384 0.808405 0.0382262
    outer loop
      vertex 75.7404 77.8617 12.9949
      vertex 74.5 78.5263 18
      vertex 75.6581 77.7794 16
    endloop
  endfacet
  facet normal 0.587381 0.808407 0.0382279
    outer loop
      vertex 74.6731 78.8261 9
      vertex 75.7404 77.8617 12.9949
      vertex 75.2455 78.4102 9
    endloop
  endfacet
  facet normal 0.587385 0.808405 0.0382262
    outer loop
      vertex 75.7404 77.8617 12.9949
      vertex 74.6731 78.8261 9
      vertex 74.5 78.5263 18
    endloop
  endfacet
  facet normal 0.207717 -0.977442 0.0382284
    outer loop
      vertex 70.5 58.0565 16
      vertex 70.1498 58.0603 18
      vertex 70.1579 57.9838 16
    endloop
  endfacet
  facet normal 0.207749 -0.977435 0.038234
    outer loop
      vertex 70.1498 58.0603 18
      vertex 70.5 58.0565 16
      vertex 72.3992 58.5384 18
    endloop
  endfacet
  facet normal 0.20784 -0.977415 0.0382309
    outer loop
      vertex 70.8781 57.8631 9
      vertex 70.5 58.0565 16
      vertex 70.5 57.7827 9
    endloop
  endfacet
  facet normal 0.207757 -0.977433 0.0382269
    outer loop
      vertex 70.5 58.0565 16
      vertex 70.8781 57.8631 9
      vertex 72.3992 58.5384 18
    endloop
  endfacet
  facet normal 0 -0.999269 0.038222
    outer loop
      vertex 67.8421 57.9838 16
      vertex 70.1498 58.0603 18
      vertex 67.8502 58.0603 18
    endloop
  endfacet
  facet normal 0 -0.999269 0.038222
    outer loop
      vertex 70.1498 58.0603 18
      vertex 67.8421 57.9838 16
      vertex 70.1579 57.9838 16
    endloop
  endfacet
  facet normal 0.950366 -0.308779 0.0382243
    outer loop
      vertex 79.049 64.5259 18
      vertex 79.5839 65.0581 9
      vertex 79.7596 66.713 18
    endloop
  endfacet
  facet normal 0.95035 -0.308828 0.0382204
    outer loop
      vertex 79.5839 65.0581 9
      vertex 79.049 64.5259 18
      vertex 79.3652 64.3851 9
    endloop
  endfacet
  facet normal 0.406444 0.912876 0.0382262
    outer loop
      vertex 74.0267 79.1139 9
      vertex 74.5 78.5263 18
      vertex 74.6731 78.8261 9
    endloop
  endfacet
  facet normal 0.406426 0.912884 0.0382277
    outer loop
      vertex 74.5 78.5263 18
      vertex 74.0267 79.1139 9
      vertex 72.3992 79.4616 18
    endloop
  endfacet
  facet normal -0.207749 -0.977435 0.038234
    outer loop
      vertex 65.6008 58.5384 18
      vertex 67.5 58.0565 16
      vertex 67.8502 58.0603 18
    endloop
  endfacet
  facet normal -0.207757 -0.977433 0.0382269
    outer loop
      vertex 67.1219 57.8631 9
      vertex 67.5 58.0565 16
      vertex 65.6008 58.5384 18
    endloop
  endfacet
  facet normal -0.20784 -0.977415 0.0382309
    outer loop
      vertex 67.5 58.0565 16
      vertex 67.1219 57.8631 9
      vertex 67.5 57.7827 9
    endloop
  endfacet
  facet normal -0.207717 -0.977442 0.0382284
    outer loop
      vertex 67.8502 58.0603 18
      vertex 67.5 58.0565 16
      vertex 67.8421 57.9838 16
    endloop
  endfacet
  facet normal 0 0 1
    outer loop
      vertex 79.7596 71.287 18
      vertex 79.7596 66.713 18
      vertex 80 69 18
    endloop
  endfacet
  facet normal 0 0 1
    outer loop
      vertex 79.049 73.4741 18
      vertex 79.7596 66.713 18
      vertex 79.7596 71.287 18
    endloop
  endfacet
  facet normal 0 0 1
    outer loop
      vertex 79.049 73.4741 18
      vertex 79.049 64.5259 18
      vertex 79.7596 66.713 18
    endloop
  endfacet
  facet normal 0 0 1
    outer loop
      vertex 77.8992 75.4656 18
      vertex 79.049 64.5259 18
      vertex 79.049 73.4741 18
    endloop
  endfacet
  facet normal 0 0 1
    outer loop
      vertex 77.8992 75.4656 18
      vertex 77.8992 62.5344 18
      vertex 79.049 64.5259 18
    endloop
  endfacet
  facet normal 0 0 1
    outer loop
      vertex 76.3604 77.1746 18
      vertex 77.8992 62.5344 18
      vertex 77.8992 75.4656 18
    endloop
  endfacet
  facet normal 0 0 1
    outer loop
      vertex 76.3604 77.1746 18
      vertex 76.3604 60.8254 18
      vertex 77.8992 62.5344 18
    endloop
  endfacet
  facet normal 0 0 1
    outer loop
      vertex 74.5 78.5263 18
      vertex 76.3604 60.8254 18
      vertex 76.3604 77.1746 18
    endloop
  endfacet
  facet normal 0 0 1
    outer loop
      vertex 74.5 78.5263 18
      vertex 74.5 59.4737 18
      vertex 76.3604 60.8254 18
    endloop
  endfacet
  facet normal 0 0 1
    outer loop
      vertex 72.3992 79.4616 18
      vertex 74.5 59.4737 18
      vertex 74.5 78.5263 18
    endloop
  endfacet
  facet normal 0 0 1
    outer loop
      vertex 72.3992 79.4616 18
      vertex 72.3992 58.5384 18
      vertex 74.5 59.4737 18
    endloop
  endfacet
  facet normal 0 0 1
    outer loop
      vertex 70.1498 79.9397 18
      vertex 72.3992 58.5384 18
      vertex 72.3992 79.4616 18
    endloop
  endfacet
  facet normal 0 0 1
    outer loop
      vertex 70.1498 79.9397 18
      vertex 70.1498 58.0603 18
      vertex 72.3992 58.5384 18
    endloop
  endfacet
  facet normal -0 0 1
    outer loop
      vertex 67.8502 79.9397 18
      vertex 70.1498 58.0603 18
      vertex 70.1498 79.9397 18
    endloop
  endfacet
  facet normal 0 0 1
    outer loop
      vertex 67.8502 79.9397 18
      vertex 67.8502 58.0603 18
      vertex 70.1498 58.0603 18
    endloop
  endfacet
  facet normal -0 0 1
    outer loop
      vertex 65.6008 79.4616 18
      vertex 67.8502 58.0603 18
      vertex 67.8502 79.9397 18
    endloop
  endfacet
  facet normal 0 0 1
    outer loop
      vertex 65.6008 79.4616 18
      vertex 65.6008 58.5384 18
      vertex 67.8502 58.0603 18
    endloop
  endfacet
  facet normal -0 0 1
    outer loop
      vertex 63.5 78.5263 18
      vertex 65.6008 58.5384 18
      vertex 65.6008 79.4616 18
    endloop
  endfacet
  facet normal 0 0 1
    outer loop
      vertex 63.5 78.5263 18
      vertex 63.5 59.4737 18
      vertex 65.6008 58.5384 18
    endloop
  endfacet
  facet normal -0 0 1
    outer loop
      vertex 61.6396 77.1746 18
      vertex 63.5 59.4737 18
      vertex 63.5 78.5263 18
    endloop
  endfacet
  facet normal 0 0 1
    outer loop
      vertex 61.6396 77.1746 18
      vertex 61.6396 60.8254 18
      vertex 63.5 59.4737 18
    endloop
  endfacet
  facet normal -0 0 1
    outer loop
      vertex 60.1008 75.4656 18
      vertex 61.6396 60.8254 18
      vertex 61.6396 77.1746 18
    endloop
  endfacet
  facet normal 0 0 1
    outer loop
      vertex 60.1008 75.4656 18
      vertex 60.1008 62.5344 18
      vertex 61.6396 60.8254 18
    endloop
  endfacet
  facet normal -0 0 1
    outer loop
      vertex 58.951 73.4741 18
      vertex 60.1008 62.5344 18
      vertex 60.1008 75.4656 18
    endloop
  endfacet
  facet normal 0 0 1
    outer loop
      vertex 58.951 73.4741 18
      vertex 58.951 64.5259 18
      vertex 60.1008 62.5344 18
    endloop
  endfacet
  facet normal -0 0 1
    outer loop
      vertex 58.2404 71.287 18
      vertex 58.951 64.5259 18
      vertex 58.951 73.4741 18
    endloop
  endfacet
  facet normal 0 0 1
    outer loop
      vertex 58.2404 71.287 18
      vertex 58.2404 66.713 18
      vertex 58.951 64.5259 18
    endloop
  endfacet
  facet normal 0 -0 1
    outer loop
      vertex 58.2404 66.713 18
      vertex 58.2404 71.287 18
      vertex 58 69 18
    endloop
  endfacet
  facet normal 0.587367 -0.808418 0.0382115
    outer loop
      vertex 74.5 59.4737 18
      vertex 75.6581 60.2206 16
      vertex 76.3604 60.8254 18
    endloop
  endfacet
  facet normal 0.587384 -0.808405 0.0382262
    outer loop
      vertex 74.5 59.4737 18
      vertex 75.7404 60.1383 12.9949
      vertex 75.6581 60.2206 16
    endloop
  endfacet
  facet normal 0.587385 -0.808405 0.0382262
    outer loop
      vertex 74.6731 59.1739 9
      vertex 75.7404 60.1383 12.9949
      vertex 74.5 59.4737 18
    endloop
  endfacet
  facet normal 0.587381 -0.808407 0.0382279
    outer loop
      vertex 75.7404 60.1383 12.9949
      vertex 74.6731 59.1739 9
      vertex 75.2455 59.5898 9
    endloop
  endfacet
  facet normal 0.587254 -0.808497 0.0382752
    outer loop
      vertex 76.3604 60.8254 18
      vertex 75.6581 60.2206 16
      vertex 76.1127 60.5508 16
    endloop
  endfacet
  facet normal -0.923888 -0.382663 0
    outer loop
      vertex 67.2322 67.2322 22
      vertex 66.5 69 32
      vertex 66.5 69 22
    endloop
  endfacet
  facet normal -0.923888 -0.382663 0
    outer loop
      vertex 66.5 69 32
      vertex 67.2322 67.2322 22
      vertex 67.2322 67.2322 32
    endloop
  endfacet
  facet normal 0.382663 0.923888 -0
    outer loop
      vertex 70.7678 70.7678 22
      vertex 69 71.5 32
      vertex 70.7678 70.7678 32
    endloop
  endfacet
  facet normal 0.382663 0.923888 0
    outer loop
      vertex 69 71.5 32
      vertex 70.7678 70.7678 22
      vertex 69 71.5 22
    endloop
  endfacet
  facet normal 0.923888 0.382663 0
    outer loop
      vertex 71.5 69 32
      vertex 70.7678 70.7678 22
      vertex 70.7678 70.7678 32
    endloop
  endfacet
  facet normal 0.923888 0.382663 0
    outer loop
      vertex 70.7678 70.7678 22
      vertex 71.5 69 32
      vertex 71.5 69 22
    endloop
  endfacet
  facet normal 0.923888 -0.382663 0
    outer loop
      vertex 70.7678 67.2322 32
      vertex 71.5 69 22
      vertex 71.5 69 32
    endloop
  endfacet
  facet normal 0.923888 -0.382663 0
    outer loop
      vertex 71.5 69 22
      vertex 70.7678 67.2322 32
      vertex 70.7678 67.2322 22
    endloop
  endfacet
  facet normal -0.382663 -0.923888 0
    outer loop
      vertex 67.2322 67.2322 22
      vertex 69 66.5 32
      vertex 67.2322 67.2322 32
    endloop
  endfacet
  facet normal -0.382663 -0.923888 -0
    outer loop
      vertex 69 66.5 32
      vertex 67.2322 67.2322 22
      vertex 69 66.5 22
    endloop
  endfacet
  facet normal -0.382663 0.923888 0
    outer loop
      vertex 69 71.5 22
      vertex 67.2322 70.7678 32
      vertex 69 71.5 32
    endloop
  endfacet
  facet normal -0.382663 0.923888 0
    outer loop
      vertex 67.2322 70.7678 32
      vertex 69 71.5 22
      vertex 67.2322 70.7678 22
    endloop
  endfacet
  facet normal -0.923888 0.382663 0
    outer loop
      vertex 66.5 69 22
      vertex 67.2322 70.7678 32
      vertex 67.2322 70.7678 22
    endloop
  endfacet
  facet normal -0.923888 0.382663 0
    outer loop
      vertex 67.2322 70.7678 32
      vertex 66.5 69 22
      vertex 66.5 69 32
    endloop
  endfacet
  facet normal 0.382663 -0.923888 0
    outer loop
      vertex 69 66.5 22
      vertex 70.7678 67.2322 32
      vertex 69 66.5 32
    endloop
  endfacet
  facet normal 0.382663 -0.923888 0
    outer loop
      vertex 70.7678 67.2322 32
      vertex 69 66.5 22
      vertex 70.7678 67.2322 22
    endloop
  endfacet
  facet normal 0 0 -1
    outer loop
      vertex 71.5 69 32
      vertex 72.5 69 32
      vertex 71.9444 67.1078 32
    endloop
  endfacet
  facet normal 0 0 -1
    outer loop
      vertex 72.5 69 32
      vertex 71.5 69 32
      vertex 71.9444 70.8922 32
    endloop
  endfacet
  facet normal 0 0 -1
    outer loop
      vertex 71.9444 67.1078 32
      vertex 70.7678 67.2322 32
      vertex 71.5 69 32
    endloop
  endfacet
  facet normal 0 0 -1
    outer loop
      vertex 70.4539 65.8163 32
      vertex 70.7678 67.2322 32
      vertex 71.9444 67.1078 32
    endloop
  endfacet
  facet normal 0 0 -1
    outer loop
      vertex 70.4539 65.8163 32
      vertex 69 66.5 32
      vertex 70.7678 67.2322 32
    endloop
  endfacet
  facet normal 0 0 -1
    outer loop
      vertex 68.5019 65.5356 32
      vertex 69 66.5 32
      vertex 70.4539 65.8163 32
    endloop
  endfacet
  facet normal 0 0 -1
    outer loop
      vertex 68.5019 65.5356 32
      vertex 67.2322 67.2322 32
      vertex 69 66.5 32
    endloop
  endfacet
  facet normal 0 0 -1
    outer loop
      vertex 66.708 66.3549 32
      vertex 67.2322 67.2322 32
      vertex 68.5019 65.5356 32
    endloop
  endfacet
  facet normal 0 0 -1
    outer loop
      vertex 65.6418 68.0139 32
      vertex 67.2322 67.2322 32
      vertex 66.708 66.3549 32
    endloop
  endfacet
  facet normal 0 0 -1
    outer loop
      vertex 67.2322 67.2322 32
      vertex 65.6418 68.0139 32
      vertex 66.5 69 32
    endloop
  endfacet
  facet normal 0 0 -1
    outer loop
      vertex 70.7678 70.7678 32
      vertex 71.9444 70.8922 32
      vertex 71.5 69 32
    endloop
  endfacet
  facet normal 0 0 -1
    outer loop
      vertex 70.7678 70.7678 32
      vertex 70.4539 72.1837 32
      vertex 71.9444 70.8922 32
    endloop
  endfacet
  facet normal 0 0 -1
    outer loop
      vertex 69 71.5 32
      vertex 70.4539 72.1837 32
      vertex 70.7678 70.7678 32
    endloop
  endfacet
  facet normal 0 0 -1
    outer loop
      vertex 69 71.5 32
      vertex 68.5019 72.4644 32
      vertex 70.4539 72.1837 32
    endloop
  endfacet
  facet normal 0 0 -1
    outer loop
      vertex 67.2322 70.7678 32
      vertex 68.5019 72.4644 32
      vertex 69 71.5 32
    endloop
  endfacet
  facet normal 0 0 -1
    outer loop
      vertex 67.2322 70.7678 32
      vertex 66.708 71.6451 32
      vertex 68.5019 72.4644 32
    endloop
  endfacet
  facet normal 0 0 -1
    outer loop
      vertex 65.6418 69.9861 32
      vertex 67.2322 70.7678 32
      vertex 66.5 69 32
    endloop
  endfacet
  facet normal 0 0 -1
    outer loop
      vertex 65.6418 69.9861 32
      vertex 66.5 69 32
      vertex 65.6418 68.0139 32
    endloop
  endfacet
  facet normal -0 0 -1
    outer loop
      vertex 67.2322 70.7678 32
      vertex 65.6418 69.9861 32
      vertex 66.708 71.6451 32
    endloop
  endfacet
  facet normal 0 0 -1
    outer loop
      vertex 70.7678 67.2322 22
      vertex 70.7678 70.7678 22
      vertex 71.5 69 22
    endloop
  endfacet
  facet normal 0 0 -1
    outer loop
      vertex 69 66.5 22
      vertex 70.7678 70.7678 22
      vertex 70.7678 67.2322 22
    endloop
  endfacet
  facet normal 0 0 -1
    outer loop
      vertex 69 66.5 22
      vertex 69 71.5 22
      vertex 70.7678 70.7678 22
    endloop
  endfacet
  facet normal 0 0 -1
    outer loop
      vertex 67.2322 67.2322 22
      vertex 69 71.5 22
      vertex 69 66.5 22
    endloop
  endfacet
  facet normal 0 0 -1
    outer loop
      vertex 67.2322 67.2322 22
      vertex 67.2322 70.7678 22
      vertex 69 71.5 22
    endloop
  endfacet
  facet normal 0 -0 -1
    outer loop
      vertex 67.2322 70.7678 22
      vertex 67.2322 67.2322 22
      vertex 66.5 69 22
    endloop
  endfacet
  facet normal 0.654853 0.755756 -0
    outer loop
      vertex 71.9444 70.8922 32
      vertex 70.4539 72.1837 35
      vertex 71.9444 70.8922 35
    endloop
  endfacet
  facet normal 0.654853 0.755756 0
    outer loop
      vertex 70.4539 72.1837 35
      vertex 71.9444 70.8922 32
      vertex 70.4539 72.1837 32
    endloop
  endfacet
  facet normal 0.959493 0.281733 0
    outer loop
      vertex 72.5 69 35
      vertex 71.9444 70.8922 32
      vertex 71.9444 70.8922 35
    endloop
  endfacet
  facet normal 0.959493 0.281733 0
    outer loop
      vertex 71.9444 70.8922 32
      vertex 72.5 69 35
      vertex 72.5 69 32
    endloop
  endfacet
  facet normal 0.142337 0.989818 -0
    outer loop
      vertex 70.4539 72.1837 32
      vertex 68.5019 72.4644 35
      vertex 70.4539 72.1837 35
    endloop
  endfacet
  facet normal 0.142337 0.989818 0
    outer loop
      vertex 68.5019 72.4644 35
      vertex 70.4539 72.1837 32
      vertex 68.5019 72.4644 32
    endloop
  endfacet
  facet normal -0.415437 0.909622 0
    outer loop
      vertex 68.5019 72.4644 32
      vertex 66.708 71.6451 35
      vertex 68.5019 72.4644 35
    endloop
  endfacet
  facet normal -0.415437 0.909622 0
    outer loop
      vertex 66.708 71.6451 35
      vertex 68.5019 72.4644 32
      vertex 66.708 71.6451 32
    endloop
  endfacet
  facet normal -1 0 0
    outer loop
      vertex 65.6418 68.0139 32
      vertex 65.6418 69.9861 35
      vertex 65.6418 69.9861 32
    endloop
  endfacet
  facet normal -1 -0 0
    outer loop
      vertex 65.6418 69.9861 35
      vertex 65.6418 68.0139 32
      vertex 65.6418 68.0139 35
    endloop
  endfacet
  facet normal 0.142337 -0.989818 0
    outer loop
      vertex 68.5019 65.5356 32
      vertex 70.4539 65.8163 35
      vertex 68.5019 65.5356 35
    endloop
  endfacet
  facet normal 0.142337 -0.989818 0
    outer loop
      vertex 70.4539 65.8163 35
      vertex 68.5019 65.5356 32
      vertex 70.4539 65.8163 32
    endloop
  endfacet
  facet normal 0.654853 -0.755756 0
    outer loop
      vertex 70.4539 65.8163 32
      vertex 71.9444 67.1078 35
      vertex 70.4539 65.8163 35
    endloop
  endfacet
  facet normal 0.654853 -0.755756 0
    outer loop
      vertex 71.9444 67.1078 35
      vertex 70.4539 65.8163 32
      vertex 71.9444 67.1078 32
    endloop
  endfacet
  facet normal -0.841248 -0.54065 0
    outer loop
      vertex 66.708 66.3549 32
      vertex 65.6418 68.0139 35
      vertex 65.6418 68.0139 32
    endloop
  endfacet
  facet normal -0.841248 -0.54065 0
    outer loop
      vertex 65.6418 68.0139 35
      vertex 66.708 66.3549 32
      vertex 66.708 66.3549 35
    endloop
  endfacet
  facet normal 0.959493 -0.281733 0
    outer loop
      vertex 71.9444 67.1078 35
      vertex 72.5 69 32
      vertex 72.5 69 35
    endloop
  endfacet
  facet normal 0.959493 -0.281733 0
    outer loop
      vertex 72.5 69 32
      vertex 71.9444 67.1078 35
      vertex 71.9444 67.1078 32
    endloop
  endfacet
  facet normal -0.841248 0.54065 0
    outer loop
      vertex 65.6418 69.9861 32
      vertex 66.708 71.6451 35
      vertex 66.708 71.6451 32
    endloop
  endfacet
  facet normal -0.841248 0.54065 0
    outer loop
      vertex 66.708 71.6451 35
      vertex 65.6418 69.9861 32
      vertex 65.6418 69.9861 35
    endloop
  endfacet
  facet normal 0 0 1
    outer loop
      vertex 71.9444 70.8922 35
      vertex 71.9444 67.1078 35
      vertex 72.5 69 35
    endloop
  endfacet
  facet normal 0 0 1
    outer loop
      vertex 70.4539 72.1837 35
      vertex 71.9444 67.1078 35
      vertex 71.9444 70.8922 35
    endloop
  endfacet
  facet normal 0 0 1
    outer loop
      vertex 70.4539 72.1837 35
      vertex 70.4539 65.8163 35
      vertex 71.9444 67.1078 35
    endloop
  endfacet
  facet normal 0 0 1
    outer loop
      vertex 68.5019 72.4644 35
      vertex 70.4539 65.8163 35
      vertex 70.4539 72.1837 35
    endloop
  endfacet
  facet normal 0 0 1
    outer loop
      vertex 68.5019 72.4644 35
      vertex 68.5019 65.5356 35
      vertex 70.4539 65.8163 35
    endloop
  endfacet
  facet normal -0 0 1
    outer loop
      vertex 66.708 71.6451 35
      vertex 68.5019 65.5356 35
      vertex 68.5019 72.4644 35
    endloop
  endfacet
  facet normal 0 0 1
    outer loop
      vertex 66.708 71.6451 35
      vertex 66.708 66.3549 35
      vertex 68.5019 65.5356 35
    endloop
  endfacet
  facet normal -0 0 1
    outer loop
      vertex 65.6418 69.9861 35
      vertex 66.708 66.3549 35
      vertex 66.708 71.6451 35
    endloop
  endfacet
  facet normal 0 0 1
    outer loop
      vertex 66.708 66.3549 35
      vertex 65.6418 69.9861 35
      vertex 65.6418 68.0139 35
    endloop
  endfacet
  facet normal -0.415437 -0.909622 0
    outer loop
      vertex 66.708 66.3549 32
      vertex 68.5019 65.5356 35
      vertex 66.708 66.3549 35
    endloop
  endfacet
  facet normal -0.415437 -0.909622 -0
    outer loop
      vertex 68.5019 65.5356 35
      vertex 66.708 66.3549 32
      vertex 68.5019 65.5356 32
    endloop
  endfacet
  facet normal 1 0 0
    outer loop
      vertex -57 70.5 16
      vertex -57 69 6
      vertex -57 70.5 6
    endloop
  endfacet
  facet normal 1 -0 0
    outer loop
      vertex -57 67.5 16
      vertex -57 69 6
      vertex -57 70.5 16
    endloop
  endfacet
  facet normal 1 0 0
    outer loop
      vertex -57 69 6
      vertex -57 67.5 16
      vertex -57 67.5 6
    endloop
  endfacet
  facet normal 0 0 1
    outer loop
      vertex -57 70.5 16
      vertex -57.9231 69 16
      vertex -57 67.5 16
    endloop
  endfacet
  facet normal 0 -0 1
    outer loop
      vertex -57.9231 69 16
      vertex -57 70.5 16
      vertex -58.0807 70.5 16
    endloop
  endfacet
  facet normal 0 0 1
    outer loop
      vertex -57 67.5 16
      vertex -57.9231 69 16
      vertex -58.0807 67.5 16
    endloop
  endfacet
  facet normal 0 0 -1
    outer loop
      vertex -57 69 6
      vertex -57.1577 70.5 6
      vertex -57 70.5 6
    endloop
  endfacet
  facet normal 0 0 -1
    outer loop
      vertex -57 67.5 6
      vertex -57.1577 67.5 6
      vertex -57 69 6
    endloop
  endfacet
  facet normal 0 1 0
    outer loop
      vertex -57 70.5 16
      vertex -57.9856 70.5 13.5263
      vertex -58.0807 70.5 16
    endloop
  endfacet
  facet normal 0 1 0
    outer loop
      vertex -57 70.5 16
      vertex -57.1577 70.5 9
      vertex -57.9856 70.5 13.5263
    endloop
  endfacet
  facet normal 0 1 -0
    outer loop
      vertex -57 70.5 6
      vertex -57.1577 70.5 9
      vertex -57 70.5 16
    endloop
  endfacet
  facet normal 0 1 0
    outer loop
      vertex -57.1577 70.5 9
      vertex -57 70.5 6
      vertex -57.1577 70.5 6
    endloop
  endfacet
  facet normal 0 1 0
    outer loop
      vertex -57.9856 70.5 13.5263
      vertex -57.1577 70.5 9
      vertex -57.8115 70.5 9
    endloop
  endfacet
  facet normal 0 -1 0
    outer loop
      vertex -57.9856 67.5 13.5263
      vertex -57 67.5 16
      vertex -58.0807 67.5 16
    endloop
  endfacet
  facet normal 0 -1 0
    outer loop
      vertex -57.1577 67.5 9
      vertex -57.9856 67.5 13.5263
      vertex -57.8115 67.5 9
    endloop
  endfacet
  facet normal 0 -1 0
    outer loop
      vertex -57.9856 67.5 13.5263
      vertex -57.1577 67.5 9
      vertex -57 67.5 16
    endloop
  endfacet
  facet normal 0 -1 0
    outer loop
      vertex -57 67.5 6
      vertex -57.1577 67.5 9
      vertex -57.1577 67.5 6
    endloop
  endfacet
  facet normal 0 -1 0
    outer loop
      vertex -57.1577 67.5 9
      vertex -57 67.5 6
      vertex -57 67.5 16
    endloop
  endfacet
  facet normal 0 0 1
    outer loop
      vertex -59.4541 76.4246 16
      vertex -61.3406 76.9569 16
      vertex -60.1946 75.6841 16
    endloop
  endfacet
  facet normal 0 0 1
    outer loop
      vertex -61.5754 78.5459 16
      vertex -61.3406 76.9569 16
      vertex -59.4541 76.4246 16
    endloop
  endfacet
  facet normal 0 0 1
    outer loop
      vertex -61.5754 78.5459 16
      vertex -61.5881 77.2318 16
      vertex -61.3406 76.9569 16
    endloop
  endfacet
  facet normal 0 0 1
    outer loop
      vertex -61.5754 78.5459 16
      vertex -61.8873 77.4492 16
      vertex -61.5881 77.2318 16
    endloop
  endfacet
  facet normal 0 -0 1
    outer loop
      vertex -61.8873 77.4492 16
      vertex -61.5754 78.5459 16
      vertex -62.3419 77.7794 16
    endloop
  endfacet
  facet normal -0.706783 0.70743 0
    outer loop
      vertex -61.6847 78.4367 9
      vertex -61.5754 78.5459 6
      vertex -61.6847 78.4367 6
    endloop
  endfacet
  facet normal -0.706783 0.70743 0
    outer loop
      vertex -61.5754 78.5459 6
      vertex -61.6847 78.4367 9
      vertex -61.5754 78.5459 16
    endloop
  endfacet
  facet normal -0.707183 0.707031 -4.15939e-06
    outer loop
      vertex -62.2596 77.8617 12.9949
      vertex -61.6847 78.4367 9
      vertex -62.1502 77.9711 9
    endloop
  endfacet
  facet normal -0.707131 0.707083 1.08449e-05
    outer loop
      vertex -61.6847 78.4367 9
      vertex -62.2596 77.8617 12.9949
      vertex -61.5754 78.5459 16
    endloop
  endfacet
  facet normal -0.707107 0.707107 -1.7041e-16
    outer loop
      vertex -61.5754 78.5459 16
      vertex -62.2596 77.8617 12.9949
      vertex -62.3419 77.7794 16
    endloop
  endfacet
  facet normal 0 0 -1
    outer loop
      vertex -60.9704 77.9177 6
      vertex -59.4541 76.4246 6
      vertex -59.5445 76.3341 6
    endloop
  endfacet
  facet normal 0 0 -1
    outer loop
      vertex -60.9704 77.9177 6
      vertex -61.5754 78.5459 6
      vertex -59.4541 76.4246 6
    endloop
  endfacet
  facet normal 0 -0 -1
    outer loop
      vertex -61.5754 78.5459 6
      vertex -60.9704 77.9177 6
      vertex -61.6847 78.4367 6
    endloop
  endfacet
  facet normal 0.707498 -0.706716 0
    outer loop
      vertex -59.4541 76.4246 16
      vertex -59.5445 76.3341 9
      vertex -59.4541 76.4246 6
    endloop
  endfacet
  facet normal 0.70703 -0.707184 1.20859e-05
    outer loop
      vertex -59.4541 76.4246 16
      vertex -60.005 75.8737 9
      vertex -59.5445 76.3341 9
    endloop
  endfacet
  facet normal 0.707107 -0.707107 -1.83634e-16
    outer loop
      vertex -60.005 75.8737 9
      vertex -59.4541 76.4246 16
      vertex -60.1946 75.6841 16
    endloop
  endfacet
  facet normal 0.707498 -0.706716 0
    outer loop
      vertex -59.4541 76.4246 6
      vertex -59.5445 76.3341 9
      vertex -59.5445 76.3341 6
    endloop
  endfacet
  facet normal 0.707107 0.707107 0
    outer loop
      vertex -59.4541 76.4246 16
      vertex -61.5754 78.5459 6
      vertex -61.5754 78.5459 16
    endloop
  endfacet
  facet normal 0.707107 0.707107 0
    outer loop
      vertex -61.5754 78.5459 6
      vertex -59.4541 76.4246 16
      vertex -59.4541 76.4246 6
    endloop
  endfacet
  facet normal 0 0 1
    outer loop
      vertex -67.5 81 16
      vertex -67.8421 80.0162 16
      vertex -67.5 79.9435 16
    endloop
  endfacet
  facet normal 0 0 1
    outer loop
      vertex -67.5 81 16
      vertex -70.1579 80.0162 16
      vertex -67.8421 80.0162 16
    endloop
  endfacet
  facet normal -0 0 1
    outer loop
      vertex -70.5 81 16
      vertex -70.1579 80.0162 16
      vertex -67.5 81 16
    endloop
  endfacet
  facet normal 0 0 1
    outer loop
      vertex -70.1579 80.0162 16
      vertex -70.5 81 16
      vertex -70.5 79.9435 16
    endloop
  endfacet
  facet normal -1 0 0
    outer loop
      vertex -70.5 80.882 9
      vertex -70.5 81 6
      vertex -70.5 80.882 6
    endloop
  endfacet
  facet normal -1 0 0
    outer loop
      vertex -70.5 81 6
      vertex -70.5 80.882 9
      vertex -70.5 81 16
    endloop
  endfacet
  facet normal -1 0 0
    outer loop
      vertex -70.5 80.2173 9
      vertex -70.5 81 16
      vertex -70.5 80.882 9
    endloop
  endfacet
  facet normal -1 -0 0
    outer loop
      vertex -70.5 81 16
      vertex -70.5 80.2173 9
      vertex -70.5 79.9435 16
    endloop
  endfacet
  facet normal 0 0 -1
    outer loop
      vertex -67.7457 80.9343 6
      vertex -67.5 81 6
      vertex -67.5 80.882 6
    endloop
  endfacet
  facet normal 0 0 -1
    outer loop
      vertex -70.2543 80.9343 6
      vertex -67.5 81 6
      vertex -67.7457 80.9343 6
    endloop
  endfacet
  facet normal 0 0 -1
    outer loop
      vertex -70.2543 80.9343 6
      vertex -70.5 81 6
      vertex -67.5 81 6
    endloop
  endfacet
  facet normal 0 0 -1
    outer loop
      vertex -70.5 81 6
      vertex -70.2543 80.9343 6
      vertex -70.5 80.882 6
    endloop
  endfacet
  facet normal 1 0 0
    outer loop
      vertex -67.5 81 16
      vertex -67.5 80.882 9
      vertex -67.5 81 6
    endloop
  endfacet
  facet normal 1 0 0
    outer loop
      vertex -67.5 81 16
      vertex -67.5 80.2173 9
      vertex -67.5 80.882 9
    endloop
  endfacet
  facet normal 1 0 -0
    outer loop
      vertex -67.5 80.2173 9
      vertex -67.5 81 16
      vertex -67.5 79.9435 16
    endloop
  endfacet
  facet normal 1 0 0
    outer loop
      vertex -67.5 81 6
      vertex -67.5 80.882 9
      vertex -67.5 80.882 6
    endloop
  endfacet
  facet normal 0 1 -0
    outer loop
      vertex -67.5 81 6
      vertex -70.5 81 16
      vertex -67.5 81 16
    endloop
  endfacet
  facet normal 0 1 0
    outer loop
      vertex -70.5 81 16
      vertex -67.5 81 6
      vertex -70.5 81 6
    endloop
  endfacet
  facet normal 0 0 1
    outer loop
      vertex -76.4246 78.5459 16
      vertex -76.1127 77.4492 16
      vertex -75.6581 77.7794 16
    endloop
  endfacet
  facet normal 0 0 1
    outer loop
      vertex -76.4246 78.5459 16
      vertex -76.4119 77.2318 16
      vertex -76.1127 77.4492 16
    endloop
  endfacet
  facet normal 0 0 1
    outer loop
      vertex -76.4246 78.5459 16
      vertex -76.6594 76.9569 16
      vertex -76.4119 77.2318 16
    endloop
  endfacet
  facet normal 0 0 1
    outer loop
      vertex -78.5459 76.4246 16
      vertex -76.6594 76.9569 16
      vertex -76.4246 78.5459 16
    endloop
  endfacet
  facet normal 0 0 1
    outer loop
      vertex -76.6594 76.9569 16
      vertex -78.5459 76.4246 16
      vertex -77.8054 75.6841 16
    endloop
  endfacet
  facet normal -0.70703 -0.707184 1.20859e-05
    outer loop
      vertex -77.995 75.8737 9
      vertex -78.5459 76.4246 16
      vertex -78.4555 76.3341 9
    endloop
  endfacet
  facet normal -0.707498 -0.706716 0
    outer loop
      vertex -78.5459 76.4246 6
      vertex -78.4555 76.3341 9
      vertex -78.5459 76.4246 16
    endloop
  endfacet
  facet normal -0.707498 -0.706716 -0
    outer loop
      vertex -78.4555 76.3341 9
      vertex -78.5459 76.4246 6
      vertex -78.4555 76.3341 6
    endloop
  endfacet
  facet normal -0.707107 -0.707107 0
    outer loop
      vertex -78.5459 76.4246 16
      vertex -77.995 75.8737 9
      vertex -77.8054 75.6841 16
    endloop
  endfacet
  facet normal 0 0 -1
    outer loop
      vertex -77.0296 77.9177 6
      vertex -76.4246 78.5459 6
      vertex -76.3153 78.4367 6
    endloop
  endfacet
  facet normal -0 0 -1
    outer loop
      vertex -77.0296 77.9177 6
      vertex -78.5459 76.4246 6
      vertex -76.4246 78.5459 6
    endloop
  endfacet
  facet normal 0 0 -1
    outer loop
      vertex -78.5459 76.4246 6
      vertex -77.0296 77.9177 6
      vertex -78.4555 76.3341 6
    endloop
  endfacet
  facet normal 0.706783 0.70743 0
    outer loop
      vertex -76.4246 78.5459 16
      vertex -76.3153 78.4367 9
      vertex -76.4246 78.5459 6
    endloop
  endfacet
  facet normal 0.707131 0.707083 1.08449e-05
    outer loop
      vertex -75.7404 77.8617 12.9949
      vertex -76.3153 78.4367 9
      vertex -76.4246 78.5459 16
    endloop
  endfacet
  facet normal 0.707183 0.707031 -4.15939e-06
    outer loop
      vertex -76.3153 78.4367 9
      vertex -75.7404 77.8617 12.9949
      vertex -75.8498 77.9711 9
    endloop
  endfacet
  facet normal 0.707107 0.707107 2.98643e-15
    outer loop
      vertex -75.7404 77.8617 12.9949
      vertex -76.4246 78.5459 16
      vertex -75.6581 77.7794 16
    endloop
  endfacet
  facet normal 0.706783 0.70743 0
    outer loop
      vertex -76.4246 78.5459 6
      vertex -76.3153 78.4367 9
      vertex -76.3153 78.4367 6
    endloop
  endfacet
  facet normal -0.707107 0.707107 0
    outer loop
      vertex -78.5459 76.4246 6
      vertex -76.4246 78.5459 16
      vertex -76.4246 78.5459 6
    endloop
  endfacet
  facet normal -0.707107 0.707107 0
    outer loop
      vertex -76.4246 78.5459 16
      vertex -78.5459 76.4246 6
      vertex -78.5459 76.4246 16
    endloop
  endfacet
  facet normal 0 0 1
    outer loop
      vertex -79.9193 70.5 16
      vertex -81 70.5 16
      vertex -80.0769 69 16
    endloop
  endfacet
  facet normal 0 0 1
    outer loop
      vertex -81 67.5 16
      vertex -80.0769 69 16
      vertex -81 70.5 16
    endloop
  endfacet
  facet normal 0 0 1
    outer loop
      vertex -80.0769 69 16
      vertex -81 67.5 16
      vertex -79.9193 67.5 16
    endloop
  endfacet
  facet normal -1 0 0
    outer loop
      vertex -81 69 6
      vertex -81 70.5 16
      vertex -81 70.5 6
    endloop
  endfacet
  facet normal -1 0 0
    outer loop
      vertex -81 67.5 16
      vertex -81 69 6
      vertex -81 67.5 6
    endloop
  endfacet
  facet normal -1 0 0
    outer loop
      vertex -81 69 6
      vertex -81 67.5 16
      vertex -81 70.5 16
    endloop
  endfacet
  facet normal 0 -1 0
    outer loop
      vertex -81 67.5 16
      vertex -80.0144 67.5 13.5263
      vertex -79.9193 67.5 16
    endloop
  endfacet
  facet normal 0 -1 0
    outer loop
      vertex -81 67.5 16
      vertex -80.8423 67.5 9
      vertex -80.0144 67.5 13.5263
    endloop
  endfacet
  facet normal 0 -1 0
    outer loop
      vertex -81 67.5 6
      vertex -80.8423 67.5 9
      vertex -81 67.5 16
    endloop
  endfacet
  facet normal 0 -1 -0
    outer loop
      vertex -80.8423 67.5 9
      vertex -81 67.5 6
      vertex -80.8423 67.5 6
    endloop
  endfacet
  facet normal 0 -1 0
    outer loop
      vertex -80.0144 67.5 13.5263
      vertex -80.8423 67.5 9
      vertex -80.1885 67.5 9
    endloop
  endfacet
  facet normal 0 0 -1
    outer loop
      vertex -80.8423 67.5 6
      vertex -81 67.5 6
      vertex -81 69 6
    endloop
  endfacet
  facet normal -0 0 -1
    outer loop
      vertex -80.8423 70.5 6
      vertex -81 69 6
      vertex -81 70.5 6
    endloop
  endfacet
  facet normal 0 1 -0
    outer loop
      vertex -80.0144 70.5 13.5263
      vertex -81 70.5 16
      vertex -79.9193 70.5 16
    endloop
  endfacet
  facet normal 0 1 0
    outer loop
      vertex -80.8423 70.5 9
      vertex -80.0144 70.5 13.5263
      vertex -80.1885 70.5 9
    endloop
  endfacet
  facet normal 0 1 0
    outer loop
      vertex -80.0144 70.5 13.5263
      vertex -80.8423 70.5 9
      vertex -81 70.5 16
    endloop
  endfacet
  facet normal 0 1 0
    outer loop
      vertex -81 70.5 6
      vertex -80.8423 70.5 9
      vertex -80.8423 70.5 6
    endloop
  endfacet
  facet normal 0 1 0
    outer loop
      vertex -80.8423 70.5 9
      vertex -81 70.5 6
      vertex -81 70.5 16
    endloop
  endfacet
  facet normal -0.707107 -0.707107 0
    outer loop
      vertex -78.5459 61.5754 6
      vertex -76.4246 59.4541 16
      vertex -78.5459 61.5754 16
    endloop
  endfacet
  facet normal -0.707107 -0.707107 -0
    outer loop
      vertex -76.4246 59.4541 16
      vertex -78.5459 61.5754 6
      vertex -76.4246 59.4541 6
    endloop
  endfacet
  facet normal 0 0 1
    outer loop
      vertex -76.1127 60.5508 16
      vertex -76.4246 59.4541 16
      vertex -75.6581 60.2206 16
    endloop
  endfacet
  facet normal 0 0 1
    outer loop
      vertex -76.4119 60.7682 16
      vertex -76.4246 59.4541 16
      vertex -76.1127 60.5508 16
    endloop
  endfacet
  facet normal 0 0 1
    outer loop
      vertex -76.6594 61.0431 16
      vertex -76.4246 59.4541 16
      vertex -76.4119 60.7682 16
    endloop
  endfacet
  facet normal -0 0 1
    outer loop
      vertex -78.5459 61.5754 16
      vertex -76.6594 61.0431 16
      vertex -77.8054 62.3159 16
    endloop
  endfacet
  facet normal 0 0 1
    outer loop
      vertex -76.6594 61.0431 16
      vertex -78.5459 61.5754 16
      vertex -76.4246 59.4541 16
    endloop
  endfacet
  facet normal 0 0 -1
    outer loop
      vertex -76.4246 59.4541 6
      vertex -77.0296 60.0823 6
      vertex -76.3153 59.5633 6
    endloop
  endfacet
  facet normal 0 0 -1
    outer loop
      vertex -77.0296 60.0823 6
      vertex -78.5459 61.5754 6
      vertex -78.4555 61.6659 6
    endloop
  endfacet
  facet normal 0 0 -1
    outer loop
      vertex -78.5459 61.5754 6
      vertex -77.0296 60.0823 6
      vertex -76.4246 59.4541 6
    endloop
  endfacet
  facet normal 0.707107 -0.707107 1.4996e-15
    outer loop
      vertex -76.4246 59.4541 16
      vertex -75.7404 60.1383 12.9949
      vertex -75.6581 60.2206 16
    endloop
  endfacet
  facet normal 0.707131 -0.707083 1.08449e-05
    outer loop
      vertex -76.4246 59.4541 16
      vertex -76.3153 59.5633 9
      vertex -75.7404 60.1383 12.9949
    endloop
  endfacet
  facet normal 0.706783 -0.70743 0
    outer loop
      vertex -76.4246 59.4541 6
      vertex -76.3153 59.5633 9
      vertex -76.4246 59.4541 16
    endloop
  endfacet
  facet normal 0.706783 -0.70743 0
    outer loop
      vertex -76.3153 59.5633 9
      vertex -76.4246 59.4541 6
      vertex -76.3153 59.5633 6
    endloop
  endfacet
  facet normal 0.707183 -0.707031 -4.15939e-06
    outer loop
      vertex -75.7404 60.1383 12.9949
      vertex -76.3153 59.5633 9
      vertex -75.8498 60.0289 9
    endloop
  endfacet
  facet normal -0.707107 0.707107 0
    outer loop
      vertex -77.995 62.1263 9
      vertex -78.5459 61.5754 16
      vertex -77.8054 62.3159 16
    endloop
  endfacet
  facet normal -0.70703 0.707184 1.20859e-05
    outer loop
      vertex -78.4555 61.6659 9
      vertex -78.5459 61.5754 16
      vertex -77.995 62.1263 9
    endloop
  endfacet
  facet normal -0.707498 0.706716 0
    outer loop
      vertex -78.5459 61.5754 6
      vertex -78.4555 61.6659 9
      vertex -78.4555 61.6659 6
    endloop
  endfacet
  facet normal -0.707498 0.706716 0
    outer loop
      vertex -78.4555 61.6659 9
      vertex -78.5459 61.5754 6
      vertex -78.5459 61.5754 16
    endloop
  endfacet
  facet normal 0 -1 0
    outer loop
      vertex -70.5 57 6
      vertex -67.5 57 16
      vertex -70.5 57 16
    endloop
  endfacet
  facet normal 0 -1 -0
    outer loop
      vertex -67.5 57 16
      vertex -70.5 57 6
      vertex -67.5 57 6
    endloop
  endfacet
  facet normal -0 0 1
    outer loop
      vertex -67.8421 57.9838 16
      vertex -67.5 57 16
      vertex -67.5 58.0565 16
    endloop
  endfacet
  facet normal -0 0 1
    outer loop
      vertex -70.1579 57.9838 16
      vertex -67.5 57 16
      vertex -67.8421 57.9838 16
    endloop
  endfacet
  facet normal 0 0 1
    outer loop
      vertex -70.5 57 16
      vertex -70.1579 57.9838 16
      vertex -70.5 58.0565 16
    endloop
  endfacet
  facet normal 0 0 1
    outer loop
      vertex -70.1579 57.9838 16
      vertex -70.5 57 16
      vertex -67.5 57 16
    endloop
  endfacet
  facet normal 0 0 -1
    outer loop
      vertex -67.5 57 6
      vertex -67.7457 57.0657 6
      vertex -67.5 57.118 6
    endloop
  endfacet
  facet normal 0 0 -1
    outer loop
      vertex -67.5 57 6
      vertex -70.2543 57.0657 6
      vertex -67.7457 57.0657 6
    endloop
  endfacet
  facet normal 0 0 -1
    outer loop
      vertex -70.5 57 6
      vertex -70.2543 57.0657 6
      vertex -67.5 57 6
    endloop
  endfacet
  facet normal -0 0 -1
    outer loop
      vertex -70.2543 57.0657 6
      vertex -70.5 57 6
      vertex -70.5 57.118 6
    endloop
  endfacet
  facet normal 1 -0 0
    outer loop
      vertex -67.5 57 16
      vertex -67.5 57.7827 9
      vertex -67.5 58.0565 16
    endloop
  endfacet
  facet normal 1 0 0
    outer loop
      vertex -67.5 57.7827 9
      vertex -67.5 57 16
      vertex -67.5 57.118 9
    endloop
  endfacet
  facet normal 1 0 0
    outer loop
      vertex -67.5 57 6
      vertex -67.5 57.118 9
      vertex -67.5 57 16
    endloop
  endfacet
  facet normal 1 0 0
    outer loop
      vertex -67.5 57.118 9
      vertex -67.5 57 6
      vertex -67.5 57.118 6
    endloop
  endfacet
  facet normal -1 0 0
    outer loop
      vertex -70.5 57.118 6
      vertex -70.5 57 6
      vertex -70.5 57.118 9
    endloop
  endfacet
  facet normal -1 0 0
    outer loop
      vertex -70.5 57 16
      vertex -70.5 57.7827 9
      vertex -70.5 57.118 9
    endloop
  endfacet
  facet normal -1 0 0
    outer loop
      vertex -70.5 57.7827 9
      vertex -70.5 57 16
      vertex -70.5 58.0565 16
    endloop
  endfacet
  facet normal -1 0 0
    outer loop
      vertex -70.5 57 16
      vertex -70.5 57.118 9
      vertex -70.5 57 6
    endloop
  endfacet
  facet normal 0.707107 -0.707107 0
    outer loop
      vertex -61.5754 59.4541 16
      vertex -59.4541 61.5754 6
      vertex -59.4541 61.5754 16
    endloop
  endfacet
  facet normal 0.707107 -0.707107 0
    outer loop
      vertex -59.4541 61.5754 6
      vertex -61.5754 59.4541 16
      vertex -61.5754 59.4541 6
    endloop
  endfacet
  facet normal 0 0 1
    outer loop
      vertex -61.3406 61.0431 16
      vertex -59.4541 61.5754 16
      vertex -60.1946 62.3159 16
    endloop
  endfacet
  facet normal -0 0 1
    outer loop
      vertex -61.3406 61.0431 16
      vertex -61.5754 59.4541 16
      vertex -59.4541 61.5754 16
    endloop
  endfacet
  facet normal -0 0 1
    outer loop
      vertex -61.5881 60.7682 16
      vertex -61.5754 59.4541 16
      vertex -61.3406 61.0431 16
    endloop
  endfacet
  facet normal -0 0 1
    outer loop
      vertex -61.8873 60.5508 16
      vertex -61.5754 59.4541 16
      vertex -61.5881 60.7682 16
    endloop
  endfacet
  facet normal 0 0 1
    outer loop
      vertex -61.5754 59.4541 16
      vertex -61.8873 60.5508 16
      vertex -62.3419 60.2206 16
    endloop
  endfacet
  facet normal -0 0 -1
    outer loop
      vertex -59.4541 61.5754 6
      vertex -60.9704 60.0823 6
      vertex -59.5445 61.6659 6
    endloop
  endfacet
  facet normal 0 0 -1
    outer loop
      vertex -61.5754 59.4541 6
      vertex -60.9704 60.0823 6
      vertex -59.4541 61.5754 6
    endloop
  endfacet
  facet normal 0 0 -1
    outer loop
      vertex -60.9704 60.0823 6
      vertex -61.5754 59.4541 6
      vertex -61.6847 59.5633 6
    endloop
  endfacet
  facet normal 0.707107 0.707107 -1.89314e-16
    outer loop
      vertex -59.4541 61.5754 16
      vertex -60.005 62.1263 9
      vertex -60.1946 62.3159 16
    endloop
  endfacet
  facet normal 0.70703 0.707184 1.20859e-05
    outer loop
      vertex -60.005 62.1263 9
      vertex -59.4541 61.5754 16
      vertex -59.5445 61.6659 9
    endloop
  endfacet
  facet normal 0.707498 0.706716 -0
    outer loop
      vertex -59.4541 61.5754 6
      vertex -59.5445 61.6659 9
      vertex -59.4541 61.5754 16
    endloop
  endfacet
  facet normal 0.707498 0.706716 0
    outer loop
      vertex -59.5445 61.6659 9
      vertex -59.4541 61.5754 6
      vertex -59.5445 61.6659 6
    endloop
  endfacet
  facet normal -0.706783 -0.70743 0
    outer loop
      vertex -61.6847 59.5633 6
      vertex -61.5754 59.4541 6
      vertex -61.6847 59.5633 9
    endloop
  endfacet
  facet normal -0.707183 -0.707031 -4.15939e-06
    outer loop
      vertex -61.6847 59.5633 9
      vertex -62.2596 60.1383 12.9949
      vertex -62.1502 60.0289 9
    endloop
  endfacet
  facet normal -0.707131 -0.707083 1.08449e-05
    outer loop
      vertex -62.2596 60.1383 12.9949
      vertex -61.6847 59.5633 9
      vertex -61.5754 59.4541 16
    endloop
  endfacet
  facet normal -0.707107 -0.707107 -1.67214e-15
    outer loop
      vertex -62.2596 60.1383 12.9949
      vertex -61.5754 59.4541 16
      vertex -62.3419 60.2206 16
    endloop
  endfacet
  facet normal -0.706783 -0.70743 -0
    outer loop
      vertex -61.5754 59.4541 16
      vertex -61.6847 59.5633 9
      vertex -61.5754 59.4541 6
    endloop
  endfacet
  facet normal -0.30904 -0.951049 0
    outer loop
      vertex -61.6068 68.5592 0
      vertex -60.7682 68.2867 5
      vertex -61.6068 68.5592 5
    endloop
  endfacet
  facet normal -0.30904 -0.951049 -0
    outer loop
      vertex -60.7682 68.2867 5
      vertex -61.6068 68.5592 0
      vertex -60.7682 68.2867 0
    endloop
  endfacet
  facet normal -0.30904 0.951049 0
    outer loop
      vertex -60.7682 69.7133 0
      vertex -61.6068 69.4408 5
      vertex -60.7682 69.7133 5
    endloop
  endfacet
  facet normal -0.30904 0.951049 0
    outer loop
      vertex -61.6068 69.4408 5
      vertex -60.7682 69.7133 0
      vertex -61.6068 69.4408 0
    endloop
  endfacet
  facet normal 0.80904 0.587753 0
    outer loop
      vertex -60.25 69 5
      vertex -60.7682 69.7133 0
      vertex -60.7682 69.7133 5
    endloop
  endfacet
  facet normal 0.80904 0.587753 0
    outer loop
      vertex -60.7682 69.7133 0
      vertex -60.25 69 5
      vertex -60.25 69 0
    endloop
  endfacet
  facet normal -1 0 0
    outer loop
      vertex -61.6068 68.5592 0
      vertex -61.6068 69.4408 5
      vertex -61.6068 69.4408 0
    endloop
  endfacet
  facet normal -1 -0 0
    outer loop
      vertex -61.6068 69.4408 5
      vertex -61.6068 68.5592 0
      vertex -61.6068 68.5592 5
    endloop
  endfacet
  facet normal 0.80904 -0.587753 0
    outer loop
      vertex -60.7682 68.2867 5
      vertex -60.25 69 0
      vertex -60.25 69 5
    endloop
  endfacet
  facet normal 0.80904 -0.587753 0
    outer loop
      vertex -60.25 69 0
      vertex -60.7682 68.2867 5
      vertex -60.7682 68.2867 0
    endloop
  endfacet
  facet normal 0 0 -1
    outer loop
      vertex -60.7682 68.2867 0
      vertex -60.7682 69.7133 0
      vertex -60.25 69 0
    endloop
  endfacet
  facet normal 0 0 -1
    outer loop
      vertex -61.6068 68.5592 0
      vertex -60.7682 69.7133 0
      vertex -60.7682 68.2867 0
    endloop
  endfacet
  facet normal 0 0 -1
    outer loop
      vertex -60.7682 69.7133 0
      vertex -61.6068 68.5592 0
      vertex -61.6068 69.4408 0
    endloop
  endfacet
  facet normal -0.669165 -0.743114 0
    outer loop
      vertex -73.7336 75.7723 0
      vertex -73.0784 75.1823 5
      vertex -73.7336 75.7723 5
    endloop
  endfacet
  facet normal -0.669165 -0.743114 -0
    outer loop
      vertex -73.0784 75.1823 5
      vertex -73.7336 75.7723 0
      vertex -73.0784 75.1823 0
    endloop
  endfacet
  facet normal -0.91354 0.406749 0
    outer loop
      vertex -73.7336 75.7723 0
      vertex -73.375 76.5777 5
      vertex -73.375 76.5777 0
    endloop
  endfacet
  facet normal -0.91354 0.406749 0
    outer loop
      vertex -73.375 76.5777 5
      vertex -73.7336 75.7723 0
      vertex -73.7336 75.7723 5
    endloop
  endfacet
  facet normal 0.50003 -0.866008 0
    outer loop
      vertex -73.0784 75.1823 0
      vertex -72.3148 75.6232 5
      vertex -73.0784 75.1823 5
    endloop
  endfacet
  facet normal 0.50003 -0.866008 0
    outer loop
      vertex -72.3148 75.6232 5
      vertex -73.0784 75.1823 0
      vertex -72.3148 75.6232 0
    endloop
  endfacet
  facet normal 0.978127 0.208011 0
    outer loop
      vertex -72.3148 75.6232 5
      vertex -72.4982 76.4856 0
      vertex -72.4982 76.4856 5
    endloop
  endfacet
  facet normal 0.978127 0.208011 0
    outer loop
      vertex -72.4982 76.4856 0
      vertex -72.3148 75.6232 5
      vertex -72.3148 75.6232 0
    endloop
  endfacet
  facet normal 0.104466 0.994528 -0
    outer loop
      vertex -72.4982 76.4856 0
      vertex -73.375 76.5777 5
      vertex -72.4982 76.4856 5
    endloop
  endfacet
  facet normal 0.104466 0.994528 0
    outer loop
      vertex -73.375 76.5777 5
      vertex -72.4982 76.4856 0
      vertex -73.375 76.5777 0
    endloop
  endfacet
  facet normal 0 0 -1
    outer loop
      vertex -73.0784 75.1823 0
      vertex -72.4982 76.4856 0
      vertex -72.3148 75.6232 0
    endloop
  endfacet
  facet normal 0 0 -1
    outer loop
      vertex -73.0784 75.1823 0
      vertex -73.375 76.5777 0
      vertex -72.4982 76.4856 0
    endloop
  endfacet
  facet normal 0 -0 -1
    outer loop
      vertex -73.375 76.5777 0
      vertex -73.0784 75.1823 0
      vertex -73.7336 75.7723 0
    endloop
  endfacet
  facet normal 0.104466 -0.994528 0
    outer loop
      vertex -73.375 61.4223 0
      vertex -72.4982 61.5144 5
      vertex -73.375 61.4223 5
    endloop
  endfacet
  facet normal 0.104466 -0.994528 0
    outer loop
      vertex -72.4982 61.5144 5
      vertex -73.375 61.4223 0
      vertex -72.4982 61.5144 0
    endloop
  endfacet
  facet normal 0.978131 -0.207988 0
    outer loop
      vertex -72.4982 61.5144 5
      vertex -72.3148 62.3769 0
      vertex -72.3148 62.3769 5
    endloop
  endfacet
  facet normal 0.978131 -0.207988 0
    outer loop
      vertex -72.3148 62.3769 0
      vertex -72.4982 61.5144 5
      vertex -72.4982 61.5144 0
    endloop
  endfacet
  facet normal 0.499945 0.866057 -0
    outer loop
      vertex -72.3148 62.3769 0
      vertex -73.0784 62.8177 5
      vertex -72.3148 62.3769 5
    endloop
  endfacet
  facet normal 0.499945 0.866057 0
    outer loop
      vertex -73.0784 62.8177 5
      vertex -72.3148 62.3769 0
      vertex -73.0784 62.8177 0
    endloop
  endfacet
  facet normal -0.669165 0.743114 0
    outer loop
      vertex -73.0784 62.8177 0
      vertex -73.7336 62.2277 5
      vertex -73.0784 62.8177 5
    endloop
  endfacet
  facet normal -0.669165 0.743114 0
    outer loop
      vertex -73.7336 62.2277 5
      vertex -73.0784 62.8177 0
      vertex -73.7336 62.2277 0
    endloop
  endfacet
  facet normal -0.91354 -0.406749 0
    outer loop
      vertex -73.375 61.4223 0
      vertex -73.7336 62.2277 5
      vertex -73.7336 62.2277 0
    endloop
  endfacet
  facet normal -0.91354 -0.406749 0
    outer loop
      vertex -73.7336 62.2277 5
      vertex -73.375 61.4223 0
      vertex -73.375 61.4223 5
    endloop
  endfacet
  facet normal 0 0 -1
    outer loop
      vertex -72.4982 61.5144 0
      vertex -73.0784 62.8177 0
      vertex -72.3148 62.3769 0
    endloop
  endfacet
  facet normal 0 0 -1
    outer loop
      vertex -73.375 61.4223 0
      vertex -73.0784 62.8177 0
      vertex -72.4982 61.5144 0
    endloop
  endfacet
  facet normal 0 0 -1
    outer loop
      vertex -73.0784 62.8177 0
      vertex -73.375 61.4223 0
      vertex -73.7336 62.2277 0
    endloop
  endfacet
  facet normal 0.406745 0.913542 -0
    outer loop
      vertex -63 79.3923 5
      vertex -65.2918 80.4127 9
      vertex -63 79.3923 9
    endloop
  endfacet
  facet normal 0.406745 0.913542 0
    outer loop
      vertex -65.2918 80.4127 9
      vertex -63 79.3923 5
      vertex -65.2918 80.4127 5
    endloop
  endfacet
  facet normal 0.951048 0.309044 0
    outer loop
      vertex -57.2622 71.4949 9
      vertex -58.0375 73.8808 5
      vertex -58.0375 73.8808 9
    endloop
  endfacet
  facet normal 0.951048 0.309044 0
    outer loop
      vertex -58.0375 73.8808 5
      vertex -57.2622 71.4949 9
      vertex -57.2622 71.4949 5
    endloop
  endfacet
  facet normal 0.994529 0.104461 -0
    outer loop
      vertex -57.1577 70.5 6
      vertex -57.2622 71.4949 9
      vertex -57.1577 70.5 9
    endloop
  endfacet
  facet normal 0.994529 0.104461 0
    outer loop
      vertex -57.2622 71.4949 9
      vertex -57.1577 70.5 6
      vertex -57.2622 71.4949 5
    endloop
  endfacet
  facet normal 0.994519 0.104557 -0
    outer loop
      vertex -57 69 5
      vertex -57.1577 70.5 6
      vertex -57 69 6
    endloop
  endfacet
  facet normal 0.994523 0.104519 5.80912e-05
    outer loop
      vertex -57.1577 70.5 6
      vertex -57 69 5
      vertex -57.2622 71.4949 5
    endloop
  endfacet
  facet normal 0.866034 0.499985 0
    outer loop
      vertex -58.0375 73.8808 9
      vertex -59.2918 76.0534 5
      vertex -59.2918 76.0534 9
    endloop
  endfacet
  facet normal 0.866034 0.499985 0
    outer loop
      vertex -59.2918 76.0534 5
      vertex -58.0375 73.8808 9
      vertex -58.0375 73.8808 5
    endloop
  endfacet
  facet normal 0.951048 -0.309044 0
    outer loop
      vertex -58.0375 64.1192 9
      vertex -57.2622 66.5051 5
      vertex -57.2622 66.5051 9
    endloop
  endfacet
  facet normal 0.951048 -0.309044 0
    outer loop
      vertex -57.2622 66.5051 5
      vertex -58.0375 64.1192 9
      vertex -58.0375 64.1192 5
    endloop
  endfacet
  facet normal 0 0 -1
    outer loop
      vertex -73.0784 62.8177 5
      vertex -72.3148 75.6232 5
      vertex -72.3148 62.3769 5
    endloop
  endfacet
  facet normal 0 0 -1
    outer loop
      vertex -73.0784 62.8177 5
      vertex -73.0784 75.1823 5
      vertex -72.3148 75.6232 5
    endloop
  endfacet
  facet normal 0 0 -1
    outer loop
      vertex -79.9625 64.1192 5
      vertex -73.0784 62.8177 5
      vertex -73.7336 62.2277 5
    endloop
  endfacet
  facet normal 0 0 -1
    outer loop
      vertex -73.0784 62.8177 5
      vertex -81 69 5
      vertex -73.0784 75.1823 5
    endloop
  endfacet
  facet normal 0 0 -1
    outer loop
      vertex -72.4982 76.4856 5
      vertex -67.7457 80.9343 5
      vertex -72.3148 75.6232 5
    endloop
  endfacet
  facet normal -0 0 -1
    outer loop
      vertex -67.7457 80.9343 5
      vertex -72.4982 76.4856 5
      vertex -70.2543 80.9343 5
    endloop
  endfacet
  facet normal 0 0 -1
    outer loop
      vertex -72.4982 76.4856 5
      vertex -72.7082 80.4127 5
      vertex -70.2543 80.9343 5
    endloop
  endfacet
  facet normal 0 0 -1
    outer loop
      vertex -73.375 76.5777 5
      vertex -72.7082 80.4127 5
      vertex -72.4982 76.4856 5
    endloop
  endfacet
  facet normal 0 0 -1
    outer loop
      vertex -77.0296 77.9177 5
      vertex -73.375 76.5777 5
      vertex -73.7336 75.7723 5
    endloop
  endfacet
  facet normal 0 0 -1
    outer loop
      vertex -73.375 76.5777 5
      vertex -75 79.3923 5
      vertex -72.7082 80.4127 5
    endloop
  endfacet
  facet normal 0 0 -1
    outer loop
      vertex -78.7082 61.9466 5
      vertex -73.7336 62.2277 5
      vertex -77.0296 60.0823 5
    endloop
  endfacet
  facet normal 0 0 -1
    outer loop
      vertex -79.9625 64.1192 5
      vertex -73.7336 62.2277 5
      vertex -78.7082 61.9466 5
    endloop
  endfacet
  facet normal 0 0 -1
    outer loop
      vertex -73.375 76.5777 5
      vertex -77.0296 77.9177 5
      vertex -75 79.3923 5
    endloop
  endfacet
  facet normal 0 0 -1
    outer loop
      vertex -73.0784 62.8177 5
      vertex -79.9625 64.1192 5
      vertex -80.7378 66.5051 5
    endloop
  endfacet
  facet normal 0 0 -1
    outer loop
      vertex -73.7336 75.7723 5
      vertex -78.7082 76.0534 5
      vertex -77.0296 77.9177 5
    endloop
  endfacet
  facet normal 0 0 -1
    outer loop
      vertex -73.0784 62.8177 5
      vertex -80.7378 66.5051 5
      vertex -81 69 5
    endloop
  endfacet
  facet normal -0 0 -1
    outer loop
      vertex -73.7336 75.7723 5
      vertex -79.9625 73.8808 5
      vertex -78.7082 76.0534 5
    endloop
  endfacet
  facet normal 0 -0 -1
    outer loop
      vertex -80.7378 71.4949 5
      vertex -73.0784 75.1823 5
      vertex -81 69 5
    endloop
  endfacet
  facet normal -0 0 -1
    outer loop
      vertex -73.0784 75.1823 5
      vertex -79.9625 73.8808 5
      vertex -73.7336 75.7723 5
    endloop
  endfacet
  facet normal 0 -0 -1
    outer loop
      vertex -79.9625 73.8808 5
      vertex -73.0784 75.1823 5
      vertex -80.7378 71.4949 5
    endloop
  endfacet
  facet normal 0 0 -1
    outer loop
      vertex -60.25 69 5
      vertex -57 69 5
      vertex -57.2622 66.5051 5
    endloop
  endfacet
  facet normal 0 0 -1
    outer loop
      vertex -60.7682 68.2867 5
      vertex -57.2622 66.5051 5
      vertex -58.0375 64.1192 5
    endloop
  endfacet
  facet normal 0 0 -1
    outer loop
      vertex -57 69 5
      vertex -60.25 69 5
      vertex -57.2622 71.4949 5
    endloop
  endfacet
  facet normal 0 0 -1
    outer loop
      vertex -60.7682 68.2867 5
      vertex -58.0375 64.1192 5
      vertex -59.2918 61.9466 5
    endloop
  endfacet
  facet normal 0 0 -1
    outer loop
      vertex -60.7682 69.7133 5
      vertex -57.2622 71.4949 5
      vertex -60.25 69 5
    endloop
  endfacet
  facet normal -0 0 -1
    outer loop
      vertex -57.2622 71.4949 5
      vertex -60.7682 69.7133 5
      vertex -58.0375 73.8808 5
    endloop
  endfacet
  facet normal 0 0 -1
    outer loop
      vertex -57.2622 66.5051 5
      vertex -60.7682 68.2867 5
      vertex -60.25 69 5
    endloop
  endfacet
  facet normal 0 0 -1
    outer loop
      vertex -61.6068 68.5592 5
      vertex -59.2918 61.9466 5
      vertex -60.9704 60.0823 5
    endloop
  endfacet
  facet normal 0 0 -1
    outer loop
      vertex -59.2918 61.9466 5
      vertex -61.6068 68.5592 5
      vertex -60.7682 68.2867 5
    endloop
  endfacet
  facet normal 0 0 -1
    outer loop
      vertex -72.3148 62.3769 5
      vertex -61.6068 68.5592 5
      vertex -63 58.6077 5
    endloop
  endfacet
  facet normal 0 0 -1
    outer loop
      vertex -63 58.6077 5
      vertex -61.6068 68.5592 5
      vertex -60.9704 60.0823 5
    endloop
  endfacet
  facet normal -0 0 -1
    outer loop
      vertex -58.0375 73.8808 5
      vertex -60.7682 69.7133 5
      vertex -59.2918 76.0534 5
    endloop
  endfacet
  facet normal 0 0 -1
    outer loop
      vertex -61.6068 69.4408 5
      vertex -59.2918 76.0534 5
      vertex -60.7682 69.7133 5
    endloop
  endfacet
  facet normal -0 0 -1
    outer loop
      vertex -59.2918 76.0534 5
      vertex -61.6068 69.4408 5
      vertex -60.9704 77.9177 5
    endloop
  endfacet
  facet normal -0 0 -1
    outer loop
      vertex -61.6068 68.5592 5
      vertex -72.3148 62.3769 5
      vertex -61.6068 69.4408 5
    endloop
  endfacet
  facet normal 0 0 -1
    outer loop
      vertex -72.3148 75.6232 5
      vertex -61.6068 69.4408 5
      vertex -72.3148 62.3769 5
    endloop
  endfacet
  facet normal 0 0 -1
    outer loop
      vertex -72.3148 62.3769 5
      vertex -63 58.6077 5
      vertex -65.2918 57.5873 5
    endloop
  endfacet
  facet normal 0 0 -1
    outer loop
      vertex -61.6068 69.4408 5
      vertex -63 79.3923 5
      vertex -60.9704 77.9177 5
    endloop
  endfacet
  facet normal 0 0 -1
    outer loop
      vertex -72.3148 62.3769 5
      vertex -65.2918 57.5873 5
      vertex -67.7457 57.0657 5
    endloop
  endfacet
  facet normal 0 0 -1
    outer loop
      vertex -72.3148 75.6232 5
      vertex -63 79.3923 5
      vertex -61.6068 69.4408 5
    endloop
  endfacet
  facet normal 0 0 -1
    outer loop
      vertex -72.4982 61.5144 5
      vertex -67.7457 57.0657 5
      vertex -70.2543 57.0657 5
    endloop
  endfacet
  facet normal -0 0 -1
    outer loop
      vertex -63 79.3923 5
      vertex -72.3148 75.6232 5
      vertex -65.2918 80.4127 5
    endloop
  endfacet
  facet normal -0 0 -1
    outer loop
      vertex -65.2918 80.4127 5
      vertex -72.3148 75.6232 5
      vertex -67.7457 80.9343 5
    endloop
  endfacet
  facet normal 0 0 -1
    outer loop
      vertex -67.7457 57.0657 5
      vertex -72.4982 61.5144 5
      vertex -72.3148 62.3769 5
    endloop
  endfacet
  facet normal 0 0 -1
    outer loop
      vertex -72.7082 57.5873 5
      vertex -72.4982 61.5144 5
      vertex -70.2543 57.0657 5
    endloop
  endfacet
  facet normal 0 0 -1
    outer loop
      vertex -72.7082 57.5873 5
      vertex -73.375 61.4223 5
      vertex -72.4982 61.5144 5
    endloop
  endfacet
  facet normal 0 0 -1
    outer loop
      vertex -75 58.6077 5
      vertex -73.375 61.4223 5
      vertex -72.7082 57.5873 5
    endloop
  endfacet
  facet normal -0 0 -1
    outer loop
      vertex -73.375 61.4223 5
      vertex -77.0296 60.0823 5
      vertex -73.7336 62.2277 5
    endloop
  endfacet
  facet normal 0 0 -1
    outer loop
      vertex -77.0296 60.0823 5
      vertex -73.375 61.4223 5
      vertex -75 58.6077 5
    endloop
  endfacet
  facet normal 0.208197 -0.978087 0
    outer loop
      vertex -67.7457 57.0657 6
      vertex -67.7457 57.0657 5
      vertex -67.5 57.118 6
    endloop
  endfacet
  facet normal 0.207883 -0.978154 0
    outer loop
      vertex -67.5 57.118 6
      vertex -65.2918 57.5873 9
      vertex -67.5 57.118 9
    endloop
  endfacet
  facet normal 0.207915 -0.978147 7.24871e-05
    outer loop
      vertex -65.2918 57.5873 5
      vertex -67.5 57.118 6
      vertex -67.7457 57.0657 5
    endloop
  endfacet
  facet normal 0.207883 -0.978154 0
    outer loop
      vertex -67.5 57.118 6
      vertex -65.2918 57.5873 5
      vertex -65.2918 57.5873 9
    endloop
  endfacet
  facet normal 0.743202 0.669067 0
    outer loop
      vertex -59.5445 76.3341 9
      vertex -59.2918 76.0534 9
      vertex -59.5445 76.3341 6
    endloop
  endfacet
  facet normal 0.74314 0.669136 0
    outer loop
      vertex -59.5445 76.3341 6
      vertex -60.9704 77.9177 5
      vertex -60.9704 77.9177 6
    endloop
  endfacet
  facet normal 0.743149 0.669125 -2.96614e-05
    outer loop
      vertex -59.5445 76.3341 6
      vertex -59.2918 76.0534 5
      vertex -60.9704 77.9177 5
    endloop
  endfacet
  facet normal 0.743202 0.669067 -0
    outer loop
      vertex -59.2918 76.0534 5
      vertex -59.5445 76.3341 6
      vertex -59.2918 76.0534 9
    endloop
  endfacet
  facet normal 0.743202 -0.669067 0
    outer loop
      vertex -59.5445 61.6659 6
      vertex -59.2918 61.9466 9
      vertex -59.5445 61.6659 9
    endloop
  endfacet
  facet normal 0.743202 -0.669067 0
    outer loop
      vertex -59.2918 61.9466 9
      vertex -59.5445 61.6659 6
      vertex -59.2918 61.9466 5
    endloop
  endfacet
  facet normal 0.74314 -0.669136 0
    outer loop
      vertex -60.9704 60.0823 5
      vertex -59.5445 61.6659 6
      vertex -60.9704 60.0823 6
    endloop
  endfacet
  facet normal 0.743149 -0.669125 -2.96614e-05
    outer loop
      vertex -59.5445 61.6659 6
      vertex -60.9704 60.0823 5
      vertex -59.2918 61.9466 5
    endloop
  endfacet
  facet normal -0.951048 -0.309044 0
    outer loop
      vertex -79.9625 64.1192 5
      vertex -80.7378 66.5051 9
      vertex -80.7378 66.5051 5
    endloop
  endfacet
  facet normal -0.951048 -0.309044 0
    outer loop
      vertex -80.7378 66.5051 9
      vertex -79.9625 64.1192 5
      vertex -79.9625 64.1192 9
    endloop
  endfacet
  facet normal 0.866034 -0.499985 0
    outer loop
      vertex -59.2918 61.9466 9
      vertex -58.0375 64.1192 5
      vertex -58.0375 64.1192 9
    endloop
  endfacet
  facet normal 0.866034 -0.499985 0
    outer loop
      vertex -58.0375 64.1192 5
      vertex -59.2918 61.9466 9
      vertex -59.2918 61.9466 5
    endloop
  endfacet
  facet normal -0.406745 0.913542 0
    outer loop
      vertex -72.7082 80.4127 5
      vertex -75 79.3923 9
      vertex -72.7082 80.4127 9
    endloop
  endfacet
  facet normal -0.406745 0.913542 0
    outer loop
      vertex -75 79.3923 9
      vertex -72.7082 80.4127 5
      vertex -75 79.3923 5
    endloop
  endfacet
  facet normal -0.587777 0.809023 0
    outer loop
      vertex -75 79.3923 9
      vertex -76.3153 78.4367 6
      vertex -76.3153 78.4367 9
    endloop
  endfacet
  facet normal -0.587777 0.809023 0
    outer loop
      vertex -75 79.3923 5
      vertex -76.3153 78.4367 6
      vertex -75 79.3923 9
    endloop
  endfacet
  facet normal -0.587788 0.809015 -2.21706e-05
    outer loop
      vertex -77.0296 77.9177 5
      vertex -76.3153 78.4367 6
      vertex -75 79.3923 5
    endloop
  endfacet
  facet normal -0.587808 0.809 0
    outer loop
      vertex -76.3153 78.4367 6
      vertex -77.0296 77.9177 5
      vertex -77.0296 77.9177 6
    endloop
  endfacet
  facet normal -0.74314 0.669136 0
    outer loop
      vertex -77.0296 77.9177 5
      vertex -78.4555 76.3341 6
      vertex -77.0296 77.9177 6
    endloop
  endfacet
  facet normal -0.743149 0.669125 -2.96614e-05
    outer loop
      vertex -78.7082 76.0534 5
      vertex -78.4555 76.3341 6
      vertex -77.0296 77.9177 5
    endloop
  endfacet
  facet normal -0.743202 0.669067 0
    outer loop
      vertex -78.7082 76.0534 9
      vertex -78.4555 76.3341 6
      vertex -78.7082 76.0534 5
    endloop
  endfacet
  facet normal -0.743202 0.669067 0
    outer loop
      vertex -78.4555 76.3341 6
      vertex -78.7082 76.0534 9
      vertex -78.4555 76.3341 9
    endloop
  endfacet
  facet normal -0.866034 0.499985 0
    outer loop
      vertex -79.9625 73.8808 5
      vertex -78.7082 76.0534 9
      vertex -78.7082 76.0534 5
    endloop
  endfacet
  facet normal -0.866034 0.499985 0
    outer loop
      vertex -78.7082 76.0534 9
      vertex -79.9625 73.8808 5
      vertex -79.9625 73.8808 9
    endloop
  endfacet
  facet normal 0.587777 -0.809023 0
    outer loop
      vertex -63 58.6077 9
      vertex -61.6847 59.5633 6
      vertex -61.6847 59.5633 9
    endloop
  endfacet
  facet normal 0.587777 -0.809023 0
    outer loop
      vertex -63 58.6077 5
      vertex -61.6847 59.5633 6
      vertex -63 58.6077 9
    endloop
  endfacet
  facet normal 0.587788 -0.809015 -2.21706e-05
    outer loop
      vertex -60.9704 60.0823 5
      vertex -61.6847 59.5633 6
      vertex -63 58.6077 5
    endloop
  endfacet
  facet normal 0.587808 -0.809 0
    outer loop
      vertex -61.6847 59.5633 6
      vertex -60.9704 60.0823 5
      vertex -60.9704 60.0823 6
    endloop
  endfacet
  facet normal 0.207883 0.978154 0
    outer loop
      vertex -65.2918 80.4127 9
      vertex -67.5 80.882 6
      vertex -67.5 80.882 9
    endloop
  endfacet
  facet normal 0.207883 0.978154 -0
    outer loop
      vertex -65.2918 80.4127 5
      vertex -67.5 80.882 6
      vertex -65.2918 80.4127 9
    endloop
  endfacet
  facet normal 0.207915 0.978147 7.24871e-05
    outer loop
      vertex -67.7457 80.9343 5
      vertex -67.5 80.882 6
      vertex -65.2918 80.4127 5
    endloop
  endfacet
  facet normal 0.208197 0.978087 0
    outer loop
      vertex -67.5 80.882 6
      vertex -67.7457 80.9343 5
      vertex -67.7457 80.9343 6
    endloop
  endfacet
  facet normal -0.994519 -0.104557 0
    outer loop
      vertex -81 69 5
      vertex -80.8423 67.5 6
      vertex -81 69 6
    endloop
  endfacet
  facet normal -0.994523 -0.104519 5.80912e-05
    outer loop
      vertex -80.7378 66.5051 5
      vertex -80.8423 67.5 6
      vertex -81 69 5
    endloop
  endfacet
  facet normal -0.994529 -0.104461 -0
    outer loop
      vertex -80.7378 66.5051 9
      vertex -80.8423 67.5 6
      vertex -80.7378 66.5051 5
    endloop
  endfacet
  facet normal -0.994529 -0.104461 0
    outer loop
      vertex -80.8423 67.5 6
      vertex -80.7378 66.5051 9
      vertex -80.8423 67.5 9
    endloop
  endfacet
  facet normal 0.994529 -0.104461 0
    outer loop
      vertex -57.1577 67.5 9
      vertex -57.2622 66.5051 9
      vertex -57.1577 67.5 6
    endloop
  endfacet
  facet normal 0.994519 -0.104557 0
    outer loop
      vertex -57.1577 67.5 6
      vertex -57 69 5
      vertex -57 69 6
    endloop
  endfacet
  facet normal 0.994523 -0.104519 5.80912e-05
    outer loop
      vertex -57.1577 67.5 6
      vertex -57.2622 66.5051 5
      vertex -57 69 5
    endloop
  endfacet
  facet normal 0.994529 -0.104461 0
    outer loop
      vertex -57.2622 66.5051 5
      vertex -57.1577 67.5 6
      vertex -57.2622 66.5051 9
    endloop
  endfacet
  facet normal -0.866034 -0.499985 0
    outer loop
      vertex -78.7082 61.9466 5
      vertex -79.9625 64.1192 9
      vertex -79.9625 64.1192 5
    endloop
  endfacet
  facet normal -0.866034 -0.499985 0
    outer loop
      vertex -79.9625 64.1192 9
      vertex -78.7082 61.9466 5
      vertex -78.7082 61.9466 9
    endloop
  endfacet
  facet normal -0 0 1
    outer loop
      vertex -57.8115 67.5 9
      vertex -57.2622 66.5051 9
      vertex -57.1577 67.5 9
    endloop
  endfacet
  facet normal -0 0 1
    outer loop
      vertex -57.9018 66.641 9
      vertex -57.2622 66.5051 9
      vertex -57.8115 67.5 9
    endloop
  endfacet
  facet normal 0 0 1
    outer loop
      vertex -58.4161 65.0581 9
      vertex -57.2622 66.5051 9
      vertex -57.9018 66.641 9
    endloop
  endfacet
  facet normal 0 0 1
    outer loop
      vertex -57.2622 66.5051 9
      vertex -58.4161 65.0581 9
      vertex -58.0375 64.1192 9
    endloop
  endfacet
  facet normal -0 0 1
    outer loop
      vertex -58.6348 64.3851 9
      vertex -58.0375 64.1192 9
      vertex -58.4161 65.0581 9
    endloop
  endfacet
  facet normal 0 0 1
    outer loop
      vertex -59.467 62.9437 9
      vertex -58.0375 64.1192 9
      vertex -58.6348 64.3851 9
    endloop
  endfacet
  facet normal 0 0 1
    outer loop
      vertex -58.0375 64.1192 9
      vertex -59.467 62.9437 9
      vertex -59.2918 61.9466 9
    endloop
  endfacet
  facet normal -0 0 1
    outer loop
      vertex -59.8208 62.3309 9
      vertex -59.2918 61.9466 9
      vertex -59.467 62.9437 9
    endloop
  endfacet
  facet normal 0 0 1
    outer loop
      vertex -59.2918 61.9466 9
      vertex -59.8208 62.3309 9
      vertex -59.5445 61.6659 9
    endloop
  endfacet
  facet normal 0 0 1
    outer loop
      vertex -59.5445 61.6659 9
      vertex -59.8208 62.3309 9
      vertex -60.005 62.1263 9
    endloop
  endfacet
  facet normal 0 0 1
    outer loop
      vertex -70.5 80.882 9
      vertex -70.8781 80.1369 9
      vertex -70.5 80.2173 9
    endloop
  endfacet
  facet normal -0 0 1
    outer loop
      vertex -72.7082 80.4127 9
      vertex -70.8781 80.1369 9
      vertex -70.5 80.882 9
    endloop
  endfacet
  facet normal 0 0 1
    outer loop
      vertex -70.8781 80.1369 9
      vertex -72.7082 80.4127 9
      vertex -72.5062 79.7908 9
    endloop
  endfacet
  facet normal 0 0 1
    outer loop
      vertex -72.7082 80.4127 9
      vertex -74.0267 79.1139 9
      vertex -72.5062 79.7908 9
    endloop
  endfacet
  facet normal -0 0 1
    outer loop
      vertex -75 79.3923 9
      vertex -74.0267 79.1139 9
      vertex -72.7082 80.4127 9
    endloop
  endfacet
  facet normal 0 0 1
    outer loop
      vertex -74.0267 79.1139 9
      vertex -75 79.3923 9
      vertex -74.6731 78.8261 9
    endloop
  endfacet
  facet normal 0 0 1
    outer loop
      vertex -75 79.3923 9
      vertex -75.2455 78.4102 9
      vertex -74.6731 78.8261 9
    endloop
  endfacet
  facet normal -0 0 1
    outer loop
      vertex -76.3153 78.4367 9
      vertex -75.2455 78.4102 9
      vertex -75 79.3923 9
    endloop
  endfacet
  facet normal 0 0 1
    outer loop
      vertex -75.2455 78.4102 9
      vertex -76.3153 78.4367 9
      vertex -75.8498 77.9711 9
    endloop
  endfacet
  facet normal 0 0 1
    outer loop
      vertex -57.2622 71.4949 9
      vertex -57.8115 70.5 9
      vertex -57.1577 70.5 9
    endloop
  endfacet
  facet normal 0 0 1
    outer loop
      vertex -57.2622 71.4949 9
      vertex -57.9018 71.359 9
      vertex -57.8115 70.5 9
    endloop
  endfacet
  facet normal -0 0 1
    outer loop
      vertex -58.4161 72.9419 9
      vertex -57.2622 71.4949 9
      vertex -58.0375 73.8808 9
    endloop
  endfacet
  facet normal 0 0 1
    outer loop
      vertex -57.2622 71.4949 9
      vertex -58.4161 72.9419 9
      vertex -57.9018 71.359 9
    endloop
  endfacet
  facet normal 0 0 1
    outer loop
      vertex -58.0375 73.8808 9
      vertex -58.6348 73.6149 9
      vertex -58.4161 72.9419 9
    endloop
  endfacet
  facet normal -0 0 1
    outer loop
      vertex -59.467 75.0563 9
      vertex -58.0375 73.8808 9
      vertex -59.2918 76.0534 9
    endloop
  endfacet
  facet normal 0 0 1
    outer loop
      vertex -58.0375 73.8808 9
      vertex -59.467 75.0563 9
      vertex -58.6348 73.6149 9
    endloop
  endfacet
  facet normal 0 0 1
    outer loop
      vertex -59.8208 75.6691 9
      vertex -59.2918 76.0534 9
      vertex -59.5445 76.3341 9
    endloop
  endfacet
  facet normal 0 0 1
    outer loop
      vertex -59.2918 76.0534 9
      vertex -59.8208 75.6691 9
      vertex -59.467 75.0563 9
    endloop
  endfacet
  facet normal 0 -0 1
    outer loop
      vertex -59.8208 75.6691 9
      vertex -59.5445 76.3341 9
      vertex -60.005 75.8737 9
    endloop
  endfacet
  facet normal 0 0 1
    outer loop
      vertex -78.1792 62.3309 9
      vertex -78.4555 61.6659 9
      vertex -77.995 62.1263 9
    endloop
  endfacet
  facet normal 0 0 1
    outer loop
      vertex -78.7082 61.9466 9
      vertex -78.1792 62.3309 9
      vertex -78.533 62.9437 9
    endloop
  endfacet
  facet normal 0 0 1
    outer loop
      vertex -78.1792 62.3309 9
      vertex -78.7082 61.9466 9
      vertex -78.4555 61.6659 9
    endloop
  endfacet
  facet normal -0 0 1
    outer loop
      vertex -79.9625 64.1192 9
      vertex -78.533 62.9437 9
      vertex -79.3652 64.3851 9
    endloop
  endfacet
  facet normal 0 0 1
    outer loop
      vertex -79.9625 64.1192 9
      vertex -79.3652 64.3851 9
      vertex -79.5839 65.0581 9
    endloop
  endfacet
  facet normal 0 0 1
    outer loop
      vertex -78.533 62.9437 9
      vertex -79.9625 64.1192 9
      vertex -78.7082 61.9466 9
    endloop
  endfacet
  facet normal -0 0 1
    outer loop
      vertex -80.7378 66.5051 9
      vertex -79.5839 65.0581 9
      vertex -80.0982 66.641 9
    endloop
  endfacet
  facet normal 0 0 1
    outer loop
      vertex -80.7378 66.5051 9
      vertex -80.0982 66.641 9
      vertex -80.1885 67.5 9
    endloop
  endfacet
  facet normal 0 0 1
    outer loop
      vertex -79.5839 65.0581 9
      vertex -80.7378 66.5051 9
      vertex -79.9625 64.1192 9
    endloop
  endfacet
  facet normal 0 -0 1
    outer loop
      vertex -80.7378 66.5051 9
      vertex -80.1885 67.5 9
      vertex -80.8423 67.5 9
    endloop
  endfacet
  facet normal 0 0 1
    outer loop
      vertex -78.4555 76.3341 9
      vertex -78.1792 75.6691 9
      vertex -77.995 75.8737 9
    endloop
  endfacet
  facet normal -0 0 1
    outer loop
      vertex -78.7082 76.0534 9
      vertex -78.1792 75.6691 9
      vertex -78.4555 76.3341 9
    endloop
  endfacet
  facet normal 0 0 1
    outer loop
      vertex -78.1792 75.6691 9
      vertex -78.7082 76.0534 9
      vertex -78.533 75.0563 9
    endloop
  endfacet
  facet normal 0 0 1
    outer loop
      vertex -79.9625 73.8808 9
      vertex -78.533 75.0563 9
      vertex -78.7082 76.0534 9
    endloop
  endfacet
  facet normal 0 0 1
    outer loop
      vertex -78.533 75.0563 9
      vertex -79.9625 73.8808 9
      vertex -79.3652 73.6149 9
    endloop
  endfacet
  facet normal 0 0 1
    outer loop
      vertex -79.3652 73.6149 9
      vertex -79.9625 73.8808 9
      vertex -79.5839 72.9419 9
    endloop
  endfacet
  facet normal 0 0 1
    outer loop
      vertex -80.7378 71.4949 9
      vertex -79.5839 72.9419 9
      vertex -79.9625 73.8808 9
    endloop
  endfacet
  facet normal 0 0 1
    outer loop
      vertex -79.5839 72.9419 9
      vertex -80.7378 71.4949 9
      vertex -80.0982 71.359 9
    endloop
  endfacet
  facet normal 0 0 1
    outer loop
      vertex -80.0982 71.359 9
      vertex -80.7378 71.4949 9
      vertex -80.1885 70.5 9
    endloop
  endfacet
  facet normal 0 0 1
    outer loop
      vertex -80.1885 70.5 9
      vertex -80.7378 71.4949 9
      vertex -80.8423 70.5 9
    endloop
  endfacet
  facet normal -0 0 1
    outer loop
      vertex -62.7545 59.5898 9
      vertex -61.6847 59.5633 9
      vertex -62.1502 60.0289 9
    endloop
  endfacet
  facet normal 0 0 1
    outer loop
      vertex -62.7545 59.5898 9
      vertex -63 58.6077 9
      vertex -61.6847 59.5633 9
    endloop
  endfacet
  facet normal -0 0 1
    outer loop
      vertex -63.3269 59.1739 9
      vertex -63 58.6077 9
      vertex -62.7545 59.5898 9
    endloop
  endfacet
  facet normal -0 0 1
    outer loop
      vertex -63.9733 58.8861 9
      vertex -63 58.6077 9
      vertex -63.3269 59.1739 9
    endloop
  endfacet
  facet normal 0 0 1
    outer loop
      vertex -63.9733 58.8861 9
      vertex -65.2918 57.5873 9
      vertex -63 58.6077 9
    endloop
  endfacet
  facet normal -0 0 1
    outer loop
      vertex -65.4938 58.2092 9
      vertex -65.2918 57.5873 9
      vertex -63.9733 58.8861 9
    endloop
  endfacet
  facet normal -0 0 1
    outer loop
      vertex -67.1219 57.8631 9
      vertex -65.2918 57.5873 9
      vertex -65.4938 58.2092 9
    endloop
  endfacet
  facet normal 0 0 1
    outer loop
      vertex -67.5 57.118 9
      vertex -67.1219 57.8631 9
      vertex -67.5 57.7827 9
    endloop
  endfacet
  facet normal 0 0 1
    outer loop
      vertex -67.1219 57.8631 9
      vertex -67.5 57.118 9
      vertex -65.2918 57.5873 9
    endloop
  endfacet
  facet normal 0 0 1
    outer loop
      vertex -70.8781 57.8631 9
      vertex -70.5 57.118 9
      vertex -70.5 57.7827 9
    endloop
  endfacet
  facet normal 0 0 1
    outer loop
      vertex -72.7082 57.5873 9
      vertex -70.8781 57.8631 9
      vertex -72.5062 58.2092 9
    endloop
  endfacet
  facet normal 0 0 1
    outer loop
      vertex -70.8781 57.8631 9
      vertex -72.7082 57.5873 9
      vertex -70.5 57.118 9
    endloop
  endfacet
  facet normal 0 0 1
    outer loop
      vertex -74.0267 58.8861 9
      vertex -72.7082 57.5873 9
      vertex -72.5062 58.2092 9
    endloop
  endfacet
  facet normal 0 0 1
    outer loop
      vertex -75 58.6077 9
      vertex -74.0267 58.8861 9
      vertex -74.6731 59.1739 9
    endloop
  endfacet
  facet normal 0 0 1
    outer loop
      vertex -74.0267 58.8861 9
      vertex -75 58.6077 9
      vertex -72.7082 57.5873 9
    endloop
  endfacet
  facet normal 0 0 1
    outer loop
      vertex -75.2455 59.5898 9
      vertex -75 58.6077 9
      vertex -74.6731 59.1739 9
    endloop
  endfacet
  facet normal 0 0 1
    outer loop
      vertex -76.3153 59.5633 9
      vertex -75.2455 59.5898 9
      vertex -75.8498 60.0289 9
    endloop
  endfacet
  facet normal 0 0 1
    outer loop
      vertex -75.2455 59.5898 9
      vertex -76.3153 59.5633 9
      vertex -75 58.6077 9
    endloop
  endfacet
  facet normal 0 0 1
    outer loop
      vertex -61.6847 78.4367 9
      vertex -62.7545 78.4102 9
      vertex -62.1502 77.9711 9
    endloop
  endfacet
  facet normal 0 0 1
    outer loop
      vertex -63 79.3923 9
      vertex -62.7545 78.4102 9
      vertex -61.6847 78.4367 9
    endloop
  endfacet
  facet normal 0 0 1
    outer loop
      vertex -63 79.3923 9
      vertex -63.3269 78.8261 9
      vertex -62.7545 78.4102 9
    endloop
  endfacet
  facet normal 0 0 1
    outer loop
      vertex -63 79.3923 9
      vertex -63.9733 79.1139 9
      vertex -63.3269 78.8261 9
    endloop
  endfacet
  facet normal 0 0 1
    outer loop
      vertex -65.2918 80.4127 9
      vertex -63.9733 79.1139 9
      vertex -63 79.3923 9
    endloop
  endfacet
  facet normal 0 0 1
    outer loop
      vertex -65.2918 80.4127 9
      vertex -65.4938 79.7908 9
      vertex -63.9733 79.1139 9
    endloop
  endfacet
  facet normal 0 0 1
    outer loop
      vertex -65.2918 80.4127 9
      vertex -67.1219 80.1369 9
      vertex -65.4938 79.7908 9
    endloop
  endfacet
  facet normal 0 0 1
    outer loop
      vertex -67.5 80.882 9
      vertex -67.1219 80.1369 9
      vertex -65.2918 80.4127 9
    endloop
  endfacet
  facet normal 0 0 1
    outer loop
      vertex -67.1219 80.1369 9
      vertex -67.5 80.882 9
      vertex -67.5 80.2173 9
    endloop
  endfacet
  facet normal -0.587808 -0.809 -0
    outer loop
      vertex -77.0296 60.0823 6
      vertex -77.0296 60.0823 5
      vertex -76.3153 59.5633 6
    endloop
  endfacet
  facet normal -0.587777 -0.809023 0
    outer loop
      vertex -76.3153 59.5633 6
      vertex -75 58.6077 9
      vertex -76.3153 59.5633 9
    endloop
  endfacet
  facet normal -0.587777 -0.809023 0
    outer loop
      vertex -76.3153 59.5633 6
      vertex -75 58.6077 5
      vertex -75 58.6077 9
    endloop
  endfacet
  facet normal -0.587788 -0.809015 -2.21706e-05
    outer loop
      vertex -75 58.6077 5
      vertex -76.3153 59.5633 6
      vertex -77.0296 60.0823 5
    endloop
  endfacet
  facet normal 0 1 -0
    outer loop
      vertex -67.7457 80.9343 5
      vertex -70.2543 80.9343 6
      vertex -67.7457 80.9343 6
    endloop
  endfacet
  facet normal 0 1 0
    outer loop
      vertex -70.2543 80.9343 6
      vertex -67.7457 80.9343 5
      vertex -70.2543 80.9343 5
    endloop
  endfacet
  facet normal -0.951048 0.309044 0
    outer loop
      vertex -80.7378 71.4949 5
      vertex -79.9625 73.8808 9
      vertex -79.9625 73.8808 5
    endloop
  endfacet
  facet normal -0.951048 0.309044 0
    outer loop
      vertex -79.9625 73.8808 9
      vertex -80.7378 71.4949 5
      vertex -80.7378 71.4949 9
    endloop
  endfacet
  facet normal 0.406745 -0.913542 0
    outer loop
      vertex -65.2918 57.5873 5
      vertex -63 58.6077 9
      vertex -65.2918 57.5873 9
    endloop
  endfacet
  facet normal 0.406745 -0.913542 0
    outer loop
      vertex -63 58.6077 9
      vertex -65.2918 57.5873 5
      vertex -63 58.6077 5
    endloop
  endfacet
  facet normal 0.587808 0.809 0
    outer loop
      vertex -60.9704 77.9177 6
      vertex -60.9704 77.9177 5
      vertex -61.6847 78.4367 6
    endloop
  endfacet
  facet normal 0.587777 0.809023 -0
    outer loop
      vertex -61.6847 78.4367 6
      vertex -63 79.3923 9
      vertex -61.6847 78.4367 9
    endloop
  endfacet
  facet normal 0.587777 0.809023 0
    outer loop
      vertex -61.6847 78.4367 6
      vertex -63 79.3923 5
      vertex -63 79.3923 9
    endloop
  endfacet
  facet normal 0.587788 0.809015 -2.21706e-05
    outer loop
      vertex -63 79.3923 5
      vertex -61.6847 78.4367 6
      vertex -60.9704 77.9177 5
    endloop
  endfacet
  facet normal -0.994529 0.104461 0
    outer loop
      vertex -80.7378 71.4949 5
      vertex -80.8423 70.5 6
      vertex -80.7378 71.4949 9
    endloop
  endfacet
  facet normal -0.994523 0.104519 5.80912e-05
    outer loop
      vertex -81 69 5
      vertex -80.8423 70.5 6
      vertex -80.7378 71.4949 5
    endloop
  endfacet
  facet normal -0.994519 0.104557 0
    outer loop
      vertex -80.8423 70.5 6
      vertex -81 69 5
      vertex -81 69 6
    endloop
  endfacet
  facet normal -0.994529 0.104461 0
    outer loop
      vertex -80.7378 71.4949 9
      vertex -80.8423 70.5 6
      vertex -80.8423 70.5 9
    endloop
  endfacet
  facet normal -0.208197 0.978087 0
    outer loop
      vertex -70.2543 80.9343 6
      vertex -70.2543 80.9343 5
      vertex -70.5 80.882 6
    endloop
  endfacet
  facet normal -0.207883 0.978154 0
    outer loop
      vertex -70.5 80.882 6
      vertex -72.7082 80.4127 9
      vertex -70.5 80.882 9
    endloop
  endfacet
  facet normal -0.207915 0.978147 7.24871e-05
    outer loop
      vertex -72.7082 80.4127 5
      vertex -70.5 80.882 6
      vertex -70.2543 80.9343 5
    endloop
  endfacet
  facet normal -0.207883 0.978154 0
    outer loop
      vertex -70.5 80.882 6
      vertex -72.7082 80.4127 5
      vertex -72.7082 80.4127 9
    endloop
  endfacet
  facet normal -0.743202 -0.669067 0
    outer loop
      vertex -78.7082 61.9466 5
      vertex -78.4555 61.6659 6
      vertex -78.7082 61.9466 9
    endloop
  endfacet
  facet normal -0.743149 -0.669125 -2.96614e-05
    outer loop
      vertex -77.0296 60.0823 5
      vertex -78.4555 61.6659 6
      vertex -78.7082 61.9466 5
    endloop
  endfacet
  facet normal -0.74314 -0.669136 0
    outer loop
      vertex -78.4555 61.6659 6
      vertex -77.0296 60.0823 5
      vertex -77.0296 60.0823 6
    endloop
  endfacet
  facet normal -0.743202 -0.669067 0
    outer loop
      vertex -78.7082 61.9466 9
      vertex -78.4555 61.6659 6
      vertex -78.4555 61.6659 9
    endloop
  endfacet
  facet normal 0 -1 0
    outer loop
      vertex -70.2543 57.0657 5
      vertex -67.7457 57.0657 6
      vertex -70.2543 57.0657 6
    endloop
  endfacet
  facet normal 0 -1 -0
    outer loop
      vertex -67.7457 57.0657 6
      vertex -70.2543 57.0657 5
      vertex -67.7457 57.0657 5
    endloop
  endfacet
  facet normal -0.207883 -0.978154 0
    outer loop
      vertex -72.7082 57.5873 9
      vertex -70.5 57.118 6
      vertex -70.5 57.118 9
    endloop
  endfacet
  facet normal -0.207883 -0.978154 0
    outer loop
      vertex -72.7082 57.5873 5
      vertex -70.5 57.118 6
      vertex -72.7082 57.5873 9
    endloop
  endfacet
  facet normal -0.207915 -0.978147 7.24871e-05
    outer loop
      vertex -70.2543 57.0657 5
      vertex -70.5 57.118 6
      vertex -72.7082 57.5873 5
    endloop
  endfacet
  facet normal -0.208197 -0.978087 0
    outer loop
      vertex -70.5 57.118 6
      vertex -70.2543 57.0657 5
      vertex -70.2543 57.0657 6
    endloop
  endfacet
  facet normal -0.406745 -0.913542 0
    outer loop
      vertex -75 58.6077 5
      vertex -72.7082 57.5873 9
      vertex -75 58.6077 9
    endloop
  endfacet
  facet normal -0.406745 -0.913542 -0
    outer loop
      vertex -72.7082 57.5873 9
      vertex -75 58.6077 5
      vertex -72.7082 57.5873 5
    endloop
  endfacet
  facet normal 0.865391 -0.499637 0.0382204
    outer loop
      vertex -60.1008 62.5344 18
      vertex -59.467 62.9437 9
      vertex -58.951 64.5259 18
    endloop
  endfacet
  facet normal 0.865393 -0.499634 0.0382206
    outer loop
      vertex -59.467 62.9437 9
      vertex -60.1008 62.5344 18
      vertex -59.8208 62.3309 9
    endloop
  endfacet
  facet normal 0.865391 -0.499638 0.0382206
    outer loop
      vertex -58.951 64.5259 18
      vertex -59.467 62.9437 9
      vertex -58.6348 64.3851 9
    endloop
  endfacet
  facet normal -0.865391 -0.499638 0.0382206
    outer loop
      vertex -79.049 64.5259 18
      vertex -79.3652 64.3851 9
      vertex -78.533 62.9437 9
    endloop
  endfacet
  facet normal 0.993793 0.104463 0.038248
    outer loop
      vertex -58 69 18
      vertex -58.0807 70.5 16
      vertex -58.2404 71.287 18
    endloop
  endfacet
  facet normal 0.993799 0.104415 0.0382116
    outer loop
      vertex -58.0807 70.5 16
      vertex -58 69 18
      vertex -57.9231 69 16
    endloop
  endfacet
  facet normal 0.993783 0.10457 0.0382054
    outer loop
      vertex -58.2404 71.287 18
      vertex -58.0807 70.5 16
      vertex -57.9856 70.5 13.5263
    endloop
  endfacet
  facet normal 0.993794 0.104465 0.0382244
    outer loop
      vertex -57.9856 70.5 13.5263
      vertex -57.9018 71.359 9
      vertex -58.2404 71.287 18
    endloop
  endfacet
  facet normal 0.993793 0.10447 0.0382253
    outer loop
      vertex -57.9018 71.359 9
      vertex -57.9856 70.5 13.5263
      vertex -57.8115 70.5 9
    endloop
  endfacet
  facet normal 0.207781 0.977428 0.0382224
    outer loop
      vertex -65.4938 79.7908 9
      vertex -67.1219 80.1369 9
      vertex -65.6008 79.4616 18
    endloop
  endfacet
  facet normal 0.742597 -0.668647 0.0382219
    outer loop
      vertex -60.1008 62.5344 18
      vertex -60.1946 62.3159 16
      vertex -59.8208 62.3309 9
    endloop
  endfacet
  facet normal 0.742612 -0.668631 0.0382194
    outer loop
      vertex -60.1008 62.5344 18
      vertex -61.3406 61.0431 16
      vertex -60.1946 62.3159 16
    endloop
  endfacet
  facet normal 0.742599 -0.668644 0.0382367
    outer loop
      vertex -61.3406 61.0431 16
      vertex -60.1008 62.5344 18
      vertex -61.6396 60.8254 18
    endloop
  endfacet
  facet normal 0.742643 -0.668596 0.0382244
    outer loop
      vertex -59.8208 62.3309 9
      vertex -60.1946 62.3159 16
      vertex -60.005 62.1263 9
    endloop
  endfacet
  facet normal -0.587388 -0.808401 0.0382455
    outer loop
      vertex -76.3604 60.8254 18
      vertex -76.4119 60.7682 16
      vertex -76.1127 60.5508 16
    endloop
  endfacet
  facet normal -0.5874 -0.808394 0.0382237
    outer loop
      vertex -75.7404 60.1383 12.9949
      vertex -75.8498 60.0289 9
      vertex -75.2455 59.5898 9
    endloop
  endfacet
  facet normal -0.207717 0.977442 0.0382284
    outer loop
      vertex -70.5 79.9435 16
      vertex -70.1498 79.9397 18
      vertex -70.1579 80.0162 16
    endloop
  endfacet
  facet normal -0.207749 0.977435 0.038234
    outer loop
      vertex -70.1498 79.9397 18
      vertex -70.5 79.9435 16
      vertex -72.3992 79.4616 18
    endloop
  endfacet
  facet normal -0.20784 0.977415 0.0382309
    outer loop
      vertex -70.8781 80.1369 9
      vertex -70.5 79.9435 16
      vertex -70.5 80.2173 9
    endloop
  endfacet
  facet normal -0.207757 0.977433 0.0382269
    outer loop
      vertex -70.5 79.9435 16
      vertex -70.8781 80.1369 9
      vertex -72.3992 79.4616 18
    endloop
  endfacet
  facet normal -0.865393 0.499634 0.0382206
    outer loop
      vertex -78.533 75.0563 9
      vertex -77.8992 75.4656 18
      vertex -78.1792 75.6691 9
    endloop
  endfacet
  facet normal -0.865391 0.499637 0.0382204
    outer loop
      vertex -77.8992 75.4656 18
      vertex -78.533 75.0563 9
      vertex -79.049 73.4741 18
    endloop
  endfacet
  facet normal -0.406404 -0.912894 0.0382233
    outer loop
      vertex -72.3992 58.5384 18
      vertex -74.0267 58.8861 9
      vertex -72.5062 58.2092 9
    endloop
  endfacet
  facet normal -0.950364 0.308783 0.0382251
    outer loop
      vertex -79.5839 72.9419 9
      vertex -80.0982 71.359 9
      vertex -79.7596 71.287 18
    endloop
  endfacet
  facet normal 0.95035 0.308828 0.0382204
    outer loop
      vertex -58.951 73.4741 18
      vertex -58.4161 72.9419 9
      vertex -58.6348 73.6149 9
    endloop
  endfacet
  facet normal 0.950366 0.308779 0.0382243
    outer loop
      vertex -58.4161 72.9419 9
      vertex -58.951 73.4741 18
      vertex -58.2404 71.287 18
    endloop
  endfacet
  facet normal -0.742629 -0.66861 0.0382449
    outer loop
      vertex -76.3604 60.8254 18
      vertex -76.6594 61.0431 16
      vertex -76.4119 60.7682 16
    endloop
  endfacet
  facet normal 0.587388 -0.808401 0.0382455
    outer loop
      vertex -61.6396 60.8254 18
      vertex -61.8873 60.5508 16
      vertex -61.5881 60.7682 16
    endloop
  endfacet
  facet normal 0.5874 -0.808394 0.0382237
    outer loop
      vertex -62.2596 60.1383 12.9949
      vertex -62.7545 59.5898 9
      vertex -62.1502 60.0289 9
    endloop
  endfacet
  facet normal -0.742643 0.668596 0.0382244
    outer loop
      vertex -77.995 75.8737 9
      vertex -78.1792 75.6691 9
      vertex -77.8054 75.6841 16
    endloop
  endfacet
  facet normal -0.742611 0.66863 0.03824
    outer loop
      vertex -77.8054 75.6841 16
      vertex -76.3604 77.1746 18
      vertex -76.6594 76.9569 16
    endloop
  endfacet
  facet normal -0.7426 0.668644 0.0382214
    outer loop
      vertex -77.8054 75.6841 16
      vertex -77.8992 75.4656 18
      vertex -76.3604 77.1746 18
    endloop
  endfacet
  facet normal -0.742597 0.668647 0.0382219
    outer loop
      vertex -77.8992 75.4656 18
      vertex -77.8054 75.6841 16
      vertex -78.1792 75.6691 9
    endloop
  endfacet
  facet normal 0.950364 0.308783 0.0382251
    outer loop
      vertex -57.9018 71.359 9
      vertex -58.4161 72.9419 9
      vertex -58.2404 71.287 18
    endloop
  endfacet
  facet normal 0.950364 -0.308783 0.0382251
    outer loop
      vertex -58.2404 66.713 18
      vertex -58.4161 65.0581 9
      vertex -57.9018 66.641 9
    endloop
  endfacet
  facet normal -0.993793 -0.10447 0.0382253
    outer loop
      vertex -80.0982 66.641 9
      vertex -80.0144 67.5 13.5263
      vertex -80.1885 67.5 9
    endloop
  endfacet
  facet normal -0.993794 -0.104465 0.0382244
    outer loop
      vertex -80.0144 67.5 13.5263
      vertex -80.0982 66.641 9
      vertex -79.7596 66.713 18
    endloop
  endfacet
  facet normal -0.993783 -0.10457 0.0382054
    outer loop
      vertex -80.0144 67.5 13.5263
      vertex -79.7596 66.713 18
      vertex -79.9193 67.5 16
    endloop
  endfacet
  facet normal -0.993799 -0.104415 0.0382116
    outer loop
      vertex -79.9193 67.5 16
      vertex -80 69 18
      vertex -80.0769 69 16
    endloop
  endfacet
  facet normal -0.993793 -0.104463 0.038248
    outer loop
      vertex -80 69 18
      vertex -79.9193 67.5 16
      vertex -79.7596 66.713 18
    endloop
  endfacet
  facet normal 0.742611 0.66863 0.03824
    outer loop
      vertex -61.6396 77.1746 18
      vertex -60.1946 75.6841 16
      vertex -61.3406 76.9569 16
    endloop
  endfacet
  facet normal 0.742597 0.668647 0.0382219
    outer loop
      vertex -60.1946 75.6841 16
      vertex -60.1008 75.4656 18
      vertex -59.8208 75.6691 9
    endloop
  endfacet
  facet normal 0.7426 0.668644 0.0382214
    outer loop
      vertex -60.1008 75.4656 18
      vertex -60.1946 75.6841 16
      vertex -61.6396 77.1746 18
    endloop
  endfacet
  facet normal 0.742643 0.668596 0.0382244
    outer loop
      vertex -60.005 75.8737 9
      vertex -60.1946 75.6841 16
      vertex -59.8208 75.6691 9
    endloop
  endfacet
  facet normal -0.587254 -0.808497 0.0382752
    outer loop
      vertex -75.6581 60.2206 16
      vertex -76.3604 60.8254 18
      vertex -76.1127 60.5508 16
    endloop
  endfacet
  facet normal -0.587367 -0.808418 0.0382115
    outer loop
      vertex -76.3604 60.8254 18
      vertex -75.6581 60.2206 16
      vertex -74.5 59.4737 18
    endloop
  endfacet
  facet normal -0.587384 -0.808405 0.0382262
    outer loop
      vertex -75.7404 60.1383 12.9949
      vertex -74.5 59.4737 18
      vertex -75.6581 60.2206 16
    endloop
  endfacet
  facet normal -0.587381 -0.808407 0.0382279
    outer loop
      vertex -74.6731 59.1739 9
      vertex -75.7404 60.1383 12.9949
      vertex -75.2455 59.5898 9
    endloop
  endfacet
  facet normal -0.587385 -0.808405 0.0382262
    outer loop
      vertex -75.7404 60.1383 12.9949
      vertex -74.6731 59.1739 9
      vertex -74.5 59.4737 18
    endloop
  endfacet
  facet normal -0.742629 0.66861 0.0382449
    outer loop
      vertex -76.4119 77.2318 16
      vertex -76.6594 76.9569 16
      vertex -76.3604 77.1746 18
    endloop
  endfacet
  facet normal 0.865393 0.499634 0.0382206
    outer loop
      vertex -60.1008 75.4656 18
      vertex -59.467 75.0563 9
      vertex -59.8208 75.6691 9
    endloop
  endfacet
  facet normal 0.865391 0.499637 0.0382204
    outer loop
      vertex -59.467 75.0563 9
      vertex -60.1008 75.4656 18
      vertex -58.951 73.4741 18
    endloop
  endfacet
  facet normal -0.587367 0.808418 0.0382115
    outer loop
      vertex -74.5 78.5263 18
      vertex -75.6581 77.7794 16
      vertex -76.3604 77.1746 18
    endloop
  endfacet
  facet normal -0.587384 0.808405 0.0382262
    outer loop
      vertex -74.5 78.5263 18
      vertex -75.7404 77.8617 12.9949
      vertex -75.6581 77.7794 16
    endloop
  endfacet
  facet normal -0.587385 0.808405 0.0382262
    outer loop
      vertex -74.6731 78.8261 9
      vertex -75.7404 77.8617 12.9949
      vertex -74.5 78.5263 18
    endloop
  endfacet
  facet normal -0.587381 0.808407 0.0382279
    outer loop
      vertex -75.7404 77.8617 12.9949
      vertex -74.6731 78.8261 9
      vertex -75.2455 78.4102 9
    endloop
  endfacet
  facet normal -0.587254 0.808497 0.0382752
    outer loop
      vertex -76.3604 77.1746 18
      vertex -75.6581 77.7794 16
      vertex -76.1127 77.4492 16
    endloop
  endfacet
  facet normal -0.406426 0.912884 0.0382277
    outer loop
      vertex -74.0267 79.1139 9
      vertex -74.5 78.5263 18
      vertex -72.3992 79.4616 18
    endloop
  endfacet
  facet normal -0.406444 0.912876 0.0382262
    outer loop
      vertex -74.5 78.5263 18
      vertex -74.0267 79.1139 9
      vertex -74.6731 78.8261 9
    endloop
  endfacet
  facet normal 0.742629 0.66861 0.0382449
    outer loop
      vertex -61.5881 77.2318 16
      vertex -61.6396 77.1746 18
      vertex -61.3406 76.9569 16
    endloop
  endfacet
  facet normal 0.742629 -0.66861 0.0382449
    outer loop
      vertex -61.3406 61.0431 16
      vertex -61.6396 60.8254 18
      vertex -61.5881 60.7682 16
    endloop
  endfacet
  facet normal 0.406404 -0.912894 0.0382233
    outer loop
      vertex -63.9733 58.8861 9
      vertex -65.6008 58.5384 18
      vertex -65.4938 58.2092 9
    endloop
  endfacet
  facet normal 0.207781 -0.977428 0.0382224
    outer loop
      vertex -65.6008 58.5384 18
      vertex -67.1219 57.8631 9
      vertex -65.4938 58.2092 9
    endloop
  endfacet
  facet normal -0.406404 0.912894 0.0382233
    outer loop
      vertex -72.5062 79.7908 9
      vertex -74.0267 79.1139 9
      vertex -72.3992 79.4616 18
    endloop
  endfacet
  facet normal 0.865391 0.499638 0.0382206
    outer loop
      vertex -58.6348 73.6149 9
      vertex -59.467 75.0563 9
      vertex -58.951 73.4741 18
    endloop
  endfacet
  facet normal 0.587388 0.808401 0.0382455
    outer loop
      vertex -61.5881 77.2318 16
      vertex -61.8873 77.4492 16
      vertex -61.6396 77.1746 18
    endloop
  endfacet
  facet normal 0.5874 0.808394 0.0382237
    outer loop
      vertex -62.1502 77.9711 9
      vertex -62.7545 78.4102 9
      vertex -62.2596 77.8617 12.9949
    endloop
  endfacet
  facet normal 0.406426 -0.912884 0.0382277
    outer loop
      vertex -63.9733 58.8861 9
      vertex -63.5 59.4737 18
      vertex -65.6008 58.5384 18
    endloop
  endfacet
  facet normal 0.406444 -0.912876 0.0382262
    outer loop
      vertex -63.5 59.4737 18
      vertex -63.9733 58.8861 9
      vertex -63.3269 59.1739 9
    endloop
  endfacet
  facet normal -0.993793 0.10447 0.0382253
    outer loop
      vertex -80.0144 70.5 13.5263
      vertex -80.0982 71.359 9
      vertex -80.1885 70.5 9
    endloop
  endfacet
  facet normal -0.993794 0.104465 0.0382244
    outer loop
      vertex -80.0982 71.359 9
      vertex -80.0144 70.5 13.5263
      vertex -79.7596 71.287 18
    endloop
  endfacet
  facet normal 0 0.999269 0.038222
    outer loop
      vertex -67.8421 80.0162 16
      vertex -70.1498 79.9397 18
      vertex -67.8502 79.9397 18
    endloop
  endfacet
  facet normal 0 0.999269 0.038222
    outer loop
      vertex -70.1498 79.9397 18
      vertex -67.8421 80.0162 16
      vertex -70.1579 80.0162 16
    endloop
  endfacet
  facet normal -0.207781 0.977428 0.0382224
    outer loop
      vertex -70.8781 80.1369 9
      vertex -72.5062 79.7908 9
      vertex -72.3992 79.4616 18
    endloop
  endfacet
  facet normal 0.406404 0.912894 0.0382233
    outer loop
      vertex -65.4938 79.7908 9
      vertex -65.6008 79.4616 18
      vertex -63.9733 79.1139 9
    endloop
  endfacet
  facet normal -0.406444 -0.912876 0.0382262
    outer loop
      vertex -74.0267 58.8861 9
      vertex -74.5 59.4737 18
      vertex -74.6731 59.1739 9
    endloop
  endfacet
  facet normal -0.406426 -0.912884 0.0382277
    outer loop
      vertex -74.5 59.4737 18
      vertex -74.0267 58.8861 9
      vertex -72.3992 58.5384 18
    endloop
  endfacet
  facet normal -0.950364 -0.308783 0.0382251
    outer loop
      vertex -79.7596 66.713 18
      vertex -80.0982 66.641 9
      vertex -79.5839 65.0581 9
    endloop
  endfacet
  facet normal 0.993794 -0.104465 0.0382244
    outer loop
      vertex -57.9018 66.641 9
      vertex -57.9856 67.5 13.5263
      vertex -58.2404 66.713 18
    endloop
  endfacet
  facet normal 0.993793 -0.10447 0.0382253
    outer loop
      vertex -57.9856 67.5 13.5263
      vertex -57.9018 66.641 9
      vertex -57.8115 67.5 9
    endloop
  endfacet
  facet normal 0.993799 -0.104415 0.0382116
    outer loop
      vertex -58 69 18
      vertex -58.0807 67.5 16
      vertex -57.9231 69 16
    endloop
  endfacet
  facet normal 0.993783 -0.10457 0.0382054
    outer loop
      vertex -58.0807 67.5 16
      vertex -58.2404 66.713 18
      vertex -57.9856 67.5 13.5263
    endloop
  endfacet
  facet normal 0.993793 -0.104463 0.038248
    outer loop
      vertex -58.2404 66.713 18
      vertex -58.0807 67.5 16
      vertex -58 69 18
    endloop
  endfacet
  facet normal -0.742643 -0.668596 0.0382244
    outer loop
      vertex -78.1792 62.3309 9
      vertex -77.995 62.1263 9
      vertex -77.8054 62.3159 16
    endloop
  endfacet
  facet normal -0.742597 -0.668647 0.0382219
    outer loop
      vertex -77.8054 62.3159 16
      vertex -77.8992 62.5344 18
      vertex -78.1792 62.3309 9
    endloop
  endfacet
  facet normal -0.742612 -0.668631 0.0382194
    outer loop
      vertex -76.6594 61.0431 16
      vertex -77.8992 62.5344 18
      vertex -77.8054 62.3159 16
    endloop
  endfacet
  facet normal -0.742599 -0.668644 0.0382367
    outer loop
      vertex -77.8992 62.5344 18
      vertex -76.6594 61.0431 16
      vertex -76.3604 60.8254 18
    endloop
  endfacet
  facet normal 0.207749 0.977435 0.038234
    outer loop
      vertex -65.6008 79.4616 18
      vertex -67.5 79.9435 16
      vertex -67.8502 79.9397 18
    endloop
  endfacet
  facet normal 0.207757 0.977433 0.0382269
    outer loop
      vertex -67.1219 80.1369 9
      vertex -67.5 79.9435 16
      vertex -65.6008 79.4616 18
    endloop
  endfacet
  facet normal 0.20784 0.977415 0.0382309
    outer loop
      vertex -67.5 79.9435 16
      vertex -67.1219 80.1369 9
      vertex -67.5 80.2173 9
    endloop
  endfacet
  facet normal 0.207717 0.977442 0.0382284
    outer loop
      vertex -67.8502 79.9397 18
      vertex -67.5 79.9435 16
      vertex -67.8421 80.0162 16
    endloop
  endfacet
  facet normal -0.865391 0.499638 0.0382206
    outer loop
      vertex -78.533 75.0563 9
      vertex -79.3652 73.6149 9
      vertex -79.049 73.4741 18
    endloop
  endfacet
  facet normal -0.993783 0.10457 0.0382054
    outer loop
      vertex -79.9193 70.5 16
      vertex -79.7596 71.287 18
      vertex -80.0144 70.5 13.5263
    endloop
  endfacet
  facet normal -0.993799 0.104415 0.0382116
    outer loop
      vertex -80 69 18
      vertex -79.9193 70.5 16
      vertex -80.0769 69 16
    endloop
  endfacet
  facet normal -0.993793 0.104463 0.038248
    outer loop
      vertex -79.9193 70.5 16
      vertex -80 69 18
      vertex -79.7596 71.287 18
    endloop
  endfacet
  facet normal -0.587388 0.808401 0.0382455
    outer loop
      vertex -76.1127 77.4492 16
      vertex -76.4119 77.2318 16
      vertex -76.3604 77.1746 18
    endloop
  endfacet
  facet normal -0.5874 0.808394 0.0382237
    outer loop
      vertex -75.2455 78.4102 9
      vertex -75.8498 77.9711 9
      vertex -75.7404 77.8617 12.9949
    endloop
  endfacet
  facet normal -0.95035 0.308828 0.0382204
    outer loop
      vertex -79.5839 72.9419 9
      vertex -79.049 73.4741 18
      vertex -79.3652 73.6149 9
    endloop
  endfacet
  facet normal -0.950366 0.308779 0.0382243
    outer loop
      vertex -79.049 73.4741 18
      vertex -79.5839 72.9419 9
      vertex -79.7596 71.287 18
    endloop
  endfacet
  facet normal -0.950366 -0.308779 0.0382243
    outer loop
      vertex -79.5839 65.0581 9
      vertex -79.049 64.5259 18
      vertex -79.7596 66.713 18
    endloop
  endfacet
  facet normal -0.95035 -0.308828 0.0382204
    outer loop
      vertex -79.049 64.5259 18
      vertex -79.5839 65.0581 9
      vertex -79.3652 64.3851 9
    endloop
  endfacet
  facet normal -0.865391 -0.499637 0.0382204
    outer loop
      vertex -78.533 62.9437 9
      vertex -77.8992 62.5344 18
      vertex -79.049 64.5259 18
    endloop
  endfacet
  facet normal -0.865393 -0.499634 0.0382206
    outer loop
      vertex -77.8992 62.5344 18
      vertex -78.533 62.9437 9
      vertex -78.1792 62.3309 9
    endloop
  endfacet
  facet normal -0.207781 -0.977428 0.0382224
    outer loop
      vertex -72.3992 58.5384 18
      vertex -72.5062 58.2092 9
      vertex -70.8781 57.8631 9
    endloop
  endfacet
  facet normal 0.587254 0.808497 0.0382752
    outer loop
      vertex -62.3419 77.7794 16
      vertex -61.6396 77.1746 18
      vertex -61.8873 77.4492 16
    endloop
  endfacet
  facet normal 0.587367 0.808418 0.0382115
    outer loop
      vertex -61.6396 77.1746 18
      vertex -62.3419 77.7794 16
      vertex -63.5 78.5263 18
    endloop
  endfacet
  facet normal 0.587384 0.808405 0.0382262
    outer loop
      vertex -62.2596 77.8617 12.9949
      vertex -63.5 78.5263 18
      vertex -62.3419 77.7794 16
    endloop
  endfacet
  facet normal 0.587381 0.808407 0.0382279
    outer loop
      vertex -63.3269 78.8261 9
      vertex -62.2596 77.8617 12.9949
      vertex -62.7545 78.4102 9
    endloop
  endfacet
  facet normal 0.587385 0.808405 0.0382262
    outer loop
      vertex -62.2596 77.8617 12.9949
      vertex -63.3269 78.8261 9
      vertex -63.5 78.5263 18
    endloop
  endfacet
  facet normal 0.207717 -0.977442 0.0382284
    outer loop
      vertex -67.5 58.0565 16
      vertex -67.8502 58.0603 18
      vertex -67.8421 57.9838 16
    endloop
  endfacet
  facet normal 0.207749 -0.977435 0.038234
    outer loop
      vertex -67.8502 58.0603 18
      vertex -67.5 58.0565 16
      vertex -65.6008 58.5384 18
    endloop
  endfacet
  facet normal 0.20784 -0.977415 0.0382309
    outer loop
      vertex -67.1219 57.8631 9
      vertex -67.5 58.0565 16
      vertex -67.5 57.7827 9
    endloop
  endfacet
  facet normal 0.207757 -0.977433 0.0382269
    outer loop
      vertex -67.5 58.0565 16
      vertex -67.1219 57.8631 9
      vertex -65.6008 58.5384 18
    endloop
  endfacet
  facet normal 0 -0.999269 0.038222
    outer loop
      vertex -70.1579 57.9838 16
      vertex -67.8502 58.0603 18
      vertex -70.1498 58.0603 18
    endloop
  endfacet
  facet normal 0 -0.999269 0.038222
    outer loop
      vertex -67.8502 58.0603 18
      vertex -70.1579 57.9838 16
      vertex -67.8421 57.9838 16
    endloop
  endfacet
  facet normal 0.950366 -0.308779 0.0382243
    outer loop
      vertex -58.951 64.5259 18
      vertex -58.4161 65.0581 9
      vertex -58.2404 66.713 18
    endloop
  endfacet
  facet normal 0.95035 -0.308828 0.0382204
    outer loop
      vertex -58.4161 65.0581 9
      vertex -58.951 64.5259 18
      vertex -58.6348 64.3851 9
    endloop
  endfacet
  facet normal 0.406444 0.912876 0.0382262
    outer loop
      vertex -63.9733 79.1139 9
      vertex -63.5 78.5263 18
      vertex -63.3269 78.8261 9
    endloop
  endfacet
  facet normal 0.406426 0.912884 0.0382277
    outer loop
      vertex -63.5 78.5263 18
      vertex -63.9733 79.1139 9
      vertex -65.6008 79.4616 18
    endloop
  endfacet
  facet normal -0.207749 -0.977435 0.038234
    outer loop
      vertex -72.3992 58.5384 18
      vertex -70.5 58.0565 16
      vertex -70.1498 58.0603 18
    endloop
  endfacet
  facet normal -0.207757 -0.977433 0.0382269
    outer loop
      vertex -70.8781 57.8631 9
      vertex -70.5 58.0565 16
      vertex -72.3992 58.5384 18
    endloop
  endfacet
  facet normal -0.20784 -0.977415 0.0382309
    outer loop
      vertex -70.5 58.0565 16
      vertex -70.8781 57.8631 9
      vertex -70.5 57.7827 9
    endloop
  endfacet
  facet normal -0.207717 -0.977442 0.0382284
    outer loop
      vertex -70.1498 58.0603 18
      vertex -70.5 58.0565 16
      vertex -70.1579 57.9838 16
    endloop
  endfacet
  facet normal 0 0 1
    outer loop
      vertex -58.2404 71.287 18
      vertex -58.2404 66.713 18
      vertex -58 69 18
    endloop
  endfacet
  facet normal 0 0 1
    outer loop
      vertex -58.951 73.4741 18
      vertex -58.2404 66.713 18
      vertex -58.2404 71.287 18
    endloop
  endfacet
  facet normal 0 0 1
    outer loop
      vertex -58.951 73.4741 18
      vertex -58.951 64.5259 18
      vertex -58.2404 66.713 18
    endloop
  endfacet
  facet normal 0 0 1
    outer loop
      vertex -60.1008 75.4656 18
      vertex -58.951 64.5259 18
      vertex -58.951 73.4741 18
    endloop
  endfacet
  facet normal 0 0 1
    outer loop
      vertex -60.1008 75.4656 18
      vertex -60.1008 62.5344 18
      vertex -58.951 64.5259 18
    endloop
  endfacet
  facet normal 0 0 1
    outer loop
      vertex -61.6396 77.1746 18
      vertex -60.1008 62.5344 18
      vertex -60.1008 75.4656 18
    endloop
  endfacet
  facet normal 0 0 1
    outer loop
      vertex -61.6396 77.1746 18
      vertex -61.6396 60.8254 18
      vertex -60.1008 62.5344 18
    endloop
  endfacet
  facet normal 0 0 1
    outer loop
      vertex -63.5 78.5263 18
      vertex -61.6396 60.8254 18
      vertex -61.6396 77.1746 18
    endloop
  endfacet
  facet normal 0 0 1
    outer loop
      vertex -63.5 78.5263 18
      vertex -63.5 59.4737 18
      vertex -61.6396 60.8254 18
    endloop
  endfacet
  facet normal 0 0 1
    outer loop
      vertex -65.6008 79.4616 18
      vertex -63.5 59.4737 18
      vertex -63.5 78.5263 18
    endloop
  endfacet
  facet normal 0 0 1
    outer loop
      vertex -65.6008 79.4616 18
      vertex -65.6008 58.5384 18
      vertex -63.5 59.4737 18
    endloop
  endfacet
  facet normal 0 0 1
    outer loop
      vertex -67.8502 79.9397 18
      vertex -65.6008 58.5384 18
      vertex -65.6008 79.4616 18
    endloop
  endfacet
  facet normal 0 0 1
    outer loop
      vertex -67.8502 79.9397 18
      vertex -67.8502 58.0603 18
      vertex -65.6008 58.5384 18
    endloop
  endfacet
  facet normal -0 0 1
    outer loop
      vertex -70.1498 79.9397 18
      vertex -67.8502 58.0603 18
      vertex -67.8502 79.9397 18
    endloop
  endfacet
  facet normal 0 0 1
    outer loop
      vertex -70.1498 79.9397 18
      vertex -70.1498 58.0603 18
      vertex -67.8502 58.0603 18
    endloop
  endfacet
  facet normal -0 0 1
    outer loop
      vertex -72.3992 79.4616 18
      vertex -70.1498 58.0603 18
      vertex -70.1498 79.9397 18
    endloop
  endfacet
  facet normal 0 0 1
    outer loop
      vertex -72.3992 79.4616 18
      vertex -72.3992 58.5384 18
      vertex -70.1498 58.0603 18
    endloop
  endfacet
  facet normal -0 0 1
    outer loop
      vertex -74.5 78.5263 18
      vertex -72.3992 58.5384 18
      vertex -72.3992 79.4616 18
    endloop
  endfacet
  facet normal 0 0 1
    outer loop
      vertex -74.5 78.5263 18
      vertex -74.5 59.4737 18
      vertex -72.3992 58.5384 18
    endloop
  endfacet
  facet normal -0 0 1
    outer loop
      vertex -76.3604 77.1746 18
      vertex -74.5 59.4737 18
      vertex -74.5 78.5263 18
    endloop
  endfacet
  facet normal 0 0 1
    outer loop
      vertex -76.3604 77.1746 18
      vertex -76.3604 60.8254 18
      vertex -74.5 59.4737 18
    endloop
  endfacet
  facet normal -0 0 1
    outer loop
      vertex -77.8992 75.4656 18
      vertex -76.3604 60.8254 18
      vertex -76.3604 77.1746 18
    endloop
  endfacet
  facet normal 0 0 1
    outer loop
      vertex -77.8992 75.4656 18
      vertex -77.8992 62.5344 18
      vertex -76.3604 60.8254 18
    endloop
  endfacet
  facet normal -0 0 1
    outer loop
      vertex -79.049 73.4741 18
      vertex -77.8992 62.5344 18
      vertex -77.8992 75.4656 18
    endloop
  endfacet
  facet normal 0 0 1
    outer loop
      vertex -79.049 73.4741 18
      vertex -79.049 64.5259 18
      vertex -77.8992 62.5344 18
    endloop
  endfacet
  facet normal -0 0 1
    outer loop
      vertex -79.7596 71.287 18
      vertex -79.049 64.5259 18
      vertex -79.049 73.4741 18
    endloop
  endfacet
  facet normal 0 0 1
    outer loop
      vertex -79.7596 71.287 18
      vertex -79.7596 66.713 18
      vertex -79.049 64.5259 18
    endloop
  endfacet
  facet normal 0 -0 1
    outer loop
      vertex -79.7596 66.713 18
      vertex -79.7596 71.287 18
      vertex -80 69 18
    endloop
  endfacet
  facet normal 0.587367 -0.808418 0.0382115
    outer loop
      vertex -63.5 59.4737 18
      vertex -62.3419 60.2206 16
      vertex -61.6396 60.8254 18
    endloop
  endfacet
  facet normal 0.587384 -0.808405 0.0382262
    outer loop
      vertex -63.5 59.4737 18
      vertex -62.2596 60.1383 12.9949
      vertex -62.3419 60.2206 16
    endloop
  endfacet
  facet normal 0.587385 -0.808405 0.0382262
    outer loop
      vertex -63.3269 59.1739 9
      vertex -62.2596 60.1383 12.9949
      vertex -63.5 59.4737 18
    endloop
  endfacet
  facet normal 0.587381 -0.808407 0.0382279
    outer loop
      vertex -62.2596 60.1383 12.9949
      vertex -63.3269 59.1739 9
      vertex -62.7545 59.5898 9
    endloop
  endfacet
  facet normal 0.587254 -0.808497 0.0382752
    outer loop
      vertex -61.6396 60.8254 18
      vertex -62.3419 60.2206 16
      vertex -61.8873 60.5508 16
    endloop
  endfacet
  facet normal -0.923888 -0.382663 0
    outer loop
      vertex -70.7678 67.2322 22
      vertex -71.5 69 32
      vertex -71.5 69 22
    endloop
  endfacet
  facet normal -0.923888 -0.382663 0
    outer loop
      vertex -71.5 69 32
      vertex -70.7678 67.2322 22
      vertex -70.7678 67.2322 32
    endloop
  endfacet
  facet normal 0.382663 0.923888 -0
    outer loop
      vertex -67.2322 70.7678 22
      vertex -69 71.5 32
      vertex -67.2322 70.7678 32
    endloop
  endfacet
  facet normal 0.382663 0.923888 0
    outer loop
      vertex -69 71.5 32
      vertex -67.2322 70.7678 22
      vertex -69 71.5 22
    endloop
  endfacet
  facet normal 0.923888 0.382663 0
    outer loop
      vertex -66.5 69 32
      vertex -67.2322 70.7678 22
      vertex -67.2322 70.7678 32
    endloop
  endfacet
  facet normal 0.923888 0.382663 0
    outer loop
      vertex -67.2322 70.7678 22
      vertex -66.5 69 32
      vertex -66.5 69 22
    endloop
  endfacet
  facet normal 0.923888 -0.382663 0
    outer loop
      vertex -67.2322 67.2322 32
      vertex -66.5 69 22
      vertex -66.5 69 32
    endloop
  endfacet
  facet normal 0.923888 -0.382663 0
    outer loop
      vertex -66.5 69 22
      vertex -67.2322 67.2322 32
      vertex -67.2322 67.2322 22
    endloop
  endfacet
  facet normal -0.382663 -0.923888 0
    outer loop
      vertex -70.7678 67.2322 22
      vertex -69 66.5 32
      vertex -70.7678 67.2322 32
    endloop
  endfacet
  facet normal -0.382663 -0.923888 -0
    outer loop
      vertex -69 66.5 32
      vertex -70.7678 67.2322 22
      vertex -69 66.5 22
    endloop
  endfacet
  facet normal -0.382663 0.923888 0
    outer loop
      vertex -69 71.5 22
      vertex -70.7678 70.7678 32
      vertex -69 71.5 32
    endloop
  endfacet
  facet normal -0.382663 0.923888 0
    outer loop
      vertex -70.7678 70.7678 32
      vertex -69 71.5 22
      vertex -70.7678 70.7678 22
    endloop
  endfacet
  facet normal -0.923888 0.382663 0
    outer loop
      vertex -71.5 69 22
      vertex -70.7678 70.7678 32
      vertex -70.7678 70.7678 22
    endloop
  endfacet
  facet normal -0.923888 0.382663 0
    outer loop
      vertex -70.7678 70.7678 32
      vertex -71.5 69 22
      vertex -71.5 69 32
    endloop
  endfacet
  facet normal 0.382663 -0.923888 0
    outer loop
      vertex -69 66.5 22
      vertex -67.2322 67.2322 32
      vertex -69 66.5 32
    endloop
  endfacet
  facet normal 0.382663 -0.923888 0
    outer loop
      vertex -67.2322 67.2322 32
      vertex -69 66.5 22
      vertex -67.2322 67.2322 22
    endloop
  endfacet
  facet normal 0 0 -1
    outer loop
      vertex -66.5 69 32
      vertex -65.5 69 32
      vertex -66.0556 67.1078 32
    endloop
  endfacet
  facet normal 0 0 -1
    outer loop
      vertex -65.5 69 32
      vertex -66.5 69 32
      vertex -66.0556 70.8922 32
    endloop
  endfacet
  facet normal 0 0 -1
    outer loop
      vertex -66.0556 67.1078 32
      vertex -67.2322 67.2322 32
      vertex -66.5 69 32
    endloop
  endfacet
  facet normal 0 0 -1
    outer loop
      vertex -67.5461 65.8163 32
      vertex -67.2322 67.2322 32
      vertex -66.0556 67.1078 32
    endloop
  endfacet
  facet normal 0 0 -1
    outer loop
      vertex -67.5461 65.8163 32
      vertex -69 66.5 32
      vertex -67.2322 67.2322 32
    endloop
  endfacet
  facet normal 0 0 -1
    outer loop
      vertex -69.4981 65.5356 32
      vertex -69 66.5 32
      vertex -67.5461 65.8163 32
    endloop
  endfacet
  facet normal 0 0 -1
    outer loop
      vertex -69.4981 65.5356 32
      vertex -70.7678 67.2322 32
      vertex -69 66.5 32
    endloop
  endfacet
  facet normal 0 0 -1
    outer loop
      vertex -71.292 66.3549 32
      vertex -70.7678 67.2322 32
      vertex -69.4981 65.5356 32
    endloop
  endfacet
  facet normal 0 0 -1
    outer loop
      vertex -72.3582 68.0139 32
      vertex -70.7678 67.2322 32
      vertex -71.292 66.3549 32
    endloop
  endfacet
  facet normal 0 0 -1
    outer loop
      vertex -70.7678 67.2322 32
      vertex -72.3582 68.0139 32
      vertex -71.5 69 32
    endloop
  endfacet
  facet normal 0 0 -1
    outer loop
      vertex -67.2322 70.7678 32
      vertex -66.0556 70.8922 32
      vertex -66.5 69 32
    endloop
  endfacet
  facet normal 0 0 -1
    outer loop
      vertex -67.2322 70.7678 32
      vertex -67.5461 72.1837 32
      vertex -66.0556 70.8922 32
    endloop
  endfacet
  facet normal 0 0 -1
    outer loop
      vertex -69 71.5 32
      vertex -67.5461 72.1837 32
      vertex -67.2322 70.7678 32
    endloop
  endfacet
  facet normal 0 0 -1
    outer loop
      vertex -69 71.5 32
      vertex -69.4981 72.4644 32
      vertex -67.5461 72.1837 32
    endloop
  endfacet
  facet normal 0 0 -1
    outer loop
      vertex -70.7678 70.7678 32
      vertex -69.4981 72.4644 32
      vertex -69 71.5 32
    endloop
  endfacet
  facet normal 0 0 -1
    outer loop
      vertex -70.7678 70.7678 32
      vertex -71.292 71.6451 32
      vertex -69.4981 72.4644 32
    endloop
  endfacet
  facet normal 0 0 -1
    outer loop
      vertex -72.3582 69.9861 32
      vertex -70.7678 70.7678 32
      vertex -71.5 69 32
    endloop
  endfacet
  facet normal 0 0 -1
    outer loop
      vertex -72.3582 69.9861 32
      vertex -71.5 69 32
      vertex -72.3582 68.0139 32
    endloop
  endfacet
  facet normal -0 0 -1
    outer loop
      vertex -70.7678 70.7678 32
      vertex -72.3582 69.9861 32
      vertex -71.292 71.6451 32
    endloop
  endfacet
  facet normal 0 0 -1
    outer loop
      vertex -67.2322 67.2322 22
      vertex -67.2322 70.7678 22
      vertex -66.5 69 22
    endloop
  endfacet
  facet normal 0 0 -1
    outer loop
      vertex -69 66.5 22
      vertex -67.2322 70.7678 22
      vertex -67.2322 67.2322 22
    endloop
  endfacet
  facet normal 0 0 -1
    outer loop
      vertex -69 66.5 22
      vertex -69 71.5 22
      vertex -67.2322 70.7678 22
    endloop
  endfacet
  facet normal 0 0 -1
    outer loop
      vertex -70.7678 67.2322 22
      vertex -69 71.5 22
      vertex -69 66.5 22
    endloop
  endfacet
  facet normal 0 0 -1
    outer loop
      vertex -70.7678 67.2322 22
      vertex -70.7678 70.7678 22
      vertex -69 71.5 22
    endloop
  endfacet
  facet normal 0 -0 -1
    outer loop
      vertex -70.7678 70.7678 22
      vertex -70.7678 67.2322 22
      vertex -71.5 69 22
    endloop
  endfacet
  facet normal 0.654853 0.755756 -0
    outer loop
      vertex -66.0556 70.8922 32
      vertex -67.5461 72.1837 35
      vertex -66.0556 70.8922 35
    endloop
  endfacet
  facet normal 0.654853 0.755756 0
    outer loop
      vertex -67.5461 72.1837 35
      vertex -66.0556 70.8922 32
      vertex -67.5461 72.1837 32
    endloop
  endfacet
  facet normal 0.959493 0.281733 0
    outer loop
      vertex -65.5 69 35
      vertex -66.0556 70.8922 32
      vertex -66.0556 70.8922 35
    endloop
  endfacet
  facet normal 0.959493 0.281733 0
    outer loop
      vertex -66.0556 70.8922 32
      vertex -65.5 69 35
      vertex -65.5 69 32
    endloop
  endfacet
  facet normal 0.142337 0.989818 -0
    outer loop
      vertex -67.5461 72.1837 32
      vertex -69.4981 72.4644 35
      vertex -67.5461 72.1837 35
    endloop
  endfacet
  facet normal 0.142337 0.989818 0
    outer loop
      vertex -69.4981 72.4644 35
      vertex -67.5461 72.1837 32
      vertex -69.4981 72.4644 32
    endloop
  endfacet
  facet normal -0.415437 0.909622 0
    outer loop
      vertex -69.4981 72.4644 32
      vertex -71.292 71.6451 35
      vertex -69.4981 72.4644 35
    endloop
  endfacet
  facet normal -0.415437 0.909622 0
    outer loop
      vertex -71.292 71.6451 35
      vertex -69.4981 72.4644 32
      vertex -71.292 71.6451 32
    endloop
  endfacet
  facet normal -1 0 0
    outer loop
      vertex -72.3582 68.0139 32
      vertex -72.3582 69.9861 35
      vertex -72.3582 69.9861 32
    endloop
  endfacet
  facet normal -1 -0 0
    outer loop
      vertex -72.3582 69.9861 35
      vertex -72.3582 68.0139 32
      vertex -72.3582 68.0139 35
    endloop
  endfacet
  facet normal 0.142337 -0.989818 0
    outer loop
      vertex -69.4981 65.5356 32
      vertex -67.5461 65.8163 35
      vertex -69.4981 65.5356 35
    endloop
  endfacet
  facet normal 0.142337 -0.989818 0
    outer loop
      vertex -67.5461 65.8163 35
      vertex -69.4981 65.5356 32
      vertex -67.5461 65.8163 32
    endloop
  endfacet
  facet normal 0.654853 -0.755756 0
    outer loop
      vertex -67.5461 65.8163 32
      vertex -66.0556 67.1078 35
      vertex -67.5461 65.8163 35
    endloop
  endfacet
  facet normal 0.654853 -0.755756 0
    outer loop
      vertex -66.0556 67.1078 35
      vertex -67.5461 65.8163 32
      vertex -66.0556 67.1078 32
    endloop
  endfacet
  facet normal -0.841248 -0.54065 0
    outer loop
      vertex -71.292 66.3549 32
      vertex -72.3582 68.0139 35
      vertex -72.3582 68.0139 32
    endloop
  endfacet
  facet normal -0.841248 -0.54065 0
    outer loop
      vertex -72.3582 68.0139 35
      vertex -71.292 66.3549 32
      vertex -71.292 66.3549 35
    endloop
  endfacet
  facet normal 0.959493 -0.281733 0
    outer loop
      vertex -66.0556 67.1078 35
      vertex -65.5 69 32
      vertex -65.5 69 35
    endloop
  endfacet
  facet normal 0.959493 -0.281733 0
    outer loop
      vertex -65.5 69 32
      vertex -66.0556 67.1078 35
      vertex -66.0556 67.1078 32
    endloop
  endfacet
  facet normal -0.841248 0.54065 0
    outer loop
      vertex -72.3582 69.9861 32
      vertex -71.292 71.6451 35
      vertex -71.292 71.6451 32
    endloop
  endfacet
  facet normal -0.841248 0.54065 0
    outer loop
      vertex -71.292 71.6451 35
      vertex -72.3582 69.9861 32
      vertex -72.3582 69.9861 35
    endloop
  endfacet
  facet normal 0 0 1
    outer loop
      vertex -66.0556 70.8922 35
      vertex -66.0556 67.1078 35
      vertex -65.5 69 35
    endloop
  endfacet
  facet normal 0 0 1
    outer loop
      vertex -67.5461 72.1837 35
      vertex -66.0556 67.1078 35
      vertex -66.0556 70.8922 35
    endloop
  endfacet
  facet normal 0 0 1
    outer loop
      vertex -67.5461 72.1837 35
      vertex -67.5461 65.8163 35
      vertex -66.0556 67.1078 35
    endloop
  endfacet
  facet normal 0 0 1
    outer loop
      vertex -69.4981 72.4644 35
      vertex -67.5461 65.8163 35
      vertex -67.5461 72.1837 35
    endloop
  endfacet
  facet normal 0 0 1
    outer loop
      vertex -69.4981 72.4644 35
      vertex -69.4981 65.5356 35
      vertex -67.5461 65.8163 35
    endloop
  endfacet
  facet normal -0 0 1
    outer loop
      vertex -71.292 71.6451 35
      vertex -69.4981 65.5356 35
      vertex -69.4981 72.4644 35
    endloop
  endfacet
  facet normal 0 0 1
    outer loop
      vertex -71.292 71.6451 35
      vertex -71.292 66.3549 35
      vertex -69.4981 65.5356 35
    endloop
  endfacet
  facet normal -0 0 1
    outer loop
      vertex -72.3582 69.9861 35
      vertex -71.292 66.3549 35
      vertex -71.292 71.6451 35
    endloop
  endfacet
  facet normal 0 0 1
    outer loop
      vertex -71.292 66.3549 35
      vertex -72.3582 69.9861 35
      vertex -72.3582 68.0139 35
    endloop
  endfacet
  facet normal -0.415437 -0.909622 0
    outer loop
      vertex -71.292 66.3549 32
      vertex -69.4981 65.5356 35
      vertex -71.292 66.3549 35
    endloop
  endfacet
  facet normal -0.415437 -0.909622 -0
    outer loop
      vertex -69.4981 65.5356 35
      vertex -71.292 66.3549 32
      vertex -69.4981 65.5356 32
    endloop
  endfacet
endsolid OpenSCAD_Model
