solid OpenSCAD_Model
  facet normal 0 0 -1
    outer loop
      vertex -76.125 75.4845 0
      vertex -61.875 75.4845 0
      vertex -76.125 62.5155 0
    endloop
  endfacet
  facet normal 0 0 -1
    outer loop
      vertex -61.875 75.4845 0
      vertex -76.125 75.4845 0
      vertex -75.25 77 0
    endloop
  endfacet
  facet normal 0 0 -1
    outer loop
      vertex -77.8992 62.5344 0
      vertex -76.125 62.5155 0
      vertex -77.875 62.5155 0
    endloop
  endfacet
  facet normal 0 0 -1
    outer loop
      vertex -79.7596 66.713 0
      vertex -76.125 62.5155 0
      vertex -79.049 64.5259 0
    endloop
  endfacet
  facet normal 0 0 -1
    outer loop
      vertex -77.8992 62.5344 0
      vertex -77.875 62.5155 0
      vertex -77.8778 62.5106 0
    endloop
  endfacet
  facet normal 0 0 -1
    outer loop
      vertex -80 69 0
      vertex -76.125 62.5155 0
      vertex -79.7596 66.713 0
    endloop
  endfacet
  facet normal 0 0 -1
    outer loop
      vertex -76.125 62.5155 0
      vertex -77.8992 62.5344 0
      vertex -79.049 64.5259 0
    endloop
  endfacet
  facet normal 0 -0 -1
    outer loop
      vertex -77.8992 75.4656 0
      vertex -76.125 75.4845 0
      vertex -79.049 73.4741 0
    endloop
  endfacet
  facet normal -0 0 -1
    outer loop
      vertex -76.125 75.4845 0
      vertex -77.8992 75.4656 0
      vertex -77.875 75.4845 0
    endloop
  endfacet
  facet normal -0 0 -1
    outer loop
      vertex -77.875 75.4845 0
      vertex -77.8992 75.4656 0
      vertex -77.8778 75.4894 0
    endloop
  endfacet
  facet normal 0 0 -1
    outer loop
      vertex -76.125 62.5155 0
      vertex -80 69 0
      vertex -76.125 75.4845 0
    endloop
  endfacet
  facet normal 0 0 -1
    outer loop
      vertex -76.125 75.4845 0
      vertex -79.7596 71.287 0
      vertex -79.049 73.4741 0
    endloop
  endfacet
  facet normal 0 0 -1
    outer loop
      vertex -76.125 75.4845 0
      vertex -80 69 0
      vertex -79.7596 71.287 0
    endloop
  endfacet
  facet normal 0 0 -1
    outer loop
      vertex -61.875 -62.5155 0
      vertex -75.25 -61 0
      vertex -62.75 -61 0
    endloop
  endfacet
  facet normal 0 0 -1
    outer loop
      vertex -61.875 -62.5155 0
      vertex -76.125 -62.5155 0
      vertex -75.25 -61 0
    endloop
  endfacet
  facet normal 0 0 -1
    outer loop
      vertex -77.8992 -75.4656 0
      vertex -76.125 -75.4845 0
      vertex -77.875 -75.4845 0
    endloop
  endfacet
  facet normal 0 0 -1
    outer loop
      vertex -79.7596 -71.287 0
      vertex -76.125 -75.4845 0
      vertex -79.049 -73.4741 0
    endloop
  endfacet
  facet normal 0 0 -1
    outer loop
      vertex -77.8992 -75.4656 0
      vertex -77.875 -75.4845 0
      vertex -77.8778 -75.4894 0
    endloop
  endfacet
  facet normal 0 0 -1
    outer loop
      vertex -80 -69 0
      vertex -76.125 -75.4845 0
      vertex -79.7596 -71.287 0
    endloop
  endfacet
  facet normal 0 0 -1
    outer loop
      vertex -76.125 -75.4845 0
      vertex -77.8992 -75.4656 0
      vertex -79.049 -73.4741 0
    endloop
  endfacet
  facet normal 0 -0 -1
    outer loop
      vertex -77.8992 -62.5344 0
      vertex -76.125 -62.5155 0
      vertex -79.049 -64.5259 0
    endloop
  endfacet
  facet normal -0 0 -1
    outer loop
      vertex -76.125 -62.5155 0
      vertex -77.8992 -62.5344 0
      vertex -77.875 -62.5155 0
    endloop
  endfacet
  facet normal -0 0 -1
    outer loop
      vertex -77.875 -62.5155 0
      vertex -77.8992 -62.5344 0
      vertex -77.8778 -62.5106 0
    endloop
  endfacet
  facet normal 0 0 -1
    outer loop
      vertex -76.125 -75.4845 0
      vertex -80 -69 0
      vertex -76.125 -62.5155 0
    endloop
  endfacet
  facet normal 0 0 -1
    outer loop
      vertex -76.125 -62.5155 0
      vertex -79.7596 -66.713 0
      vertex -79.049 -64.5259 0
    endloop
  endfacet
  facet normal 0 0 -1
    outer loop
      vertex -76.125 -62.5155 0
      vertex -80 -69 0
      vertex -79.7596 -66.713 0
    endloop
  endfacet
  facet normal -0 0 -1
    outer loop
      vertex -62.3508 77.6914 0
      vertex -62.75 77 0
      vertex -63.5 78.5263 0
    endloop
  endfacet
  facet normal 0 0 -1
    outer loop
      vertex -72.3992 -58.5384 0
      vertex -75.25 -61 0
      vertex -74.5 -59.4737 0
    endloop
  endfacet
  facet normal 0 0 -1
    outer loop
      vertex -74.5 -59.4737 0
      vertex -75.25 -61 0
      vertex -75.6492 -60.3086 0
    endloop
  endfacet
  facet normal 0 0 -1
    outer loop
      vertex -72.3992 79.4616 0
      vertex -75.25 77 0
      vertex -74.5 78.5263 0
    endloop
  endfacet
  facet normal 0 0 -1
    outer loop
      vertex -74.5 78.5263 0
      vertex -75.25 77 0
      vertex -75.6492 77.6914 0
    endloop
  endfacet
  facet normal 0 0 -1
    outer loop
      vertex -65.6008 -79.4616 0
      vertex -62.75 -77 0
      vertex -63.5 -78.5263 0
    endloop
  endfacet
  facet normal 0 0 -1
    outer loop
      vertex -63.5 -78.5263 0
      vertex -62.75 -77 0
      vertex -62.3508 -77.6914 0
    endloop
  endfacet
  facet normal -0 0 -1
    outer loop
      vertex -53.0113 -7.26527 0
      vertex -60 -25 0
      vertex -53.0113 7.26527 0
    endloop
  endfacet
  facet normal 0 0 -1
    outer loop
      vertex -60 25 0
      vertex -53.0113 7.26527 0
      vertex -60 -25 0
    endloop
  endfacet
  facet normal 0 0 -1
    outer loop
      vertex -53.0113 7.26527 0
      vertex -60 25 0
      vertex -59.6321 27.5389 0
    endloop
  endfacet
  facet normal 0 0 -1
    outer loop
      vertex -59.6321 27.5389 0
      vertex -60 25 0
      vertex -59.7815 27.0791 0
    endloop
  endfacet
  facet normal -0 0 -1
    outer loop
      vertex -53.0113 -8.73473 0
      vertex -60 -25 0
      vertex -53.0113 -7.26527 0
    endloop
  endfacet
  facet normal -0 0 -1
    outer loop
      vertex -45.7703 -34.9452 0
      vertex -60.125 -59.4845 0
      vertex -59.6321 -27.5389 0
    endloop
  endfacet
  facet normal 0 0 -1
    outer loop
      vertex -61.875 -59.4845 0
      vertex -59.6321 -27.5389 0
      vertex -60.125 -59.4845 0
    endloop
  endfacet
  facet normal 0 0 -1
    outer loop
      vertex -72.2452 -58.5057 0
      vertex -61.875 -59.4845 0
      vertex -62.75 -61 0
    endloop
  endfacet
  facet normal 0 0 -1
    outer loop
      vertex -67.8502 -79.9397 0
      vertex -62.75 -77 0
      vertex -65.6008 -79.4616 0
    endloop
  endfacet
  facet normal 0 0 -1
    outer loop
      vertex -67.8502 -79.9397 0
      vertex -76.125 -75.4845 0
      vertex -62.75 -77 0
    endloop
  endfacet
  facet normal 0 0 -1
    outer loop
      vertex -70.1498 -79.9397 0
      vertex -76.125 -75.4845 0
      vertex -67.8502 -79.9397 0
    endloop
  endfacet
  facet normal 0 0 -1
    outer loop
      vertex -76.125 -75.4845 0
      vertex -70.1498 -79.9397 0
      vertex -75.25 -77 0
    endloop
  endfacet
  facet normal 0 0 -1
    outer loop
      vertex -61.875 -59.4845 0
      vertex -72.2452 -58.5057 0
      vertex -59.6321 -27.5389 0
    endloop
  endfacet
  facet normal 0 0 -1
    outer loop
      vertex -75.25 -77 0
      vertex -70.1498 -79.9397 0
      vertex -72.3992 -79.4616 0
    endloop
  endfacet
  facet normal 0 0 -1
    outer loop
      vertex -76.125 -62.5155 0
      vertex -61.875 -62.5155 0
      vertex -76.125 -75.4845 0
    endloop
  endfacet
  facet normal 0 0 -1
    outer loop
      vertex -75.25 -77 0
      vertex -72.3992 -79.4616 0
      vertex -74.5 -78.5263 0
    endloop
  endfacet
  facet normal 0 0 -1
    outer loop
      vertex -75.25 -61 0
      vertex -72.2452 -58.5057 0
      vertex -62.75 -61 0
    endloop
  endfacet
  facet normal 0 0 -1
    outer loop
      vertex -75.25 -61 0
      vertex -72.3992 -58.5384 0
      vertex -72.2452 -58.5057 0
    endloop
  endfacet
  facet normal 0 -0 -1
    outer loop
      vertex -75.25 -77 0
      vertex -74.5 -78.5263 0
      vertex -75.6492 -77.6914 0
    endloop
  endfacet
  facet normal 0 0 -1
    outer loop
      vertex -61.875 -75.4845 0
      vertex -58 -69 0
      vertex -58.2404 -71.287 0
    endloop
  endfacet
  facet normal 0 0 -1
    outer loop
      vertex -61.875 -75.4845 0
      vertex -58.2404 -71.287 0
      vertex -58.951 -73.4741 0
    endloop
  endfacet
  facet normal 0 0 -1
    outer loop
      vertex -61.875 -62.5155 0
      vertex -58 -69 0
      vertex -61.875 -75.4845 0
    endloop
  endfacet
  facet normal 0 0 -1
    outer loop
      vertex -58.2404 -66.713 0
      vertex -61.875 -62.5155 0
      vertex -58.951 -64.5259 0
    endloop
  endfacet
  facet normal -0 0 -1
    outer loop
      vertex -51.6137 -9.18882 0
      vertex -60 -25 0
      vertex -53.0113 -8.73473 0
    endloop
  endfacet
  facet normal 0 0 -1
    outer loop
      vertex -58.951 -64.5259 0
      vertex -61.875 -62.5155 0
      vertex -59.1603 -64.1633 0
    endloop
  endfacet
  facet normal 0 0 -1
    outer loop
      vertex -61.875 -75.4845 0
      vertex -58.951 -73.4741 0
      vertex -60.1008 -75.4656 0
    endloop
  endfacet
  facet normal 0 0 -1
    outer loop
      vertex -60.125 -75.4845 0
      vertex -60.1008 -75.4656 0
      vertex -60.1222 -75.4894 0
    endloop
  endfacet
  facet normal 0 0 -1
    outer loop
      vertex -61.875 -75.4845 0
      vertex -60.1008 -75.4656 0
      vertex -60.125 -75.4845 0
    endloop
  endfacet
  facet normal 0 0 -1
    outer loop
      vertex -59.1603 -64.1633 0
      vertex -60.125 -62.5155 0
      vertex -59.25 -61 0
    endloop
  endfacet
  facet normal 0 0 -1
    outer loop
      vertex -58 -69 0
      vertex -61.875 -62.5155 0
      vertex -58.2404 -66.713 0
    endloop
  endfacet
  facet normal 0 0 -1
    outer loop
      vertex -59.1603 -64.1633 0
      vertex -61.875 -62.5155 0
      vertex -60.125 -62.5155 0
    endloop
  endfacet
  facet normal 0 0 -1
    outer loop
      vertex -76.125 -75.4845 0
      vertex -61.875 -75.4845 0
      vertex -62.75 -77 0
    endloop
  endfacet
  facet normal 0 0 -1
    outer loop
      vertex -61.875 -75.4845 0
      vertex -76.125 -75.4845 0
      vertex -61.875 -62.5155 0
    endloop
  endfacet
  facet normal 0 0 -1
    outer loop
      vertex 76.125 -62.5155 0
      vertex 62.75 -61 0
      vertex 75.25 -61 0
    endloop
  endfacet
  facet normal 0 0 -1
    outer loop
      vertex 76.125 -62.5155 0
      vertex 61.875 -62.5155 0
      vertex 62.75 -61 0
    endloop
  endfacet
  facet normal 0 0 -1
    outer loop
      vertex 60.1008 -75.4656 0
      vertex 61.875 -75.4845 0
      vertex 60.125 -75.4845 0
    endloop
  endfacet
  facet normal 0 0 -1
    outer loop
      vertex 58.2404 -71.287 0
      vertex 61.875 -75.4845 0
      vertex 58.951 -73.4741 0
    endloop
  endfacet
  facet normal 0 0 -1
    outer loop
      vertex 60.1008 -75.4656 0
      vertex 60.125 -75.4845 0
      vertex 60.1222 -75.4894 0
    endloop
  endfacet
  facet normal 0 0 -1
    outer loop
      vertex 61.875 -75.4845 0
      vertex 60.1008 -75.4656 0
      vertex 58.951 -73.4741 0
    endloop
  endfacet
  facet normal -0 0 -1
    outer loop
      vertex 61.875 -62.5155 0
      vertex 59.1603 -64.1633 0
      vertex 60.125 -62.5155 0
    endloop
  endfacet
  facet normal 0 0 -1
    outer loop
      vertex 58 13 0
      vertex 60 25 0
      vertex 58 -13 0
    endloop
  endfacet
  facet normal -0 0 -1
    outer loop
      vertex 60.125 -62.5155 0
      vertex 59.1603 -64.1633 0
      vertex 59.25 -61 0
    endloop
  endfacet
  facet normal 0 0 -1
    outer loop
      vertex 58 -69 0
      vertex 61.875 -75.4845 0
      vertex 58.2404 -71.287 0
    endloop
  endfacet
  facet normal 0 0 -1
    outer loop
      vertex 61.875 -75.4845 0
      vertex 58 -69 0
      vertex 61.875 -62.5155 0
    endloop
  endfacet
  facet normal 0 -0 -1
    outer loop
      vertex 58.951 -64.5259 0
      vertex 61.875 -62.5155 0
      vertex 58.2404 -66.713 0
    endloop
  endfacet
  facet normal 0 0 -1
    outer loop
      vertex 61.875 -62.5155 0
      vertex 58.951 -64.5259 0
      vertex 59.1603 -64.1633 0
    endloop
  endfacet
  facet normal 0 0 -1
    outer loop
      vertex 61.875 -62.5155 0
      vertex 58 -69 0
      vertex 58.2404 -66.713 0
    endloop
  endfacet
  facet normal 0 0 -1
    outer loop
      vertex 63.5 -78.5263 0
      vertex 62.3508 -77.6914 0
      vertex 62.75 -77 0
    endloop
  endfacet
  facet normal 0 0 -1
    outer loop
      vertex 59.6321 -27.5389 0
      vertex 60 -25 0
      vertex 59.7815 -27.0791 0
    endloop
  endfacet
  facet normal 0 0 -1
    outer loop
      vertex 58 -13 0
      vertex 60 -25 0
      vertex 59.6321 -27.5389 0
    endloop
  endfacet
  facet normal 0 0 -1
    outer loop
      vertex 60 -25 0
      vertex 58 -13 0
      vertex 60 25 0
    endloop
  endfacet
  facet normal 0 0 -1
    outer loop
      vertex 60 25 0
      vertex 59.6321 27.5389 0
      vertex 59.7815 27.0791 0
    endloop
  endfacet
  facet normal 0 0 -1
    outer loop
      vertex 72.3992 58.5384 0
      vertex 75.25 61 0
      vertex 74.5 59.4737 0
    endloop
  endfacet
  facet normal 0 0 -1
    outer loop
      vertex 74.5 59.4737 0
      vertex 75.25 61 0
      vertex 75.6492 60.3086 0
    endloop
  endfacet
  facet normal 0 0 -1
    outer loop
      vertex 76.125 62.5155 0
      vertex 80 69 0
      vertex 79.7596 66.713 0
    endloop
  endfacet
  facet normal 0 0 -1
    outer loop
      vertex 76.125 62.5155 0
      vertex 79.7596 66.713 0
      vertex 79.049 64.5259 0
    endloop
  endfacet
  facet normal 0 0 -1
    outer loop
      vertex 76.125 75.4845 0
      vertex 80 69 0
      vertex 76.125 62.5155 0
    endloop
  endfacet
  facet normal 0 0 -1
    outer loop
      vertex 76.125 62.5155 0
      vertex 79.049 64.5259 0
      vertex 77.8992 62.5344 0
    endloop
  endfacet
  facet normal 0 0 -1
    outer loop
      vertex 80 69 0
      vertex 76.125 75.4845 0
      vertex 79.7596 71.287 0
    endloop
  endfacet
  facet normal 0 0 -1
    outer loop
      vertex 77.875 62.5155 0
      vertex 77.8992 62.5344 0
      vertex 77.8778 62.5106 0
    endloop
  endfacet
  facet normal 0 0 -1
    outer loop
      vertex 76.125 62.5155 0
      vertex 77.8992 62.5344 0
      vertex 77.875 62.5155 0
    endloop
  endfacet
  facet normal 0 0 -1
    outer loop
      vertex 79.7596 71.287 0
      vertex 76.125 75.4845 0
      vertex 79.049 73.4741 0
    endloop
  endfacet
  facet normal 0 0 -1
    outer loop
      vertex 77.8992 75.4656 0
      vertex 77.875 75.4845 0
      vertex 77.8778 75.4894 0
    endloop
  endfacet
  facet normal 0 0 -1
    outer loop
      vertex 79.049 73.4741 0
      vertex 76.125 75.4845 0
      vertex 77.8992 75.4656 0
    endloop
  endfacet
  facet normal 0 0 -1
    outer loop
      vertex 77.8992 75.4656 0
      vertex 76.125 75.4845 0
      vertex 77.875 75.4845 0
    endloop
  endfacet
  facet normal 0 0 -1
    outer loop
      vertex 75.25 61 0
      vertex 76.125 75.4845 0
      vertex 76.125 62.5155 0
    endloop
  endfacet
  facet normal -0 0 -1
    outer loop
      vertex 76.125 75.4845 0
      vertex 75.25 61 0
      vertex 75.25 77 0
    endloop
  endfacet
  facet normal 0 0 -1
    outer loop
      vertex 72.3992 -79.4616 0
      vertex 75.25 -77 0
      vertex 74.5 -78.5263 0
    endloop
  endfacet
  facet normal 0 0 -1
    outer loop
      vertex 74.5 -78.5263 0
      vertex 75.25 -77 0
      vertex 75.6492 -77.6914 0
    endloop
  endfacet
  facet normal 0 0 -1
    outer loop
      vertex 76.125 -75.4845 0
      vertex 80 -69 0
      vertex 79.7596 -71.287 0
    endloop
  endfacet
  facet normal 0 0 -1
    outer loop
      vertex 76.125 -75.4845 0
      vertex 79.7596 -71.287 0
      vertex 79.049 -73.4741 0
    endloop
  endfacet
  facet normal 0 0 -1
    outer loop
      vertex 76.125 -62.5155 0
      vertex 80 -69 0
      vertex 76.125 -75.4845 0
    endloop
  endfacet
  facet normal 0 0 -1
    outer loop
      vertex 76.125 -75.4845 0
      vertex 79.049 -73.4741 0
      vertex 77.8992 -75.4656 0
    endloop
  endfacet
  facet normal 0 0 -1
    outer loop
      vertex 80 -69 0
      vertex 76.125 -62.5155 0
      vertex 79.7596 -66.713 0
    endloop
  endfacet
  facet normal 0 0 -1
    outer loop
      vertex 77.875 -75.4845 0
      vertex 77.8992 -75.4656 0
      vertex 77.8778 -75.4894 0
    endloop
  endfacet
  facet normal 0 0 -1
    outer loop
      vertex 76.125 -75.4845 0
      vertex 77.8992 -75.4656 0
      vertex 77.875 -75.4845 0
    endloop
  endfacet
  facet normal 0 0 -1
    outer loop
      vertex 79.7596 -66.713 0
      vertex 76.125 -62.5155 0
      vertex 79.049 -64.5259 0
    endloop
  endfacet
  facet normal 0 0 -1
    outer loop
      vertex 77.8992 -62.5344 0
      vertex 77.875 -62.5155 0
      vertex 77.8778 -62.5106 0
    endloop
  endfacet
  facet normal 0 0 -1
    outer loop
      vertex 79.049 -64.5259 0
      vertex 76.125 -62.5155 0
      vertex 77.8992 -62.5344 0
    endloop
  endfacet
  facet normal 0 0 -1
    outer loop
      vertex 77.8992 -62.5344 0
      vertex 76.125 -62.5155 0
      vertex 77.875 -62.5155 0
    endloop
  endfacet
  facet normal 0 0 -1
    outer loop
      vertex 61.875 -75.4845 0
      vertex 76.125 -75.4845 0
      vertex 75.25 -77 0
    endloop
  endfacet
  facet normal 0 0 -1
    outer loop
      vertex 76.125 -75.4845 0
      vertex 61.875 -75.4845 0
      vertex 76.125 -62.5155 0
    endloop
  endfacet
  facet normal 0 0 -1
    outer loop
      vertex 75.25 -61 0
      vertex 74.5 -59.4737 0
      vertex 75.6492 -60.3086 0
    endloop
  endfacet
  facet normal 0 0 -1
    outer loop
      vertex 70.1498 -79.9397 0
      vertex 61.875 -75.4845 0
      vertex 75.25 -77 0
    endloop
  endfacet
  facet normal 0 0 -1
    outer loop
      vertex 70.1498 -79.9397 0
      vertex 75.25 -77 0
      vertex 72.3992 -79.4616 0
    endloop
  endfacet
  facet normal 0 0 -1
    outer loop
      vertex 61.875 -62.5155 0
      vertex 76.125 -62.5155 0
      vertex 61.875 -75.4845 0
    endloop
  endfacet
  facet normal 0 0 -1
    outer loop
      vertex 75.25 -61 0
      vertex 72.3992 -58.5384 0
      vertex 74.5 -59.4737 0
    endloop
  endfacet
  facet normal 0 0 -1
    outer loop
      vertex 67.8502 -79.9397 0
      vertex 61.875 -75.4845 0
      vertex 70.1498 -79.9397 0
    endloop
  endfacet
  facet normal 0 0 -1
    outer loop
      vertex 61.875 -75.4845 0
      vertex 67.8502 -79.9397 0
      vertex 62.75 -77 0
    endloop
  endfacet
  facet normal 0 0 -1
    outer loop
      vertex 62.75 -77 0
      vertex 67.8502 -79.9397 0
      vertex 65.6008 -79.4616 0
    endloop
  endfacet
  facet normal 0 0 -1
    outer loop
      vertex 62.75 -77 0
      vertex 65.6008 -79.4616 0
      vertex 63.5 -78.5263 0
    endloop
  endfacet
  facet normal 0 -0 -1
    outer loop
      vertex 72.2452 -58.5057 0
      vertex 75.25 -61 0
      vertex 62.75 -61 0
    endloop
  endfacet
  facet normal -0 -0 -1
    outer loop
      vertex 72.3992 -58.5384 0
      vertex 75.25 -61 0
      vertex 72.2452 -58.5057 0
    endloop
  endfacet
  facet normal 0 0 -1
    outer loop
      vertex 61.875 -59.4845 0
      vertex 72.2452 -58.5057 0
      vertex 62.75 -61 0
    endloop
  endfacet
  facet normal 0 0 -1
    outer loop
      vertex 59.6321 -27.5389 0
      vertex 61.875 -59.4845 0
      vertex 60.125 -59.4845 0
    endloop
  endfacet
  facet normal 0 0 -1
    outer loop
      vertex 61.875 -59.4845 0
      vertex 59.6321 -27.5389 0
      vertex 72.2452 -58.5057 0
    endloop
  endfacet
  facet normal 0 0 -1
    outer loop
      vertex 58 -13 0
      vertex 59.25 -61 0
      vertex 59.1603 -64.1633 0
    endloop
  endfacet
  facet normal 0 0 -1
    outer loop
      vertex 59.25 -61 0
      vertex 59.6321 -27.5389 0
      vertex 60.125 -59.4845 0
    endloop
  endfacet
  facet normal 0 0 -1
    outer loop
      vertex 75.25 77 0
      vertex 74.5 78.5263 0
      vertex 75.6492 77.6914 0
    endloop
  endfacet
  facet normal 0 0 -1
    outer loop
      vertex 75.25 61 0
      vertex 61.875 62.5155 0
      vertex 75.25 77 0
    endloop
  endfacet
  facet normal 0 0 -1
    outer loop
      vertex 75.25 61 0
      vertex 72.3992 58.5384 0
      vertex 72.2452 58.5057 0
    endloop
  endfacet
  facet normal 0 0 -1
    outer loop
      vertex 61.875 75.4845 0
      vertex 75.25 77 0
      vertex 61.875 62.5155 0
    endloop
  endfacet
  facet normal 0 0 -1
    outer loop
      vertex 62.75 61 0
      vertex 75.25 61 0
      vertex 72.2452 58.5057 0
    endloop
  endfacet
  facet normal 0 0 -1
    outer loop
      vertex 75.25 77 0
      vertex 72.3992 79.4616 0
      vertex 74.5 78.5263 0
    endloop
  endfacet
  facet normal 0 0 -1
    outer loop
      vertex 75.25 77 0
      vertex 70.1498 79.9397 0
      vertex 72.3992 79.4616 0
    endloop
  endfacet
  facet normal -0 0 -1
    outer loop
      vertex 70.1498 79.9397 0
      vertex 61.875 75.4845 0
      vertex 67.8502 79.9397 0
    endloop
  endfacet
  facet normal 0 -0 -1
    outer loop
      vertex 62.75 77 0
      vertex 67.8502 79.9397 0
      vertex 61.875 75.4845 0
    endloop
  endfacet
  facet normal 0 0 -1
    outer loop
      vertex 75.25 61 0
      vertex 62.75 61 0
      vertex 61.875 62.5155 0
    endloop
  endfacet
  facet normal 0 0 -1
    outer loop
      vertex 72.2452 58.5057 0
      vertex 61.875 59.4845 0
      vertex 62.75 61 0
    endloop
  endfacet
  facet normal 0 0 -1
    outer loop
      vertex 59.6321 27.5389 0
      vertex 61.875 59.4845 0
      vertex 72.2452 58.5057 0
    endloop
  endfacet
  facet normal -0 0 -1
    outer loop
      vertex 61.875 59.4845 0
      vertex 59.6321 27.5389 0
      vertex 60.125 59.4845 0
    endloop
  endfacet
  facet normal 0 0 -1
    outer loop
      vertex 59.6321 27.5389 0
      vertex 59.25 61 0
      vertex 60.125 59.4845 0
    endloop
  endfacet
  facet normal 0 0 -1
    outer loop
      vertex 59.25 -61 0
      vertex 58 -13 0
      vertex 59.6321 -27.5389 0
    endloop
  endfacet
  facet normal 0 -0 -1
    outer loop
      vertex 70.1498 79.9397 0
      vertex 75.25 77 0
      vertex 61.875 75.4845 0
    endloop
  endfacet
  facet normal 0 0 -1
    outer loop
      vertex 67.8502 79.9397 0
      vertex 62.75 77 0
      vertex 65.6008 79.4616 0
    endloop
  endfacet
  facet normal 0 0 -1
    outer loop
      vertex 59.1603 64.1633 0
      vertex 61.875 62.5155 0
      vertex 60.125 62.5155 0
    endloop
  endfacet
  facet normal 0 0 -1
    outer loop
      vertex 58.951 64.5259 0
      vertex 61.875 62.5155 0
      vertex 59.1603 64.1633 0
    endloop
  endfacet
  facet normal 0 0 -1
    outer loop
      vertex 58 69 0
      vertex 61.875 62.5155 0
      vertex 58.2404 66.713 0
    endloop
  endfacet
  facet normal 0 -0 -1
    outer loop
      vertex 60.1008 75.4656 0
      vertex 61.875 75.4845 0
      vertex 58.951 73.4741 0
    endloop
  endfacet
  facet normal 0 0 -1
    outer loop
      vertex 59.1603 64.1633 0
      vertex 60.125 62.5155 0
      vertex 59.25 61 0
    endloop
  endfacet
  facet normal 0 0 -1
    outer loop
      vertex 58 25 0
      vertex 60 25 0
      vertex 58 13 0
    endloop
  endfacet
  facet normal -0 0 -1
    outer loop
      vertex 61.875 75.4845 0
      vertex 60.1008 75.4656 0
      vertex 60.125 75.4845 0
    endloop
  endfacet
  facet normal 0 0 -1
    outer loop
      vertex 61.875 62.5155 0
      vertex 58.951 64.5259 0
      vertex 58.2404 66.713 0
    endloop
  endfacet
  facet normal -0 0 -1
    outer loop
      vertex 60.125 75.4845 0
      vertex 60.1008 75.4656 0
      vertex 60.1222 75.4894 0
    endloop
  endfacet
  facet normal 0 0 -1
    outer loop
      vertex 61.875 62.5155 0
      vertex 58 69 0
      vertex 61.875 75.4845 0
    endloop
  endfacet
  facet normal 0 0 -1
    outer loop
      vertex 61.875 75.4845 0
      vertex 58.2404 71.287 0
      vertex 58.951 73.4741 0
    endloop
  endfacet
  facet normal 0 0 -1
    outer loop
      vertex 61.875 75.4845 0
      vertex 58 69 0
      vertex 58.2404 71.287 0
    endloop
  endfacet
  facet normal 0 0 -1
    outer loop
      vertex 65.6008 79.4616 0
      vertex 62.75 77 0
      vertex 63.5 78.5263 0
    endloop
  endfacet
  facet normal 0 0 -1
    outer loop
      vertex 63.5 78.5263 0
      vertex 62.75 77 0
      vertex 62.3508 77.6914 0
    endloop
  endfacet
  facet normal 0 0 -1
    outer loop
      vertex -61.875 62.5155 0
      vertex -58 69 0
      vertex -58.2404 66.713 0
    endloop
  endfacet
  facet normal 0 0 -1
    outer loop
      vertex -61.875 62.5155 0
      vertex -58.2404 66.713 0
      vertex -58.951 64.5259 0
    endloop
  endfacet
  facet normal 0 0 -1
    outer loop
      vertex -61.875 75.4845 0
      vertex -58 69 0
      vertex -61.875 62.5155 0
    endloop
  endfacet
  facet normal 0 0 -1
    outer loop
      vertex -61.875 62.5155 0
      vertex -58.951 64.5259 0
      vertex -59.1603 64.1633 0
    endloop
  endfacet
  facet normal 0 0 -1
    outer loop
      vertex -53.0113 7.26527 0
      vertex -59.25 61 0
      vertex -59.1603 64.1633 0
    endloop
  endfacet
  facet normal 0 0 -1
    outer loop
      vertex -60.125 62.5155 0
      vertex -59.1603 64.1633 0
      vertex -59.25 61 0
    endloop
  endfacet
  facet normal 0 0 -1
    outer loop
      vertex -61.875 62.5155 0
      vertex -59.1603 64.1633 0
      vertex -60.125 62.5155 0
    endloop
  endfacet
  facet normal 0 0 -1
    outer loop
      vertex -58 69 0
      vertex -61.875 75.4845 0
      vertex -58.2404 71.287 0
    endloop
  endfacet
  facet normal 0 0 -1
    outer loop
      vertex -58.2404 71.287 0
      vertex -61.875 75.4845 0
      vertex -58.951 73.4741 0
    endloop
  endfacet
  facet normal 0 0 -1
    outer loop
      vertex -60.1008 75.4656 0
      vertex -60.125 75.4845 0
      vertex -60.1222 75.4894 0
    endloop
  endfacet
  facet normal 0 0 -1
    outer loop
      vertex -58.951 73.4741 0
      vertex -61.875 75.4845 0
      vertex -60.1008 75.4656 0
    endloop
  endfacet
  facet normal 0 0 -1
    outer loop
      vertex -60.1008 75.4656 0
      vertex -61.875 75.4845 0
      vertex -60.125 75.4845 0
    endloop
  endfacet
  facet normal 0 0 -1
    outer loop
      vertex -75.25 61 0
      vertex -61.875 62.5155 0
      vertex -62.75 61 0
    endloop
  endfacet
  facet normal 0 0 -1
    outer loop
      vertex -76.125 62.5155 0
      vertex -61.875 62.5155 0
      vertex -75.25 61 0
    endloop
  endfacet
  facet normal 0 0 -1
    outer loop
      vertex -53.0113 7.26527 0
      vertex -59.6321 27.5389 0
      vertex -59.25 61 0
    endloop
  endfacet
  facet normal 0 0 -1
    outer loop
      vertex -59.6321 27.5389 0
      vertex -60.125 59.4845 0
      vertex -59.25 61 0
    endloop
  endfacet
  facet normal 0 0 -1
    outer loop
      vertex -59.6321 27.5389 0
      vertex -61.875 59.4845 0
      vertex -60.125 59.4845 0
    endloop
  endfacet
  facet normal 0 0 -1
    outer loop
      vertex -72.2452 58.5057 0
      vertex -61.875 59.4845 0
      vertex -59.6321 27.5389 0
    endloop
  endfacet
  facet normal 0 0 -1
    outer loop
      vertex -61.875 62.5155 0
      vertex -76.125 62.5155 0
      vertex -61.875 75.4845 0
    endloop
  endfacet
  facet normal 0 0 -1
    outer loop
      vertex -62.75 77 0
      vertex -65.6008 79.4616 0
      vertex -63.5 78.5263 0
    endloop
  endfacet
  facet normal -0 0 -1
    outer loop
      vertex -61.875 59.4845 0
      vertex -72.2452 58.5057 0
      vertex -62.75 61 0
    endloop
  endfacet
  facet normal 0 0 -1
    outer loop
      vertex -75.25 61 0
      vertex -62.75 61 0
      vertex -72.2452 58.5057 0
    endloop
  endfacet
  facet normal 0 0 -1
    outer loop
      vertex -70.1498 79.9397 0
      vertex -75.25 77 0
      vertex -72.3992 79.4616 0
    endloop
  endfacet
  facet normal 0 0 -1
    outer loop
      vertex -62.75 77 0
      vertex -67.8502 79.9397 0
      vertex -65.6008 79.4616 0
    endloop
  endfacet
  facet normal 0 0 -1
    outer loop
      vertex -75.25 61 0
      vertex -72.2452 58.5057 0
      vertex -72.3992 58.5384 0
    endloop
  endfacet
  facet normal 0 0 -1
    outer loop
      vertex -61.875 75.4845 0
      vertex -67.8502 79.9397 0
      vertex -62.75 77 0
    endloop
  endfacet
  facet normal 0 0 -1
    outer loop
      vertex -75.25 61 0
      vertex -72.3992 58.5384 0
      vertex -74.5 59.4737 0
    endloop
  endfacet
  facet normal -0 -0 -1
    outer loop
      vertex -67.8502 79.9397 0
      vertex -61.875 75.4845 0
      vertex -70.1498 79.9397 0
    endloop
  endfacet
  facet normal 0 0 -1
    outer loop
      vertex -75.25 77 0
      vertex -70.1498 79.9397 0
      vertex -61.875 75.4845 0
    endloop
  endfacet
  facet normal 0 -0 -1
    outer loop
      vertex -75.25 61 0
      vertex -74.5 59.4737 0
      vertex -75.6492 60.3086 0
    endloop
  endfacet
  facet normal 0 0 -1
    outer loop
      vertex -51.6137 -6.81118 0
      vertex -50.75 8 0
      vertex -50.75 -8 0
    endloop
  endfacet
  facet normal 0 0 -1
    outer loop
      vertex -51.6137 -6.81118 0
      vertex -51.6137 6.81118 0
      vertex -50.75 8 0
    endloop
  endfacet
  facet normal 0 0 -1
    outer loop
      vertex -53.0113 -7.26527 0
      vertex -51.6137 6.81118 0
      vertex -51.6137 -6.81118 0
    endloop
  endfacet
  facet normal -0 0 -1
    outer loop
      vertex -51.6137 6.81118 0
      vertex -53.0113 -7.26527 0
      vertex -53.0113 7.26527 0
    endloop
  endfacet
  facet normal -0 0 -1
    outer loop
      vertex -42 13 0
      vertex -51.6137 9.18882 0
      vertex -42 25 0
    endloop
  endfacet
  facet normal 0 0 -1
    outer loop
      vertex -53.0113 8.73473 0
      vertex -42 25 0
      vertex -51.6137 9.18882 0
    endloop
  endfacet
  facet normal -0 0 -1
    outer loop
      vertex -42 25 0
      vertex -53.0113 8.73473 0
      vertex -45.7703 34.9452 0
    endloop
  endfacet
  facet normal 0 0 -1
    outer loop
      vertex -53.0113 8.73473 0
      vertex -59.1603 64.1633 0
      vertex -45.7703 34.9452 0
    endloop
  endfacet
  facet normal 0 0 -1
    outer loop
      vertex -53.0113 7.26527 0
      vertex -59.1603 64.1633 0
      vertex -53.0113 8.73473 0
    endloop
  endfacet
  facet normal 0 0 -1
    outer loop
      vertex -42 -13 0
      vertex -35 13 0
      vertex -35 -13 0
    endloop
  endfacet
  facet normal -0 0 -1
    outer loop
      vertex -35 13 0
      vertex -42 -13 0
      vertex -42 13 0
    endloop
  endfacet
  facet normal 0 0 -1
    outer loop
      vertex -0.625 21.7655 0
      vertex -0.599999 22 0
      vertex 1.125 21.7655 0
    endloop
  endfacet
  facet normal 0 0 -1
    outer loop
      vertex -1.56738 20.6685 0
      vertex -0.625 21.7655 0
      vertex -1.5 20.25 0
    endloop
  endfacet
  facet normal -0 0 -1
    outer loop
      vertex -0.625 21.7655 0
      vertex -1.56738 20.6685 0
      vertex -0.599999 22 0
    endloop
  endfacet
  facet normal 0 0 -1
    outer loop
      vertex 35 15 0
      vertex 10.4635 20.5734 0
      vertex 11.5 22 0
    endloop
  endfacet
  facet normal -0 0 -1
    outer loop
      vertex 8.78647 21.1183 0
      vertex 2 20.25 0
      vertex 8.78647 22.8817 0
    endloop
  endfacet
  facet normal 0 0 -1
    outer loop
      vertex 1.125 18.7345 0
      vertex 8.78647 21.1183 0
      vertex 10.4635 20.5734 0
    endloop
  endfacet
  facet normal 0 0 -1
    outer loop
      vertex 1.125 18.7345 0
      vertex 10.4635 20.5734 0
      vertex 35 15 0
    endloop
  endfacet
  facet normal 0 0 -1
    outer loop
      vertex 8.78647 21.1183 0
      vertex 1.125 18.7345 0
      vertex 2 20.25 0
    endloop
  endfacet
  facet normal 0 0 -1
    outer loop
      vertex -26 15 0
      vertex 1.125 18.7345 0
      vertex 35 15 0
    endloop
  endfacet
  facet normal 0 0 -1
    outer loop
      vertex -1.5 20.25 0
      vertex -3.13262 21.1771 0
      vertex -1.56738 20.6685 0
    endloop
  endfacet
  facet normal 0 0 -1
    outer loop
      vertex -0.625 18.7345 0
      vertex -3.13262 21.1771 0
      vertex -1.5 20.25 0
    endloop
  endfacet
  facet normal 0 0 -1
    outer loop
      vertex -3.13262 21.1771 0
      vertex -8.5 22 0
      vertex -3.13262 22.8229 0
    endloop
  endfacet
  facet normal 0 0 -1
    outer loop
      vertex -9.53647 20.5734 0
      vertex -3.13262 21.1771 0
      vertex -0.625 18.7345 0
    endloop
  endfacet
  facet normal -0 0 -1
    outer loop
      vertex -3.13262 21.1771 0
      vertex -9.53647 20.5734 0
      vertex -8.5 22 0
    endloop
  endfacet
  facet normal 0 0 -1
    outer loop
      vertex -26 25 0
      vertex -11.2135 21.1183 0
      vertex -26 15 0
    endloop
  endfacet
  facet normal -0 0 -1
    outer loop
      vertex -9.53647 20.5734 0
      vertex -26 15 0
      vertex -11.2135 21.1183 0
    endloop
  endfacet
  facet normal -0 0 -1
    outer loop
      vertex -0.625 18.7345 0
      vertex -26 15 0
      vertex -9.53647 20.5734 0
    endloop
  endfacet
  facet normal -0 0 -1
    outer loop
      vertex 1.125 18.7345 0
      vertex -26 15 0
      vertex -0.625 18.7345 0
    endloop
  endfacet
  facet normal 0 0 -1
    outer loop
      vertex 10.875 -23.4845 0
      vertex 35 -15 0
      vertex 11.75 -25 0
    endloop
  endfacet
  facet normal 0 0 -1
    outer loop
      vertex 9.125 -23.4845 0
      vertex 35 -15 0
      vertex 10.875 -23.4845 0
    endloop
  endfacet
  facet normal 0 0 -1
    outer loop
      vertex -8.25 -25 0
      vertex 9.125 -23.4845 0
      vertex 8.25 -25 0
    endloop
  endfacet
  facet normal 0 0 -1
    outer loop
      vertex -9.125 -23.4845 0
      vertex 9.125 -23.4845 0
      vertex -8.25 -25 0
    endloop
  endfacet
  facet normal 0 0 -1
    outer loop
      vertex -26 -15 0
      vertex 9.125 -23.4845 0
      vertex -9.125 -23.4845 0
    endloop
  endfacet
  facet normal 0 0 -1
    outer loop
      vertex -26 -15 0
      vertex -9.125 -23.4845 0
      vertex -10.875 -23.4845 0
    endloop
  endfacet
  facet normal 0 0 -1
    outer loop
      vertex -26 -15 0
      vertex -11.75 -25 0
      vertex -26 -25 0
    endloop
  endfacet
  facet normal 0 0 -1
    outer loop
      vertex -11.75 -25 0
      vertex -26 -15 0
      vertex -10.875 -23.4845 0
    endloop
  endfacet
  facet normal 0 0 -1
    outer loop
      vertex 9.125 -23.4845 0
      vertex -26 -15 0
      vertex 35 -15 0
    endloop
  endfacet
  facet normal -0 0 -1
    outer loop
      vertex 42 23.1909 0
      vertex 40.8674 22.8229 0
      vertex 42 25 0
    endloop
  endfacet
  facet normal 0 0 -1
    outer loop
      vertex 42.4326 -10.6685 0
      vertex 58 -13 0
      vertex 43.4 -12 0
    endloop
  endfacet
  facet normal 0 -0 -1
    outer loop
      vertex 43.4 -12 0
      vertex 58 -13 0
      vertex 42.6735 -13 0
    endloop
  endfacet
  facet normal 0 0 -1
    outer loop
      vertex 58 -13 0
      vertex 59.1603 -64.1633 0
      vertex 58 -25 0
    endloop
  endfacet
  facet normal 0 0 -1
    outer loop
      vertex 45.7703 -34.9452 0
      vertex 58 -25 0
      vertex 59.1603 -64.1633 0
    endloop
  endfacet
  facet normal 0 0 -1
    outer loop
      vertex 45.7703 -34.9452 0
      vertex 42 -25 0
      vertex 58 -25 0
    endloop
  endfacet
  facet normal 0 0 -1
    outer loop
      vertex 35 -15 0
      vertex 42 -13.1909 0
      vertex 42 -25 0
    endloop
  endfacet
  facet normal 0 0 -1
    outer loop
      vertex 35 -15 0
      vertex 40.8674 -11.1771 0
      vertex 40.8674 -12.8229 0
    endloop
  endfacet
  facet normal 0 0 -1
    outer loop
      vertex 40.8674 -11.1771 0
      vertex 35 15 0
      vertex 40.8674 21.1771 0
    endloop
  endfacet
  facet normal -0 0 -1
    outer loop
      vertex 40.8674 -11.1771 0
      vertex 35 -15 0
      vertex 35 15 0
    endloop
  endfacet
  facet normal -0 0 -1
    outer loop
      vertex 42 -13.1909 0
      vertex 35 -15 0
      vertex 40.8674 -12.8229 0
    endloop
  endfacet
  facet normal 0 0 -1
    outer loop
      vertex 10.875 -26.5155 0
      vertex 42 -25 0
      vertex 45.7703 -34.9452 0
    endloop
  endfacet
  facet normal 0 0 -1
    outer loop
      vertex 42 -25 0
      vertex 11.75 -25 0
      vertex 35 -15 0
    endloop
  endfacet
  facet normal -0 0 -1
    outer loop
      vertex 42 -25 0
      vertex 10.875 -26.5155 0
      vertex 11.75 -25 0
    endloop
  endfacet
  facet normal 0 0 -1
    outer loop
      vertex 45.7703 -34.9452 0
      vertex 9.125 -26.5155 0
      vertex 10.875 -26.5155 0
    endloop
  endfacet
  facet normal 0 0 -1
    outer loop
      vertex 9.125 -26.5155 0
      vertex -8.25 -25 0
      vertex 8.25 -25 0
    endloop
  endfacet
  facet normal 0 0 -1
    outer loop
      vertex -9.125 -26.5155 0
      vertex 9.125 -26.5155 0
      vertex 45.7703 -34.9452 0
    endloop
  endfacet
  facet normal 0 0 -1
    outer loop
      vertex 9.125 -26.5155 0
      vertex -9.125 -26.5155 0
      vertex -8.25 -25 0
    endloop
  endfacet
  facet normal 0 0 -1
    outer loop
      vertex -45.7703 -34.9452 0
      vertex -9.125 -26.5155 0
      vertex 45.7703 -34.9452 0
    endloop
  endfacet
  facet normal 0 0 -1
    outer loop
      vertex -10.875 -26.5155 0
      vertex -26 -25 0
      vertex -11.75 -25 0
    endloop
  endfacet
  facet normal -0 0 -1
    outer loop
      vertex -9.125 -26.5155 0
      vertex -45.7703 -34.9452 0
      vertex -10.875 -26.5155 0
    endloop
  endfacet
  facet normal -0 0 -1
    outer loop
      vertex -10.875 -26.5155 0
      vertex -45.7703 -34.9452 0
      vertex -26 -25 0
    endloop
  endfacet
  facet normal 0 0 -1
    outer loop
      vertex -51.6137 -9.18882 0
      vertex -42 -13 0
      vertex -42 -25 0
    endloop
  endfacet
  facet normal 0 0 -1
    outer loop
      vertex -42 -13 0
      vertex -50.75 -8 0
      vertex -42 13 0
    endloop
  endfacet
  facet normal 0 0 -1
    outer loop
      vertex -59.6321 -27.5389 0
      vertex -42 -25 0
      vertex -45.7703 -34.9452 0
    endloop
  endfacet
  facet normal -0 0 -1
    outer loop
      vertex -26 -25 0
      vertex -45.7703 -34.9452 0
      vertex -42 -25 0
    endloop
  endfacet
  facet normal 0 0 -1
    outer loop
      vertex 60 25 0
      vertex 58 25 0
      vertex 59.6321 27.5389 0
    endloop
  endfacet
  facet normal 0 0 -1
    outer loop
      vertex 45.7703 34.9452 0
      vertex 59.6321 27.5389 0
      vertex 58 25 0
    endloop
  endfacet
  facet normal 0 0 -1
    outer loop
      vertex 59.6321 27.5389 0
      vertex 45.7703 34.9452 0
      vertex 59.25 61 0
    endloop
  endfacet
  facet normal -0 0 -1
    outer loop
      vertex 59.25 61 0
      vertex 45.7703 34.9452 0
      vertex 59.1603 64.1633 0
    endloop
  endfacet
  facet normal 0 0 -1
    outer loop
      vertex 42 25 0
      vertex 45.7703 34.9452 0
      vertex 58 25 0
    endloop
  endfacet
  facet normal 0 0 -1
    outer loop
      vertex 11.5 22 0
      vertex 42 25 0
      vertex 40.8674 22.8229 0
    endloop
  endfacet
  facet normal -0 0 -1
    outer loop
      vertex 40.8674 21.1771 0
      vertex 35 15 0
      vertex 40.8674 22.8229 0
    endloop
  endfacet
  facet normal 0 0 -1
    outer loop
      vertex 11.5 22 0
      vertex 40.8674 22.8229 0
      vertex 35 15 0
    endloop
  endfacet
  facet normal 0 0 -1
    outer loop
      vertex 42 25 0
      vertex 11.5 22 0
      vertex 10.4635 23.4266 0
    endloop
  endfacet
  facet normal -0 0 -1
    outer loop
      vertex 42 25 0
      vertex 10.4635 23.4266 0
      vertex 45.7703 34.9452 0
    endloop
  endfacet
  facet normal 0 0 -1
    outer loop
      vertex -1.56738 23.3315 0
      vertex 10.4635 23.4266 0
      vertex 8.78647 22.8817 0
    endloop
  endfacet
  facet normal 0 0 -1
    outer loop
      vertex 1.125 21.7655 0
      vertex 8.78647 22.8817 0
      vertex 2 20.25 0
    endloop
  endfacet
  facet normal 0 0 -1
    outer loop
      vertex -1.56738 23.3315 0
      vertex 8.78647 22.8817 0
      vertex 1.125 21.7655 0
    endloop
  endfacet
  facet normal 0 0 -1
    outer loop
      vertex -1.56738 23.3315 0
      vertex 1.125 21.7655 0
      vertex -0.599999 22 0
    endloop
  endfacet
  facet normal -0 0 -1
    outer loop
      vertex 10.4635 23.4266 0
      vertex -1.56738 23.3315 0
      vertex 45.7703 34.9452 0
    endloop
  endfacet
  facet normal 0 0 -1
    outer loop
      vertex -9.53647 23.4266 0
      vertex -3.13262 22.8229 0
      vertex -8.5 22 0
    endloop
  endfacet
  facet normal 0 0 -1
    outer loop
      vertex -3.13262 22.8229 0
      vertex -9.53647 23.4266 0
      vertex -1.56738 23.3315 0
    endloop
  endfacet
  facet normal 0 0 -1
    outer loop
      vertex -45.7703 34.9452 0
      vertex -1.56738 23.3315 0
      vertex -9.53647 23.4266 0
    endloop
  endfacet
  facet normal 0 0 -1
    outer loop
      vertex -11.2135 21.1183 0
      vertex -26 25 0
      vertex -11.2135 22.8817 0
    endloop
  endfacet
  facet normal 0 0 -1
    outer loop
      vertex -26 25 0
      vertex -9.53647 23.4266 0
      vertex -11.2135 22.8817 0
    endloop
  endfacet
  facet normal 0 0 -1
    outer loop
      vertex -45.7703 34.9452 0
      vertex -9.53647 23.4266 0
      vertex -26 25 0
    endloop
  endfacet
  facet normal 0 0 -1
    outer loop
      vertex -45.7703 34.9452 0
      vertex -26 25 0
      vertex -42 25 0
    endloop
  endfacet
  facet normal 0 0 -1
    outer loop
      vertex -1.56738 23.3315 0
      vertex -45.7703 34.9452 0
      vertex 45.7703 34.9452 0
    endloop
  endfacet
  facet normal 0 0 -1
    outer loop
      vertex -50.75 8 0
      vertex -42 13 0
      vertex -50.75 -8 0
    endloop
  endfacet
  facet normal 0 0 -1
    outer loop
      vertex -51.6137 9.18882 0
      vertex -42 13 0
      vertex -50.75 8 0
    endloop
  endfacet
  facet normal 0 0 -1
    outer loop
      vertex -42 -13 0
      vertex -51.6137 -9.18882 0
      vertex -50.75 -8 0
    endloop
  endfacet
  facet normal 0 0 -1
    outer loop
      vertex -60 -25 0
      vertex -59.6321 -27.5389 0
      vertex -59.7815 -27.0791 0
    endloop
  endfacet
  facet normal 0 0 -1
    outer loop
      vertex -60.125 -59.4845 0
      vertex -45.7703 -34.9452 0
      vertex -59.25 -61 0
    endloop
  endfacet
  facet normal 0 0 -1
    outer loop
      vertex -59.6321 -27.5389 0
      vertex -60 -25 0
      vertex -42 -25 0
    endloop
  endfacet
  facet normal 0 0 -1
    outer loop
      vertex -42 -25 0
      vertex -60 -25 0
      vertex -51.6137 -9.18882 0
    endloop
  endfacet
  facet normal 0 0 -1
    outer loop
      vertex -59.25 -61 0
      vertex -45.7703 -34.9452 0
      vertex -59.1603 -64.1633 0
    endloop
  endfacet
  facet normal 0 0 -1
    outer loop
      vertex 58 -13 0
      vertex 42.4326 -10.6685 0
      vertex 58 13 0
    endloop
  endfacet
  facet normal 0 0 -1
    outer loop
      vertex 42.4326 -10.6685 0
      vertex 42 13 0
      vertex 58 13 0
    endloop
  endfacet
  facet normal 0 0 -1
    outer loop
      vertex 40.8674 -11.1771 0
      vertex 42 13 0
      vertex 42.4326 -10.6685 0
    endloop
  endfacet
  facet normal 0 0 -1
    outer loop
      vertex 40.8674 21.1771 0
      vertex 42 13 0
      vertex 40.8674 -11.1771 0
    endloop
  endfacet
  facet normal 0 0 -1
    outer loop
      vertex 42 13 0
      vertex 40.8674 21.1771 0
      vertex 42 20.8091 0
    endloop
  endfacet
  facet normal 0.909084 -0.416613 0
    outer loop
      vertex -59.1603 -64.1633 5
      vertex -45.7703 -34.9452 0
      vertex -45.7703 -34.9452 5
    endloop
  endfacet
  facet normal 0.909084 -0.416613 0
    outer loop
      vertex -45.7703 -34.9452 0
      vertex -59.1603 -64.1633 5
      vertex -59.1603 -64.1633 0
    endloop
  endfacet
  facet normal -0.926124 0.37722 0
    outer loop
      vertex -72.2452 -58.5057 0
      vertex -59.6321 -27.5389 5
      vertex -59.6321 -27.5389 0
    endloop
  endfacet
  facet normal -0.926124 0.37722 0
    outer loop
      vertex -59.6321 -27.5389 5
      vertex -72.2452 -58.5057 0
      vertex -72.2452 -58.5057 5
    endloop
  endfacet
  facet normal 0 0 1
    outer loop
      vertex -76.125 -75.4845 5
      vertex -61.875 -75.4845 5
      vertex -76.125 -62.5155 5
    endloop
  endfacet
  facet normal 0 0 1
    outer loop
      vertex -61.875 -75.4845 5
      vertex -76.125 -75.4845 5
      vertex -75.25 -77 5
    endloop
  endfacet
  facet normal 0 0 1
    outer loop
      vertex -77.8992 -62.5344 5
      vertex -76.125 -62.5155 5
      vertex -77.875 -62.5155 5
    endloop
  endfacet
  facet normal 0 0 1
    outer loop
      vertex -79.7596 -66.713 5
      vertex -76.125 -62.5155 5
      vertex -79.049 -64.5259 5
    endloop
  endfacet
  facet normal 0 0 1
    outer loop
      vertex -77.8992 -62.5344 5
      vertex -77.875 -62.5155 5
      vertex -77.8778 -62.5106 5
    endloop
  endfacet
  facet normal 0 0 1
    outer loop
      vertex -80 -69 5
      vertex -76.125 -62.5155 5
      vertex -79.7596 -66.713 5
    endloop
  endfacet
  facet normal 0 0 1
    outer loop
      vertex -76.125 -62.5155 5
      vertex -77.8992 -62.5344 5
      vertex -79.049 -64.5259 5
    endloop
  endfacet
  facet normal -0 -0 1
    outer loop
      vertex -77.8992 -75.4656 5
      vertex -76.125 -75.4845 5
      vertex -79.049 -73.4741 5
    endloop
  endfacet
  facet normal 0 0 1
    outer loop
      vertex -76.125 -75.4845 5
      vertex -77.8992 -75.4656 5
      vertex -77.875 -75.4845 5
    endloop
  endfacet
  facet normal 0 0 1
    outer loop
      vertex -77.875 -75.4845 5
      vertex -77.8992 -75.4656 5
      vertex -77.8778 -75.4894 5
    endloop
  endfacet
  facet normal 0 0 1
    outer loop
      vertex -76.125 -62.5155 5
      vertex -80 -69 5
      vertex -76.125 -75.4845 5
    endloop
  endfacet
  facet normal 0 0 1
    outer loop
      vertex -76.125 -75.4845 5
      vertex -79.7596 -71.287 5
      vertex -79.049 -73.4741 5
    endloop
  endfacet
  facet normal 0 0 1
    outer loop
      vertex -76.125 -75.4845 5
      vertex -80 -69 5
      vertex -79.7596 -71.287 5
    endloop
  endfacet
  facet normal 0 0 1
    outer loop
      vertex -61.875 62.5155 5
      vertex -75.25 61 5
      vertex -62.75 61 5
    endloop
  endfacet
  facet normal 0 0 1
    outer loop
      vertex -61.875 62.5155 5
      vertex -76.125 62.5155 5
      vertex -75.25 61 5
    endloop
  endfacet
  facet normal 0 0 1
    outer loop
      vertex -77.8992 75.4656 5
      vertex -76.125 75.4845 5
      vertex -77.875 75.4845 5
    endloop
  endfacet
  facet normal 0 0 1
    outer loop
      vertex -79.7596 71.287 5
      vertex -76.125 75.4845 5
      vertex -79.049 73.4741 5
    endloop
  endfacet
  facet normal 0 0 1
    outer loop
      vertex -77.8992 75.4656 5
      vertex -77.875 75.4845 5
      vertex -77.8778 75.4894 5
    endloop
  endfacet
  facet normal 0 0 1
    outer loop
      vertex -80 69 5
      vertex -76.125 75.4845 5
      vertex -79.7596 71.287 5
    endloop
  endfacet
  facet normal 0 0 1
    outer loop
      vertex -76.125 75.4845 5
      vertex -77.8992 75.4656 5
      vertex -79.049 73.4741 5
    endloop
  endfacet
  facet normal -0 -0 1
    outer loop
      vertex -77.8992 62.5344 5
      vertex -76.125 62.5155 5
      vertex -79.049 64.5259 5
    endloop
  endfacet
  facet normal 0 0 1
    outer loop
      vertex -76.125 62.5155 5
      vertex -77.8992 62.5344 5
      vertex -77.875 62.5155 5
    endloop
  endfacet
  facet normal 0 0 1
    outer loop
      vertex -77.875 62.5155 5
      vertex -77.8992 62.5344 5
      vertex -77.8778 62.5106 5
    endloop
  endfacet
  facet normal 0 0 1
    outer loop
      vertex -76.125 75.4845 5
      vertex -80 69 5
      vertex -76.125 62.5155 5
    endloop
  endfacet
  facet normal 0 0 1
    outer loop
      vertex -76.125 62.5155 5
      vertex -79.7596 66.713 5
      vertex -79.049 64.5259 5
    endloop
  endfacet
  facet normal 0 0 1
    outer loop
      vertex -76.125 62.5155 5
      vertex -80 69 5
      vertex -79.7596 66.713 5
    endloop
  endfacet
  facet normal 0 0 1
    outer loop
      vertex -62.3508 -77.6914 5
      vertex -62.75 -77 5
      vertex -63.5 -78.5263 5
    endloop
  endfacet
  facet normal 0 0 1
    outer loop
      vertex -72.3992 58.5384 5
      vertex -75.25 61 5
      vertex -74.5 59.4737 5
    endloop
  endfacet
  facet normal 0 0 1
    outer loop
      vertex -74.5 59.4737 5
      vertex -75.25 61 5
      vertex -75.6492 60.3086 5
    endloop
  endfacet
  facet normal 0 0 1
    outer loop
      vertex -72.3992 -79.4616 5
      vertex -75.25 -77 5
      vertex -74.5 -78.5263 5
    endloop
  endfacet
  facet normal 0 0 1
    outer loop
      vertex -74.5 -78.5263 5
      vertex -75.25 -77 5
      vertex -75.6492 -77.6914 5
    endloop
  endfacet
  facet normal 0 0 1
    outer loop
      vertex -65.6008 79.4616 5
      vertex -62.75 77 5
      vertex -63.5 78.5263 5
    endloop
  endfacet
  facet normal 0 0 1
    outer loop
      vertex -63.5 78.5263 5
      vertex -62.75 77 5
      vertex -62.3508 77.6914 5
    endloop
  endfacet
  facet normal 0 0 1
    outer loop
      vertex -53.0113 7.26527 5
      vertex -60 25 5
      vertex -53.0113 -7.26527 5
    endloop
  endfacet
  facet normal 0 0 1
    outer loop
      vertex -60 -25 5
      vertex -53.0113 -7.26527 5
      vertex -60 25 5
    endloop
  endfacet
  facet normal 0 0 1
    outer loop
      vertex -53.0113 -7.26527 5
      vertex -60 -25 5
      vertex -59.6321 -27.5389 5
    endloop
  endfacet
  facet normal 0 0 1
    outer loop
      vertex -59.6321 -27.5389 5
      vertex -60 -25 5
      vertex -59.7815 -27.0791 5
    endloop
  endfacet
  facet normal 0 0 1
    outer loop
      vertex -53.0113 8.73473 5
      vertex -60 25 5
      vertex -53.0113 7.26527 5
    endloop
  endfacet
  facet normal 0 0 1
    outer loop
      vertex -45.7703 34.9452 5
      vertex -60.125 59.4845 5
      vertex -59.6321 27.5389 5
    endloop
  endfacet
  facet normal -0 0 1
    outer loop
      vertex -61.875 59.4845 5
      vertex -59.6321 27.5389 5
      vertex -60.125 59.4845 5
    endloop
  endfacet
  facet normal 0 0 1
    outer loop
      vertex -72.2452 58.5057 5
      vertex -61.875 59.4845 5
      vertex -62.75 61 5
    endloop
  endfacet
  facet normal 0 0 1
    outer loop
      vertex -67.8502 79.9397 5
      vertex -62.75 77 5
      vertex -65.6008 79.4616 5
    endloop
  endfacet
  facet normal 0 0 1
    outer loop
      vertex -67.8502 79.9397 5
      vertex -76.125 75.4845 5
      vertex -62.75 77 5
    endloop
  endfacet
  facet normal -0 0 1
    outer loop
      vertex -70.1498 79.9397 5
      vertex -76.125 75.4845 5
      vertex -67.8502 79.9397 5
    endloop
  endfacet
  facet normal 0 0 1
    outer loop
      vertex -76.125 75.4845 5
      vertex -70.1498 79.9397 5
      vertex -75.25 77 5
    endloop
  endfacet
  facet normal 0 0 1
    outer loop
      vertex -61.875 59.4845 5
      vertex -72.2452 58.5057 5
      vertex -59.6321 27.5389 5
    endloop
  endfacet
  facet normal 0 0 1
    outer loop
      vertex -75.25 77 5
      vertex -70.1498 79.9397 5
      vertex -72.3992 79.4616 5
    endloop
  endfacet
  facet normal 0 0 1
    outer loop
      vertex -76.125 62.5155 5
      vertex -61.875 62.5155 5
      vertex -76.125 75.4845 5
    endloop
  endfacet
  facet normal 0 0 1
    outer loop
      vertex -75.25 77 5
      vertex -72.3992 79.4616 5
      vertex -74.5 78.5263 5
    endloop
  endfacet
  facet normal -0 0 1
    outer loop
      vertex -75.25 61 5
      vertex -72.2452 58.5057 5
      vertex -62.75 61 5
    endloop
  endfacet
  facet normal 0 0 1
    outer loop
      vertex -75.25 61 5
      vertex -72.3992 58.5384 5
      vertex -72.2452 58.5057 5
    endloop
  endfacet
  facet normal 0 -0 1
    outer loop
      vertex -75.25 77 5
      vertex -74.5 78.5263 5
      vertex -75.6492 77.6914 5
    endloop
  endfacet
  facet normal 0 0 1
    outer loop
      vertex -61.875 75.4845 5
      vertex -58 69 5
      vertex -58.2404 71.287 5
    endloop
  endfacet
  facet normal 0 0 1
    outer loop
      vertex -61.875 75.4845 5
      vertex -58.2404 71.287 5
      vertex -58.951 73.4741 5
    endloop
  endfacet
  facet normal 0 0 1
    outer loop
      vertex -61.875 62.5155 5
      vertex -58 69 5
      vertex -61.875 75.4845 5
    endloop
  endfacet
  facet normal 0 0 1
    outer loop
      vertex -58.2404 66.713 5
      vertex -61.875 62.5155 5
      vertex -58.951 64.5259 5
    endloop
  endfacet
  facet normal 0 0 1
    outer loop
      vertex -51.6137 9.18882 5
      vertex -60 25 5
      vertex -53.0113 8.73473 5
    endloop
  endfacet
  facet normal 0 0 1
    outer loop
      vertex -58.951 64.5259 5
      vertex -61.875 62.5155 5
      vertex -59.1603 64.1633 5
    endloop
  endfacet
  facet normal 0 0 1
    outer loop
      vertex -61.875 75.4845 5
      vertex -58.951 73.4741 5
      vertex -60.1008 75.4656 5
    endloop
  endfacet
  facet normal -0 0 1
    outer loop
      vertex -60.125 75.4845 5
      vertex -60.1008 75.4656 5
      vertex -60.1222 75.4894 5
    endloop
  endfacet
  facet normal -0 0 1
    outer loop
      vertex -61.875 75.4845 5
      vertex -60.1008 75.4656 5
      vertex -60.125 75.4845 5
    endloop
  endfacet
  facet normal 0 0 1
    outer loop
      vertex -59.1603 64.1633 5
      vertex -60.125 62.5155 5
      vertex -59.25 61 5
    endloop
  endfacet
  facet normal 0 0 1
    outer loop
      vertex -58 69 5
      vertex -61.875 62.5155 5
      vertex -58.2404 66.713 5
    endloop
  endfacet
  facet normal 0 0 1
    outer loop
      vertex -59.1603 64.1633 5
      vertex -61.875 62.5155 5
      vertex -60.125 62.5155 5
    endloop
  endfacet
  facet normal 0 0 1
    outer loop
      vertex -76.125 75.4845 5
      vertex -61.875 75.4845 5
      vertex -62.75 77 5
    endloop
  endfacet
  facet normal 0 0 1
    outer loop
      vertex -61.875 75.4845 5
      vertex -76.125 75.4845 5
      vertex -61.875 62.5155 5
    endloop
  endfacet
  facet normal 0 0 1
    outer loop
      vertex 76.125 62.5155 5
      vertex 62.75 61 5
      vertex 75.25 61 5
    endloop
  endfacet
  facet normal 0 0 1
    outer loop
      vertex 76.125 62.5155 5
      vertex 61.875 62.5155 5
      vertex 62.75 61 5
    endloop
  endfacet
  facet normal 0 0 1
    outer loop
      vertex 60.1008 75.4656 5
      vertex 61.875 75.4845 5
      vertex 60.125 75.4845 5
    endloop
  endfacet
  facet normal 0 0 1
    outer loop
      vertex 58.2404 71.287 5
      vertex 61.875 75.4845 5
      vertex 58.951 73.4741 5
    endloop
  endfacet
  facet normal 0 0 1
    outer loop
      vertex 60.1008 75.4656 5
      vertex 60.125 75.4845 5
      vertex 60.1222 75.4894 5
    endloop
  endfacet
  facet normal 0 0 1
    outer loop
      vertex 61.875 75.4845 5
      vertex 60.1008 75.4656 5
      vertex 58.951 73.4741 5
    endloop
  endfacet
  facet normal 0 0 1
    outer loop
      vertex 61.875 62.5155 5
      vertex 59.1603 64.1633 5
      vertex 60.125 62.5155 5
    endloop
  endfacet
  facet normal -0 0 1
    outer loop
      vertex 58 -13 5
      vertex 60 -25 5
      vertex 58 13 5
    endloop
  endfacet
  facet normal 0 0 1
    outer loop
      vertex 60.125 62.5155 5
      vertex 59.1603 64.1633 5
      vertex 59.25 61 5
    endloop
  endfacet
  facet normal 0 0 1
    outer loop
      vertex 58 69 5
      vertex 61.875 75.4845 5
      vertex 58.2404 71.287 5
    endloop
  endfacet
  facet normal 0 0 1
    outer loop
      vertex 61.875 75.4845 5
      vertex 58 69 5
      vertex 61.875 62.5155 5
    endloop
  endfacet
  facet normal -0 -0 1
    outer loop
      vertex 58.951 64.5259 5
      vertex 61.875 62.5155 5
      vertex 58.2404 66.713 5
    endloop
  endfacet
  facet normal 0 0 1
    outer loop
      vertex 61.875 62.5155 5
      vertex 58.951 64.5259 5
      vertex 59.1603 64.1633 5
    endloop
  endfacet
  facet normal 0 0 1
    outer loop
      vertex 61.875 62.5155 5
      vertex 58 69 5
      vertex 58.2404 66.713 5
    endloop
  endfacet
  facet normal 0 0 1
    outer loop
      vertex 63.5 78.5263 5
      vertex 62.3508 77.6914 5
      vertex 62.75 77 5
    endloop
  endfacet
  facet normal 0 0 1
    outer loop
      vertex 59.6321 27.5389 5
      vertex 60 25 5
      vertex 59.7815 27.0791 5
    endloop
  endfacet
  facet normal 0 0 1
    outer loop
      vertex 58 13 5
      vertex 60 25 5
      vertex 59.6321 27.5389 5
    endloop
  endfacet
  facet normal 0 0 1
    outer loop
      vertex 60 25 5
      vertex 58 13 5
      vertex 60 -25 5
    endloop
  endfacet
  facet normal 0 0 1
    outer loop
      vertex 60 -25 5
      vertex 59.6321 -27.5389 5
      vertex 59.7815 -27.0791 5
    endloop
  endfacet
  facet normal 0 0 1
    outer loop
      vertex 72.3992 -58.5384 5
      vertex 75.25 -61 5
      vertex 74.5 -59.4737 5
    endloop
  endfacet
  facet normal 0 0 1
    outer loop
      vertex 74.5 -59.4737 5
      vertex 75.25 -61 5
      vertex 75.6492 -60.3086 5
    endloop
  endfacet
  facet normal 0 0 1
    outer loop
      vertex 76.125 -62.5155 5
      vertex 80 -69 5
      vertex 79.7596 -66.713 5
    endloop
  endfacet
  facet normal 0 0 1
    outer loop
      vertex 76.125 -62.5155 5
      vertex 79.7596 -66.713 5
      vertex 79.049 -64.5259 5
    endloop
  endfacet
  facet normal 0 0 1
    outer loop
      vertex 76.125 -75.4845 5
      vertex 80 -69 5
      vertex 76.125 -62.5155 5
    endloop
  endfacet
  facet normal 0 0 1
    outer loop
      vertex 76.125 -62.5155 5
      vertex 79.049 -64.5259 5
      vertex 77.8992 -62.5344 5
    endloop
  endfacet
  facet normal 0 0 1
    outer loop
      vertex 80 -69 5
      vertex 76.125 -75.4845 5
      vertex 79.7596 -71.287 5
    endloop
  endfacet
  facet normal -0 0 1
    outer loop
      vertex 77.875 -62.5155 5
      vertex 77.8992 -62.5344 5
      vertex 77.8778 -62.5106 5
    endloop
  endfacet
  facet normal -0 0 1
    outer loop
      vertex 76.125 -62.5155 5
      vertex 77.8992 -62.5344 5
      vertex 77.875 -62.5155 5
    endloop
  endfacet
  facet normal 0 0 1
    outer loop
      vertex 79.7596 -71.287 5
      vertex 76.125 -75.4845 5
      vertex 79.049 -73.4741 5
    endloop
  endfacet
  facet normal 0 0 1
    outer loop
      vertex 77.8992 -75.4656 5
      vertex 77.875 -75.4845 5
      vertex 77.8778 -75.4894 5
    endloop
  endfacet
  facet normal 0 0 1
    outer loop
      vertex 79.049 -73.4741 5
      vertex 76.125 -75.4845 5
      vertex 77.8992 -75.4656 5
    endloop
  endfacet
  facet normal 0 0 1
    outer loop
      vertex 77.8992 -75.4656 5
      vertex 76.125 -75.4845 5
      vertex 77.875 -75.4845 5
    endloop
  endfacet
  facet normal 0 0 1
    outer loop
      vertex 75.25 -61 5
      vertex 76.125 -75.4845 5
      vertex 76.125 -62.5155 5
    endloop
  endfacet
  facet normal 0 0 1
    outer loop
      vertex 76.125 -75.4845 5
      vertex 75.25 -61 5
      vertex 75.25 -77 5
    endloop
  endfacet
  facet normal 0 0 1
    outer loop
      vertex 72.3992 79.4616 5
      vertex 75.25 77 5
      vertex 74.5 78.5263 5
    endloop
  endfacet
  facet normal 0 0 1
    outer loop
      vertex 74.5 78.5263 5
      vertex 75.25 77 5
      vertex 75.6492 77.6914 5
    endloop
  endfacet
  facet normal 0 0 1
    outer loop
      vertex 76.125 75.4845 5
      vertex 80 69 5
      vertex 79.7596 71.287 5
    endloop
  endfacet
  facet normal 0 0 1
    outer loop
      vertex 76.125 75.4845 5
      vertex 79.7596 71.287 5
      vertex 79.049 73.4741 5
    endloop
  endfacet
  facet normal 0 0 1
    outer loop
      vertex 76.125 62.5155 5
      vertex 80 69 5
      vertex 76.125 75.4845 5
    endloop
  endfacet
  facet normal 0 0 1
    outer loop
      vertex 76.125 75.4845 5
      vertex 79.049 73.4741 5
      vertex 77.8992 75.4656 5
    endloop
  endfacet
  facet normal 0 0 1
    outer loop
      vertex 80 69 5
      vertex 76.125 62.5155 5
      vertex 79.7596 66.713 5
    endloop
  endfacet
  facet normal -0 0 1
    outer loop
      vertex 77.875 75.4845 5
      vertex 77.8992 75.4656 5
      vertex 77.8778 75.4894 5
    endloop
  endfacet
  facet normal -0 0 1
    outer loop
      vertex 76.125 75.4845 5
      vertex 77.8992 75.4656 5
      vertex 77.875 75.4845 5
    endloop
  endfacet
  facet normal 0 0 1
    outer loop
      vertex 79.7596 66.713 5
      vertex 76.125 62.5155 5
      vertex 79.049 64.5259 5
    endloop
  endfacet
  facet normal 0 0 1
    outer loop
      vertex 77.8992 62.5344 5
      vertex 77.875 62.5155 5
      vertex 77.8778 62.5106 5
    endloop
  endfacet
  facet normal 0 0 1
    outer loop
      vertex 79.049 64.5259 5
      vertex 76.125 62.5155 5
      vertex 77.8992 62.5344 5
    endloop
  endfacet
  facet normal 0 0 1
    outer loop
      vertex 77.8992 62.5344 5
      vertex 76.125 62.5155 5
      vertex 77.875 62.5155 5
    endloop
  endfacet
  facet normal 0 0 1
    outer loop
      vertex 61.875 75.4845 5
      vertex 76.125 75.4845 5
      vertex 75.25 77 5
    endloop
  endfacet
  facet normal 0 0 1
    outer loop
      vertex 76.125 75.4845 5
      vertex 61.875 75.4845 5
      vertex 76.125 62.5155 5
    endloop
  endfacet
  facet normal 0 0 1
    outer loop
      vertex 75.25 61 5
      vertex 74.5 59.4737 5
      vertex 75.6492 60.3086 5
    endloop
  endfacet
  facet normal 0 0 1
    outer loop
      vertex 70.1498 79.9397 5
      vertex 61.875 75.4845 5
      vertex 75.25 77 5
    endloop
  endfacet
  facet normal 0 0 1
    outer loop
      vertex 70.1498 79.9397 5
      vertex 75.25 77 5
      vertex 72.3992 79.4616 5
    endloop
  endfacet
  facet normal 0 0 1
    outer loop
      vertex 61.875 62.5155 5
      vertex 76.125 62.5155 5
      vertex 61.875 75.4845 5
    endloop
  endfacet
  facet normal 0 0 1
    outer loop
      vertex 75.25 61 5
      vertex 72.3992 58.5384 5
      vertex 74.5 59.4737 5
    endloop
  endfacet
  facet normal -0 0 1
    outer loop
      vertex 67.8502 79.9397 5
      vertex 61.875 75.4845 5
      vertex 70.1498 79.9397 5
    endloop
  endfacet
  facet normal 0 0 1
    outer loop
      vertex 61.875 75.4845 5
      vertex 67.8502 79.9397 5
      vertex 62.75 77 5
    endloop
  endfacet
  facet normal 0 0 1
    outer loop
      vertex 62.75 77 5
      vertex 67.8502 79.9397 5
      vertex 65.6008 79.4616 5
    endloop
  endfacet
  facet normal 0 0 1
    outer loop
      vertex 62.75 77 5
      vertex 65.6008 79.4616 5
      vertex 63.5 78.5263 5
    endloop
  endfacet
  facet normal 0 -0 1
    outer loop
      vertex 72.2452 58.5057 5
      vertex 75.25 61 5
      vertex 62.75 61 5
    endloop
  endfacet
  facet normal 0 -0 1
    outer loop
      vertex 72.3992 58.5384 5
      vertex 75.25 61 5
      vertex 72.2452 58.5057 5
    endloop
  endfacet
  facet normal -0 0 1
    outer loop
      vertex 61.875 59.4845 5
      vertex 72.2452 58.5057 5
      vertex 62.75 61 5
    endloop
  endfacet
  facet normal 0 0 1
    outer loop
      vertex 59.6321 27.5389 5
      vertex 61.875 59.4845 5
      vertex 60.125 59.4845 5
    endloop
  endfacet
  facet normal 0 0 1
    outer loop
      vertex 61.875 59.4845 5
      vertex 59.6321 27.5389 5
      vertex 72.2452 58.5057 5
    endloop
  endfacet
  facet normal 0 0 1
    outer loop
      vertex 58 13 5
      vertex 59.25 61 5
      vertex 59.1603 64.1633 5
    endloop
  endfacet
  facet normal 0 0 1
    outer loop
      vertex 59.25 61 5
      vertex 59.6321 27.5389 5
      vertex 60.125 59.4845 5
    endloop
  endfacet
  facet normal 0 0 1
    outer loop
      vertex 75.25 -77 5
      vertex 74.5 -78.5263 5
      vertex 75.6492 -77.6914 5
    endloop
  endfacet
  facet normal 0 0 1
    outer loop
      vertex 75.25 -61 5
      vertex 61.875 -62.5155 5
      vertex 75.25 -77 5
    endloop
  endfacet
  facet normal 0 0 1
    outer loop
      vertex 75.25 -61 5
      vertex 72.3992 -58.5384 5
      vertex 72.2452 -58.5057 5
    endloop
  endfacet
  facet normal -0 0 1
    outer loop
      vertex 61.875 -75.4845 5
      vertex 75.25 -77 5
      vertex 61.875 -62.5155 5
    endloop
  endfacet
  facet normal 0 0 1
    outer loop
      vertex 62.75 -61 5
      vertex 75.25 -61 5
      vertex 72.2452 -58.5057 5
    endloop
  endfacet
  facet normal 0 0 1
    outer loop
      vertex 75.25 -77 5
      vertex 72.3992 -79.4616 5
      vertex 74.5 -78.5263 5
    endloop
  endfacet
  facet normal 0 0 1
    outer loop
      vertex 75.25 -77 5
      vertex 70.1498 -79.9397 5
      vertex 72.3992 -79.4616 5
    endloop
  endfacet
  facet normal 0 0 1
    outer loop
      vertex 70.1498 -79.9397 5
      vertex 61.875 -75.4845 5
      vertex 67.8502 -79.9397 5
    endloop
  endfacet
  facet normal -0 -0 1
    outer loop
      vertex 62.75 -77 5
      vertex 67.8502 -79.9397 5
      vertex 61.875 -75.4845 5
    endloop
  endfacet
  facet normal 0 0 1
    outer loop
      vertex 75.25 -61 5
      vertex 62.75 -61 5
      vertex 61.875 -62.5155 5
    endloop
  endfacet
  facet normal 0 0 1
    outer loop
      vertex 72.2452 -58.5057 5
      vertex 61.875 -59.4845 5
      vertex 62.75 -61 5
    endloop
  endfacet
  facet normal 0 0 1
    outer loop
      vertex 59.6321 -27.5389 5
      vertex 61.875 -59.4845 5
      vertex 72.2452 -58.5057 5
    endloop
  endfacet
  facet normal 0 0 1
    outer loop
      vertex 61.875 -59.4845 5
      vertex 59.6321 -27.5389 5
      vertex 60.125 -59.4845 5
    endloop
  endfacet
  facet normal 0 0 1
    outer loop
      vertex 59.6321 -27.5389 5
      vertex 59.25 -61 5
      vertex 60.125 -59.4845 5
    endloop
  endfacet
  facet normal 0 0 1
    outer loop
      vertex 59.25 61 5
      vertex 58 13 5
      vertex 59.6321 27.5389 5
    endloop
  endfacet
  facet normal 0 -0 1
    outer loop
      vertex 70.1498 -79.9397 5
      vertex 75.25 -77 5
      vertex 61.875 -75.4845 5
    endloop
  endfacet
  facet normal 0 0 1
    outer loop
      vertex 67.8502 -79.9397 5
      vertex 62.75 -77 5
      vertex 65.6008 -79.4616 5
    endloop
  endfacet
  facet normal 0 0 1
    outer loop
      vertex 59.1603 -64.1633 5
      vertex 61.875 -62.5155 5
      vertex 60.125 -62.5155 5
    endloop
  endfacet
  facet normal 0 0 1
    outer loop
      vertex 58.951 -64.5259 5
      vertex 61.875 -62.5155 5
      vertex 59.1603 -64.1633 5
    endloop
  endfacet
  facet normal 0 0 1
    outer loop
      vertex 58 -69 5
      vertex 61.875 -62.5155 5
      vertex 58.2404 -66.713 5
    endloop
  endfacet
  facet normal -0 -0 1
    outer loop
      vertex 60.1008 -75.4656 5
      vertex 61.875 -75.4845 5
      vertex 58.951 -73.4741 5
    endloop
  endfacet
  facet normal 0 0 1
    outer loop
      vertex 59.1603 -64.1633 5
      vertex 60.125 -62.5155 5
      vertex 59.25 -61 5
    endloop
  endfacet
  facet normal 0 0 1
    outer loop
      vertex 58 -25 5
      vertex 60 -25 5
      vertex 58 -13 5
    endloop
  endfacet
  facet normal 0 0 1
    outer loop
      vertex 61.875 -75.4845 5
      vertex 60.1008 -75.4656 5
      vertex 60.125 -75.4845 5
    endloop
  endfacet
  facet normal 0 0 1
    outer loop
      vertex 61.875 -62.5155 5
      vertex 58.951 -64.5259 5
      vertex 58.2404 -66.713 5
    endloop
  endfacet
  facet normal 0 0 1
    outer loop
      vertex 60.125 -75.4845 5
      vertex 60.1008 -75.4656 5
      vertex 60.1222 -75.4894 5
    endloop
  endfacet
  facet normal 0 0 1
    outer loop
      vertex 61.875 -62.5155 5
      vertex 58 -69 5
      vertex 61.875 -75.4845 5
    endloop
  endfacet
  facet normal 0 0 1
    outer loop
      vertex 61.875 -75.4845 5
      vertex 58.2404 -71.287 5
      vertex 58.951 -73.4741 5
    endloop
  endfacet
  facet normal 0 0 1
    outer loop
      vertex 61.875 -75.4845 5
      vertex 58 -69 5
      vertex 58.2404 -71.287 5
    endloop
  endfacet
  facet normal 0 0 1
    outer loop
      vertex 65.6008 -79.4616 5
      vertex 62.75 -77 5
      vertex 63.5 -78.5263 5
    endloop
  endfacet
  facet normal 0 0 1
    outer loop
      vertex 63.5 -78.5263 5
      vertex 62.75 -77 5
      vertex 62.3508 -77.6914 5
    endloop
  endfacet
  facet normal 0 0 1
    outer loop
      vertex -61.875 -62.5155 5
      vertex -58 -69 5
      vertex -58.2404 -66.713 5
    endloop
  endfacet
  facet normal 0 0 1
    outer loop
      vertex -61.875 -62.5155 5
      vertex -58.2404 -66.713 5
      vertex -58.951 -64.5259 5
    endloop
  endfacet
  facet normal 0 0 1
    outer loop
      vertex -61.875 -75.4845 5
      vertex -58 -69 5
      vertex -61.875 -62.5155 5
    endloop
  endfacet
  facet normal 0 0 1
    outer loop
      vertex -61.875 -62.5155 5
      vertex -58.951 -64.5259 5
      vertex -59.1603 -64.1633 5
    endloop
  endfacet
  facet normal 0 0 1
    outer loop
      vertex -53.0113 -7.26527 5
      vertex -59.25 -61 5
      vertex -59.1603 -64.1633 5
    endloop
  endfacet
  facet normal -0 0 1
    outer loop
      vertex -60.125 -62.5155 5
      vertex -59.1603 -64.1633 5
      vertex -59.25 -61 5
    endloop
  endfacet
  facet normal -0 0 1
    outer loop
      vertex -61.875 -62.5155 5
      vertex -59.1603 -64.1633 5
      vertex -60.125 -62.5155 5
    endloop
  endfacet
  facet normal 0 0 1
    outer loop
      vertex -58 -69 5
      vertex -61.875 -75.4845 5
      vertex -58.2404 -71.287 5
    endloop
  endfacet
  facet normal 0 0 1
    outer loop
      vertex -58.2404 -71.287 5
      vertex -61.875 -75.4845 5
      vertex -58.951 -73.4741 5
    endloop
  endfacet
  facet normal 0 0 1
    outer loop
      vertex -60.1008 -75.4656 5
      vertex -60.125 -75.4845 5
      vertex -60.1222 -75.4894 5
    endloop
  endfacet
  facet normal 0 0 1
    outer loop
      vertex -58.951 -73.4741 5
      vertex -61.875 -75.4845 5
      vertex -60.1008 -75.4656 5
    endloop
  endfacet
  facet normal 0 0 1
    outer loop
      vertex -60.1008 -75.4656 5
      vertex -61.875 -75.4845 5
      vertex -60.125 -75.4845 5
    endloop
  endfacet
  facet normal -0 0 1
    outer loop
      vertex -75.25 -61 5
      vertex -61.875 -62.5155 5
      vertex -62.75 -61 5
    endloop
  endfacet
  facet normal 0 0 1
    outer loop
      vertex -76.125 -62.5155 5
      vertex -61.875 -62.5155 5
      vertex -75.25 -61 5
    endloop
  endfacet
  facet normal 0 0 1
    outer loop
      vertex -53.0113 -7.26527 5
      vertex -59.6321 -27.5389 5
      vertex -59.25 -61 5
    endloop
  endfacet
  facet normal 0 0 1
    outer loop
      vertex -59.6321 -27.5389 5
      vertex -60.125 -59.4845 5
      vertex -59.25 -61 5
    endloop
  endfacet
  facet normal 0 0 1
    outer loop
      vertex -59.6321 -27.5389 5
      vertex -61.875 -59.4845 5
      vertex -60.125 -59.4845 5
    endloop
  endfacet
  facet normal -0 0 1
    outer loop
      vertex -72.2452 -58.5057 5
      vertex -61.875 -59.4845 5
      vertex -59.6321 -27.5389 5
    endloop
  endfacet
  facet normal 0 0 1
    outer loop
      vertex -61.875 -62.5155 5
      vertex -76.125 -62.5155 5
      vertex -61.875 -75.4845 5
    endloop
  endfacet
  facet normal 0 0 1
    outer loop
      vertex -62.75 -77 5
      vertex -65.6008 -79.4616 5
      vertex -63.5 -78.5263 5
    endloop
  endfacet
  facet normal 0 0 1
    outer loop
      vertex -61.875 -59.4845 5
      vertex -72.2452 -58.5057 5
      vertex -62.75 -61 5
    endloop
  endfacet
  facet normal 0 0 1
    outer loop
      vertex -75.25 -61 5
      vertex -62.75 -61 5
      vertex -72.2452 -58.5057 5
    endloop
  endfacet
  facet normal 0 0 1
    outer loop
      vertex -70.1498 -79.9397 5
      vertex -75.25 -77 5
      vertex -72.3992 -79.4616 5
    endloop
  endfacet
  facet normal 0 0 1
    outer loop
      vertex -62.75 -77 5
      vertex -67.8502 -79.9397 5
      vertex -65.6008 -79.4616 5
    endloop
  endfacet
  facet normal 0 0 1
    outer loop
      vertex -75.25 -61 5
      vertex -72.2452 -58.5057 5
      vertex -72.3992 -58.5384 5
    endloop
  endfacet
  facet normal 0 0 1
    outer loop
      vertex -61.875 -75.4845 5
      vertex -67.8502 -79.9397 5
      vertex -62.75 -77 5
    endloop
  endfacet
  facet normal 0 0 1
    outer loop
      vertex -75.25 -61 5
      vertex -72.3992 -58.5384 5
      vertex -74.5 -59.4737 5
    endloop
  endfacet
  facet normal 0 -0 1
    outer loop
      vertex -67.8502 -79.9397 5
      vertex -61.875 -75.4845 5
      vertex -70.1498 -79.9397 5
    endloop
  endfacet
  facet normal -0 0 1
    outer loop
      vertex -75.25 -77 5
      vertex -70.1498 -79.9397 5
      vertex -61.875 -75.4845 5
    endloop
  endfacet
  facet normal 0 -0 1
    outer loop
      vertex -75.25 -61 5
      vertex -74.5 -59.4737 5
      vertex -75.6492 -60.3086 5
    endloop
  endfacet
  facet normal -0 0 1
    outer loop
      vertex -51.6137 6.81118 5
      vertex -50.75 -8 5
      vertex -50.75 8 5
    endloop
  endfacet
  facet normal 0 0 1
    outer loop
      vertex -51.6137 6.81118 5
      vertex -51.6137 -6.81118 5
      vertex -50.75 -8 5
    endloop
  endfacet
  facet normal 0 0 1
    outer loop
      vertex -53.0113 7.26527 5
      vertex -51.6137 -6.81118 5
      vertex -51.6137 6.81118 5
    endloop
  endfacet
  facet normal 0 0 1
    outer loop
      vertex -51.6137 -6.81118 5
      vertex -53.0113 7.26527 5
      vertex -53.0113 -7.26527 5
    endloop
  endfacet
  facet normal 0 0 1
    outer loop
      vertex -42 -13 5
      vertex -51.6137 -9.18882 5
      vertex -42 -25 5
    endloop
  endfacet
  facet normal 0 0 1
    outer loop
      vertex -53.0113 -8.73473 5
      vertex -42 -25 5
      vertex -51.6137 -9.18882 5
    endloop
  endfacet
  facet normal 0 0 1
    outer loop
      vertex -42 -25 5
      vertex -53.0113 -8.73473 5
      vertex -45.7703 -34.9452 5
    endloop
  endfacet
  facet normal 0 0 1
    outer loop
      vertex -53.0113 -8.73473 5
      vertex -59.1603 -64.1633 5
      vertex -45.7703 -34.9452 5
    endloop
  endfacet
  facet normal 0 0 1
    outer loop
      vertex -53.0113 -7.26527 5
      vertex -59.1603 -64.1633 5
      vertex -53.0113 -8.73473 5
    endloop
  endfacet
  facet normal -0 0 1
    outer loop
      vertex -42 13 5
      vertex -35 -13 5
      vertex -35 13 5
    endloop
  endfacet
  facet normal 0 0 1
    outer loop
      vertex -35 -13 5
      vertex -42 13 5
      vertex -42 -13 5
    endloop
  endfacet
  facet normal 0 0 1
    outer loop
      vertex 35 -15 5
      vertex 10.875 -23.4845 5
      vertex 11.75 -25 5
    endloop
  endfacet
  facet normal 0 0 1
    outer loop
      vertex 35 -15 5
      vertex 9.125 -23.4845 5
      vertex 10.875 -23.4845 5
    endloop
  endfacet
  facet normal 0 0 1
    outer loop
      vertex 9.125 -23.4845 5
      vertex -8.25 -25 5
      vertex 8.25 -25 5
    endloop
  endfacet
  facet normal -0 0 1
    outer loop
      vertex -26 -15 5
      vertex 9.125 -23.4845 5
      vertex 35 -15 5
    endloop
  endfacet
  facet normal 0 0 1
    outer loop
      vertex 9.125 -23.4845 5
      vertex -9.125 -23.4845 5
      vertex -8.25 -25 5
    endloop
  endfacet
  facet normal 0 0 1
    outer loop
      vertex 9.125 -23.4845 5
      vertex -26 -15 5
      vertex -9.125 -23.4845 5
    endloop
  endfacet
  facet normal 0 0 1
    outer loop
      vertex -10.875 -23.4845 5
      vertex -26 -15 5
      vertex -11.75 -25 5
    endloop
  endfacet
  facet normal 0 0 1
    outer loop
      vertex -9.125 -23.4845 5
      vertex -26 -15 5
      vertex -10.875 -23.4845 5
    endloop
  endfacet
  facet normal 0 0 1
    outer loop
      vertex 42 20.8091 5
      vertex 40.8674 21.1771 5
      vertex 42 13 5
    endloop
  endfacet
  facet normal -0 0 1
    outer loop
      vertex 42.4326 -10.6685 5
      vertex 58 -13 5
      vertex 58 13 5
    endloop
  endfacet
  facet normal 0 0 1
    outer loop
      vertex 58 -13 5
      vertex 42.4326 -10.6685 5
      vertex 43.4 -12 5
    endloop
  endfacet
  facet normal -0 0 1
    outer loop
      vertex 42 13 5
      vertex 42.4326 -10.6685 5
      vertex 58 13 5
    endloop
  endfacet
  facet normal -0 0 1
    outer loop
      vertex 35 15 5
      vertex 42 13 5
      vertex 40.8674 21.1771 5
    endloop
  endfacet
  facet normal 0 -0 1
    outer loop
      vertex 40.8674 -11.1771 5
      vertex 42 13 5
      vertex 35 15 5
    endloop
  endfacet
  facet normal 0 0 1
    outer loop
      vertex 58 13 5
      vertex 59.1603 64.1633 5
      vertex 58 25 5
    endloop
  endfacet
  facet normal -0 0 1
    outer loop
      vertex 45.7703 34.9452 5
      vertex 58 25 5
      vertex 59.1603 64.1633 5
    endloop
  endfacet
  facet normal 0 0 1
    outer loop
      vertex 45.7703 34.9452 5
      vertex 42 25 5
      vertex 58 25 5
    endloop
  endfacet
  facet normal 0 0 1
    outer loop
      vertex 42 25 5
      vertex 40.8674 22.8229 5
      vertex 42 23.1909 5
    endloop
  endfacet
  facet normal 0 0 1
    outer loop
      vertex 10.4635 23.4266 5
      vertex 42 25 5
      vertex 45.7703 34.9452 5
    endloop
  endfacet
  facet normal 0 0 1
    outer loop
      vertex 35 15 5
      vertex 40.8674 21.1771 5
      vertex 40.8674 22.8229 5
    endloop
  endfacet
  facet normal 0 0 1
    outer loop
      vertex 42 13 5
      vertex 40.8674 -11.1771 5
      vertex 42.4326 -10.6685 5
    endloop
  endfacet
  facet normal 0 0 1
    outer loop
      vertex 35 -15 5
      vertex 40.8674 -11.1771 5
      vertex 35 15 5
    endloop
  endfacet
  facet normal 0 -0 1
    outer loop
      vertex 11.5 22 5
      vertex 42 25 5
      vertex 10.4635 23.4266 5
    endloop
  endfacet
  facet normal 0 0 1
    outer loop
      vertex 40.8674 22.8229 5
      vertex 11.5 22 5
      vertex 35 15 5
    endloop
  endfacet
  facet normal 0 0 1
    outer loop
      vertex 42 25 5
      vertex 11.5 22 5
      vertex 40.8674 22.8229 5
    endloop
  endfacet
  facet normal 0 0 1
    outer loop
      vertex -1.56738 23.3315 5
      vertex 10.4635 23.4266 5
      vertex 45.7703 34.9452 5
    endloop
  endfacet
  facet normal 0 0 1
    outer loop
      vertex 8.78647 22.8817 5
      vertex 2 20.25 5
      vertex 8.78647 21.1183 5
    endloop
  endfacet
  facet normal 0 0 1
    outer loop
      vertex 8.78647 22.8817 5
      vertex 1.125 21.7655 5
      vertex 2 20.25 5
    endloop
  endfacet
  facet normal 0 0 1
    outer loop
      vertex 10.4635 23.4266 5
      vertex -1.56738 23.3315 5
      vertex 8.78647 22.8817 5
    endloop
  endfacet
  facet normal 0 0 1
    outer loop
      vertex 8.78647 22.8817 5
      vertex -1.56738 23.3315 5
      vertex 1.125 21.7655 5
    endloop
  endfacet
  facet normal 0 0 1
    outer loop
      vertex 1.125 21.7655 5
      vertex -1.56738 23.3315 5
      vertex -0.599999 22 5
    endloop
  endfacet
  facet normal 0 0 1
    outer loop
      vertex -3.13262 22.8229 5
      vertex -8.5 22 5
      vertex -3.13262 21.1771 5
    endloop
  endfacet
  facet normal 0 0 1
    outer loop
      vertex -9.53647 23.4266 5
      vertex -3.13262 22.8229 5
      vertex -1.56738 23.3315 5
    endloop
  endfacet
  facet normal -0 0 1
    outer loop
      vertex -45.7703 34.9452 5
      vertex -1.56738 23.3315 5
      vertex 45.7703 34.9452 5
    endloop
  endfacet
  facet normal 0 0 1
    outer loop
      vertex -3.13262 22.8229 5
      vertex -9.53647 23.4266 5
      vertex -8.5 22 5
    endloop
  endfacet
  facet normal 0 0 1
    outer loop
      vertex -11.2135 22.8817 5
      vertex -26 25 5
      vertex -11.2135 21.1183 5
    endloop
  endfacet
  facet normal 0 0 1
    outer loop
      vertex -9.53647 23.4266 5
      vertex -26 25 5
      vertex -11.2135 22.8817 5
    endloop
  endfacet
  facet normal 0 0 1
    outer loop
      vertex -1.56738 23.3315 5
      vertex -45.7703 34.9452 5
      vertex -9.53647 23.4266 5
    endloop
  endfacet
  facet normal 0 0 1
    outer loop
      vertex -9.53647 23.4266 5
      vertex -45.7703 34.9452 5
      vertex -26 25 5
    endloop
  endfacet
  facet normal 0 0 1
    outer loop
      vertex -51.6137 9.18882 5
      vertex -42 13 5
      vertex -42 25 5
    endloop
  endfacet
  facet normal 0 0 1
    outer loop
      vertex -42 13 5
      vertex -50.75 8 5
      vertex -42 -13 5
    endloop
  endfacet
  facet normal -0 0 1
    outer loop
      vertex -59.6321 27.5389 5
      vertex -42 25 5
      vertex -45.7703 34.9452 5
    endloop
  endfacet
  facet normal 0 0 1
    outer loop
      vertex -26 25 5
      vertex -45.7703 34.9452 5
      vertex -42 25 5
    endloop
  endfacet
  facet normal 0 0 1
    outer loop
      vertex 60 -25 5
      vertex 58 -25 5
      vertex 59.6321 -27.5389 5
    endloop
  endfacet
  facet normal 0 0 1
    outer loop
      vertex 45.7703 -34.9452 5
      vertex 59.6321 -27.5389 5
      vertex 58 -25 5
    endloop
  endfacet
  facet normal 0 0 1
    outer loop
      vertex 59.6321 -27.5389 5
      vertex 45.7703 -34.9452 5
      vertex 59.25 -61 5
    endloop
  endfacet
  facet normal 0 0 1
    outer loop
      vertex 59.25 -61 5
      vertex 45.7703 -34.9452 5
      vertex 59.1603 -64.1633 5
    endloop
  endfacet
  facet normal -0 0 1
    outer loop
      vertex 42 -25 5
      vertex 45.7703 -34.9452 5
      vertex 58 -25 5
    endloop
  endfacet
  facet normal 0 0 1
    outer loop
      vertex 40.8674 -11.1771 5
      vertex 35 -15 5
      vertex 40.8674 -12.8229 5
    endloop
  endfacet
  facet normal 0 0 1
    outer loop
      vertex 40.8674 -12.8229 5
      vertex 35 -15 5
      vertex 42 -25 5
    endloop
  endfacet
  facet normal 0 0 1
    outer loop
      vertex 11.75 -25 5
      vertex 42 -25 5
      vertex 35 -15 5
    endloop
  endfacet
  facet normal 0 0 1
    outer loop
      vertex 10.875 -26.5155 5
      vertex 42 -25 5
      vertex 11.75 -25 5
    endloop
  endfacet
  facet normal 0 0 1
    outer loop
      vertex 42 -25 5
      vertex 10.875 -26.5155 5
      vertex 45.7703 -34.9452 5
    endloop
  endfacet
  facet normal -0 0 1
    outer loop
      vertex 9.125 -26.5155 5
      vertex 45.7703 -34.9452 5
      vertex 10.875 -26.5155 5
    endloop
  endfacet
  facet normal -0 0 1
    outer loop
      vertex -8.25 -25 5
      vertex 9.125 -26.5155 5
      vertex 8.25 -25 5
    endloop
  endfacet
  facet normal 0 0 1
    outer loop
      vertex -9.125 -26.5155 5
      vertex 9.125 -26.5155 5
      vertex -8.25 -25 5
    endloop
  endfacet
  facet normal 0 0 1
    outer loop
      vertex 9.125 -26.5155 5
      vertex -9.125 -26.5155 5
      vertex 45.7703 -34.9452 5
    endloop
  endfacet
  facet normal 0 0 1
    outer loop
      vertex -45.7703 -34.9452 5
      vertex -9.125 -26.5155 5
      vertex -10.875 -26.5155 5
    endloop
  endfacet
  facet normal 0 0 1
    outer loop
      vertex -26 -25 5
      vertex -11.75 -25 5
      vertex -26 -15 5
    endloop
  endfacet
  facet normal 0 0 1
    outer loop
      vertex -11.75 -25 5
      vertex -26 -25 5
      vertex -10.875 -26.5155 5
    endloop
  endfacet
  facet normal 0 0 1
    outer loop
      vertex -45.7703 -34.9452 5
      vertex -10.875 -26.5155 5
      vertex -26 -25 5
    endloop
  endfacet
  facet normal 0 0 1
    outer loop
      vertex -45.7703 -34.9452 5
      vertex -26 -25 5
      vertex -42 -25 5
    endloop
  endfacet
  facet normal 0 0 1
    outer loop
      vertex -9.125 -26.5155 5
      vertex -45.7703 -34.9452 5
      vertex 45.7703 -34.9452 5
    endloop
  endfacet
  facet normal -0 0 1
    outer loop
      vertex -50.75 -8 5
      vertex -42 -13 5
      vertex -50.75 8 5
    endloop
  endfacet
  facet normal -0 0 1
    outer loop
      vertex -51.6137 -9.18882 5
      vertex -42 -13 5
      vertex -50.75 -8 5
    endloop
  endfacet
  facet normal 0 0 1
    outer loop
      vertex -42 13 5
      vertex -51.6137 9.18882 5
      vertex -50.75 8 5
    endloop
  endfacet
  facet normal 0 0 1
    outer loop
      vertex -60 25 5
      vertex -59.6321 27.5389 5
      vertex -59.7815 27.0791 5
    endloop
  endfacet
  facet normal -0 0 1
    outer loop
      vertex -60.125 59.4845 5
      vertex -45.7703 34.9452 5
      vertex -59.25 61 5
    endloop
  endfacet
  facet normal 0 0 1
    outer loop
      vertex -59.6321 27.5389 5
      vertex -60 25 5
      vertex -42 25 5
    endloop
  endfacet
  facet normal 0 0 1
    outer loop
      vertex -42 25 5
      vertex -60 25 5
      vertex -51.6137 9.18882 5
    endloop
  endfacet
  facet normal -0 0 1
    outer loop
      vertex -59.25 61 5
      vertex -45.7703 34.9452 5
      vertex -59.1603 64.1633 5
    endloop
  endfacet
  facet normal 0 0 1
    outer loop
      vertex 58 -13 5
      vertex 43.4 -12 5
      vertex 42.6735 -13 5
    endloop
  endfacet
  facet normal -0 0 1
    outer loop
      vertex 10.4635 20.5734 5
      vertex 35 15 5
      vertex 11.5 22 5
    endloop
  endfacet
  facet normal 0 0 1
    outer loop
      vertex 1.125 18.7345 5
      vertex 8.78647 21.1183 5
      vertex 2 20.25 5
    endloop
  endfacet
  facet normal 0 0 1
    outer loop
      vertex 8.78647 21.1183 5
      vertex 1.125 18.7345 5
      vertex 10.4635 20.5734 5
    endloop
  endfacet
  facet normal 0 0 1
    outer loop
      vertex 10.4635 20.5734 5
      vertex 1.125 18.7345 5
      vertex 35 15 5
    endloop
  endfacet
  facet normal 0 0 1
    outer loop
      vertex -26 15 5
      vertex 1.125 18.7345 5
      vertex -0.625 18.7345 5
    endloop
  endfacet
  facet normal 0 0 1
    outer loop
      vertex -3.13262 21.1771 5
      vertex -1.5 20.25 5
      vertex -1.56738 20.6685 5
    endloop
  endfacet
  facet normal 0 0 1
    outer loop
      vertex -3.13262 21.1771 5
      vertex -0.625 18.7345 5
      vertex -1.5 20.25 5
    endloop
  endfacet
  facet normal 0 0 1
    outer loop
      vertex -9.53647 20.5734 5
      vertex -3.13262 21.1771 5
      vertex -8.5 22 5
    endloop
  endfacet
  facet normal 0 0 1
    outer loop
      vertex -3.13262 21.1771 5
      vertex -9.53647 20.5734 5
      vertex -0.625 18.7345 5
    endloop
  endfacet
  facet normal 0 0 1
    outer loop
      vertex -26 15 5
      vertex -11.2135 21.1183 5
      vertex -26 25 5
    endloop
  endfacet
  facet normal 0 0 1
    outer loop
      vertex 1.125 18.7345 5
      vertex -26 15 5
      vertex 35 15 5
    endloop
  endfacet
  facet normal 0 0 1
    outer loop
      vertex -9.53647 20.5734 5
      vertex -26 15 5
      vertex -0.625 18.7345 5
    endloop
  endfacet
  facet normal 0 0 1
    outer loop
      vertex -11.2135 21.1183 5
      vertex -26 15 5
      vertex -9.53647 20.5734 5
    endloop
  endfacet
  facet normal 0 0 1
    outer loop
      vertex -0.599999 22 5
      vertex -0.625 21.7655 5
      vertex 1.125 21.7655 5
    endloop
  endfacet
  facet normal 0 0 1
    outer loop
      vertex -1.56738 20.6685 5
      vertex -0.625 21.7655 5
      vertex -0.599999 22 5
    endloop
  endfacet
  facet normal 0 0 1
    outer loop
      vertex -0.625 21.7655 5
      vertex -1.56738 20.6685 5
      vertex -1.5 20.25 5
    endloop
  endfacet
  facet normal 0 0 1
    outer loop
      vertex 42 -13.1909 5
      vertex 40.8674 -12.8229 5
      vertex 42 -25 5
    endloop
  endfacet
  facet normal 0.926124 0.37722 0
    outer loop
      vertex 72.2452 -58.5057 5
      vertex 59.6321 -27.5389 0
      vertex 59.6321 -27.5389 5
    endloop
  endfacet
  facet normal 0.926124 0.37722 0
    outer loop
      vertex 59.6321 -27.5389 0
      vertex 72.2452 -58.5057 5
      vertex 72.2452 -58.5057 0
    endloop
  endfacet
  facet normal -0.909084 -0.416613 0
    outer loop
      vertex 59.1603 -64.1633 0
      vertex 45.7703 -34.9452 5
      vertex 45.7703 -34.9452 0
    endloop
  endfacet
  facet normal -0.909084 -0.416613 0
    outer loop
      vertex 45.7703 -34.9452 5
      vertex 59.1603 -64.1633 0
      vertex 59.1603 -64.1633 5
    endloop
  endfacet
  facet normal 0.926124 -0.37722 0
    outer loop
      vertex 59.6321 27.5389 5
      vertex 72.2452 58.5057 0
      vertex 72.2452 58.5057 5
    endloop
  endfacet
  facet normal 0.926124 -0.37722 0
    outer loop
      vertex 72.2452 58.5057 0
      vertex 59.6321 27.5389 5
      vertex 59.6321 27.5389 0
    endloop
  endfacet
  facet normal -0.909084 0.416613 0
    outer loop
      vertex 45.7703 34.9452 0
      vertex 59.1603 64.1633 5
      vertex 59.1603 64.1633 0
    endloop
  endfacet
  facet normal -0.909084 0.416613 0
    outer loop
      vertex 59.1603 64.1633 5
      vertex 45.7703 34.9452 0
      vertex 45.7703 34.9452 5
    endloop
  endfacet
  facet normal -0.926124 -0.37722 0
    outer loop
      vertex -59.6321 27.5389 0
      vertex -72.2452 58.5057 5
      vertex -72.2452 58.5057 0
    endloop
  endfacet
  facet normal -0.926124 -0.37722 0
    outer loop
      vertex -72.2452 58.5057 5
      vertex -59.6321 27.5389 0
      vertex -59.6321 27.5389 5
    endloop
  endfacet
  facet normal 0.909084 0.416613 0
    outer loop
      vertex -45.7703 34.9452 5
      vertex -59.1603 64.1633 0
      vertex -59.1603 64.1633 5
    endloop
  endfacet
  facet normal 0.909084 0.416613 0
    outer loop
      vertex -59.1603 64.1633 0
      vertex -45.7703 34.9452 5
      vertex -45.7703 34.9452 0
    endloop
  endfacet
  facet normal 0.951061 0.309004 0
    outer loop
      vertex -58.2404 -66.713 5
      vertex -58.951 -64.5259 0
      vertex -58.951 -64.5259 5
    endloop
  endfacet
  facet normal 0.951061 0.309004 0
    outer loop
      vertex -58.951 -64.5259 0
      vertex -58.2404 -66.713 5
      vertex -58.2404 -66.713 0
    endloop
  endfacet
  facet normal 0.994521 0.10454 0
    outer loop
      vertex -58 -69 5
      vertex -58.2404 -66.713 0
      vertex -58.2404 -66.713 5
    endloop
  endfacet
  facet normal 0.994521 0.10454 0
    outer loop
      vertex -58.2404 -66.713 0
      vertex -58 -69 5
      vertex -58 -69 0
    endloop
  endfacet
  facet normal 0.951061 -0.309004 0
    outer loop
      vertex -58.951 -73.4741 5
      vertex -58.2404 -71.287 0
      vertex -58.2404 -71.287 5
    endloop
  endfacet
  facet normal 0.951061 -0.309004 0
    outer loop
      vertex -58.2404 -71.287 0
      vertex -58.951 -73.4741 5
      vertex -58.951 -73.4741 0
    endloop
  endfacet
  facet normal -0.587766 -0.809031 0
    outer loop
      vertex -75.6492 -77.6914 0
      vertex -74.5 -78.5263 5
      vertex -75.6492 -77.6914 5
    endloop
  endfacet
  facet normal -0.587766 -0.809031 -0
    outer loop
      vertex -74.5 -78.5263 5
      vertex -75.6492 -77.6914 0
      vertex -74.5 -78.5263 0
    endloop
  endfacet
  facet normal 0.207901 -0.97815 0
    outer loop
      vertex -67.8502 -79.9397 0
      vertex -65.6008 -79.4616 5
      vertex -67.8502 -79.9397 5
    endloop
  endfacet
  facet normal 0.207901 -0.97815 0
    outer loop
      vertex -65.6008 -79.4616 5
      vertex -67.8502 -79.9397 0
      vertex -65.6008 -79.4616 0
    endloop
  endfacet
  facet normal -0.866024 -0.500002 0
    outer loop
      vertex -77.8992 -75.4656 0
      vertex -79.049 -73.4741 5
      vertex -79.049 -73.4741 0
    endloop
  endfacet
  facet normal -0.866024 -0.500002 0
    outer loop
      vertex -79.049 -73.4741 5
      vertex -77.8992 -75.4656 0
      vertex -77.8992 -75.4656 5
    endloop
  endfacet
  facet normal -0.207901 -0.97815 0
    outer loop
      vertex -72.3992 -79.4616 0
      vertex -70.1498 -79.9397 5
      vertex -72.3992 -79.4616 5
    endloop
  endfacet
  facet normal -0.207901 -0.97815 -0
    outer loop
      vertex -70.1498 -79.9397 5
      vertex -72.3992 -79.4616 0
      vertex -70.1498 -79.9397 0
    endloop
  endfacet
  facet normal -0.951061 0.309004 0
    outer loop
      vertex -79.7596 -66.713 0
      vertex -79.049 -64.5259 5
      vertex -79.049 -64.5259 0
    endloop
  endfacet
  facet normal -0.951061 0.309004 0
    outer loop
      vertex -79.049 -64.5259 5
      vertex -79.7596 -66.713 0
      vertex -79.7596 -66.713 5
    endloop
  endfacet
  facet normal -0.406723 -0.913551 0
    outer loop
      vertex -74.5 -78.5263 0
      vertex -72.3992 -79.4616 5
      vertex -74.5 -78.5263 5
    endloop
  endfacet
  facet normal -0.406723 -0.913551 -0
    outer loop
      vertex -72.3992 -79.4616 5
      vertex -74.5 -78.5263 0
      vertex -72.3992 -79.4616 0
    endloop
  endfacet
  facet normal -0.866024 0.500002 0
    outer loop
      vertex -79.049 -64.5259 0
      vertex -77.8992 -62.5344 5
      vertex -77.8992 -62.5344 0
    endloop
  endfacet
  facet normal -0.866024 0.500002 0
    outer loop
      vertex -77.8992 -62.5344 5
      vertex -79.049 -64.5259 0
      vertex -79.049 -64.5259 5
    endloop
  endfacet
  facet normal 0.587766 -0.809031 0
    outer loop
      vertex -63.5 -78.5263 0
      vertex -62.3508 -77.6914 5
      vertex -63.5 -78.5263 5
    endloop
  endfacet
  facet normal 0.587766 -0.809031 0
    outer loop
      vertex -62.3508 -77.6914 5
      vertex -63.5 -78.5263 0
      vertex -62.3508 -77.6914 0
    endloop
  endfacet
  facet normal -0.207707 0.978191 0
    outer loop
      vertex -72.2452 -58.5057 0
      vertex -72.3992 -58.5384 5
      vertex -72.2452 -58.5057 5
    endloop
  endfacet
  facet normal -0.207707 0.978191 0
    outer loop
      vertex -72.3992 -58.5384 5
      vertex -72.2452 -58.5057 0
      vertex -72.3992 -58.5384 0
    endloop
  endfacet
  facet normal 0.994521 -0.10454 0
    outer loop
      vertex -58.2404 -71.287 5
      vertex -58 -69 0
      vertex -58 -69 5
    endloop
  endfacet
  facet normal 0.994521 -0.10454 0
    outer loop
      vertex -58 -69 0
      vertex -58.2404 -71.287 5
      vertex -58.2404 -71.287 0
    endloop
  endfacet
  facet normal 0.866024 -0.500002 0
    outer loop
      vertex -60.1008 -75.4656 5
      vertex -58.951 -73.4741 0
      vertex -58.951 -73.4741 5
    endloop
  endfacet
  facet normal 0.866024 -0.500002 0
    outer loop
      vertex -58.951 -73.4741 0
      vertex -60.1008 -75.4656 5
      vertex -60.1008 -75.4656 0
    endloop
  endfacet
  facet normal -0.587766 0.809031 0
    outer loop
      vertex -74.5 -59.4737 0
      vertex -75.6492 -60.3086 5
      vertex -74.5 -59.4737 5
    endloop
  endfacet
  facet normal -0.587766 0.809031 0
    outer loop
      vertex -75.6492 -60.3086 5
      vertex -74.5 -59.4737 0
      vertex -75.6492 -60.3086 0
    endloop
  endfacet
  facet normal 0.406723 -0.913551 0
    outer loop
      vertex -65.6008 -79.4616 0
      vertex -63.5 -78.5263 5
      vertex -65.6008 -79.4616 5
    endloop
  endfacet
  facet normal 0.406723 -0.913551 0
    outer loop
      vertex -63.5 -78.5263 5
      vertex -65.6008 -79.4616 0
      vertex -63.5 -78.5263 0
    endloop
  endfacet
  facet normal -0.406723 0.913551 0
    outer loop
      vertex -72.3992 -58.5384 0
      vertex -74.5 -59.4737 5
      vertex -72.3992 -58.5384 5
    endloop
  endfacet
  facet normal -0.406723 0.913551 0
    outer loop
      vertex -74.5 -59.4737 5
      vertex -72.3992 -58.5384 0
      vertex -74.5 -59.4737 0
    endloop
  endfacet
  facet normal 0.743605 -0.668619 0
    outer loop
      vertex -60.1222 -75.4894 5
      vertex -60.1008 -75.4656 0
      vertex -60.1008 -75.4656 5
    endloop
  endfacet
  facet normal 0.743605 -0.668619 0
    outer loop
      vertex -60.1008 -75.4656 0
      vertex -60.1222 -75.4894 5
      vertex -60.1222 -75.4894 0
    endloop
  endfacet
  facet normal -0.994521 0.10454 0
    outer loop
      vertex -80 -69 0
      vertex -79.7596 -66.713 5
      vertex -79.7596 -66.713 0
    endloop
  endfacet
  facet normal -0.994521 0.10454 0
    outer loop
      vertex -79.7596 -66.713 5
      vertex -80 -69 0
      vertex -80 -69 5
    endloop
  endfacet
  facet normal 0.866074 0.499915 0
    outer loop
      vertex -58.951 -64.5259 5
      vertex -59.1603 -64.1633 0
      vertex -59.1603 -64.1633 5
    endloop
  endfacet
  facet normal 0.866074 0.499915 0
    outer loop
      vertex -59.1603 -64.1633 0
      vertex -58.951 -64.5259 5
      vertex -58.951 -64.5259 0
    endloop
  endfacet
  facet normal -0.743605 0.668619 0
    outer loop
      vertex -77.8992 -62.5344 0
      vertex -77.8778 -62.5106 5
      vertex -77.8778 -62.5106 0
    endloop
  endfacet
  facet normal -0.743605 0.668619 0
    outer loop
      vertex -77.8778 -62.5106 5
      vertex -77.8992 -62.5344 0
      vertex -77.8992 -62.5344 5
    endloop
  endfacet
  facet normal 0 -1 0
    outer loop
      vertex -70.1498 -79.9397 0
      vertex -67.8502 -79.9397 5
      vertex -70.1498 -79.9397 5
    endloop
  endfacet
  facet normal 0 -1 -0
    outer loop
      vertex -67.8502 -79.9397 5
      vertex -70.1498 -79.9397 0
      vertex -67.8502 -79.9397 0
    endloop
  endfacet
  facet normal -0.951061 -0.309004 0
    outer loop
      vertex -79.049 -73.4741 0
      vertex -79.7596 -71.287 5
      vertex -79.7596 -71.287 0
    endloop
  endfacet
  facet normal -0.951061 -0.309004 0
    outer loop
      vertex -79.7596 -71.287 5
      vertex -79.049 -73.4741 0
      vertex -79.049 -73.4741 5
    endloop
  endfacet
  facet normal -0.743605 -0.668619 0
    outer loop
      vertex -77.8778 -75.4894 0
      vertex -77.8992 -75.4656 5
      vertex -77.8992 -75.4656 0
    endloop
  endfacet
  facet normal -0.743605 -0.668619 0
    outer loop
      vertex -77.8992 -75.4656 5
      vertex -77.8778 -75.4894 0
      vertex -77.8778 -75.4894 5
    endloop
  endfacet
  facet normal -0.994521 -0.10454 0
    outer loop
      vertex -79.7596 -71.287 0
      vertex -80 -69 5
      vertex -80 -69 0
    endloop
  endfacet
  facet normal -0.994521 -0.10454 0
    outer loop
      vertex -80 -69 5
      vertex -79.7596 -71.287 0
      vertex -79.7596 -71.287 5
    endloop
  endfacet
  facet normal 0.951061 0.309004 0
    outer loop
      vertex 79.7596 -66.713 5
      vertex 79.049 -64.5259 0
      vertex 79.049 -64.5259 5
    endloop
  endfacet
  facet normal 0.951061 0.309004 0
    outer loop
      vertex 79.049 -64.5259 0
      vertex 79.7596 -66.713 5
      vertex 79.7596 -66.713 0
    endloop
  endfacet
  facet normal 0.994521 0.10454 0
    outer loop
      vertex 80 -69 5
      vertex 79.7596 -66.713 0
      vertex 79.7596 -66.713 5
    endloop
  endfacet
  facet normal 0.994521 0.10454 0
    outer loop
      vertex 79.7596 -66.713 0
      vertex 80 -69 5
      vertex 80 -69 0
    endloop
  endfacet
  facet normal 0.866024 0.500002 0
    outer loop
      vertex 79.049 -64.5259 5
      vertex 77.8992 -62.5344 0
      vertex 77.8992 -62.5344 5
    endloop
  endfacet
  facet normal 0.866024 0.500002 0
    outer loop
      vertex 77.8992 -62.5344 0
      vertex 79.049 -64.5259 5
      vertex 79.049 -64.5259 0
    endloop
  endfacet
  facet normal -0.587766 -0.809031 0
    outer loop
      vertex 62.3508 -77.6914 0
      vertex 63.5 -78.5263 5
      vertex 62.3508 -77.6914 5
    endloop
  endfacet
  facet normal -0.587766 -0.809031 -0
    outer loop
      vertex 63.5 -78.5263 5
      vertex 62.3508 -77.6914 0
      vertex 63.5 -78.5263 0
    endloop
  endfacet
  facet normal 0 -1 0
    outer loop
      vertex 67.8502 -79.9397 0
      vertex 70.1498 -79.9397 5
      vertex 67.8502 -79.9397 5
    endloop
  endfacet
  facet normal 0 -1 -0
    outer loop
      vertex 70.1498 -79.9397 5
      vertex 67.8502 -79.9397 0
      vertex 70.1498 -79.9397 0
    endloop
  endfacet
  facet normal 0.994521 -0.10454 0
    outer loop
      vertex 79.7596 -71.287 5
      vertex 80 -69 0
      vertex 80 -69 5
    endloop
  endfacet
  facet normal 0.994521 -0.10454 0
    outer loop
      vertex 80 -69 0
      vertex 79.7596 -71.287 5
      vertex 79.7596 -71.287 0
    endloop
  endfacet
  facet normal -0.994521 0.10454 0
    outer loop
      vertex 58 -69 0
      vertex 58.2404 -66.713 5
      vertex 58.2404 -66.713 0
    endloop
  endfacet
  facet normal -0.994521 0.10454 0
    outer loop
      vertex 58.2404 -66.713 5
      vertex 58 -69 0
      vertex 58 -69 5
    endloop
  endfacet
  facet normal 0.866024 -0.500002 0
    outer loop
      vertex 77.8992 -75.4656 5
      vertex 79.049 -73.4741 0
      vertex 79.049 -73.4741 5
    endloop
  endfacet
  facet normal 0.866024 -0.500002 0
    outer loop
      vertex 79.049 -73.4741 0
      vertex 77.8992 -75.4656 5
      vertex 77.8992 -75.4656 0
    endloop
  endfacet
  facet normal -0.743605 -0.668619 0
    outer loop
      vertex 60.1222 -75.4894 0
      vertex 60.1008 -75.4656 5
      vertex 60.1008 -75.4656 0
    endloop
  endfacet
  facet normal -0.743605 -0.668619 0
    outer loop
      vertex 60.1008 -75.4656 5
      vertex 60.1222 -75.4894 0
      vertex 60.1222 -75.4894 5
    endloop
  endfacet
  facet normal 0.587766 0.809031 -0
    outer loop
      vertex 75.6492 -60.3086 0
      vertex 74.5 -59.4737 5
      vertex 75.6492 -60.3086 5
    endloop
  endfacet
  facet normal 0.587766 0.809031 0
    outer loop
      vertex 74.5 -59.4737 5
      vertex 75.6492 -60.3086 0
      vertex 74.5 -59.4737 0
    endloop
  endfacet
  facet normal -0.951061 0.309004 0
    outer loop
      vertex 58.2404 -66.713 0
      vertex 58.951 -64.5259 5
      vertex 58.951 -64.5259 0
    endloop
  endfacet
  facet normal -0.951061 0.309004 0
    outer loop
      vertex 58.951 -64.5259 5
      vertex 58.2404 -66.713 0
      vertex 58.2404 -66.713 5
    endloop
  endfacet
  facet normal 0.951061 -0.309004 0
    outer loop
      vertex 79.049 -73.4741 5
      vertex 79.7596 -71.287 0
      vertex 79.7596 -71.287 5
    endloop
  endfacet
  facet normal 0.951061 -0.309004 0
    outer loop
      vertex 79.7596 -71.287 0
      vertex 79.049 -73.4741 5
      vertex 79.049 -73.4741 0
    endloop
  endfacet
  facet normal 0.207707 0.978191 -0
    outer loop
      vertex 72.3992 -58.5384 0
      vertex 72.2452 -58.5057 5
      vertex 72.3992 -58.5384 5
    endloop
  endfacet
  facet normal 0.207707 0.978191 0
    outer loop
      vertex 72.2452 -58.5057 5
      vertex 72.3992 -58.5384 0
      vertex 72.2452 -58.5057 0
    endloop
  endfacet
  facet normal -0.207901 -0.97815 0
    outer loop
      vertex 65.6008 -79.4616 0
      vertex 67.8502 -79.9397 5
      vertex 65.6008 -79.4616 5
    endloop
  endfacet
  facet normal -0.207901 -0.97815 -0
    outer loop
      vertex 67.8502 -79.9397 5
      vertex 65.6008 -79.4616 0
      vertex 67.8502 -79.9397 0
    endloop
  endfacet
  facet normal 0.406723 0.913551 -0
    outer loop
      vertex 74.5 -59.4737 0
      vertex 72.3992 -58.5384 5
      vertex 74.5 -59.4737 5
    endloop
  endfacet
  facet normal 0.406723 0.913551 0
    outer loop
      vertex 72.3992 -58.5384 5
      vertex 74.5 -59.4737 0
      vertex 72.3992 -58.5384 0
    endloop
  endfacet
  facet normal 0.743605 -0.668619 0
    outer loop
      vertex 77.8778 -75.4894 5
      vertex 77.8992 -75.4656 0
      vertex 77.8992 -75.4656 5
    endloop
  endfacet
  facet normal 0.743605 -0.668619 0
    outer loop
      vertex 77.8992 -75.4656 0
      vertex 77.8778 -75.4894 5
      vertex 77.8778 -75.4894 0
    endloop
  endfacet
  facet normal -0.406723 -0.913551 0
    outer loop
      vertex 63.5 -78.5263 0
      vertex 65.6008 -79.4616 5
      vertex 63.5 -78.5263 5
    endloop
  endfacet
  facet normal -0.406723 -0.913551 -0
    outer loop
      vertex 65.6008 -79.4616 5
      vertex 63.5 -78.5263 0
      vertex 65.6008 -79.4616 0
    endloop
  endfacet
  facet normal -0.994521 -0.10454 0
    outer loop
      vertex 58.2404 -71.287 0
      vertex 58 -69 5
      vertex 58 -69 0
    endloop
  endfacet
  facet normal -0.994521 -0.10454 0
    outer loop
      vertex 58 -69 5
      vertex 58.2404 -71.287 0
      vertex 58.2404 -71.287 5
    endloop
  endfacet
  facet normal 0.587766 -0.809031 0
    outer loop
      vertex 74.5 -78.5263 0
      vertex 75.6492 -77.6914 5
      vertex 74.5 -78.5263 5
    endloop
  endfacet
  facet normal 0.587766 -0.809031 0
    outer loop
      vertex 75.6492 -77.6914 5
      vertex 74.5 -78.5263 0
      vertex 75.6492 -77.6914 0
    endloop
  endfacet
  facet normal 0.743605 0.668619 0
    outer loop
      vertex 77.8992 -62.5344 5
      vertex 77.8778 -62.5106 0
      vertex 77.8778 -62.5106 5
    endloop
  endfacet
  facet normal 0.743605 0.668619 0
    outer loop
      vertex 77.8778 -62.5106 0
      vertex 77.8992 -62.5344 5
      vertex 77.8992 -62.5344 0
    endloop
  endfacet
  facet normal -0.951061 -0.309004 0
    outer loop
      vertex 58.951 -73.4741 0
      vertex 58.2404 -71.287 5
      vertex 58.2404 -71.287 0
    endloop
  endfacet
  facet normal -0.951061 -0.309004 0
    outer loop
      vertex 58.2404 -71.287 5
      vertex 58.951 -73.4741 0
      vertex 58.951 -73.4741 5
    endloop
  endfacet
  facet normal -0.866024 -0.500002 0
    outer loop
      vertex 60.1008 -75.4656 0
      vertex 58.951 -73.4741 5
      vertex 58.951 -73.4741 0
    endloop
  endfacet
  facet normal -0.866024 -0.500002 0
    outer loop
      vertex 58.951 -73.4741 5
      vertex 60.1008 -75.4656 0
      vertex 60.1008 -75.4656 5
    endloop
  endfacet
  facet normal -0.866074 0.499915 0
    outer loop
      vertex 58.951 -64.5259 0
      vertex 59.1603 -64.1633 5
      vertex 59.1603 -64.1633 0
    endloop
  endfacet
  facet normal -0.866074 0.499915 0
    outer loop
      vertex 59.1603 -64.1633 5
      vertex 58.951 -64.5259 0
      vertex 58.951 -64.5259 5
    endloop
  endfacet
  facet normal 0.207901 -0.97815 0
    outer loop
      vertex 70.1498 -79.9397 0
      vertex 72.3992 -79.4616 5
      vertex 70.1498 -79.9397 5
    endloop
  endfacet
  facet normal 0.207901 -0.97815 0
    outer loop
      vertex 72.3992 -79.4616 5
      vertex 70.1498 -79.9397 0
      vertex 72.3992 -79.4616 0
    endloop
  endfacet
  facet normal 0.406723 -0.913551 0
    outer loop
      vertex 72.3992 -79.4616 0
      vertex 74.5 -78.5263 5
      vertex 72.3992 -79.4616 5
    endloop
  endfacet
  facet normal 0.406723 -0.913551 0
    outer loop
      vertex 74.5 -78.5263 5
      vertex 72.3992 -79.4616 0
      vertex 74.5 -78.5263 0
    endloop
  endfacet
  facet normal 0.951061 0.309004 0
    outer loop
      vertex 79.7596 71.287 5
      vertex 79.049 73.4741 0
      vertex 79.049 73.4741 5
    endloop
  endfacet
  facet normal 0.951061 0.309004 0
    outer loop
      vertex 79.049 73.4741 0
      vertex 79.7596 71.287 5
      vertex 79.7596 71.287 0
    endloop
  endfacet
  facet normal 0.994521 0.10454 0
    outer loop
      vertex 80 69 5
      vertex 79.7596 71.287 0
      vertex 79.7596 71.287 5
    endloop
  endfacet
  facet normal 0.994521 0.10454 0
    outer loop
      vertex 79.7596 71.287 0
      vertex 80 69 5
      vertex 80 69 0
    endloop
  endfacet
  facet normal 0.866024 0.500002 0
    outer loop
      vertex 79.049 73.4741 5
      vertex 77.8992 75.4656 0
      vertex 77.8992 75.4656 5
    endloop
  endfacet
  facet normal 0.866024 0.500002 0
    outer loop
      vertex 77.8992 75.4656 0
      vertex 79.049 73.4741 5
      vertex 79.049 73.4741 0
    endloop
  endfacet
  facet normal 0.994521 -0.10454 0
    outer loop
      vertex 79.7596 66.713 5
      vertex 80 69 0
      vertex 80 69 5
    endloop
  endfacet
  facet normal 0.994521 -0.10454 0
    outer loop
      vertex 80 69 0
      vertex 79.7596 66.713 5
      vertex 79.7596 66.713 0
    endloop
  endfacet
  facet normal -0.994521 0.10454 0
    outer loop
      vertex 58 69 0
      vertex 58.2404 71.287 5
      vertex 58.2404 71.287 0
    endloop
  endfacet
  facet normal -0.994521 0.10454 0
    outer loop
      vertex 58.2404 71.287 5
      vertex 58 69 0
      vertex 58 69 5
    endloop
  endfacet
  facet normal 0.587766 0.809031 -0
    outer loop
      vertex 75.6492 77.6914 0
      vertex 74.5 78.5263 5
      vertex 75.6492 77.6914 5
    endloop
  endfacet
  facet normal 0.587766 0.809031 0
    outer loop
      vertex 74.5 78.5263 5
      vertex 75.6492 77.6914 0
      vertex 74.5 78.5263 0
    endloop
  endfacet
  facet normal 0.866024 -0.500002 0
    outer loop
      vertex 77.8992 62.5344 5
      vertex 79.049 64.5259 0
      vertex 79.049 64.5259 5
    endloop
  endfacet
  facet normal 0.866024 -0.500002 0
    outer loop
      vertex 79.049 64.5259 0
      vertex 77.8992 62.5344 5
      vertex 77.8992 62.5344 0
    endloop
  endfacet
  facet normal 0.207901 0.97815 -0
    outer loop
      vertex 72.3992 79.4616 0
      vertex 70.1498 79.9397 5
      vertex 72.3992 79.4616 5
    endloop
  endfacet
  facet normal 0.207901 0.97815 0
    outer loop
      vertex 70.1498 79.9397 5
      vertex 72.3992 79.4616 0
      vertex 70.1498 79.9397 0
    endloop
  endfacet
  facet normal 0.951061 -0.309004 0
    outer loop
      vertex 79.049 64.5259 5
      vertex 79.7596 66.713 0
      vertex 79.7596 66.713 5
    endloop
  endfacet
  facet normal 0.951061 -0.309004 0
    outer loop
      vertex 79.7596 66.713 0
      vertex 79.049 64.5259 5
      vertex 79.049 64.5259 0
    endloop
  endfacet
  facet normal 0.406723 0.913551 -0
    outer loop
      vertex 74.5 78.5263 0
      vertex 72.3992 79.4616 5
      vertex 74.5 78.5263 5
    endloop
  endfacet
  facet normal 0.406723 0.913551 0
    outer loop
      vertex 72.3992 79.4616 5
      vertex 74.5 78.5263 0
      vertex 72.3992 79.4616 0
    endloop
  endfacet
  facet normal 0.743605 -0.668619 0
    outer loop
      vertex 77.8778 62.5106 5
      vertex 77.8992 62.5344 0
      vertex 77.8992 62.5344 5
    endloop
  endfacet
  facet normal 0.743605 -0.668619 0
    outer loop
      vertex 77.8992 62.5344 0
      vertex 77.8778 62.5106 5
      vertex 77.8778 62.5106 0
    endloop
  endfacet
  facet normal 0 1 -0
    outer loop
      vertex 70.1498 79.9397 0
      vertex 67.8502 79.9397 5
      vertex 70.1498 79.9397 5
    endloop
  endfacet
  facet normal 0 1 0
    outer loop
      vertex 67.8502 79.9397 5
      vertex 70.1498 79.9397 0
      vertex 67.8502 79.9397 0
    endloop
  endfacet
  facet normal -0.951061 0.309004 0
    outer loop
      vertex 58.2404 71.287 0
      vertex 58.951 73.4741 5
      vertex 58.951 73.4741 0
    endloop
  endfacet
  facet normal -0.951061 0.309004 0
    outer loop
      vertex 58.951 73.4741 5
      vertex 58.2404 71.287 0
      vertex 58.2404 71.287 5
    endloop
  endfacet
  facet normal -0.587766 0.809031 0
    outer loop
      vertex 63.5 78.5263 0
      vertex 62.3508 77.6914 5
      vertex 63.5 78.5263 5
    endloop
  endfacet
  facet normal -0.587766 0.809031 0
    outer loop
      vertex 62.3508 77.6914 5
      vertex 63.5 78.5263 0
      vertex 62.3508 77.6914 0
    endloop
  endfacet
  facet normal 0.587766 -0.809031 0
    outer loop
      vertex 74.5 59.4737 0
      vertex 75.6492 60.3086 5
      vertex 74.5 59.4737 5
    endloop
  endfacet
  facet normal 0.587766 -0.809031 0
    outer loop
      vertex 75.6492 60.3086 5
      vertex 74.5 59.4737 0
      vertex 75.6492 60.3086 0
    endloop
  endfacet
  facet normal -0.743605 0.668619 0
    outer loop
      vertex 60.1008 75.4656 0
      vertex 60.1222 75.4894 5
      vertex 60.1222 75.4894 0
    endloop
  endfacet
  facet normal -0.743605 0.668619 0
    outer loop
      vertex 60.1222 75.4894 5
      vertex 60.1008 75.4656 0
      vertex 60.1008 75.4656 5
    endloop
  endfacet
  facet normal 0.743605 0.668619 0
    outer loop
      vertex 77.8992 75.4656 5
      vertex 77.8778 75.4894 0
      vertex 77.8778 75.4894 5
    endloop
  endfacet
  facet normal 0.743605 0.668619 0
    outer loop
      vertex 77.8778 75.4894 0
      vertex 77.8992 75.4656 5
      vertex 77.8992 75.4656 0
    endloop
  endfacet
  facet normal -0.951061 -0.309004 0
    outer loop
      vertex 58.951 64.5259 0
      vertex 58.2404 66.713 5
      vertex 58.2404 66.713 0
    endloop
  endfacet
  facet normal -0.951061 -0.309004 0
    outer loop
      vertex 58.2404 66.713 5
      vertex 58.951 64.5259 0
      vertex 58.951 64.5259 5
    endloop
  endfacet
  facet normal -0.406723 0.913551 0
    outer loop
      vertex 65.6008 79.4616 0
      vertex 63.5 78.5263 5
      vertex 65.6008 79.4616 5
    endloop
  endfacet
  facet normal -0.406723 0.913551 0
    outer loop
      vertex 63.5 78.5263 5
      vertex 65.6008 79.4616 0
      vertex 63.5 78.5263 0
    endloop
  endfacet
  facet normal -0.866074 -0.499915 0
    outer loop
      vertex 59.1603 64.1633 0
      vertex 58.951 64.5259 5
      vertex 58.951 64.5259 0
    endloop
  endfacet
  facet normal -0.866074 -0.499915 0
    outer loop
      vertex 58.951 64.5259 5
      vertex 59.1603 64.1633 0
      vertex 59.1603 64.1633 5
    endloop
  endfacet
  facet normal -0.866024 0.500002 0
    outer loop
      vertex 58.951 73.4741 0
      vertex 60.1008 75.4656 5
      vertex 60.1008 75.4656 0
    endloop
  endfacet
  facet normal -0.866024 0.500002 0
    outer loop
      vertex 60.1008 75.4656 5
      vertex 58.951 73.4741 0
      vertex 58.951 73.4741 5
    endloop
  endfacet
  facet normal 0.207707 -0.978191 0
    outer loop
      vertex 72.2452 58.5057 0
      vertex 72.3992 58.5384 5
      vertex 72.2452 58.5057 5
    endloop
  endfacet
  facet normal 0.207707 -0.978191 0
    outer loop
      vertex 72.3992 58.5384 5
      vertex 72.2452 58.5057 0
      vertex 72.3992 58.5384 0
    endloop
  endfacet
  facet normal -0.994521 -0.10454 0
    outer loop
      vertex 58.2404 66.713 0
      vertex 58 69 5
      vertex 58 69 0
    endloop
  endfacet
  facet normal -0.994521 -0.10454 0
    outer loop
      vertex 58 69 5
      vertex 58.2404 66.713 0
      vertex 58.2404 66.713 5
    endloop
  endfacet
  facet normal 0.406723 -0.913551 0
    outer loop
      vertex 72.3992 58.5384 0
      vertex 74.5 59.4737 5
      vertex 72.3992 58.5384 5
    endloop
  endfacet
  facet normal 0.406723 -0.913551 0
    outer loop
      vertex 74.5 59.4737 5
      vertex 72.3992 58.5384 0
      vertex 74.5 59.4737 0
    endloop
  endfacet
  facet normal -0.207901 0.97815 0
    outer loop
      vertex 67.8502 79.9397 0
      vertex 65.6008 79.4616 5
      vertex 67.8502 79.9397 5
    endloop
  endfacet
  facet normal -0.207901 0.97815 0
    outer loop
      vertex 65.6008 79.4616 5
      vertex 67.8502 79.9397 0
      vertex 65.6008 79.4616 0
    endloop
  endfacet
  facet normal 0.951061 0.309004 0
    outer loop
      vertex -58.2404 71.287 5
      vertex -58.951 73.4741 0
      vertex -58.951 73.4741 5
    endloop
  endfacet
  facet normal 0.951061 0.309004 0
    outer loop
      vertex -58.951 73.4741 0
      vertex -58.2404 71.287 5
      vertex -58.2404 71.287 0
    endloop
  endfacet
  facet normal 0.994521 0.10454 0
    outer loop
      vertex -58 69 5
      vertex -58.2404 71.287 0
      vertex -58.2404 71.287 5
    endloop
  endfacet
  facet normal 0.994521 0.10454 0
    outer loop
      vertex -58.2404 71.287 0
      vertex -58 69 5
      vertex -58 69 0
    endloop
  endfacet
  facet normal 0.951061 -0.309004 0
    outer loop
      vertex -58.951 64.5259 5
      vertex -58.2404 66.713 0
      vertex -58.2404 66.713 5
    endloop
  endfacet
  facet normal 0.951061 -0.309004 0
    outer loop
      vertex -58.2404 66.713 0
      vertex -58.951 64.5259 5
      vertex -58.951 64.5259 0
    endloop
  endfacet
  facet normal -0.587766 -0.809031 0
    outer loop
      vertex -75.6492 60.3086 0
      vertex -74.5 59.4737 5
      vertex -75.6492 60.3086 5
    endloop
  endfacet
  facet normal -0.587766 -0.809031 -0
    outer loop
      vertex -74.5 59.4737 5
      vertex -75.6492 60.3086 0
      vertex -74.5 59.4737 0
    endloop
  endfacet
  facet normal -0.866024 -0.500002 0
    outer loop
      vertex -77.8992 62.5344 0
      vertex -79.049 64.5259 5
      vertex -79.049 64.5259 0
    endloop
  endfacet
  facet normal -0.866024 -0.500002 0
    outer loop
      vertex -79.049 64.5259 5
      vertex -77.8992 62.5344 0
      vertex -77.8992 62.5344 5
    endloop
  endfacet
  facet normal 0.207901 0.97815 -0
    outer loop
      vertex -65.6008 79.4616 0
      vertex -67.8502 79.9397 5
      vertex -65.6008 79.4616 5
    endloop
  endfacet
  facet normal 0.207901 0.97815 0
    outer loop
      vertex -67.8502 79.9397 5
      vertex -65.6008 79.4616 0
      vertex -67.8502 79.9397 0
    endloop
  endfacet
  facet normal -0.207707 -0.978191 0
    outer loop
      vertex -72.3992 58.5384 0
      vertex -72.2452 58.5057 5
      vertex -72.3992 58.5384 5
    endloop
  endfacet
  facet normal -0.207707 -0.978191 -0
    outer loop
      vertex -72.2452 58.5057 5
      vertex -72.3992 58.5384 0
      vertex -72.2452 58.5057 0
    endloop
  endfacet
  facet normal 0.587766 0.809031 -0
    outer loop
      vertex -62.3508 77.6914 0
      vertex -63.5 78.5263 5
      vertex -62.3508 77.6914 5
    endloop
  endfacet
  facet normal 0.587766 0.809031 0
    outer loop
      vertex -63.5 78.5263 5
      vertex -62.3508 77.6914 0
      vertex -63.5 78.5263 0
    endloop
  endfacet
  facet normal 0.406723 0.913551 -0
    outer loop
      vertex -63.5 78.5263 0
      vertex -65.6008 79.4616 5
      vertex -63.5 78.5263 5
    endloop
  endfacet
  facet normal 0.406723 0.913551 0
    outer loop
      vertex -65.6008 79.4616 5
      vertex -63.5 78.5263 0
      vertex -65.6008 79.4616 0
    endloop
  endfacet
  facet normal -0.951061 0.309004 0
    outer loop
      vertex -79.7596 71.287 0
      vertex -79.049 73.4741 5
      vertex -79.049 73.4741 0
    endloop
  endfacet
  facet normal -0.951061 0.309004 0
    outer loop
      vertex -79.049 73.4741 5
      vertex -79.7596 71.287 0
      vertex -79.7596 71.287 5
    endloop
  endfacet
  facet normal -0.406723 -0.913551 0
    outer loop
      vertex -74.5 59.4737 0
      vertex -72.3992 58.5384 5
      vertex -74.5 59.4737 5
    endloop
  endfacet
  facet normal -0.406723 -0.913551 -0
    outer loop
      vertex -72.3992 58.5384 5
      vertex -74.5 59.4737 0
      vertex -72.3992 58.5384 0
    endloop
  endfacet
  facet normal -0.866024 0.500002 0
    outer loop
      vertex -79.049 73.4741 0
      vertex -77.8992 75.4656 5
      vertex -77.8992 75.4656 0
    endloop
  endfacet
  facet normal -0.866024 0.500002 0
    outer loop
      vertex -77.8992 75.4656 5
      vertex -79.049 73.4741 0
      vertex -79.049 73.4741 5
    endloop
  endfacet
  facet normal -0.207901 0.97815 0
    outer loop
      vertex -70.1498 79.9397 0
      vertex -72.3992 79.4616 5
      vertex -70.1498 79.9397 5
    endloop
  endfacet
  facet normal -0.207901 0.97815 0
    outer loop
      vertex -72.3992 79.4616 5
      vertex -70.1498 79.9397 0
      vertex -72.3992 79.4616 0
    endloop
  endfacet
  facet normal 0.994521 -0.10454 0
    outer loop
      vertex -58.2404 66.713 5
      vertex -58 69 0
      vertex -58 69 5
    endloop
  endfacet
  facet normal 0.994521 -0.10454 0
    outer loop
      vertex -58 69 0
      vertex -58.2404 66.713 5
      vertex -58.2404 66.713 0
    endloop
  endfacet
  facet normal 0 1 -0
    outer loop
      vertex -67.8502 79.9397 0
      vertex -70.1498 79.9397 5
      vertex -67.8502 79.9397 5
    endloop
  endfacet
  facet normal 0 1 0
    outer loop
      vertex -70.1498 79.9397 5
      vertex -67.8502 79.9397 0
      vertex -70.1498 79.9397 0
    endloop
  endfacet
  facet normal 0.866074 -0.499915 0
    outer loop
      vertex -59.1603 64.1633 5
      vertex -58.951 64.5259 0
      vertex -58.951 64.5259 5
    endloop
  endfacet
  facet normal 0.866074 -0.499915 0
    outer loop
      vertex -58.951 64.5259 0
      vertex -59.1603 64.1633 5
      vertex -59.1603 64.1633 0
    endloop
  endfacet
  facet normal -0.587766 0.809031 0
    outer loop
      vertex -74.5 78.5263 0
      vertex -75.6492 77.6914 5
      vertex -74.5 78.5263 5
    endloop
  endfacet
  facet normal -0.587766 0.809031 0
    outer loop
      vertex -75.6492 77.6914 5
      vertex -74.5 78.5263 0
      vertex -75.6492 77.6914 0
    endloop
  endfacet
  facet normal -0.406723 0.913551 0
    outer loop
      vertex -72.3992 79.4616 0
      vertex -74.5 78.5263 5
      vertex -72.3992 79.4616 5
    endloop
  endfacet
  facet normal -0.406723 0.913551 0
    outer loop
      vertex -74.5 78.5263 5
      vertex -72.3992 79.4616 0
      vertex -74.5 78.5263 0
    endloop
  endfacet
  facet normal 0.743605 0.668619 0
    outer loop
      vertex -60.1008 75.4656 5
      vertex -60.1222 75.4894 0
      vertex -60.1222 75.4894 5
    endloop
  endfacet
  facet normal 0.743605 0.668619 0
    outer loop
      vertex -60.1222 75.4894 0
      vertex -60.1008 75.4656 5
      vertex -60.1008 75.4656 0
    endloop
  endfacet
  facet normal -0.994521 0.10454 0
    outer loop
      vertex -80 69 0
      vertex -79.7596 71.287 5
      vertex -79.7596 71.287 0
    endloop
  endfacet
  facet normal -0.994521 0.10454 0
    outer loop
      vertex -79.7596 71.287 5
      vertex -80 69 0
      vertex -80 69 5
    endloop
  endfacet
  facet normal 0.866024 0.500002 0
    outer loop
      vertex -58.951 73.4741 5
      vertex -60.1008 75.4656 0
      vertex -60.1008 75.4656 5
    endloop
  endfacet
  facet normal 0.866024 0.500002 0
    outer loop
      vertex -60.1008 75.4656 0
      vertex -58.951 73.4741 5
      vertex -58.951 73.4741 0
    endloop
  endfacet
  facet normal -0.743605 0.668619 0
    outer loop
      vertex -77.8992 75.4656 0
      vertex -77.8778 75.4894 5
      vertex -77.8778 75.4894 0
    endloop
  endfacet
  facet normal -0.743605 0.668619 0
    outer loop
      vertex -77.8778 75.4894 5
      vertex -77.8992 75.4656 0
      vertex -77.8992 75.4656 5
    endloop
  endfacet
  facet normal -0.951061 -0.309004 0
    outer loop
      vertex -79.049 64.5259 0
      vertex -79.7596 66.713 5
      vertex -79.7596 66.713 0
    endloop
  endfacet
  facet normal -0.951061 -0.309004 0
    outer loop
      vertex -79.7596 66.713 5
      vertex -79.049 64.5259 0
      vertex -79.049 64.5259 5
    endloop
  endfacet
  facet normal -0.743605 -0.668619 0
    outer loop
      vertex -77.8778 62.5106 0
      vertex -77.8992 62.5344 5
      vertex -77.8992 62.5344 0
    endloop
  endfacet
  facet normal -0.743605 -0.668619 0
    outer loop
      vertex -77.8992 62.5344 5
      vertex -77.8778 62.5106 0
      vertex -77.8778 62.5106 5
    endloop
  endfacet
  facet normal -0.994521 -0.10454 0
    outer loop
      vertex -79.7596 66.713 0
      vertex -80 69 5
      vertex -80 69 0
    endloop
  endfacet
  facet normal -0.994521 -0.10454 0
    outer loop
      vertex -80 69 5
      vertex -79.7596 66.713 0
      vertex -79.7596 66.713 5
    endloop
  endfacet
  facet normal 0 1 -0
    outer loop
      vertex 45.7703 34.9452 0
      vertex -45.7703 34.9452 5
      vertex 45.7703 34.9452 5
    endloop
  endfacet
  facet normal 0 1 0
    outer loop
      vertex -45.7703 34.9452 5
      vertex 45.7703 34.9452 0
      vertex -45.7703 34.9452 0
    endloop
  endfacet
  facet normal -1 0 0
    outer loop
      vertex -60 -25 0
      vertex -60 25 5
      vertex -60 25 0
    endloop
  endfacet
  facet normal -1 -0 0
    outer loop
      vertex -60 25 5
      vertex -60 -25 0
      vertex -60 -25 5
    endloop
  endfacet
  facet normal 1 -0 0
    outer loop
      vertex 60 -25 5
      vertex 60 25 0
      vertex 60 25 5
    endloop
  endfacet
  facet normal 1 0 0
    outer loop
      vertex 60 25 0
      vertex 60 -25 5
      vertex 60 -25 0
    endloop
  endfacet
  facet normal 0.994523 0.104518 0
    outer loop
      vertex 60 25 5
      vertex 59.7815 27.0791 0
      vertex 59.7815 27.0791 5
    endloop
  endfacet
  facet normal 0.994523 0.104518 0
    outer loop
      vertex 59.7815 27.0791 0
      vertex 60 25 5
      vertex 60 25 0
    endloop
  endfacet
  facet normal 0 -1 0
    outer loop
      vertex -45.7703 -34.9452 0
      vertex 45.7703 -34.9452 5
      vertex -45.7703 -34.9452 5
    endloop
  endfacet
  facet normal 0 -1 -0
    outer loop
      vertex 45.7703 -34.9452 5
      vertex -45.7703 -34.9452 0
      vertex 45.7703 -34.9452 0
    endloop
  endfacet
  facet normal 0.994523 -0.104518 0
    outer loop
      vertex 59.7815 -27.0791 5
      vertex 60 -25 0
      vertex 60 -25 5
    endloop
  endfacet
  facet normal 0.994523 -0.104518 0
    outer loop
      vertex 60 -25 0
      vertex 59.7815 -27.0791 5
      vertex 59.7815 -27.0791 0
    endloop
  endfacet
  facet normal 0.951055 -0.309021 0
    outer loop
      vertex 59.6321 -27.5389 5
      vertex 59.7815 -27.0791 0
      vertex 59.7815 -27.0791 5
    endloop
  endfacet
  facet normal 0.951055 -0.309021 0
    outer loop
      vertex 59.7815 -27.0791 0
      vertex 59.6321 -27.5389 5
      vertex 59.6321 -27.5389 0
    endloop
  endfacet
  facet normal -0.951055 0.309021 0
    outer loop
      vertex -59.7815 27.0791 0
      vertex -59.6321 27.5389 5
      vertex -59.6321 27.5389 0
    endloop
  endfacet
  facet normal -0.951055 0.309021 0
    outer loop
      vertex -59.6321 27.5389 5
      vertex -59.7815 27.0791 0
      vertex -59.7815 27.0791 5
    endloop
  endfacet
  facet normal 0.951055 0.309021 0
    outer loop
      vertex 59.7815 27.0791 5
      vertex 59.6321 27.5389 0
      vertex 59.6321 27.5389 5
    endloop
  endfacet
  facet normal 0.951055 0.309021 0
    outer loop
      vertex 59.6321 27.5389 0
      vertex 59.7815 27.0791 5
      vertex 59.7815 27.0791 0
    endloop
  endfacet
  facet normal -0.951055 -0.309021 0
    outer loop
      vertex -59.6321 -27.5389 0
      vertex -59.7815 -27.0791 5
      vertex -59.7815 -27.0791 0
    endloop
  endfacet
  facet normal -0.951055 -0.309021 0
    outer loop
      vertex -59.7815 -27.0791 5
      vertex -59.6321 -27.5389 0
      vertex -59.6321 -27.5389 5
    endloop
  endfacet
  facet normal -0.994523 0.104518 0
    outer loop
      vertex -60 25 0
      vertex -59.7815 27.0791 5
      vertex -59.7815 27.0791 0
    endloop
  endfacet
  facet normal -0.994523 0.104518 0
    outer loop
      vertex -59.7815 27.0791 5
      vertex -60 25 0
      vertex -60 25 5
    endloop
  endfacet
  facet normal -0.994523 -0.104518 0
    outer loop
      vertex -59.7815 -27.0791 0
      vertex -60 -25 5
      vertex -60 -25 0
    endloop
  endfacet
  facet normal -0.994523 -0.104518 0
    outer loop
      vertex -60 -25 5
      vertex -59.7815 -27.0791 0
      vertex -59.7815 -27.0791 5
    endloop
  endfacet
  facet normal -1 0 0
    outer loop
      vertex -26 -25 0
      vertex -26 -15 5
      vertex -26 -15 0
    endloop
  endfacet
  facet normal -1 -0 0
    outer loop
      vertex -26 -15 5
      vertex -26 -25 0
      vertex -26 -25 5
    endloop
  endfacet
  facet normal 1 -0 0
    outer loop
      vertex -42 -25 5
      vertex -42 -13 0
      vertex -42 -13 5
    endloop
  endfacet
  facet normal 1 0 0
    outer loop
      vertex -42 -13 0
      vertex -42 -25 5
      vertex -42 -25 0
    endloop
  endfacet
  facet normal 0 -1 0
    outer loop
      vertex -42 -13 0
      vertex -35 -13 5
      vertex -42 -13 5
    endloop
  endfacet
  facet normal 0 -1 -0
    outer loop
      vertex -35 -13 5
      vertex -42 -13 0
      vertex -35 -13 0
    endloop
  endfacet
  facet normal 0 1 -0
    outer loop
      vertex -26 -25 0
      vertex -42 -25 5
      vertex -26 -25 5
    endloop
  endfacet
  facet normal 0 1 0
    outer loop
      vertex -42 -25 5
      vertex -26 -25 0
      vertex -42 -25 0
    endloop
  endfacet
  facet normal -1 0 0
    outer loop
      vertex -26 15 0
      vertex -26 25 5
      vertex -26 25 0
    endloop
  endfacet
  facet normal -1 -0 0
    outer loop
      vertex -26 25 5
      vertex -26 15 0
      vertex -26 15 5
    endloop
  endfacet
  facet normal 1 -0 0
    outer loop
      vertex -42 13 5
      vertex -42 25 0
      vertex -42 25 5
    endloop
  endfacet
  facet normal 1 0 0
    outer loop
      vertex -42 25 0
      vertex -42 13 5
      vertex -42 13 0
    endloop
  endfacet
  facet normal 0 -1 0
    outer loop
      vertex -42 25 0
      vertex -26 25 5
      vertex -42 25 5
    endloop
  endfacet
  facet normal 0 -1 -0
    outer loop
      vertex -26 25 5
      vertex -42 25 0
      vertex -26 25 0
    endloop
  endfacet
  facet normal 0 1 -0
    outer loop
      vertex -35 13 0
      vertex -42 13 5
      vertex -35 13 5
    endloop
  endfacet
  facet normal 0 1 0
    outer loop
      vertex -42 13 5
      vertex -35 13 0
      vertex -42 13 0
    endloop
  endfacet
  facet normal -1 0 0
    outer loop
      vertex 58 -25 0
      vertex 58 -13 5
      vertex 58 -13 0
    endloop
  endfacet
  facet normal -1 -0 0
    outer loop
      vertex 58 -13 5
      vertex 58 -25 0
      vertex 58 -25 5
    endloop
  endfacet
  facet normal 1 -0 0
    outer loop
      vertex 42 -25 5
      vertex 42 -13.1909 0
      vertex 42 -13.1909 5
    endloop
  endfacet
  facet normal 1 0 0
    outer loop
      vertex 42 -13.1909 0
      vertex 42 -25 5
      vertex 42 -25 0
    endloop
  endfacet
  facet normal 0 -1 0
    outer loop
      vertex 42.6735 -13 0
      vertex 58 -13 5
      vertex 42.6735 -13 5
    endloop
  endfacet
  facet normal 0 -1 -0
    outer loop
      vertex 58 -13 5
      vertex 42.6735 -13 0
      vertex 58 -13 0
    endloop
  endfacet
  facet normal 0 1 -0
    outer loop
      vertex 58 -25 0
      vertex 42 -25 5
      vertex 58 -25 5
    endloop
  endfacet
  facet normal 0 1 0
    outer loop
      vertex 42 -25 5
      vertex 58 -25 0
      vertex 42 -25 0
    endloop
  endfacet
  facet normal -1 0 0
    outer loop
      vertex 58 13 0
      vertex 58 25 5
      vertex 58 25 0
    endloop
  endfacet
  facet normal -1 -0 0
    outer loop
      vertex 58 25 5
      vertex 58 13 0
      vertex 58 13 5
    endloop
  endfacet
  facet normal 1 -0 0
    outer loop
      vertex 42 13 5
      vertex 42 20.8091 0
      vertex 42 20.8091 5
    endloop
  endfacet
  facet normal 1 0 0
    outer loop
      vertex 42 20.8091 0
      vertex 42 13 5
      vertex 42 13 0
    endloop
  endfacet
  facet normal 1 -0 0
    outer loop
      vertex 42 23.1909 5
      vertex 42 25 0
      vertex 42 25 5
    endloop
  endfacet
  facet normal 1 0 0
    outer loop
      vertex 42 25 0
      vertex 42 23.1909 5
      vertex 42 23.1909 0
    endloop
  endfacet
  facet normal 0 -1 0
    outer loop
      vertex 42 25 0
      vertex 58 25 5
      vertex 42 25 5
    endloop
  endfacet
  facet normal 0 -1 -0
    outer loop
      vertex 58 25 5
      vertex 42 25 0
      vertex 58 25 0
    endloop
  endfacet
  facet normal 0 1 -0
    outer loop
      vertex 58 13 0
      vertex 42 13 5
      vertex 58 13 5
    endloop
  endfacet
  facet normal 0 1 0
    outer loop
      vertex 42 13 5
      vertex 58 13 0
      vertex 42 13 0
    endloop
  endfacet
  facet normal -0.866015 0.500019 0
    outer loop
      vertex -75.6492 -77.6914 0
      vertex -75.25 -77 5
      vertex -75.25 -77 0
    endloop
  endfacet
  facet normal -0.866015 0.500019 0
    outer loop
      vertex -75.25 -77 5
      vertex -75.6492 -77.6914 0
      vertex -75.6492 -77.6914 5
    endloop
  endfacet
  facet normal 0 -1 0
    outer loop
      vertex -77.875 -75.4845 0
      vertex -76.125 -75.4845 5
      vertex -77.875 -75.4845 5
    endloop
  endfacet
  facet normal 0 -1 -0
    outer loop
      vertex -76.125 -75.4845 5
      vertex -77.875 -75.4845 0
      vertex -76.125 -75.4845 0
    endloop
  endfacet
  facet normal -0.866019 -0.500011 0
    outer loop
      vertex -75.25 -77 0
      vertex -76.125 -75.4845 5
      vertex -76.125 -75.4845 0
    endloop
  endfacet
  facet normal -0.866019 -0.500011 0
    outer loop
      vertex -76.125 -75.4845 5
      vertex -75.25 -77 0
      vertex -75.25 -77 5
    endloop
  endfacet
  facet normal 0.868243 -0.496139 0
    outer loop
      vertex -77.8778 -75.4894 5
      vertex -77.875 -75.4845 0
      vertex -77.875 -75.4845 5
    endloop
  endfacet
  facet normal 0.868243 -0.496139 0
    outer loop
      vertex -77.875 -75.4845 0
      vertex -77.8778 -75.4894 5
      vertex -77.8778 -75.4894 0
    endloop
  endfacet
  facet normal 0 1 -0
    outer loop
      vertex -76.125 -62.5155 0
      vertex -77.875 -62.5155 5
      vertex -76.125 -62.5155 5
    endloop
  endfacet
  facet normal 0 1 0
    outer loop
      vertex -77.875 -62.5155 5
      vertex -76.125 -62.5155 0
      vertex -77.875 -62.5155 0
    endloop
  endfacet
  facet normal -0.866019 0.500011 0
    outer loop
      vertex -76.125 -62.5155 0
      vertex -75.25 -61 5
      vertex -75.25 -61 0
    endloop
  endfacet
  facet normal -0.866019 0.500011 0
    outer loop
      vertex -75.25 -61 5
      vertex -76.125 -62.5155 0
      vertex -76.125 -62.5155 5
    endloop
  endfacet
  facet normal -0.866015 -0.500019 0
    outer loop
      vertex -75.25 -61 0
      vertex -75.6492 -60.3086 5
      vertex -75.6492 -60.3086 0
    endloop
  endfacet
  facet normal -0.866015 -0.500019 0
    outer loop
      vertex -75.6492 -60.3086 5
      vertex -75.25 -61 0
      vertex -75.25 -61 5
    endloop
  endfacet
  facet normal 0.868243 0.496139 0
    outer loop
      vertex -77.875 -62.5155 5
      vertex -77.8778 -62.5106 0
      vertex -77.8778 -62.5106 5
    endloop
  endfacet
  facet normal 0.868243 0.496139 0
    outer loop
      vertex -77.8778 -62.5106 0
      vertex -77.875 -62.5155 5
      vertex -77.875 -62.5155 0
    endloop
  endfacet
  facet normal 0 -1 0
    outer loop
      vertex -61.875 -75.4845 0
      vertex -60.125 -75.4845 5
      vertex -61.875 -75.4845 5
    endloop
  endfacet
  facet normal 0 -1 -0
    outer loop
      vertex -60.125 -75.4845 5
      vertex -61.875 -75.4845 0
      vertex -60.125 -75.4845 0
    endloop
  endfacet
  facet normal -0.868243 -0.496139 0
    outer loop
      vertex -60.1222 -75.4894 0
      vertex -60.125 -75.4845 5
      vertex -60.125 -75.4845 0
    endloop
  endfacet
  facet normal -0.868243 -0.496139 0
    outer loop
      vertex -60.125 -75.4845 5
      vertex -60.1222 -75.4894 0
      vertex -60.1222 -75.4894 5
    endloop
  endfacet
  facet normal 0.866019 -0.500011 0
    outer loop
      vertex -62.75 -77 5
      vertex -61.875 -75.4845 0
      vertex -61.875 -75.4845 5
    endloop
  endfacet
  facet normal 0.866019 -0.500011 0
    outer loop
      vertex -61.875 -75.4845 0
      vertex -62.75 -77 5
      vertex -62.75 -77 0
    endloop
  endfacet
  facet normal 0.866015 0.500019 0
    outer loop
      vertex -62.3508 -77.6914 5
      vertex -62.75 -77 0
      vertex -62.75 -77 5
    endloop
  endfacet
  facet normal 0.866015 0.500019 0
    outer loop
      vertex -62.75 -77 0
      vertex -62.3508 -77.6914 5
      vertex -62.3508 -77.6914 0
    endloop
  endfacet
  facet normal 0 1 -0
    outer loop
      vertex -60.125 -62.5155 0
      vertex -61.875 -62.5155 5
      vertex -60.125 -62.5155 5
    endloop
  endfacet
  facet normal 0 1 0
    outer loop
      vertex -61.875 -62.5155 5
      vertex -60.125 -62.5155 0
      vertex -61.875 -62.5155 0
    endloop
  endfacet
  facet normal -0.866019 0.500011 0
    outer loop
      vertex -60.125 -62.5155 0
      vertex -59.25 -61 5
      vertex -59.25 -61 0
    endloop
  endfacet
  facet normal -0.866019 0.500011 0
    outer loop
      vertex -59.25 -61 5
      vertex -60.125 -62.5155 0
      vertex -60.125 -62.5155 5
    endloop
  endfacet
  facet normal 0 -1 0
    outer loop
      vertex -61.875 -59.4845 0
      vertex -60.125 -59.4845 5
      vertex -61.875 -59.4845 5
    endloop
  endfacet
  facet normal 0 -1 -0
    outer loop
      vertex -60.125 -59.4845 5
      vertex -61.875 -59.4845 0
      vertex -60.125 -59.4845 0
    endloop
  endfacet
  facet normal -0.866019 -0.500011 0
    outer loop
      vertex -59.25 -61 0
      vertex -60.125 -59.4845 5
      vertex -60.125 -59.4845 0
    endloop
  endfacet
  facet normal -0.866019 -0.500011 0
    outer loop
      vertex -60.125 -59.4845 5
      vertex -59.25 -61 0
      vertex -59.25 -61 5
    endloop
  endfacet
  facet normal 0.866019 -0.500011 0
    outer loop
      vertex -62.75 -61 5
      vertex -61.875 -59.4845 0
      vertex -61.875 -59.4845 5
    endloop
  endfacet
  facet normal 0.866019 -0.500011 0
    outer loop
      vertex -61.875 -59.4845 0
      vertex -62.75 -61 5
      vertex -62.75 -61 0
    endloop
  endfacet
  facet normal 0.866019 0.500011 0
    outer loop
      vertex -61.875 -62.5155 5
      vertex -62.75 -61 0
      vertex -62.75 -61 5
    endloop
  endfacet
  facet normal 0.866019 0.500011 0
    outer loop
      vertex -62.75 -61 0
      vertex -61.875 -62.5155 5
      vertex -61.875 -62.5155 0
    endloop
  endfacet
  facet normal -0.866015 0.500019 0
    outer loop
      vertex 62.3508 -77.6914 0
      vertex 62.75 -77 5
      vertex 62.75 -77 0
    endloop
  endfacet
  facet normal -0.866015 0.500019 0
    outer loop
      vertex 62.75 -77 5
      vertex 62.3508 -77.6914 0
      vertex 62.3508 -77.6914 5
    endloop
  endfacet
  facet normal 0 -1 0
    outer loop
      vertex 60.125 -75.4845 0
      vertex 61.875 -75.4845 5
      vertex 60.125 -75.4845 5
    endloop
  endfacet
  facet normal 0 -1 -0
    outer loop
      vertex 61.875 -75.4845 5
      vertex 60.125 -75.4845 0
      vertex 61.875 -75.4845 0
    endloop
  endfacet
  facet normal -0.866019 -0.500011 0
    outer loop
      vertex 62.75 -77 0
      vertex 61.875 -75.4845 5
      vertex 61.875 -75.4845 0
    endloop
  endfacet
  facet normal -0.866019 -0.500011 0
    outer loop
      vertex 61.875 -75.4845 5
      vertex 62.75 -77 0
      vertex 62.75 -77 5
    endloop
  endfacet
  facet normal 0.868243 -0.496139 0
    outer loop
      vertex 60.1222 -75.4894 5
      vertex 60.125 -75.4845 0
      vertex 60.125 -75.4845 5
    endloop
  endfacet
  facet normal 0.868243 -0.496139 0
    outer loop
      vertex 60.125 -75.4845 0
      vertex 60.1222 -75.4894 5
      vertex 60.1222 -75.4894 0
    endloop
  endfacet
  facet normal 0 1 -0
    outer loop
      vertex 61.875 -62.5155 0
      vertex 60.125 -62.5155 5
      vertex 61.875 -62.5155 5
    endloop
  endfacet
  facet normal 0 1 0
    outer loop
      vertex 60.125 -62.5155 5
      vertex 61.875 -62.5155 0
      vertex 60.125 -62.5155 0
    endloop
  endfacet
  facet normal -0.866019 0.500011 0
    outer loop
      vertex 61.875 -62.5155 0
      vertex 62.75 -61 5
      vertex 62.75 -61 0
    endloop
  endfacet
  facet normal -0.866019 0.500011 0
    outer loop
      vertex 62.75 -61 5
      vertex 61.875 -62.5155 0
      vertex 61.875 -62.5155 5
    endloop
  endfacet
  facet normal 0 -1 0
    outer loop
      vertex 60.125 -59.4845 0
      vertex 61.875 -59.4845 5
      vertex 60.125 -59.4845 5
    endloop
  endfacet
  facet normal 0 -1 -0
    outer loop
      vertex 61.875 -59.4845 5
      vertex 60.125 -59.4845 0
      vertex 61.875 -59.4845 0
    endloop
  endfacet
  facet normal -0.866019 -0.500011 0
    outer loop
      vertex 62.75 -61 0
      vertex 61.875 -59.4845 5
      vertex 61.875 -59.4845 0
    endloop
  endfacet
  facet normal -0.866019 -0.500011 0
    outer loop
      vertex 61.875 -59.4845 5
      vertex 62.75 -61 0
      vertex 62.75 -61 5
    endloop
  endfacet
  facet normal 0.866019 -0.500011 0
    outer loop
      vertex 59.25 -61 5
      vertex 60.125 -59.4845 0
      vertex 60.125 -59.4845 5
    endloop
  endfacet
  facet normal 0.866019 -0.500011 0
    outer loop
      vertex 60.125 -59.4845 0
      vertex 59.25 -61 5
      vertex 59.25 -61 0
    endloop
  endfacet
  facet normal 0.866019 0.500011 0
    outer loop
      vertex 60.125 -62.5155 5
      vertex 59.25 -61 0
      vertex 59.25 -61 5
    endloop
  endfacet
  facet normal 0.866019 0.500011 0
    outer loop
      vertex 59.25 -61 0
      vertex 60.125 -62.5155 5
      vertex 60.125 -62.5155 0
    endloop
  endfacet
  facet normal 0 -1 0
    outer loop
      vertex 76.125 -75.4845 0
      vertex 77.875 -75.4845 5
      vertex 76.125 -75.4845 5
    endloop
  endfacet
  facet normal 0 -1 -0
    outer loop
      vertex 77.875 -75.4845 5
      vertex 76.125 -75.4845 0
      vertex 77.875 -75.4845 0
    endloop
  endfacet
  facet normal -0.868243 -0.496139 0
    outer loop
      vertex 77.8778 -75.4894 0
      vertex 77.875 -75.4845 5
      vertex 77.875 -75.4845 0
    endloop
  endfacet
  facet normal -0.868243 -0.496139 0
    outer loop
      vertex 77.875 -75.4845 5
      vertex 77.8778 -75.4894 0
      vertex 77.8778 -75.4894 5
    endloop
  endfacet
  facet normal 0.866019 -0.500011 0
    outer loop
      vertex 75.25 -77 5
      vertex 76.125 -75.4845 0
      vertex 76.125 -75.4845 5
    endloop
  endfacet
  facet normal 0.866019 -0.500011 0
    outer loop
      vertex 76.125 -75.4845 0
      vertex 75.25 -77 5
      vertex 75.25 -77 0
    endloop
  endfacet
  facet normal 0.866015 0.500019 0
    outer loop
      vertex 75.6492 -77.6914 5
      vertex 75.25 -77 0
      vertex 75.25 -77 5
    endloop
  endfacet
  facet normal 0.866015 0.500019 0
    outer loop
      vertex 75.25 -77 0
      vertex 75.6492 -77.6914 5
      vertex 75.6492 -77.6914 0
    endloop
  endfacet
  facet normal 0 1 -0
    outer loop
      vertex 77.875 -62.5155 0
      vertex 76.125 -62.5155 5
      vertex 77.875 -62.5155 5
    endloop
  endfacet
  facet normal 0 1 0
    outer loop
      vertex 76.125 -62.5155 5
      vertex 77.875 -62.5155 0
      vertex 76.125 -62.5155 0
    endloop
  endfacet
  facet normal -0.868243 0.496139 0
    outer loop
      vertex 77.875 -62.5155 0
      vertex 77.8778 -62.5106 5
      vertex 77.8778 -62.5106 0
    endloop
  endfacet
  facet normal -0.868243 0.496139 0
    outer loop
      vertex 77.8778 -62.5106 5
      vertex 77.875 -62.5155 0
      vertex 77.875 -62.5155 5
    endloop
  endfacet
  facet normal 0.866015 -0.500019 0
    outer loop
      vertex 75.25 -61 5
      vertex 75.6492 -60.3086 0
      vertex 75.6492 -60.3086 5
    endloop
  endfacet
  facet normal 0.866015 -0.500019 0
    outer loop
      vertex 75.6492 -60.3086 0
      vertex 75.25 -61 5
      vertex 75.25 -61 0
    endloop
  endfacet
  facet normal 0.866019 0.500011 0
    outer loop
      vertex 76.125 -62.5155 5
      vertex 75.25 -61 0
      vertex 75.25 -61 5
    endloop
  endfacet
  facet normal 0.866019 0.500011 0
    outer loop
      vertex 75.25 -61 0
      vertex 76.125 -62.5155 5
      vertex 76.125 -62.5155 0
    endloop
  endfacet
  facet normal 0 -1 0
    outer loop
      vertex 60.125 62.5155 0
      vertex 61.875 62.5155 5
      vertex 60.125 62.5155 5
    endloop
  endfacet
  facet normal 0 -1 -0
    outer loop
      vertex 61.875 62.5155 5
      vertex 60.125 62.5155 0
      vertex 61.875 62.5155 0
    endloop
  endfacet
  facet normal -0.866019 -0.500011 0
    outer loop
      vertex 62.75 61 0
      vertex 61.875 62.5155 5
      vertex 61.875 62.5155 0
    endloop
  endfacet
  facet normal -0.866019 -0.500011 0
    outer loop
      vertex 61.875 62.5155 5
      vertex 62.75 61 0
      vertex 62.75 61 5
    endloop
  endfacet
  facet normal 0.866019 -0.500011 0
    outer loop
      vertex 59.25 61 5
      vertex 60.125 62.5155 0
      vertex 60.125 62.5155 5
    endloop
  endfacet
  facet normal 0.866019 -0.500011 0
    outer loop
      vertex 60.125 62.5155 0
      vertex 59.25 61 5
      vertex 59.25 61 0
    endloop
  endfacet
  facet normal 0.866019 0.500011 0
    outer loop
      vertex 60.125 59.4845 5
      vertex 59.25 61 0
      vertex 59.25 61 5
    endloop
  endfacet
  facet normal 0.866019 0.500011 0
    outer loop
      vertex 59.25 61 0
      vertex 60.125 59.4845 5
      vertex 60.125 59.4845 0
    endloop
  endfacet
  facet normal 0 1 -0
    outer loop
      vertex 61.875 59.4845 0
      vertex 60.125 59.4845 5
      vertex 61.875 59.4845 5
    endloop
  endfacet
  facet normal 0 1 0
    outer loop
      vertex 60.125 59.4845 5
      vertex 61.875 59.4845 0
      vertex 60.125 59.4845 0
    endloop
  endfacet
  facet normal -0.866019 0.500011 0
    outer loop
      vertex 61.875 59.4845 0
      vertex 62.75 61 5
      vertex 62.75 61 0
    endloop
  endfacet
  facet normal -0.866019 0.500011 0
    outer loop
      vertex 62.75 61 5
      vertex 61.875 59.4845 0
      vertex 61.875 59.4845 5
    endloop
  endfacet
  facet normal 0 1 -0
    outer loop
      vertex 61.875 75.4845 0
      vertex 60.125 75.4845 5
      vertex 61.875 75.4845 5
    endloop
  endfacet
  facet normal 0 1 0
    outer loop
      vertex 60.125 75.4845 5
      vertex 61.875 75.4845 0
      vertex 60.125 75.4845 0
    endloop
  endfacet
  facet normal -0.866015 -0.500019 0
    outer loop
      vertex 62.75 77 0
      vertex 62.3508 77.6914 5
      vertex 62.3508 77.6914 0
    endloop
  endfacet
  facet normal -0.866015 -0.500019 0
    outer loop
      vertex 62.3508 77.6914 5
      vertex 62.75 77 0
      vertex 62.75 77 5
    endloop
  endfacet
  facet normal 0.868243 0.496139 0
    outer loop
      vertex 60.125 75.4845 5
      vertex 60.1222 75.4894 0
      vertex 60.1222 75.4894 5
    endloop
  endfacet
  facet normal 0.868243 0.496139 0
    outer loop
      vertex 60.1222 75.4894 0
      vertex 60.125 75.4845 5
      vertex 60.125 75.4845 0
    endloop
  endfacet
  facet normal -0.866019 0.500011 0
    outer loop
      vertex 61.875 75.4845 0
      vertex 62.75 77 5
      vertex 62.75 77 0
    endloop
  endfacet
  facet normal -0.866019 0.500011 0
    outer loop
      vertex 62.75 77 5
      vertex 61.875 75.4845 0
      vertex 61.875 75.4845 5
    endloop
  endfacet
  facet normal 0 -1 0
    outer loop
      vertex 76.125 62.5155 0
      vertex 77.875 62.5155 5
      vertex 76.125 62.5155 5
    endloop
  endfacet
  facet normal 0 -1 -0
    outer loop
      vertex 77.875 62.5155 5
      vertex 76.125 62.5155 0
      vertex 77.875 62.5155 0
    endloop
  endfacet
  facet normal -0.868243 -0.496139 0
    outer loop
      vertex 77.8778 62.5106 0
      vertex 77.875 62.5155 5
      vertex 77.875 62.5155 0
    endloop
  endfacet
  facet normal -0.868243 -0.496139 0
    outer loop
      vertex 77.875 62.5155 5
      vertex 77.8778 62.5106 0
      vertex 77.8778 62.5106 5
    endloop
  endfacet
  facet normal 0.866019 -0.500011 0
    outer loop
      vertex 75.25 61 5
      vertex 76.125 62.5155 0
      vertex 76.125 62.5155 5
    endloop
  endfacet
  facet normal 0.866019 -0.500011 0
    outer loop
      vertex 76.125 62.5155 0
      vertex 75.25 61 5
      vertex 75.25 61 0
    endloop
  endfacet
  facet normal 0.866015 0.500019 0
    outer loop
      vertex 75.6492 60.3086 5
      vertex 75.25 61 0
      vertex 75.25 61 5
    endloop
  endfacet
  facet normal 0.866015 0.500019 0
    outer loop
      vertex 75.25 61 0
      vertex 75.6492 60.3086 5
      vertex 75.6492 60.3086 0
    endloop
  endfacet
  facet normal 0.866015 -0.500019 0
    outer loop
      vertex 75.25 77 5
      vertex 75.6492 77.6914 0
      vertex 75.6492 77.6914 5
    endloop
  endfacet
  facet normal 0.866015 -0.500019 0
    outer loop
      vertex 75.6492 77.6914 0
      vertex 75.25 77 5
      vertex 75.25 77 0
    endloop
  endfacet
  facet normal 0.866019 0.500011 0
    outer loop
      vertex 76.125 75.4845 5
      vertex 75.25 77 0
      vertex 75.25 77 5
    endloop
  endfacet
  facet normal 0.866019 0.500011 0
    outer loop
      vertex 75.25 77 0
      vertex 76.125 75.4845 5
      vertex 76.125 75.4845 0
    endloop
  endfacet
  facet normal 0 1 -0
    outer loop
      vertex 77.875 75.4845 0
      vertex 76.125 75.4845 5
      vertex 77.875 75.4845 5
    endloop
  endfacet
  facet normal 0 1 0
    outer loop
      vertex 76.125 75.4845 5
      vertex 77.875 75.4845 0
      vertex 76.125 75.4845 0
    endloop
  endfacet
  facet normal -0.868243 0.496139 0
    outer loop
      vertex 77.875 75.4845 0
      vertex 77.8778 75.4894 5
      vertex 77.8778 75.4894 0
    endloop
  endfacet
  facet normal -0.868243 0.496139 0
    outer loop
      vertex 77.8778 75.4894 5
      vertex 77.875 75.4845 0
      vertex 77.875 75.4845 5
    endloop
  endfacet
  facet normal 0 -1 0
    outer loop
      vertex -77.875 62.5155 0
      vertex -76.125 62.5155 5
      vertex -77.875 62.5155 5
    endloop
  endfacet
  facet normal 0 -1 -0
    outer loop
      vertex -76.125 62.5155 5
      vertex -77.875 62.5155 0
      vertex -76.125 62.5155 0
    endloop
  endfacet
  facet normal -0.866019 -0.500011 0
    outer loop
      vertex -75.25 61 0
      vertex -76.125 62.5155 5
      vertex -76.125 62.5155 0
    endloop
  endfacet
  facet normal -0.866019 -0.500011 0
    outer loop
      vertex -76.125 62.5155 5
      vertex -75.25 61 0
      vertex -75.25 61 5
    endloop
  endfacet
  facet normal 0.868243 -0.496139 0
    outer loop
      vertex -77.8778 62.5106 5
      vertex -77.875 62.5155 0
      vertex -77.875 62.5155 5
    endloop
  endfacet
  facet normal 0.868243 -0.496139 0
    outer loop
      vertex -77.875 62.5155 0
      vertex -77.8778 62.5106 5
      vertex -77.8778 62.5106 0
    endloop
  endfacet
  facet normal -0.866015 0.500019 0
    outer loop
      vertex -75.6492 60.3086 0
      vertex -75.25 61 5
      vertex -75.25 61 0
    endloop
  endfacet
  facet normal -0.866015 0.500019 0
    outer loop
      vertex -75.25 61 5
      vertex -75.6492 60.3086 0
      vertex -75.6492 60.3086 5
    endloop
  endfacet
  facet normal -0.866015 -0.500019 0
    outer loop
      vertex -75.25 77 0
      vertex -75.6492 77.6914 5
      vertex -75.6492 77.6914 0
    endloop
  endfacet
  facet normal -0.866015 -0.500019 0
    outer loop
      vertex -75.6492 77.6914 5
      vertex -75.25 77 0
      vertex -75.25 77 5
    endloop
  endfacet
  facet normal 0.868243 0.496139 0
    outer loop
      vertex -77.875 75.4845 5
      vertex -77.8778 75.4894 0
      vertex -77.8778 75.4894 5
    endloop
  endfacet
  facet normal 0.868243 0.496139 0
    outer loop
      vertex -77.8778 75.4894 0
      vertex -77.875 75.4845 5
      vertex -77.875 75.4845 0
    endloop
  endfacet
  facet normal 0 1 -0
    outer loop
      vertex -76.125 75.4845 0
      vertex -77.875 75.4845 5
      vertex -76.125 75.4845 5
    endloop
  endfacet
  facet normal 0 1 0
    outer loop
      vertex -77.875 75.4845 5
      vertex -76.125 75.4845 0
      vertex -77.875 75.4845 0
    endloop
  endfacet
  facet normal -0.866019 0.500011 0
    outer loop
      vertex -76.125 75.4845 0
      vertex -75.25 77 5
      vertex -75.25 77 0
    endloop
  endfacet
  facet normal -0.866019 0.500011 0
    outer loop
      vertex -75.25 77 5
      vertex -76.125 75.4845 0
      vertex -76.125 75.4845 5
    endloop
  endfacet
  facet normal 0 1 -0
    outer loop
      vertex -60.125 59.4845 0
      vertex -61.875 59.4845 5
      vertex -60.125 59.4845 5
    endloop
  endfacet
  facet normal 0 1 0
    outer loop
      vertex -61.875 59.4845 5
      vertex -60.125 59.4845 0
      vertex -61.875 59.4845 0
    endloop
  endfacet
  facet normal 0 -1 0
    outer loop
      vertex -61.875 62.5155 0
      vertex -60.125 62.5155 5
      vertex -61.875 62.5155 5
    endloop
  endfacet
  facet normal 0 -1 -0
    outer loop
      vertex -60.125 62.5155 5
      vertex -61.875 62.5155 0
      vertex -60.125 62.5155 0
    endloop
  endfacet
  facet normal -0.866019 -0.500011 0
    outer loop
      vertex -59.25 61 0
      vertex -60.125 62.5155 5
      vertex -60.125 62.5155 0
    endloop
  endfacet
  facet normal -0.866019 -0.500011 0
    outer loop
      vertex -60.125 62.5155 5
      vertex -59.25 61 0
      vertex -59.25 61 5
    endloop
  endfacet
  facet normal 0.866019 -0.500011 0
    outer loop
      vertex -62.75 61 5
      vertex -61.875 62.5155 0
      vertex -61.875 62.5155 5
    endloop
  endfacet
  facet normal 0.866019 -0.500011 0
    outer loop
      vertex -61.875 62.5155 0
      vertex -62.75 61 5
      vertex -62.75 61 0
    endloop
  endfacet
  facet normal 0.866019 0.500011 0
    outer loop
      vertex -61.875 59.4845 5
      vertex -62.75 61 0
      vertex -62.75 61 5
    endloop
  endfacet
  facet normal 0.866019 0.500011 0
    outer loop
      vertex -62.75 61 0
      vertex -61.875 59.4845 5
      vertex -61.875 59.4845 0
    endloop
  endfacet
  facet normal -0.866019 0.500011 0
    outer loop
      vertex -60.125 59.4845 0
      vertex -59.25 61 5
      vertex -59.25 61 0
    endloop
  endfacet
  facet normal -0.866019 0.500011 0
    outer loop
      vertex -59.25 61 5
      vertex -60.125 59.4845 0
      vertex -60.125 59.4845 5
    endloop
  endfacet
  facet normal 0.866015 -0.500019 0
    outer loop
      vertex -62.75 77 5
      vertex -62.3508 77.6914 0
      vertex -62.3508 77.6914 5
    endloop
  endfacet
  facet normal 0.866015 -0.500019 0
    outer loop
      vertex -62.3508 77.6914 0
      vertex -62.75 77 5
      vertex -62.75 77 0
    endloop
  endfacet
  facet normal 0.866019 0.500011 0
    outer loop
      vertex -61.875 75.4845 5
      vertex -62.75 77 0
      vertex -62.75 77 5
    endloop
  endfacet
  facet normal 0.866019 0.500011 0
    outer loop
      vertex -62.75 77 0
      vertex -61.875 75.4845 5
      vertex -61.875 75.4845 0
    endloop
  endfacet
  facet normal 0 1 -0
    outer loop
      vertex -60.125 75.4845 0
      vertex -61.875 75.4845 5
      vertex -60.125 75.4845 5
    endloop
  endfacet
  facet normal 0 1 0
    outer loop
      vertex -61.875 75.4845 5
      vertex -60.125 75.4845 0
      vertex -61.875 75.4845 0
    endloop
  endfacet
  facet normal -0.868243 0.496139 0
    outer loop
      vertex -60.125 75.4845 0
      vertex -60.1222 75.4894 5
      vertex -60.1222 75.4894 0
    endloop
  endfacet
  facet normal -0.868243 0.496139 0
    outer loop
      vertex -60.1222 75.4894 5
      vertex -60.125 75.4845 0
      vertex -60.125 75.4845 5
    endloop
  endfacet
  facet normal 0 1 -0
    outer loop
      vertex 1.125 18.7345 0
      vertex -0.625 18.7345 5
      vertex 1.125 18.7345 5
    endloop
  endfacet
  facet normal 0 1 0
    outer loop
      vertex -0.625 18.7345 5
      vertex 1.125 18.7345 0
      vertex -0.625 18.7345 0
    endloop
  endfacet
  facet normal 0 -1 0
    outer loop
      vertex -0.625 21.7655 0
      vertex 1.125 21.7655 5
      vertex -0.625 21.7655 5
    endloop
  endfacet
  facet normal 0 -1 -0
    outer loop
      vertex 1.125 21.7655 5
      vertex -0.625 21.7655 0
      vertex 1.125 21.7655 0
    endloop
  endfacet
  facet normal -0.866019 -0.500011 0
    outer loop
      vertex 2 20.25 0
      vertex 1.125 21.7655 5
      vertex 1.125 21.7655 0
    endloop
  endfacet
  facet normal -0.866019 -0.500011 0
    outer loop
      vertex 1.125 21.7655 5
      vertex 2 20.25 0
      vertex 2 20.25 5
    endloop
  endfacet
  facet normal 0.866019 -0.500011 0
    outer loop
      vertex -1.5 20.25 5
      vertex -0.625 21.7655 0
      vertex -0.625 21.7655 5
    endloop
  endfacet
  facet normal 0.866019 -0.500011 0
    outer loop
      vertex -0.625 21.7655 0
      vertex -1.5 20.25 5
      vertex -1.5 20.25 0
    endloop
  endfacet
  facet normal 0.866019 0.500011 0
    outer loop
      vertex -0.625 18.7345 5
      vertex -1.5 20.25 0
      vertex -1.5 20.25 5
    endloop
  endfacet
  facet normal 0.866019 0.500011 0
    outer loop
      vertex -1.5 20.25 0
      vertex -0.625 18.7345 5
      vertex -0.625 18.7345 0
    endloop
  endfacet
  facet normal -0.866019 0.500011 0
    outer loop
      vertex 1.125 18.7345 0
      vertex 2 20.25 5
      vertex 2 20.25 0
    endloop
  endfacet
  facet normal -0.866019 0.500011 0
    outer loop
      vertex 2 20.25 5
      vertex 1.125 18.7345 0
      vertex 1.125 18.7345 5
    endloop
  endfacet
  facet normal 0.309029 0.951052 -0
    outer loop
      vertex -1.56738 20.6685 0
      vertex -3.13262 21.1771 5
      vertex -1.56738 20.6685 5
    endloop
  endfacet
  facet normal 0.309029 0.951052 0
    outer loop
      vertex -3.13262 21.1771 5
      vertex -1.56738 20.6685 0
      vertex -3.13262 21.1771 0
    endloop
  endfacet
  facet normal 0.309029 -0.951052 0
    outer loop
      vertex -3.13262 22.8229 0
      vertex -1.56738 23.3315 5
      vertex -3.13262 22.8229 5
    endloop
  endfacet
  facet normal 0.309029 -0.951052 0
    outer loop
      vertex -1.56738 23.3315 5
      vertex -3.13262 22.8229 0
      vertex -1.56738 23.3315 0
    endloop
  endfacet
  facet normal -0.80902 -0.587781 0
    outer loop
      vertex -0.599999 22 0
      vertex -1.56738 23.3315 5
      vertex -1.56738 23.3315 0
    endloop
  endfacet
  facet normal -0.80902 -0.587781 0
    outer loop
      vertex -1.56738 23.3315 5
      vertex -0.599999 22 0
      vertex -0.599999 22 5
    endloop
  endfacet
  facet normal 1 -0 0
    outer loop
      vertex -3.13262 21.1771 5
      vertex -3.13262 22.8229 0
      vertex -3.13262 22.8229 5
    endloop
  endfacet
  facet normal 1 0 0
    outer loop
      vertex -3.13262 22.8229 0
      vertex -3.13262 21.1771 5
      vertex -3.13262 21.1771 0
    endloop
  endfacet
  facet normal -0.80902 0.587781 0
    outer loop
      vertex -1.56738 20.6685 0
      vertex -0.599999 22 5
      vertex -0.599999 22 0
    endloop
  endfacet
  facet normal -0.80902 0.587781 0
    outer loop
      vertex -0.599999 22 5
      vertex -1.56738 20.6685 0
      vertex -1.56738 20.6685 5
    endloop
  endfacet
  facet normal 0.309014 0.951058 -0
    outer loop
      vertex 42 -13.1909 0
      vertex 40.8674 -12.8229 5
      vertex 42 -13.1909 5
    endloop
  endfacet
  facet normal 0.309014 0.951058 0
    outer loop
      vertex 40.8674 -12.8229 5
      vertex 42 -13.1909 0
      vertex 40.8674 -12.8229 0
    endloop
  endfacet
  facet normal 0.309037 -0.95105 0
    outer loop
      vertex 40.8674 -11.1771 0
      vertex 42.4326 -10.6685 5
      vertex 40.8674 -11.1771 5
    endloop
  endfacet
  facet normal 0.309037 -0.95105 0
    outer loop
      vertex 42.4326 -10.6685 5
      vertex 40.8674 -11.1771 0
      vertex 42.4326 -10.6685 0
    endloop
  endfacet
  facet normal -0.809015 -0.587789 0
    outer loop
      vertex 43.4 -12 0
      vertex 42.4326 -10.6685 5
      vertex 42.4326 -10.6685 0
    endloop
  endfacet
  facet normal -0.809015 -0.587789 0
    outer loop
      vertex 42.4326 -10.6685 5
      vertex 43.4 -12 0
      vertex 43.4 -12 5
    endloop
  endfacet
  facet normal 1 -0 0
    outer loop
      vertex 40.8674 -12.8229 5
      vertex 40.8674 -11.1771 0
      vertex 40.8674 -11.1771 5
    endloop
  endfacet
  facet normal 1 0 0
    outer loop
      vertex 40.8674 -11.1771 0
      vertex 40.8674 -12.8229 5
      vertex 40.8674 -12.8229 0
    endloop
  endfacet
  facet normal -0.809033 0.587763 0
    outer loop
      vertex 42.6735 -13 0
      vertex 43.4 -12 5
      vertex 43.4 -12 0
    endloop
  endfacet
  facet normal -0.809033 0.587763 0
    outer loop
      vertex 43.4 -12 5
      vertex 42.6735 -13 0
      vertex 42.6735 -13 5
    endloop
  endfacet
  facet normal 0.309014 0.951058 -0
    outer loop
      vertex 42 20.8091 0
      vertex 40.8674 21.1771 5
      vertex 42 20.8091 5
    endloop
  endfacet
  facet normal 0.309014 0.951058 0
    outer loop
      vertex 40.8674 21.1771 5
      vertex 42 20.8091 0
      vertex 40.8674 21.1771 0
    endloop
  endfacet
  facet normal 0.309014 -0.951058 0
    outer loop
      vertex 40.8674 22.8229 0
      vertex 42 23.1909 5
      vertex 40.8674 22.8229 5
    endloop
  endfacet
  facet normal 0.309014 -0.951058 0
    outer loop
      vertex 42 23.1909 5
      vertex 40.8674 22.8229 0
      vertex 42 23.1909 0
    endloop
  endfacet
  facet normal 1 -0 0
    outer loop
      vertex 40.8674 21.1771 5
      vertex 40.8674 22.8229 0
      vertex 40.8674 22.8229 5
    endloop
  endfacet
  facet normal 1 0 0
    outer loop
      vertex 40.8674 22.8229 0
      vertex 40.8674 21.1771 5
      vertex 40.8674 21.1771 0
    endloop
  endfacet
  facet normal 0 1 -0
    outer loop
      vertex -9.125 -26.5155 0
      vertex -10.875 -26.5155 5
      vertex -9.125 -26.5155 5
    endloop
  endfacet
  facet normal 0 1 0
    outer loop
      vertex -10.875 -26.5155 5
      vertex -9.125 -26.5155 0
      vertex -10.875 -26.5155 0
    endloop
  endfacet
  facet normal -0.866019 0.500011 0
    outer loop
      vertex -9.125 -26.5155 0
      vertex -8.25 -25 5
      vertex -8.25 -25 0
    endloop
  endfacet
  facet normal -0.866019 0.500011 0
    outer loop
      vertex -8.25 -25 5
      vertex -9.125 -26.5155 0
      vertex -9.125 -26.5155 5
    endloop
  endfacet
  facet normal 0 -1 0
    outer loop
      vertex -10.875 -23.4845 0
      vertex -9.125 -23.4845 5
      vertex -10.875 -23.4845 5
    endloop
  endfacet
  facet normal 0 -1 -0
    outer loop
      vertex -9.125 -23.4845 5
      vertex -10.875 -23.4845 0
      vertex -9.125 -23.4845 0
    endloop
  endfacet
  facet normal -0.866019 -0.500011 0
    outer loop
      vertex -8.25 -25 0
      vertex -9.125 -23.4845 5
      vertex -9.125 -23.4845 0
    endloop
  endfacet
  facet normal -0.866019 -0.500011 0
    outer loop
      vertex -9.125 -23.4845 5
      vertex -8.25 -25 0
      vertex -8.25 -25 5
    endloop
  endfacet
  facet normal 0.866019 -0.500011 0
    outer loop
      vertex -11.75 -25 5
      vertex -10.875 -23.4845 0
      vertex -10.875 -23.4845 5
    endloop
  endfacet
  facet normal 0.866019 -0.500011 0
    outer loop
      vertex -10.875 -23.4845 0
      vertex -11.75 -25 5
      vertex -11.75 -25 0
    endloop
  endfacet
  facet normal 0.866019 0.500011 0
    outer loop
      vertex -10.875 -26.5155 5
      vertex -11.75 -25 0
      vertex -11.75 -25 5
    endloop
  endfacet
  facet normal 0.866019 0.500011 0
    outer loop
      vertex -11.75 -25 0
      vertex -10.875 -26.5155 5
      vertex -10.875 -26.5155 0
    endloop
  endfacet
  facet normal 0 1 -0
    outer loop
      vertex 10.875 -26.5155 0
      vertex 9.125 -26.5155 5
      vertex 10.875 -26.5155 5
    endloop
  endfacet
  facet normal 0 1 0
    outer loop
      vertex 9.125 -26.5155 5
      vertex 10.875 -26.5155 0
      vertex 9.125 -26.5155 0
    endloop
  endfacet
  facet normal -0.866019 0.500011 0
    outer loop
      vertex 10.875 -26.5155 0
      vertex 11.75 -25 5
      vertex 11.75 -25 0
    endloop
  endfacet
  facet normal -0.866019 0.500011 0
    outer loop
      vertex 11.75 -25 5
      vertex 10.875 -26.5155 0
      vertex 10.875 -26.5155 5
    endloop
  endfacet
  facet normal 0 -1 0
    outer loop
      vertex 9.125 -23.4845 0
      vertex 10.875 -23.4845 5
      vertex 9.125 -23.4845 5
    endloop
  endfacet
  facet normal 0 -1 -0
    outer loop
      vertex 10.875 -23.4845 5
      vertex 9.125 -23.4845 0
      vertex 10.875 -23.4845 0
    endloop
  endfacet
  facet normal -0.866019 -0.500011 0
    outer loop
      vertex 11.75 -25 0
      vertex 10.875 -23.4845 5
      vertex 10.875 -23.4845 0
    endloop
  endfacet
  facet normal -0.866019 -0.500011 0
    outer loop
      vertex 10.875 -23.4845 5
      vertex 11.75 -25 0
      vertex 11.75 -25 5
    endloop
  endfacet
  facet normal 0.866019 -0.500011 0
    outer loop
      vertex 8.25 -25 5
      vertex 9.125 -23.4845 0
      vertex 9.125 -23.4845 5
    endloop
  endfacet
  facet normal 0.866019 -0.500011 0
    outer loop
      vertex 9.125 -23.4845 0
      vertex 8.25 -25 5
      vertex 8.25 -25 0
    endloop
  endfacet
  facet normal 0.866019 0.500011 0
    outer loop
      vertex 9.125 -26.5155 5
      vertex 8.25 -25 0
      vertex 8.25 -25 5
    endloop
  endfacet
  facet normal 0.866019 0.500011 0
    outer loop
      vertex 8.25 -25 0
      vertex 9.125 -26.5155 5
      vertex 9.125 -26.5155 0
    endloop
  endfacet
  facet normal -1 0 0
    outer loop
      vertex 35 -15 0
      vertex 35 15 5
      vertex 35 15 0
    endloop
  endfacet
  facet normal -1 -0 0
    outer loop
      vertex 35 15 5
      vertex 35 -15 0
      vertex 35 -15 5
    endloop
  endfacet
  facet normal 1 -0 0
    outer loop
      vertex -35 -13 5
      vertex -35 13 0
      vertex -35 13 5
    endloop
  endfacet
  facet normal 1 0 0
    outer loop
      vertex -35 13 0
      vertex -35 -13 5
      vertex -35 -13 0
    endloop
  endfacet
  facet normal 0 -1 0
    outer loop
      vertex -26 15 0
      vertex 35 15 5
      vertex -26 15 5
    endloop
  endfacet
  facet normal 0 -1 -0
    outer loop
      vertex 35 15 5
      vertex -26 15 0
      vertex 35 15 0
    endloop
  endfacet
  facet normal 0 1 -0
    outer loop
      vertex 35 -15 0
      vertex -26 -15 5
      vertex 35 -15 5
    endloop
  endfacet
  facet normal 0 1 0
    outer loop
      vertex -26 -15 5
      vertex 35 -15 0
      vertex -26 -15 0
    endloop
  endfacet
  facet normal 0.309006 0.95106 -0
    outer loop
      vertex -51.6137 -9.18882 0
      vertex -53.0113 -8.73473 5
      vertex -51.6137 -9.18882 5
    endloop
  endfacet
  facet normal 0.309006 0.95106 0
    outer loop
      vertex -53.0113 -8.73473 5
      vertex -51.6137 -9.18882 0
      vertex -53.0113 -8.73473 0
    endloop
  endfacet
  facet normal 0.309006 -0.95106 0
    outer loop
      vertex -53.0113 -7.26527 0
      vertex -51.6137 -6.81118 5
      vertex -53.0113 -7.26527 5
    endloop
  endfacet
  facet normal 0.309006 -0.95106 0
    outer loop
      vertex -51.6137 -6.81118 5
      vertex -53.0113 -7.26527 0
      vertex -51.6137 -6.81118 0
    endloop
  endfacet
  facet normal -0.809026 -0.587773 0
    outer loop
      vertex -50.75 -8 0
      vertex -51.6137 -6.81118 5
      vertex -51.6137 -6.81118 0
    endloop
  endfacet
  facet normal -0.809026 -0.587773 0
    outer loop
      vertex -51.6137 -6.81118 5
      vertex -50.75 -8 0
      vertex -50.75 -8 5
    endloop
  endfacet
  facet normal 1 -0 0
    outer loop
      vertex -53.0113 -8.73473 5
      vertex -53.0113 -7.26527 0
      vertex -53.0113 -7.26527 5
    endloop
  endfacet
  facet normal 1 0 0
    outer loop
      vertex -53.0113 -7.26527 0
      vertex -53.0113 -8.73473 5
      vertex -53.0113 -8.73473 0
    endloop
  endfacet
  facet normal -0.809026 0.587773 0
    outer loop
      vertex -51.6137 -9.18882 0
      vertex -50.75 -8 5
      vertex -50.75 -8 0
    endloop
  endfacet
  facet normal -0.809026 0.587773 0
    outer loop
      vertex -50.75 -8 5
      vertex -51.6137 -9.18882 0
      vertex -51.6137 -9.18882 5
    endloop
  endfacet
  facet normal 0.309006 0.95106 -0
    outer loop
      vertex -51.6137 6.81118 0
      vertex -53.0113 7.26527 5
      vertex -51.6137 6.81118 5
    endloop
  endfacet
  facet normal 0.309006 0.95106 0
    outer loop
      vertex -53.0113 7.26527 5
      vertex -51.6137 6.81118 0
      vertex -53.0113 7.26527 0
    endloop
  endfacet
  facet normal 0.309006 -0.95106 0
    outer loop
      vertex -53.0113 8.73473 0
      vertex -51.6137 9.18882 5
      vertex -53.0113 8.73473 5
    endloop
  endfacet
  facet normal 0.309006 -0.95106 0
    outer loop
      vertex -51.6137 9.18882 5
      vertex -53.0113 8.73473 0
      vertex -51.6137 9.18882 0
    endloop
  endfacet
  facet normal -0.809026 -0.587773 0
    outer loop
      vertex -50.75 8 0
      vertex -51.6137 9.18882 5
      vertex -51.6137 9.18882 0
    endloop
  endfacet
  facet normal -0.809026 -0.587773 0
    outer loop
      vertex -51.6137 9.18882 5
      vertex -50.75 8 0
      vertex -50.75 8 5
    endloop
  endfacet
  facet normal 1 -0 0
    outer loop
      vertex -53.0113 7.26527 5
      vertex -53.0113 8.73473 0
      vertex -53.0113 8.73473 5
    endloop
  endfacet
  facet normal 1 0 0
    outer loop
      vertex -53.0113 8.73473 0
      vertex -53.0113 7.26527 5
      vertex -53.0113 7.26527 0
    endloop
  endfacet
  facet normal -0.809026 0.587773 0
    outer loop
      vertex -51.6137 6.81118 0
      vertex -50.75 8 5
      vertex -50.75 8 0
    endloop
  endfacet
  facet normal -0.809026 0.587773 0
    outer loop
      vertex -50.75 8 5
      vertex -51.6137 6.81118 0
      vertex -51.6137 6.81118 5
    endloop
  endfacet
  facet normal 0.309017 0.951057 -0
    outer loop
      vertex 10.4635 20.5734 0
      vertex 8.78647 21.1183 5
      vertex 10.4635 20.5734 5
    endloop
  endfacet
  facet normal 0.309017 0.951057 0
    outer loop
      vertex 8.78647 21.1183 5
      vertex 10.4635 20.5734 0
      vertex 8.78647 21.1183 0
    endloop
  endfacet
  facet normal 0.309017 -0.951057 0
    outer loop
      vertex 8.78647 22.8817 0
      vertex 10.4635 23.4266 5
      vertex 8.78647 22.8817 5
    endloop
  endfacet
  facet normal 0.309017 -0.951057 0
    outer loop
      vertex 10.4635 23.4266 5
      vertex 8.78647 22.8817 0
      vertex 10.4635 23.4266 0
    endloop
  endfacet
  facet normal -0.809013 -0.587791 0
    outer loop
      vertex 11.5 22 0
      vertex 10.4635 23.4266 5
      vertex 10.4635 23.4266 0
    endloop
  endfacet
  facet normal -0.809013 -0.587791 0
    outer loop
      vertex 10.4635 23.4266 5
      vertex 11.5 22 0
      vertex 11.5 22 5
    endloop
  endfacet
  facet normal 1 -0 0
    outer loop
      vertex 8.78647 21.1183 5
      vertex 8.78647 22.8817 0
      vertex 8.78647 22.8817 5
    endloop
  endfacet
  facet normal 1 0 0
    outer loop
      vertex 8.78647 22.8817 0
      vertex 8.78647 21.1183 5
      vertex 8.78647 21.1183 0
    endloop
  endfacet
  facet normal -0.809013 0.587791 0
    outer loop
      vertex 10.4635 20.5734 0
      vertex 11.5 22 5
      vertex 11.5 22 0
    endloop
  endfacet
  facet normal -0.809013 0.587791 0
    outer loop
      vertex 11.5 22 5
      vertex 10.4635 20.5734 0
      vertex 10.4635 20.5734 5
    endloop
  endfacet
  facet normal 0.309017 0.951057 -0
    outer loop
      vertex -9.53647 20.5734 0
      vertex -11.2135 21.1183 5
      vertex -9.53647 20.5734 5
    endloop
  endfacet
  facet normal 0.309017 0.951057 0
    outer loop
      vertex -11.2135 21.1183 5
      vertex -9.53647 20.5734 0
      vertex -11.2135 21.1183 0
    endloop
  endfacet
  facet normal 0.309017 -0.951057 0
    outer loop
      vertex -11.2135 22.8817 0
      vertex -9.53647 23.4266 5
      vertex -11.2135 22.8817 5
    endloop
  endfacet
  facet normal 0.309017 -0.951057 0
    outer loop
      vertex -9.53647 23.4266 5
      vertex -11.2135 22.8817 0
      vertex -9.53647 23.4266 0
    endloop
  endfacet
  facet normal -0.809021 -0.587779 0
    outer loop
      vertex -8.5 22 0
      vertex -9.53647 23.4266 5
      vertex -9.53647 23.4266 0
    endloop
  endfacet
  facet normal -0.809021 -0.587779 0
    outer loop
      vertex -9.53647 23.4266 5
      vertex -8.5 22 0
      vertex -8.5 22 5
    endloop
  endfacet
  facet normal 1 -0 0
    outer loop
      vertex -11.2135 21.1183 5
      vertex -11.2135 22.8817 0
      vertex -11.2135 22.8817 5
    endloop
  endfacet
  facet normal 1 0 0
    outer loop
      vertex -11.2135 22.8817 0
      vertex -11.2135 21.1183 5
      vertex -11.2135 21.1183 0
    endloop
  endfacet
  facet normal -0.809021 0.587779 0
    outer loop
      vertex -9.53647 20.5734 0
      vertex -8.5 22 5
      vertex -8.5 22 0
    endloop
  endfacet
  facet normal -0.809021 0.587779 0
    outer loop
      vertex -8.5 22 5
      vertex -9.53647 20.5734 0
      vertex -9.53647 20.5734 5
    endloop
  endfacet
endsolid OpenSCAD_Model
