solid OpenSCAD_Model
  facet normal -0.707107 -0.707107 0
    outer loop
      vertex 71.4178 68.5894 35.5
      vertex 68.5894 71.4178 36
      vertex 68.5894 71.4178 35.5
    endloop
  endfacet
  facet normal -0.707107 -0.707107 0
    outer loop
      vertex 68.5894 71.4178 36
      vertex 71.4178 68.5894 35.5
      vertex 71.4178 68.5894 36
    endloop
  endfacet
  facet normal 0.0207875 0.0207893 -0.999568
    outer loop
      vertex 75.6604 72.832 35.5
      vertex 88.6535 83.8805 36
      vertex 89.8026 82.7315 36
    endloop
  endfacet
  facet normal 0.0207883 0.0207883 -0.999568
    outer loop
      vertex 88.6535 83.8805 36
      vertex 75.6604 72.832 35.5
      vertex 75.5594 72.933 35.5
    endloop
  endfacet
  facet normal 0.0207883 0.0207883 -0.999568
    outer loop
      vertex 72.832 75.6604 35.5
      vertex 83.8805 88.6535 36
      vertex 72.933 75.5594 35.5
    endloop
  endfacet
  facet normal 0.0207893 0.0207875 -0.999568
    outer loop
      vertex 83.8805 88.6535 36
      vertex 72.832 75.6604 35.5
      vertex 82.7315 89.8026 36
    endloop
  endfacet
  facet normal -0.832052 0.554697 0
    outer loop
      vertex 68.5894 71.4178 36
      vertex 77.0746 84.1457 36
      vertex 68.5894 71.4178 35.5
    endloop
  endfacet
  facet normal -0.832052 0.554697 0
    outer loop
      vertex 77.0746 84.1457 36
      vertex 68.5894 71.4178 36
      vertex 77.0746 84.1457 36.5
    endloop
  endfacet
  facet normal -0 0 -1
    outer loop
      vertex 75.6604 72.832 35.5
      vertex 72.4784 70.3571 35.5
      vertex 75.5594 72.933 35.5
    endloop
  endfacet
  facet normal 0 0 -1
    outer loop
      vertex 71.4178 68.5894 35.5
      vertex 72.4784 70.3571 35.5
      vertex 75.6604 72.832 35.5
    endloop
  endfacet
  facet normal 0 0 -1
    outer loop
      vertex 71.4178 68.5894 35.5
      vertex 70.3571 72.4784 35.5
      vertex 72.4784 70.3571 35.5
    endloop
  endfacet
  facet normal 0 -0 -1
    outer loop
      vertex 70.3571 72.4784 35.5
      vertex 71.4178 68.5894 35.5
      vertex 68.5894 71.4178 35.5
    endloop
  endfacet
  facet normal 0 0 -1
    outer loop
      vertex 70.3571 72.4784 35.5
      vertex 72.832 75.6604 35.5
      vertex 72.933 75.5594 35.5
    endloop
  endfacet
  facet normal 0 0 -1
    outer loop
      vertex 72.832 75.6604 35.5
      vertex 70.3571 72.4784 35.5
      vertex 68.5894 71.4178 35.5
    endloop
  endfacet
  facet normal -0.116246 0.116246 -0.986394
    outer loop
      vertex 72.832 75.6604 35.5
      vertex 77.0746 84.1457 36
      vertex 82.7315 89.8026 36
    endloop
  endfacet
  facet normal -0.116246 0.116246 -0.986394
    outer loop
      vertex 77.0746 84.1457 36
      vertex 72.832 75.6604 35.5
      vertex 68.5894 71.4178 35.5
    endloop
  endfacet
  facet normal 0.116246 -0.116246 -0.986394
    outer loop
      vertex 84.1457 77.0746 36
      vertex 75.6604 72.832 35.5
      vertex 89.8026 82.7315 36
    endloop
  endfacet
  facet normal 0.116246 -0.116246 -0.986394
    outer loop
      vertex 75.6604 72.832 35.5
      vertex 84.1457 77.0746 36
      vertex 71.4178 68.5894 35.5
    endloop
  endfacet
  facet normal -0.0235544 -0.0235558 0.999445
    outer loop
      vertex 77.0746 84.1457 36.5
      vertex 70.3571 72.4784 36.0667
      vertex 78.7288 82.4916 36.5
    endloop
  endfacet
  facet normal -0.0235912 -0.0235346 0.999445
    outer loop
      vertex 70.3571 72.4784 36.0667
      vertex 77.0746 84.1457 36.5
      vertex 68.5894 71.4178 36
    endloop
  endfacet
  facet normal -0.0235558 -0.0235544 0.999445
    outer loop
      vertex 72.4784 70.3571 36.0667
      vertex 84.1457 77.0746 36.5
      vertex 82.4916 78.7288 36.5
    endloop
  endfacet
  facet normal -0.0235346 -0.0235912 0.999445
    outer loop
      vertex 72.4784 70.3571 36.0667
      vertex 71.4178 68.5894 36
      vertex 84.1457 77.0746 36.5
    endloop
  endfacet
  facet normal -0.02357 -0.02357 0.999444
    outer loop
      vertex 70.3571 72.4784 36.0667
      vertex 71.4178 68.5894 36
      vertex 72.4784 70.3571 36.0667
    endloop
  endfacet
  facet normal -0.02357 -0.02357 0.999444
    outer loop
      vertex 71.4178 68.5894 36
      vertex 70.3571 72.4784 36.0667
      vertex 68.5894 71.4178 36
    endloop
  endfacet
  facet normal 0.554697 -0.832052 0
    outer loop
      vertex 71.4178 68.5894 36
      vertex 84.1457 77.0746 36
      vertex 84.1457 77.0746 36.5
    endloop
  endfacet
  facet normal 0.554697 -0.832052 0
    outer loop
      vertex 84.1457 77.0746 36
      vertex 71.4178 68.5894 36
      vertex 71.4178 68.5894 35.5
    endloop
  endfacet
  facet normal 0.70714 -0.707073 0
    outer loop
      vertex 97.5807 87.6812 36.5
      vertex 101.823 91.9239 37
      vertex 97.5807 87.6812 37
    endloop
  endfacet
  facet normal 0.70714 -0.707073 0
    outer loop
      vertex 101.823 91.9239 37
      vertex 97.5807 87.6812 36.5
      vertex 101.823 91.9239 36.5
    endloop
  endfacet
  facet normal -0.171458 0.171474 -0.970154
    outer loop
      vertex 82.7315 89.8026 36
      vertex 87.6812 97.5807 36.5
      vertex 91.9239 101.823 36.5
    endloop
  endfacet
  facet normal -0.1715 0.1715 -0.970142
    outer loop
      vertex 87.6812 97.5807 36.5
      vertex 82.7315 89.8026 36
      vertex 77.0746 84.1457 36
    endloop
  endfacet
  facet normal 0.0235472 0.023591 -0.999444
    outer loop
      vertex 101.823 91.9239 36.5
      vertex 94.0452 88.3884 36.2333
      vertex 96.8736 91.2168 36.3667
    endloop
  endfacet
  facet normal 0.0235696 0.0235419 -0.999445
    outer loop
      vertex 89.8026 82.7315 36
      vertex 94.0452 88.3884 36.2333
      vertex 101.823 91.9239 36.5
    endloop
  endfacet
  facet normal 0.0235526 0.0235546 -0.999445
    outer loop
      vertex 94.0452 88.3884 36.2333
      vertex 89.8026 82.7315 36
      vertex 88.6535 83.8805 36
    endloop
  endfacet
  facet normal 0.0235527 0.0235527 -0.999445
    outer loop
      vertex 96.8736 91.2168 36.3667
      vertex 91.9239 101.823 36.5
      vertex 101.823 91.9239 36.5
    endloop
  endfacet
  facet normal 0.0235527 0.0235527 -0.999445
    outer loop
      vertex 91.2168 96.8736 36.3667
      vertex 91.9239 101.823 36.5
      vertex 96.8736 91.2168 36.3667
    endloop
  endfacet
  facet normal 0.023591 0.0235472 -0.999444
    outer loop
      vertex 88.3884 94.0452 36.2333
      vertex 91.9239 101.823 36.5
      vertex 91.2168 96.8736 36.3667
    endloop
  endfacet
  facet normal 0.0235546 0.0235526 -0.999445
    outer loop
      vertex 82.7315 89.8026 36
      vertex 88.3884 94.0452 36.2333
      vertex 83.8805 88.6535 36
    endloop
  endfacet
  facet normal 0.0235419 0.0235696 -0.999445
    outer loop
      vertex 88.3884 94.0452 36.2333
      vertex 82.7315 89.8026 36
      vertex 91.9239 101.823 36.5
    endloop
  endfacet
  facet normal -0.784882 0.619645 0
    outer loop
      vertex 77.0746 84.1457 36.5
      vertex 87.6812 97.5807 36.5
      vertex 77.0746 84.1457 36
    endloop
  endfacet
  facet normal -0.784882 0.619645 0
    outer loop
      vertex 87.6812 97.5807 36.5
      vertex 77.0746 84.1457 36.5
      vertex 87.6812 97.5807 37
    endloop
  endfacet
  facet normal -0.0207806 -0.0207797 0.999568
    outer loop
      vertex 94.0452 88.3884 36.9412
      vertex 97.5807 87.6812 37
      vertex 95.4594 89.8026 37
    endloop
  endfacet
  facet normal -0.0207836 -0.0207943 0.999568
    outer loop
      vertex 94.0452 88.3884 36.9412
      vertex 84.1457 77.0746 36.5
      vertex 97.5807 87.6812 37
    endloop
  endfacet
  facet normal -0.02079 -0.0207887 0.999568
    outer loop
      vertex 84.1457 77.0746 36.5
      vertex 94.0452 88.3884 36.9412
      vertex 82.4916 78.7288 36.5
    endloop
  endfacet
  facet normal -0.0207797 -0.0207806 0.999568
    outer loop
      vertex 87.6812 97.5807 37
      vertex 88.3884 94.0452 36.9412
      vertex 89.8026 95.4594 37
    endloop
  endfacet
  facet normal -0.0207943 -0.0207836 0.999568
    outer loop
      vertex 77.0746 84.1457 36.5
      vertex 88.3884 94.0452 36.9412
      vertex 87.6812 97.5807 37
    endloop
  endfacet
  facet normal -0.0207887 -0.02079 0.999568
    outer loop
      vertex 88.3884 94.0452 36.9412
      vertex 77.0746 84.1457 36.5
      vertex 78.7288 82.4916 36.5
    endloop
  endfacet
  facet normal 0.171474 -0.171458 -0.970154
    outer loop
      vertex 97.5807 87.6812 36.5
      vertex 89.8026 82.7315 36
      vertex 101.823 91.9239 36.5
    endloop
  endfacet
  facet normal 0.1715 -0.1715 -0.970142
    outer loop
      vertex 89.8026 82.7315 36
      vertex 97.5807 87.6812 36.5
      vertex 84.1457 77.0746 36
    endloop
  endfacet
  facet normal 0.619645 -0.784882 0
    outer loop
      vertex 84.1457 77.0746 36.5
      vertex 97.5807 87.6812 36.5
      vertex 97.5807 87.6812 37
    endloop
  endfacet
  facet normal 0.619645 -0.784882 0
    outer loop
      vertex 97.5807 87.6812 36.5
      vertex 84.1457 77.0746 36.5
      vertex 84.1457 77.0746 36
    endloop
  endfacet
  facet normal -0.707073 0.70714 0
    outer loop
      vertex 87.6812 97.5807 36.5
      vertex 91.9239 101.823 37
      vertex 91.9239 101.823 36.5
    endloop
  endfacet
  facet normal -0.707073 0.70714 0
    outer loop
      vertex 91.9239 101.823 37
      vertex 87.6812 97.5807 36.5
      vertex 87.6812 97.5807 37
    endloop
  endfacet
  facet normal 0.116251 0.116251 -0.986393
    outer loop
      vertex 101.823 91.9239 36.5
      vertex 95.4594 102.53 37
      vertex 102.53 95.4594 37
    endloop
  endfacet
  facet normal 0.116251 0.116251 -0.986393
    outer loop
      vertex 95.4594 102.53 37
      vertex 101.823 91.9239 36.5
      vertex 91.9239 101.823 36.5
    endloop
  endfacet
  facet normal 0.104908 -0.104893 0.988935
    outer loop
      vertex 101.116 94.0452 37.3
      vertex 101.823 91.9239 37
      vertex 102.53 95.4594 37.3
    endloop
  endfacet
  facet normal 0.104905 -0.104895 0.988935
    outer loop
      vertex 101.823 91.9239 37
      vertex 101.116 94.0452 37.3
      vertex 97.5807 87.6812 37
    endloop
  endfacet
  facet normal 0.707107 0.707107 0
    outer loop
      vertex 102.53 95.4594 37.3
      vertex 95.4594 102.53 37
      vertex 95.4594 102.53 37.3
    endloop
  endfacet
  facet normal 0.707107 0.707107 0
    outer loop
      vertex 95.4594 102.53 37
      vertex 102.53 95.4594 37.3
      vertex 102.53 95.4594 37
    endloop
  endfacet
  facet normal -0.196089 0.980586 0
    outer loop
      vertex 95.4594 102.53 37
      vertex 91.9239 101.823 37
      vertex 95.4594 102.53 37.3
    endloop
  endfacet
  facet normal -0.196089 0.980586 0
    outer loop
      vertex 91.9239 101.823 37
      vertex 95.4594 102.53 37
      vertex 91.9239 101.823 36.5
    endloop
  endfacet
  facet normal -0.0302842 -0.0302736 0.999083
    outer loop
      vertex 101.116 94.0452 37.3
      vertex 96.8736 91.2168 37.0857
      vertex 97.5807 87.6812 37
    endloop
  endfacet
  facet normal -0.0302799 -0.0302799 0.999083
    outer loop
      vertex 94.0452 101.116 37.3
      vertex 96.8736 91.2168 37.0857
      vertex 101.116 94.0452 37.3
    endloop
  endfacet
  facet normal -0.0302799 -0.0302799 0.999083
    outer loop
      vertex 94.0452 101.116 37.3
      vertex 91.2168 96.8736 37.0857
      vertex 96.8736 91.2168 37.0857
    endloop
  endfacet
  facet normal -0.0302736 -0.0302842 0.999083
    outer loop
      vertex 87.6812 97.5807 37
      vertex 91.2168 96.8736 37.0857
      vertex 94.0452 101.116 37.3
    endloop
  endfacet
  facet normal -0.0302713 -0.0302728 0.999083
    outer loop
      vertex 91.2168 96.8736 37.0857
      vertex 87.6812 97.5807 37
      vertex 89.8026 95.4594 37
    endloop
  endfacet
  facet normal -0.0302728 -0.0302713 0.999083
    outer loop
      vertex 97.5807 87.6812 37
      vertex 96.8736 91.2168 37.0857
      vertex 95.4594 89.8026 37
    endloop
  endfacet
  facet normal 0 0 1
    outer loop
      vertex 95.4594 102.53 37.3
      vertex 101.116 94.0452 37.3
      vertex 102.53 95.4594 37.3
    endloop
  endfacet
  facet normal 0 0 1
    outer loop
      vertex 101.116 94.0452 37.3
      vertex 95.4594 102.53 37.3
      vertex 94.0452 101.116 37.3
    endloop
  endfacet
  facet normal 0.980586 -0.196089 0
    outer loop
      vertex 101.823 91.9239 37
      vertex 102.53 95.4594 37
      vertex 102.53 95.4594 37.3
    endloop
  endfacet
  facet normal 0.980586 -0.196089 0
    outer loop
      vertex 102.53 95.4594 37
      vertex 101.823 91.9239 37
      vertex 101.823 91.9239 36.5
    endloop
  endfacet
  facet normal -0.104893 0.104908 0.988935
    outer loop
      vertex 91.9239 101.823 37
      vertex 94.0452 101.116 37.3
      vertex 95.4594 102.53 37.3
    endloop
  endfacet
  facet normal -0.104895 0.104905 0.988935
    outer loop
      vertex 94.0452 101.116 37.3
      vertex 91.9239 101.823 37
      vertex 87.6812 97.5807 37
    endloop
  endfacet
  facet normal 0.707107 0.707107 0
    outer loop
      vertex 96.8736 91.2168 36.3667
      vertex 91.2168 96.8736 36
      vertex 91.2168 96.8736 36.3667
    endloop
  endfacet
  facet normal 0.707107 0.707107 0
    outer loop
      vertex 91.2168 96.8736 36
      vertex 96.8736 91.2168 36.3667
      vertex 96.8736 91.2168 36
    endloop
  endfacet
  facet normal 0.707107 0.707107 0
    outer loop
      vertex 96.8736 91.2168 38
      vertex 91.2168 96.8736 37.0857
      vertex 91.2168 96.8736 38
    endloop
  endfacet
  facet normal 0.707107 0.707107 0
    outer loop
      vertex 91.2168 96.8736 37.0857
      vertex 96.8736 91.2168 38
      vertex 96.8736 91.2168 37.0857
    endloop
  endfacet
  facet normal -0.767183 0.641428 0
    outer loop
      vertex 88.3884 94.0452 36
      vertex 83.8805 88.6535 36
      vertex 88.3884 94.0452 36.2333
    endloop
  endfacet
  facet normal -0.767183 0.641428 -0.000230155
    outer loop
      vertex 70.3571 72.4784 35
      vertex 83.8805 88.6535 36
      vertex 88.3884 94.0452 36
    endloop
  endfacet
  facet normal -0.76719 0.64142 -2.37993e-05
    outer loop
      vertex 83.8805 88.6535 36
      vertex 70.3571 72.4784 35
      vertex 72.933 75.5594 35.5
    endloop
  endfacet
  facet normal -0.767192 0.641418 0
    outer loop
      vertex 72.933 75.5594 35.5
      vertex 70.3571 72.4784 35
      vertex 70.3571 72.4784 35.5
    endloop
  endfacet
  facet normal -0.767188 0.641422 0
    outer loop
      vertex 78.7288 82.4916 36.5
      vertex 88.3884 94.0452 38
      vertex 88.3884 94.0452 36.9412
    endloop
  endfacet
  facet normal -0.767189 0.641421 0
    outer loop
      vertex 70.3571 72.4784 36.5
      vertex 78.7288 82.4916 36.5
      vertex 70.3571 72.4784 36.0667
    endloop
  endfacet
  facet normal -0.767189 0.641421 1.19319e-05
    outer loop
      vertex 78.7288 82.4916 36.5
      vertex 70.3571 72.4784 36.5
      vertex 88.3884 94.0452 38
    endloop
  endfacet
  facet normal -0.707107 -0.707107 0
    outer loop
      vertex 72.4784 70.3571 35
      vertex 70.3571 72.4784 35.5
      vertex 70.3571 72.4784 35
    endloop
  endfacet
  facet normal -0.707107 -0.707107 0
    outer loop
      vertex 70.3571 72.4784 35.5
      vertex 72.4784 70.3571 35
      vertex 72.4784 70.3571 35.5
    endloop
  endfacet
  facet normal -0.707107 -0.707107 0
    outer loop
      vertex 72.4784 70.3571 36.0667
      vertex 70.3571 72.4784 36.5
      vertex 70.3571 72.4784 36.0667
    endloop
  endfacet
  facet normal -0.707107 -0.707107 0
    outer loop
      vertex 70.3571 72.4784 36.5
      vertex 72.4784 70.3571 36.0667
      vertex 72.4784 70.3571 36.5
    endloop
  endfacet
  facet normal -0.0378264 -0.0378264 0.998568
    outer loop
      vertex 88.3884 94.0452 38
      vertex 72.4784 70.3571 36.5
      vertex 94.0452 88.3884 38
    endloop
  endfacet
  facet normal -0.0378264 -0.0378264 0.998568
    outer loop
      vertex 72.4784 70.3571 36.5
      vertex 88.3884 94.0452 38
      vertex 70.3571 72.4784 36.5
    endloop
  endfacet
  facet normal 0.707107 -0.707107 0
    outer loop
      vertex 96.8736 91.2168 38
      vertex 95.4594 89.8026 37
      vertex 96.8736 91.2168 37.0857
    endloop
  endfacet
  facet normal 0.707107 -0.707107 9.9921e-15
    outer loop
      vertex 94.0452 88.3884 38
      vertex 95.4594 89.8026 37
      vertex 96.8736 91.2168 38
    endloop
  endfacet
  facet normal 0.707107 -0.707107 0
    outer loop
      vertex 95.4594 89.8026 37
      vertex 94.0452 88.3884 38
      vertex 94.0452 88.3884 36.9412
    endloop
  endfacet
  facet normal 0.707107 -0.707107 0
    outer loop
      vertex 94.0452 88.3884 36.2333
      vertex 96.8736 91.2168 36
      vertex 96.8736 91.2168 36.3667
    endloop
  endfacet
  facet normal 0.707107 -0.707107 0
    outer loop
      vertex 96.8736 91.2168 36
      vertex 94.0452 88.3884 36.2333
      vertex 94.0452 88.3884 36
    endloop
  endfacet
  facet normal -0.262615 0.262615 -0.928475
    outer loop
      vertex 73.1856 75.3069 35
      vertex 88.3884 94.0452 36
      vertex 91.2168 96.8736 36
    endloop
  endfacet
  facet normal -0.262615 0.262615 -0.928475
    outer loop
      vertex 88.3884 94.0452 36
      vertex 73.1856 75.3069 35
      vertex 70.3571 72.4784 35
    endloop
  endfacet
  facet normal 0.641418 -0.767192 0
    outer loop
      vertex 72.4784 70.3571 35.5
      vertex 72.4784 70.3571 35
      vertex 75.5594 72.933 35.5
    endloop
  endfacet
  facet normal 0.641428 -0.767183 0
    outer loop
      vertex 88.6535 83.8805 36
      vertex 94.0452 88.3884 36
      vertex 94.0452 88.3884 36.2333
    endloop
  endfacet
  facet normal 0.64142 -0.76719 -2.37993e-05
    outer loop
      vertex 72.4784 70.3571 35
      vertex 88.6535 83.8805 36
      vertex 75.5594 72.933 35.5
    endloop
  endfacet
  facet normal 0.641428 -0.767183 -0.000230155
    outer loop
      vertex 88.6535 83.8805 36
      vertex 72.4784 70.3571 35
      vertex 94.0452 88.3884 36
    endloop
  endfacet
  facet normal 0.641421 -0.767189 1.19319e-05
    outer loop
      vertex 82.4916 78.7288 36.5
      vertex 94.0452 88.3884 38
      vertex 72.4784 70.3571 36.5
    endloop
  endfacet
  facet normal 0.641422 -0.767188 0
    outer loop
      vertex 94.0452 88.3884 38
      vertex 82.4916 78.7288 36.5
      vertex 94.0452 88.3884 36.9412
    endloop
  endfacet
  facet normal 0.641421 -0.767189 0
    outer loop
      vertex 82.4916 78.7288 36.5
      vertex 72.4784 70.3571 36.5
      vertex 72.4784 70.3571 36.0667
    endloop
  endfacet
  facet normal 0 0 1
    outer loop
      vertex 91.2168 96.8736 38
      vertex 94.0452 88.3884 38
      vertex 96.8736 91.2168 38
    endloop
  endfacet
  facet normal 0 0 1
    outer loop
      vertex 94.0452 88.3884 38
      vertex 91.2168 96.8736 38
      vertex 88.3884 94.0452 38
    endloop
  endfacet
  facet normal -0.707107 0.707107 0
    outer loop
      vertex 88.3884 94.0452 36.2333
      vertex 91.2168 96.8736 36
      vertex 88.3884 94.0452 36
    endloop
  endfacet
  facet normal -0.707107 0.707107 0
    outer loop
      vertex 91.2168 96.8736 36
      vertex 88.3884 94.0452 36.2333
      vertex 91.2168 96.8736 36.3667
    endloop
  endfacet
  facet normal -0.707107 0.707107 0
    outer loop
      vertex 89.8026 95.4594 37
      vertex 91.2168 96.8736 38
      vertex 91.2168 96.8736 37.0857
    endloop
  endfacet
  facet normal -0.707107 0.707107 0
    outer loop
      vertex 88.3884 94.0452 38
      vertex 89.8026 95.4594 37
      vertex 88.3884 94.0452 36.9412
    endloop
  endfacet
  facet normal -0.707107 0.707107 1.00476e-14
    outer loop
      vertex 89.8026 95.4594 37
      vertex 88.3884 94.0452 38
      vertex 91.2168 96.8736 38
    endloop
  endfacet
  facet normal 0 0 -1
    outer loop
      vertex 72.4784 70.3571 35
      vertex 73.1856 75.3069 35
      vertex 75.3069 73.1856 35
    endloop
  endfacet
  facet normal 0 0 -1
    outer loop
      vertex 73.1856 75.3069 35
      vertex 72.4784 70.3571 35
      vertex 70.3571 72.4784 35
    endloop
  endfacet
  facet normal 0.262615 -0.262615 -0.928475
    outer loop
      vertex 94.0452 88.3884 36
      vertex 75.3069 73.1856 35
      vertex 96.8736 91.2168 36
    endloop
  endfacet
  facet normal 0.262615 -0.262615 -0.928475
    outer loop
      vertex 75.3069 73.1856 35
      vertex 94.0452 88.3884 36
      vertex 72.4784 70.3571 35
    endloop
  endfacet
  facet normal 0.0252378 0.0252378 -0.999363
    outer loop
      vertex 75.3069 73.1856 35
      vertex 91.2168 96.8736 36
      vertex 96.8736 91.2168 36
    endloop
  endfacet
  facet normal 0.0252378 0.0252378 -0.999363
    outer loop
      vertex 91.2168 96.8736 36
      vertex 75.3069 73.1856 35
      vertex 73.1856 75.3069 35
    endloop
  endfacet
  facet normal 0.707107 0.707107 0
    outer loop
      vertex 57.2757 54.4472 36
      vertex 54.4472 57.2757 35.5
      vertex 54.4472 57.2757 36
    endloop
  endfacet
  facet normal 0.707107 0.707107 0
    outer loop
      vertex 54.4472 57.2757 35.5
      vertex 57.2757 54.4472 36
      vertex 57.2757 54.4472 35.5
    endloop
  endfacet
  facet normal -0.0207883 -0.0207883 -0.999568
    outer loop
      vertex 37.2115 41.9845 36
      vertex 50.2046 53.033 35.5
      vertex 50.3056 52.932 35.5
    endloop
  endfacet
  facet normal -0.0207875 -0.0207893 -0.999568
    outer loop
      vertex 50.2046 53.033 35.5
      vertex 37.2115 41.9845 36
      vertex 36.0624 43.1335 36
    endloop
  endfacet
  facet normal -0.0207893 -0.0207875 -0.999568
    outer loop
      vertex 41.9845 37.2115 36
      vertex 53.033 50.2046 35.5
      vertex 43.1335 36.0624 36
    endloop
  endfacet
  facet normal -0.0207883 -0.0207883 -0.999568
    outer loop
      vertex 53.033 50.2046 35.5
      vertex 41.9845 37.2115 36
      vertex 52.932 50.3056 35.5
    endloop
  endfacet
  facet normal 0.832049 -0.554702 0
    outer loop
      vertex 48.7904 41.7193 36
      vertex 57.2757 54.4472 36
      vertex 48.7904 41.7193 36.5
    endloop
  endfacet
  facet normal 0.832049 -0.554702 0
    outer loop
      vertex 57.2757 54.4472 36
      vertex 48.7904 41.7193 36
      vertex 57.2757 54.4472 35.5
    endloop
  endfacet
  facet normal 0 0 -1
    outer loop
      vertex 53.033 50.2046 35.5
      vertex 55.5079 53.3866 35.5
      vertex 57.2757 54.4472 35.5
    endloop
  endfacet
  facet normal 0 0 -1
    outer loop
      vertex 55.5079 53.3866 35.5
      vertex 53.033 50.2046 35.5
      vertex 52.932 50.3056 35.5
    endloop
  endfacet
  facet normal 0 0 -1
    outer loop
      vertex 55.5079 53.3866 35.5
      vertex 54.4472 57.2757 35.5
      vertex 57.2757 54.4472 35.5
    endloop
  endfacet
  facet normal 0 0 -1
    outer loop
      vertex 53.3866 55.5079 35.5
      vertex 54.4472 57.2757 35.5
      vertex 55.5079 53.3866 35.5
    endloop
  endfacet
  facet normal 0 0 -1
    outer loop
      vertex 50.2046 53.033 35.5
      vertex 53.3866 55.5079 35.5
      vertex 50.3056 52.932 35.5
    endloop
  endfacet
  facet normal -0 0 -1
    outer loop
      vertex 53.3866 55.5079 35.5
      vertex 50.2046 53.033 35.5
      vertex 54.4472 57.2757 35.5
    endloop
  endfacet
  facet normal 0.116241 -0.116243 -0.986395
    outer loop
      vertex 48.7904 41.7193 36
      vertex 53.033 50.2046 35.5
      vertex 57.2757 54.4472 35.5
    endloop
  endfacet
  facet normal 0.116246 -0.116246 -0.986394
    outer loop
      vertex 53.033 50.2046 35.5
      vertex 48.7904 41.7193 36
      vertex 43.1335 36.0624 36
    endloop
  endfacet
  facet normal -0.116243 0.116241 -0.986395
    outer loop
      vertex 50.2046 53.033 35.5
      vertex 41.7193 48.7904 36
      vertex 54.4472 57.2757 35.5
    endloop
  endfacet
  facet normal -0.116246 0.116246 -0.986394
    outer loop
      vertex 41.7193 48.7904 36
      vertex 50.2046 53.033 35.5
      vertex 36.0624 43.1335 36
    endloop
  endfacet
  facet normal 0.0235691 0.0235691 0.999444
    outer loop
      vertex 54.4472 57.2757 36
      vertex 55.5079 53.3866 36.0667
      vertex 57.2757 54.4472 36
    endloop
  endfacet
  facet normal 0.0235691 0.0235691 0.999444
    outer loop
      vertex 54.4472 57.2757 36
      vertex 53.3866 55.5079 36.0667
      vertex 55.5079 53.3866 36.0667
    endloop
  endfacet
  facet normal 0.0235358 0.0235891 0.999445
    outer loop
      vertex 41.7193 48.7904 36.5
      vertex 53.3866 55.5079 36.0667
      vertex 54.4472 57.2757 36
    endloop
  endfacet
  facet normal 0.0235558 0.0235544 0.999445
    outer loop
      vertex 53.3866 55.5079 36.0667
      vertex 41.7193 48.7904 36.5
      vertex 43.3734 47.1362 36.5
    endloop
  endfacet
  facet normal 0.0235891 0.0235358 0.999445
    outer loop
      vertex 55.5079 53.3866 36.0667
      vertex 48.7904 41.7193 36.5
      vertex 57.2757 54.4472 36
    endloop
  endfacet
  facet normal 0.0235544 0.0235558 0.999445
    outer loop
      vertex 48.7904 41.7193 36.5
      vertex 55.5079 53.3866 36.0667
      vertex 47.1362 43.3734 36.5
    endloop
  endfacet
  facet normal -0.554702 0.832049 0
    outer loop
      vertex 54.4472 57.2757 36
      vertex 41.7193 48.7904 36
      vertex 41.7193 48.7904 36.5
    endloop
  endfacet
  facet normal -0.554702 0.832049 0
    outer loop
      vertex 41.7193 48.7904 36
      vertex 54.4472 57.2757 36
      vertex 54.4472 57.2757 35.5
    endloop
  endfacet
  facet normal -0.707107 0.707107 0
    outer loop
      vertex 24.0416 33.9411 36.5
      vertex 28.2843 38.1838 37
      vertex 28.2843 38.1838 36.5
    endloop
  endfacet
  facet normal -0.707107 0.707107 0
    outer loop
      vertex 28.2843 38.1838 37
      vertex 24.0416 33.9411 36.5
      vertex 24.0416 33.9411 37
    endloop
  endfacet
  facet normal 0.1715 -0.1715 -0.970142
    outer loop
      vertex 38.1838 28.2843 36.5
      vertex 43.1335 36.0624 36
      vertex 48.7904 41.7193 36
    endloop
  endfacet
  facet normal 0.1715 -0.1715 -0.970142
    outer loop
      vertex 43.1335 36.0624 36
      vertex 38.1838 28.2843 36.5
      vertex 33.9411 24.0416 36.5
    endloop
  endfacet
  facet normal -0.0235549 -0.0235528 -0.999445
    outer loop
      vertex 43.1335 36.0624 36
      vertex 37.4767 31.8198 36.2333
      vertex 41.9845 37.2115 36
    endloop
  endfacet
  facet normal -0.0235442 -0.023567 -0.999445
    outer loop
      vertex 33.9411 24.0416 36.5
      vertex 37.4767 31.8198 36.2333
      vertex 43.1335 36.0624 36
    endloop
  endfacet
  facet normal -0.0235923 -0.0235452 -0.999444
    outer loop
      vertex 37.4767 31.8198 36.2333
      vertex 33.9411 24.0416 36.5
      vertex 34.6482 28.9914 36.3667
    endloop
  endfacet
  facet normal -0.0235511 -0.0235511 -0.999445
    outer loop
      vertex 33.9411 24.0416 36.5
      vertex 28.9914 34.6482 36.3667
      vertex 34.6482 28.9914 36.3667
    endloop
  endfacet
  facet normal -0.0235511 -0.0235511 -0.999445
    outer loop
      vertex 28.9914 34.6482 36.3667
      vertex 33.9411 24.0416 36.5
      vertex 24.0416 33.9411 36.5
    endloop
  endfacet
  facet normal -0.0235528 -0.0235549 -0.999445
    outer loop
      vertex 31.8198 37.4767 36.2333
      vertex 36.0624 43.1335 36
      vertex 37.2115 41.9845 36
    endloop
  endfacet
  facet normal -0.0235452 -0.0235923 -0.999444
    outer loop
      vertex 24.0416 33.9411 36.5
      vertex 31.8198 37.4767 36.2333
      vertex 28.9914 34.6482 36.3667
    endloop
  endfacet
  facet normal -0.023567 -0.0235442 -0.999445
    outer loop
      vertex 31.8198 37.4767 36.2333
      vertex 24.0416 33.9411 36.5
      vertex 36.0624 43.1335 36
    endloop
  endfacet
  facet normal 0.784882 -0.619645 0
    outer loop
      vertex 38.1838 28.2843 36.5
      vertex 48.7904 41.7193 36.5
      vertex 38.1838 28.2843 37
    endloop
  endfacet
  facet normal 0.784882 -0.619645 0
    outer loop
      vertex 48.7904 41.7193 36.5
      vertex 38.1838 28.2843 36.5
      vertex 48.7904 41.7193 36
    endloop
  endfacet
  facet normal 0.0207888 0.0207901 0.999568
    outer loop
      vertex 37.4767 31.8198 36.9412
      vertex 48.7904 41.7193 36.5
      vertex 47.1362 43.3734 36.5
    endloop
  endfacet
  facet normal 0.0207949 0.0207831 0.999568
    outer loop
      vertex 48.7904 41.7193 36.5
      vertex 37.4767 31.8198 36.9412
      vertex 38.1838 28.2843 37
    endloop
  endfacet
  facet normal 0.0207789 0.0207799 0.999568
    outer loop
      vertex 38.1838 28.2843 37
      vertex 37.4767 31.8198 36.9412
      vertex 36.0624 30.4056 37
    endloop
  endfacet
  facet normal 0.0207901 0.0207888 0.999568
    outer loop
      vertex 41.7193 48.7904 36.5
      vertex 31.8198 37.4767 36.9412
      vertex 43.3734 47.1362 36.5
    endloop
  endfacet
  facet normal 0.0207831 0.0207949 0.999568
    outer loop
      vertex 28.2843 38.1838 37
      vertex 31.8198 37.4767 36.9412
      vertex 41.7193 48.7904 36.5
    endloop
  endfacet
  facet normal 0.0207799 0.0207789 0.999568
    outer loop
      vertex 31.8198 37.4767 36.9412
      vertex 28.2843 38.1838 37
      vertex 30.4056 36.0624 37
    endloop
  endfacet
  facet normal -0.1715 0.1715 -0.970142
    outer loop
      vertex 36.0624 43.1335 36
      vertex 28.2843 38.1838 36.5
      vertex 41.7193 48.7904 36
    endloop
  endfacet
  facet normal -0.1715 0.1715 -0.970142
    outer loop
      vertex 28.2843 38.1838 36.5
      vertex 36.0624 43.1335 36
      vertex 24.0416 33.9411 36.5
    endloop
  endfacet
  facet normal -0.619645 0.784882 0
    outer loop
      vertex 41.7193 48.7904 36.5
      vertex 28.2843 38.1838 36.5
      vertex 28.2843 38.1838 37
    endloop
  endfacet
  facet normal -0.619645 0.784882 0
    outer loop
      vertex 28.2843 38.1838 36.5
      vertex 41.7193 48.7904 36.5
      vertex 41.7193 48.7904 36
    endloop
  endfacet
  facet normal 0.707107 -0.707107 0
    outer loop
      vertex 33.9411 24.0416 37
      vertex 38.1838 28.2843 36.5
      vertex 38.1838 28.2843 37
    endloop
  endfacet
  facet normal 0.707107 -0.707107 0
    outer loop
      vertex 38.1838 28.2843 36.5
      vertex 33.9411 24.0416 37
      vertex 33.9411 24.0416 36.5
    endloop
  endfacet
  facet normal -0.116249 -0.116249 -0.986394
    outer loop
      vertex 30.4056 23.3345 37
      vertex 24.0416 33.9411 36.5
      vertex 33.9411 24.0416 36.5
    endloop
  endfacet
  facet normal -0.116249 -0.116249 -0.986394
    outer loop
      vertex 24.0416 33.9411 36.5
      vertex 30.4056 23.3345 37
      vertex 23.3345 30.4056 37
    endloop
  endfacet
  facet normal -0.104894 0.104894 0.988936
    outer loop
      vertex 24.0416 33.9411 37
      vertex 24.7487 31.8198 37.3
      vertex 28.2843 38.1838 37
    endloop
  endfacet
  facet normal -0.104894 0.104894 0.988936
    outer loop
      vertex 24.7487 31.8198 37.3
      vertex 24.0416 33.9411 37
      vertex 23.3345 30.4056 37.3
    endloop
  endfacet
  facet normal -0.707107 -0.707107 0
    outer loop
      vertex 30.4056 23.3345 37
      vertex 23.3345 30.4056 37.3
      vertex 23.3345 30.4056 37
    endloop
  endfacet
  facet normal -0.707107 -0.707107 0
    outer loop
      vertex 23.3345 30.4056 37.3
      vertex 30.4056 23.3345 37
      vertex 30.4056 23.3345 37.3
    endloop
  endfacet
  facet normal 0.196116 -0.980581 0
    outer loop
      vertex 30.4056 23.3345 37
      vertex 33.9411 24.0416 37
      vertex 30.4056 23.3345 37.3
    endloop
  endfacet
  facet normal 0.196116 -0.980581 0
    outer loop
      vertex 33.9411 24.0416 37
      vertex 30.4056 23.3345 37
      vertex 33.9411 24.0416 36.5
    endloop
  endfacet
  facet normal 0.0302728 0.0302713 0.999083
    outer loop
      vertex 30.4056 36.0624 37
      vertex 28.2843 38.1838 37
      vertex 28.9914 34.6482 37.0857
    endloop
  endfacet
  facet normal 0.0302713 0.0302728 0.999083
    outer loop
      vertex 34.6482 28.9914 37.0857
      vertex 38.1838 28.2843 37
      vertex 36.0624 30.4056 37
    endloop
  endfacet
  facet normal 0.0302732 0.0302823 0.999083
    outer loop
      vertex 34.6482 28.9914 37.0857
      vertex 31.8198 24.7487 37.3
      vertex 38.1838 28.2843 37
    endloop
  endfacet
  facet normal 0.0302787 0.0302787 0.999083
    outer loop
      vertex 28.9914 34.6482 37.0857
      vertex 31.8198 24.7487 37.3
      vertex 34.6482 28.9914 37.0857
    endloop
  endfacet
  facet normal 0.0302787 0.0302787 0.999083
    outer loop
      vertex 28.9914 34.6482 37.0857
      vertex 24.7487 31.8198 37.3
      vertex 31.8198 24.7487 37.3
    endloop
  endfacet
  facet normal 0.0302823 0.0302732 0.999083
    outer loop
      vertex 24.7487 31.8198 37.3
      vertex 28.9914 34.6482 37.0857
      vertex 28.2843 38.1838 37
    endloop
  endfacet
  facet normal 0 0 1
    outer loop
      vertex 24.7487 31.8198 37.3
      vertex 30.4056 23.3345 37.3
      vertex 31.8198 24.7487 37.3
    endloop
  endfacet
  facet normal 0 0 1
    outer loop
      vertex 30.4056 23.3345 37.3
      vertex 24.7487 31.8198 37.3
      vertex 23.3345 30.4056 37.3
    endloop
  endfacet
  facet normal -0.980581 0.196116 0
    outer loop
      vertex 23.3345 30.4056 37
      vertex 24.0416 33.9411 37
      vertex 24.0416 33.9411 36.5
    endloop
  endfacet
  facet normal -0.980581 0.196116 0
    outer loop
      vertex 24.0416 33.9411 37
      vertex 23.3345 30.4056 37
      vertex 23.3345 30.4056 37.3
    endloop
  endfacet
  facet normal 0.104894 -0.104894 0.988936
    outer loop
      vertex 31.8198 24.7487 37.3
      vertex 33.9411 24.0416 37
      vertex 38.1838 28.2843 37
    endloop
  endfacet
  facet normal 0.104894 -0.104894 0.988936
    outer loop
      vertex 33.9411 24.0416 37
      vertex 31.8198 24.7487 37.3
      vertex 30.4056 23.3345 37.3
    endloop
  endfacet
  facet normal -0.707107 -0.707107 0
    outer loop
      vertex 34.6482 28.9914 36
      vertex 28.9914 34.6482 36.3667
      vertex 28.9914 34.6482 36
    endloop
  endfacet
  facet normal -0.707107 -0.707107 0
    outer loop
      vertex 28.9914 34.6482 36.3667
      vertex 34.6482 28.9914 36
      vertex 34.6482 28.9914 36.3667
    endloop
  endfacet
  facet normal -0.707107 -0.707107 0
    outer loop
      vertex 34.6482 28.9914 37.0857
      vertex 28.9914 34.6482 38
      vertex 28.9914 34.6482 37.0857
    endloop
  endfacet
  facet normal -0.707107 -0.707107 0
    outer loop
      vertex 28.9914 34.6482 38
      vertex 34.6482 28.9914 37.0857
      vertex 34.6482 28.9914 38
    endloop
  endfacet
  facet normal 0.767192 -0.641418 0
    outer loop
      vertex 52.932 50.3056 35.5
      vertex 55.5079 53.3866 35
      vertex 55.5079 53.3866 35.5
    endloop
  endfacet
  facet normal 0.76719 -0.64142 -2.37993e-05
    outer loop
      vertex 41.9845 37.2115 36
      vertex 55.5079 53.3866 35
      vertex 52.932 50.3056 35.5
    endloop
  endfacet
  facet normal 0.76719 -0.641419 0
    outer loop
      vertex 37.4767 31.8198 36
      vertex 41.9845 37.2115 36
      vertex 37.4767 31.8198 36.2333
    endloop
  endfacet
  facet normal 0.76719 -0.641419 1.21325e-14
    outer loop
      vertex 41.9845 37.2115 36
      vertex 37.4767 31.8198 36
      vertex 55.5079 53.3866 35
    endloop
  endfacet
  facet normal 0.767189 -0.641421 0
    outer loop
      vertex 55.5079 53.3866 36.5
      vertex 47.1362 43.3734 36.5
      vertex 55.5079 53.3866 36.0667
    endloop
  endfacet
  facet normal 0.767189 -0.641421 -3.9214e-05
    outer loop
      vertex 37.4767 31.8198 38
      vertex 47.1362 43.3734 36.5
      vertex 55.5079 53.3866 36.5
    endloop
  endfacet
  facet normal 0.767192 -0.641418 0
    outer loop
      vertex 47.1362 43.3734 36.5
      vertex 37.4767 31.8198 38
      vertex 37.4767 31.8198 36.9412
    endloop
  endfacet
  facet normal 0.707107 0.707107 0
    outer loop
      vertex 55.5079 53.3866 35.5
      vertex 53.3866 55.5079 35
      vertex 53.3866 55.5079 35.5
    endloop
  endfacet
  facet normal 0.707107 0.707107 0
    outer loop
      vertex 53.3866 55.5079 35
      vertex 55.5079 53.3866 35.5
      vertex 55.5079 53.3866 35
    endloop
  endfacet
  facet normal 0.707107 0.707107 0
    outer loop
      vertex 55.5079 53.3866 36.5
      vertex 53.3866 55.5079 36.0667
      vertex 53.3866 55.5079 36.5
    endloop
  endfacet
  facet normal 0.707107 0.707107 0
    outer loop
      vertex 53.3866 55.5079 36.0667
      vertex 55.5079 53.3866 36.5
      vertex 55.5079 53.3866 36.0667
    endloop
  endfacet
  facet normal 0.0378265 0.0378265 0.998568
    outer loop
      vertex 53.3866 55.5079 36.5
      vertex 37.4767 31.8198 38
      vertex 55.5079 53.3866 36.5
    endloop
  endfacet
  facet normal 0.0378265 0.0378265 0.998568
    outer loop
      vertex 37.4767 31.8198 38
      vertex 53.3866 55.5079 36.5
      vertex 31.8198 37.4767 38
    endloop
  endfacet
  facet normal -0.707132 0.707082 0
    outer loop
      vertex 30.4056 36.0624 37
      vertex 31.8198 37.4767 38
      vertex 31.8198 37.4767 36.9412
    endloop
  endfacet
  facet normal -0.707107 0.707107 0
    outer loop
      vertex 28.9914 34.6482 38
      vertex 30.4056 36.0624 37
      vertex 28.9914 34.6482 37.0857
    endloop
  endfacet
  facet normal -0.707119 0.707094 -3.53547e-05
    outer loop
      vertex 30.4056 36.0624 37
      vertex 28.9914 34.6482 38
      vertex 31.8198 37.4767 38
    endloop
  endfacet
  facet normal -0.707119 0.707094 0
    outer loop
      vertex 28.9914 34.6482 36
      vertex 31.8198 37.4767 36.2333
      vertex 31.8198 37.4767 36
    endloop
  endfacet
  facet normal -0.707119 0.707094 0
    outer loop
      vertex 31.8198 37.4767 36.2333
      vertex 28.9914 34.6482 36
      vertex 28.9914 34.6482 36.3667
    endloop
  endfacet
  facet normal 0.262658 -0.262649 -0.928454
    outer loop
      vertex 37.4767 31.8198 36
      vertex 52.6795 50.5581 35
      vertex 55.5079 53.3866 35
    endloop
  endfacet
  facet normal 0.262572 -0.262581 -0.928497
    outer loop
      vertex 52.6795 50.5581 35
      vertex 37.4767 31.8198 36
      vertex 34.6482 28.9914 36
    endloop
  endfacet
  facet normal -0.641418 0.767192 0
    outer loop
      vertex 53.3866 55.5079 35.5
      vertex 53.3866 55.5079 35
      vertex 50.3056 52.932 35.5
    endloop
  endfacet
  facet normal -0.641419 0.76719 0
    outer loop
      vertex 37.2115 41.9845 36
      vertex 31.8198 37.4767 36
      vertex 31.8198 37.4767 36.2333
    endloop
  endfacet
  facet normal -0.64142 0.76719 -2.37993e-05
    outer loop
      vertex 53.3866 55.5079 35
      vertex 37.2115 41.9845 36
      vertex 50.3056 52.932 35.5
    endloop
  endfacet
  facet normal -0.641419 0.76719 1.21325e-14
    outer loop
      vertex 37.2115 41.9845 36
      vertex 53.3866 55.5079 35
      vertex 31.8198 37.4767 36
    endloop
  endfacet
  facet normal -0.641421 0.767189 -3.9214e-05
    outer loop
      vertex 43.3734 47.1362 36.5
      vertex 31.8198 37.4767 38
      vertex 53.3866 55.5079 36.5
    endloop
  endfacet
  facet normal -0.641418 0.767192 0
    outer loop
      vertex 31.8198 37.4767 38
      vertex 43.3734 47.1362 36.5
      vertex 31.8198 37.4767 36.9412
    endloop
  endfacet
  facet normal -0.641421 0.767189 0
    outer loop
      vertex 43.3734 47.1362 36.5
      vertex 53.3866 55.5079 36.5
      vertex 53.3866 55.5079 36.0667
    endloop
  endfacet
  facet normal 0 0 1
    outer loop
      vertex 31.8198 37.4767 38
      vertex 34.6482 28.9914 38
      vertex 37.4767 31.8198 38
    endloop
  endfacet
  facet normal 0 0 1
    outer loop
      vertex 34.6482 28.9914 38
      vertex 31.8198 37.4767 38
      vertex 28.9914 34.6482 38
    endloop
  endfacet
  facet normal 0.707094 -0.707119 0
    outer loop
      vertex 34.6482 28.9914 36
      vertex 37.4767 31.8198 36.2333
      vertex 34.6482 28.9914 36.3667
    endloop
  endfacet
  facet normal 0.707094 -0.707119 0
    outer loop
      vertex 37.4767 31.8198 36.2333
      vertex 34.6482 28.9914 36
      vertex 37.4767 31.8198 36
    endloop
  endfacet
  facet normal 0.707082 -0.707132 0
    outer loop
      vertex 37.4767 31.8198 38
      vertex 36.0624 30.4056 37
      vertex 37.4767 31.8198 36.9412
    endloop
  endfacet
  facet normal 0.707094 -0.707119 -3.53547e-05
    outer loop
      vertex 34.6482 28.9914 38
      vertex 36.0624 30.4056 37
      vertex 37.4767 31.8198 38
    endloop
  endfacet
  facet normal 0.707107 -0.707107 0
    outer loop
      vertex 36.0624 30.4056 37
      vertex 34.6482 28.9914 38
      vertex 34.6482 28.9914 37.0857
    endloop
  endfacet
  facet normal 0 0 -1
    outer loop
      vertex 52.6795 50.5581 35
      vertex 53.3866 55.5079 35
      vertex 55.5079 53.3866 35
    endloop
  endfacet
  facet normal 0 0 -1
    outer loop
      vertex 53.3866 55.5079 35
      vertex 52.6795 50.5581 35
      vertex 50.5581 52.6795 35
    endloop
  endfacet
  facet normal -0.262649 0.262658 -0.928454
    outer loop
      vertex 50.5581 52.6795 35
      vertex 31.8198 37.4767 36
      vertex 53.3866 55.5079 35
    endloop
  endfacet
  facet normal -0.262581 0.262572 -0.928497
    outer loop
      vertex 31.8198 37.4767 36
      vertex 50.5581 52.6795 35
      vertex 28.9914 34.6482 36
    endloop
  endfacet
  facet normal -0.0252377 -0.0252377 -0.999363
    outer loop
      vertex 34.6482 28.9914 36
      vertex 50.5581 52.6795 35
      vertex 52.6795 50.5581 35
    endloop
  endfacet
  facet normal -0.0252377 -0.0252377 -0.999363
    outer loop
      vertex 50.5581 52.6795 35
      vertex 34.6482 28.9914 36
      vertex 28.9914 34.6482 36
    endloop
  endfacet
  facet normal 0.418228 0.691796 0.588646
    outer loop
      vertex 65.7609 65.7609 35
      vertex 64.1225 66.7514 35
      vertex 64.7003 64.7003 37
    endloop
  endfacet
  facet normal 0.0488433 0.806894 0.588673
    outer loop
      vertex 64.1225 66.7514 35
      vertex 62.4819 65.3916 37
      vertex 63.6763 65.3193 37
    endloop
  endfacet
  facet normal 0.691796 0.418228 0.588646
    outer loop
      vertex 65.7609 65.7609 35
      vertex 64.7003 64.7003 37
      vertex 66.7514 64.1225 35
    endloop
  endfacet
  facet normal -0.79513 0.145709 0.588674
    outer loop
      vertex 59.2849 64.5742 35
      vertex 58.9398 62.691 35
      vertex 60.4371 62.7816 37
    endloop
  endfacet
  facet normal -0.636336 0.498555 0.588659
    outer loop
      vertex 60.4656 66.0812 35
      vertex 59.2849 64.5742 35
      vertex 61.3907 64.9005 37
    endloop
  endfacet
  facet normal 0.498555 -0.636336 0.588659
    outer loop
      vertex 64.9005 61.3907 37
      vertex 64.5742 59.2849 35
      vertex 66.0812 60.4656 35
    endloop
  endfacet
  facet normal -0.795119 0.145728 0.588684
    outer loop
      vertex 60.6528 63.9585 37
      vertex 59.2849 64.5742 35
      vertex 60.4371 62.7816 37
    endloop
  endfacet
  facet normal 0.691803 0.41819 0.588664
    outer loop
      vertex 66.7514 64.1225 35
      vertex 64.7003 64.7003 37
      vertex 65.3193 63.6763 37
    endloop
  endfacet
  facet normal 0.0488114 0.806908 0.588657
    outer loop
      vertex 64.1225 66.7514 35
      vertex 62.2115 66.867 35
      vertex 62.4819 65.3916 37
    endloop
  endfacet
  facet normal 0.737164 -0.331764 0.588661
    outer loop
      vertex 65.3916 62.4819 37
      vertex 64.9005 61.3907 37
      vertex 66.867 62.2115 35
    endloop
  endfacet
  facet normal -0.240506 -0.771763 0.588675
    outer loop
      vertex 62.7816 60.4371 37
      vertex 60.8632 59.5094 35
      vertex 62.691 58.9398 35
    endloop
  endfacet
  facet normal 0.806908 0.0488114 0.588657
    outer loop
      vertex 66.7514 64.1225 35
      vertex 65.3916 62.4819 37
      vertex 66.867 62.2115 35
    endloop
  endfacet
  facet normal -0 0 1
    outer loop
      vertex 66.7514 64.1225 35
      vertex 67.9325 62.9325 35
      vertex 67.5519 64.8459 35
    endloop
  endfacet
  facet normal 0 0 1
    outer loop
      vertex 67.9325 62.9325 35
      vertex 66.867 62.2115 35
      vertex 67.5519 61.0191 35
    endloop
  endfacet
  facet normal 0 0 1
    outer loop
      vertex 67.9325 62.9325 35
      vertex 66.7514 64.1225 35
      vertex 66.867 62.2115 35
    endloop
  endfacet
  facet normal -0 0 1
    outer loop
      vertex 65.7609 65.7609 35
      vertex 67.5519 64.8459 35
      vertex 66.468 66.468 35
    endloop
  endfacet
  facet normal 0 0 1
    outer loop
      vertex 67.5519 64.8459 35
      vertex 65.7609 65.7609 35
      vertex 66.7514 64.1225 35
    endloop
  endfacet
  facet normal 0 0 1
    outer loop
      vertex 64.8459 67.5519 35
      vertex 65.7609 65.7609 35
      vertex 66.468 66.468 35
    endloop
  endfacet
  facet normal 0 0 1
    outer loop
      vertex 64.8459 67.5519 35
      vertex 64.1225 66.7514 35
      vertex 65.7609 65.7609 35
    endloop
  endfacet
  facet normal 0 0 1
    outer loop
      vertex 62.9325 67.9325 35
      vertex 64.1225 66.7514 35
      vertex 64.8459 67.5519 35
    endloop
  endfacet
  facet normal 0 0 1
    outer loop
      vertex 62.9325 67.9325 35
      vertex 62.2115 66.867 35
      vertex 64.1225 66.7514 35
    endloop
  endfacet
  facet normal -0 0 1
    outer loop
      vertex 61.0191 67.5519 35
      vertex 62.2115 66.867 35
      vertex 62.9325 67.9325 35
    endloop
  endfacet
  facet normal 0 0 1
    outer loop
      vertex 61.0191 67.5519 35
      vertex 60.4656 66.0812 35
      vertex 62.2115 66.867 35
    endloop
  endfacet
  facet normal -0 0 1
    outer loop
      vertex 59.397 66.468 35
      vertex 60.4656 66.0812 35
      vertex 61.0191 67.5519 35
    endloop
  endfacet
  facet normal 0 0 1
    outer loop
      vertex 59.397 66.468 35
      vertex 59.2849 64.5742 35
      vertex 60.4656 66.0812 35
    endloop
  endfacet
  facet normal -0 0 1
    outer loop
      vertex 58.3131 64.8459 35
      vertex 59.2849 64.5742 35
      vertex 59.397 66.468 35
    endloop
  endfacet
  facet normal 0 0 1
    outer loop
      vertex 57.9325 62.9325 35
      vertex 59.2849 64.5742 35
      vertex 58.3131 64.8459 35
    endloop
  endfacet
  facet normal 0 0 1
    outer loop
      vertex 66.0812 60.4656 35
      vertex 67.5519 61.0191 35
      vertex 66.867 62.2115 35
    endloop
  endfacet
  facet normal 0 0 1
    outer loop
      vertex 67.5519 61.0191 35
      vertex 66.0812 60.4656 35
      vertex 66.468 59.397 35
    endloop
  endfacet
  facet normal 0 0 1
    outer loop
      vertex 64.5742 59.2849 35
      vertex 66.468 59.397 35
      vertex 66.0812 60.4656 35
    endloop
  endfacet
  facet normal 0 0 1
    outer loop
      vertex 66.468 59.397 35
      vertex 64.5742 59.2849 35
      vertex 64.8459 58.3131 35
    endloop
  endfacet
  facet normal 0 0 1
    outer loop
      vertex 64.5742 59.2849 35
      vertex 62.9325 57.9325 35
      vertex 64.8459 58.3131 35
    endloop
  endfacet
  facet normal -0 0 1
    outer loop
      vertex 62.691 58.9398 35
      vertex 62.9325 57.9325 35
      vertex 64.5742 59.2849 35
    endloop
  endfacet
  facet normal 0 0 1
    outer loop
      vertex 62.691 58.9398 35
      vertex 61.0191 58.3131 35
      vertex 62.9325 57.9325 35
    endloop
  endfacet
  facet normal 0 0 1
    outer loop
      vertex 60.8632 59.5094 35
      vertex 61.0191 58.3131 35
      vertex 62.691 58.9398 35
    endloop
  endfacet
  facet normal 0 0 1
    outer loop
      vertex 59.397 59.397 35
      vertex 60.8632 59.5094 35
      vertex 59.5094 60.8632 35
    endloop
  endfacet
  facet normal 0 0 1
    outer loop
      vertex 60.8632 59.5094 35
      vertex 59.397 59.397 35
      vertex 61.0191 58.3131 35
    endloop
  endfacet
  facet normal -0 0 1
    outer loop
      vertex 58.3131 61.0191 35
      vertex 59.5094 60.8632 35
      vertex 58.9398 62.691 35
    endloop
  endfacet
  facet normal 0 0 1
    outer loop
      vertex 59.2849 64.5742 35
      vertex 57.9325 62.9325 35
      vertex 58.9398 62.691 35
    endloop
  endfacet
  facet normal 0 0 1
    outer loop
      vertex 59.5094 60.8632 35
      vertex 58.3131 61.0191 35
      vertex 59.397 59.397 35
    endloop
  endfacet
  facet normal 0 0 1
    outer loop
      vertex 58.9398 62.691 35
      vertex 57.9325 62.9325 35
      vertex 58.3131 61.0191 35
    endloop
  endfacet
  facet normal 0.737163 -0.331784 0.588651
    outer loop
      vertex 66.867 62.2115 35
      vertex 64.9005 61.3907 37
      vertex 66.0812 60.4656 35
    endloop
  endfacet
  facet normal -0.331764 0.737164 0.588661
    outer loop
      vertex 62.2115 66.867 35
      vertex 61.3907 64.9005 37
      vertex 62.4819 65.3916 37
    endloop
  endfacet
  facet normal 0.806894 0.0488433 0.588673
    outer loop
      vertex 66.7514 64.1225 35
      vertex 65.3193 63.6763 37
      vertex 65.3916 62.4819 37
    endloop
  endfacet
  facet normal -0.771763 -0.240506 0.588675
    outer loop
      vertex 60.4371 62.7816 37
      vertex 58.9398 62.691 35
      vertex 59.5094 60.8632 35
    endloop
  endfacet
  facet normal -0.331784 0.737163 0.588651
    outer loop
      vertex 62.2115 66.867 35
      vertex 60.4656 66.0812 35
      vertex 61.3907 64.9005 37
    endloop
  endfacet
  facet normal -0.63636 0.498482 0.588696
    outer loop
      vertex 61.3907 64.9005 37
      vertex 59.2849 64.5742 35
      vertex 60.6528 63.9585 37
    endloop
  endfacet
  facet normal -0.771766 -0.240501 0.588673
    outer loop
      vertex 60.4371 62.7816 37
      vertex 59.5094 60.8632 35
      vertex 60.7931 61.6392 37
    endloop
  endfacet
  facet normal -0.571607 -0.571607 0.588669
    outer loop
      vertex 60.7931 61.6392 37
      vertex 60.8632 59.5094 35
      vertex 61.6392 60.7931 37
    endloop
  endfacet
  facet normal -0.571607 -0.571607 0.588669
    outer loop
      vertex 60.8632 59.5094 35
      vertex 60.7931 61.6392 37
      vertex 59.5094 60.8632 35
    endloop
  endfacet
  facet normal 0.41819 0.691803 0.588664
    outer loop
      vertex 64.1225 66.7514 35
      vertex 63.6763 65.3193 37
      vertex 64.7003 64.7003 37
    endloop
  endfacet
  facet normal 0 0 1
    outer loop
      vertex 65.3193 63.6763 37
      vertex 64.9005 61.3907 37
      vertex 65.3916 62.4819 37
    endloop
  endfacet
  facet normal 0 0 1
    outer loop
      vertex 64.7003 64.7003 37
      vertex 64.9005 61.3907 37
      vertex 65.3193 63.6763 37
    endloop
  endfacet
  facet normal 0 0 1
    outer loop
      vertex 64.7003 64.7003 37
      vertex 63.9585 60.6528 37
      vertex 64.9005 61.3907 37
    endloop
  endfacet
  facet normal 0 0 1
    outer loop
      vertex 63.6763 65.3193 37
      vertex 63.9585 60.6528 37
      vertex 64.7003 64.7003 37
    endloop
  endfacet
  facet normal 0 0 1
    outer loop
      vertex 63.6763 65.3193 37
      vertex 62.7816 60.4371 37
      vertex 63.9585 60.6528 37
    endloop
  endfacet
  facet normal 0 0 1
    outer loop
      vertex 62.4819 65.3916 37
      vertex 62.7816 60.4371 37
      vertex 63.6763 65.3193 37
    endloop
  endfacet
  facet normal 0 0 1
    outer loop
      vertex 62.4819 65.3916 37
      vertex 61.6392 60.7931 37
      vertex 62.7816 60.4371 37
    endloop
  endfacet
  facet normal -0 0 1
    outer loop
      vertex 61.3907 64.9005 37
      vertex 61.6392 60.7931 37
      vertex 62.4819 65.3916 37
    endloop
  endfacet
  facet normal 0 0 1
    outer loop
      vertex 61.3907 64.9005 37
      vertex 60.7931 61.6392 37
      vertex 61.6392 60.7931 37
    endloop
  endfacet
  facet normal -0 0 1
    outer loop
      vertex 60.6528 63.9585 37
      vertex 60.7931 61.6392 37
      vertex 61.3907 64.9005 37
    endloop
  endfacet
  facet normal 0 0 1
    outer loop
      vertex 60.7931 61.6392 37
      vertex 60.6528 63.9585 37
      vertex 60.4371 62.7816 37
    endloop
  endfacet
  facet normal 0.145709 -0.79513 0.588674
    outer loop
      vertex 62.7816 60.4371 37
      vertex 62.691 58.9398 35
      vertex 64.5742 59.2849 35
    endloop
  endfacet
  facet normal -0.240501 -0.771766 0.588673
    outer loop
      vertex 61.6392 60.7931 37
      vertex 60.8632 59.5094 35
      vertex 62.7816 60.4371 37
    endloop
  endfacet
  facet normal 0.145728 -0.795119 0.588684
    outer loop
      vertex 63.9585 60.6528 37
      vertex 62.7816 60.4371 37
      vertex 64.5742 59.2849 35
    endloop
  endfacet
  facet normal 0.498482 -0.63636 0.588696
    outer loop
      vertex 64.9005 61.3907 37
      vertex 63.9585 60.6528 37
      vertex 64.5742 59.2849 35
    endloop
  endfacet
  facet normal 0.195091 0.980785 -0
    outer loop
      vertex 64.8459 67.5519 31
      vertex 62.9325 67.9325 35
      vertex 64.8459 67.5519 35
    endloop
  endfacet
  facet normal 0.195091 0.980785 0
    outer loop
      vertex 62.9325 67.9325 35
      vertex 64.8459 67.5519 31
      vertex 62.9325 67.9325 31
    endloop
  endfacet
  facet normal 0.555587 0.831458 -0
    outer loop
      vertex 66.468 66.468 31
      vertex 64.8459 67.5519 35
      vertex 66.468 66.468 35
    endloop
  endfacet
  facet normal 0.555587 0.831458 0
    outer loop
      vertex 64.8459 67.5519 35
      vertex 66.468 66.468 31
      vertex 64.8459 67.5519 31
    endloop
  endfacet
  facet normal -0.831458 -0.555587 0
    outer loop
      vertex 59.397 59.397 31
      vertex 58.3131 61.0191 35
      vertex 58.3131 61.0191 31
    endloop
  endfacet
  facet normal -0.831458 -0.555587 0
    outer loop
      vertex 58.3131 61.0191 35
      vertex 59.397 59.397 31
      vertex 59.397 59.397 35
    endloop
  endfacet
  facet normal -0.555587 -0.831458 0
    outer loop
      vertex 59.397 59.397 31
      vertex 61.0191 58.3131 35
      vertex 59.397 59.397 35
    endloop
  endfacet
  facet normal -0.555587 -0.831458 -0
    outer loop
      vertex 61.0191 58.3131 35
      vertex 59.397 59.397 31
      vertex 61.0191 58.3131 31
    endloop
  endfacet
  facet normal -0.831458 0.555587 0
    outer loop
      vertex 58.3131 64.8459 31
      vertex 59.397 66.468 35
      vertex 59.397 66.468 31
    endloop
  endfacet
  facet normal -0.831458 0.555587 0
    outer loop
      vertex 59.397 66.468 35
      vertex 58.3131 64.8459 31
      vertex 58.3131 64.8459 35
    endloop
  endfacet
  facet normal -0.195091 -0.980785 0
    outer loop
      vertex 61.0191 58.3131 31
      vertex 62.9325 57.9325 35
      vertex 61.0191 58.3131 35
    endloop
  endfacet
  facet normal -0.195091 -0.980785 -0
    outer loop
      vertex 62.9325 57.9325 35
      vertex 61.0191 58.3131 31
      vertex 62.9325 57.9325 31
    endloop
  endfacet
  facet normal 0.831458 -0.555587 0
    outer loop
      vertex 66.468 59.397 35
      vertex 67.5519 61.0191 31
      vertex 67.5519 61.0191 35
    endloop
  endfacet
  facet normal 0.831458 -0.555587 0
    outer loop
      vertex 67.5519 61.0191 31
      vertex 66.468 59.397 35
      vertex 66.468 59.397 31
    endloop
  endfacet
  facet normal 0.980785 0.195091 0
    outer loop
      vertex 67.9325 62.9325 35
      vertex 67.5519 64.8459 31
      vertex 67.5519 64.8459 35
    endloop
  endfacet
  facet normal 0.980785 0.195091 0
    outer loop
      vertex 67.5519 64.8459 31
      vertex 67.9325 62.9325 35
      vertex 67.9325 62.9325 31
    endloop
  endfacet
  facet normal -0.195091 0.980785 0
    outer loop
      vertex 62.9325 67.9325 31
      vertex 61.0191 67.5519 35
      vertex 62.9325 67.9325 35
    endloop
  endfacet
  facet normal -0.195091 0.980785 0
    outer loop
      vertex 61.0191 67.5519 35
      vertex 62.9325 67.9325 31
      vertex 61.0191 67.5519 31
    endloop
  endfacet
  facet normal 0.831458 0.555587 0
    outer loop
      vertex 67.5519 64.8459 35
      vertex 66.468 66.468 31
      vertex 66.468 66.468 35
    endloop
  endfacet
  facet normal 0.831458 0.555587 0
    outer loop
      vertex 66.468 66.468 31
      vertex 67.5519 64.8459 35
      vertex 67.5519 64.8459 31
    endloop
  endfacet
  facet normal -0.980785 -0.195091 0
    outer loop
      vertex 58.3131 61.0191 31
      vertex 57.9325 62.9325 35
      vertex 57.9325 62.9325 31
    endloop
  endfacet
  facet normal -0.980785 -0.195091 0
    outer loop
      vertex 57.9325 62.9325 35
      vertex 58.3131 61.0191 31
      vertex 58.3131 61.0191 35
    endloop
  endfacet
  facet normal 0.980785 -0.195091 0
    outer loop
      vertex 67.5519 61.0191 35
      vertex 67.9325 62.9325 31
      vertex 67.9325 62.9325 35
    endloop
  endfacet
  facet normal 0.980785 -0.195091 0
    outer loop
      vertex 67.9325 62.9325 31
      vertex 67.5519 61.0191 35
      vertex 67.5519 61.0191 31
    endloop
  endfacet
  facet normal -0.555587 0.831458 0
    outer loop
      vertex 61.0191 67.5519 31
      vertex 59.397 66.468 35
      vertex 61.0191 67.5519 35
    endloop
  endfacet
  facet normal -0.555587 0.831458 0
    outer loop
      vertex 59.397 66.468 35
      vertex 61.0191 67.5519 31
      vertex 59.397 66.468 31
    endloop
  endfacet
  facet normal -0.980785 0.195091 0
    outer loop
      vertex 57.9325 62.9325 31
      vertex 58.3131 64.8459 35
      vertex 58.3131 64.8459 31
    endloop
  endfacet
  facet normal -0.980785 0.195091 0
    outer loop
      vertex 58.3131 64.8459 35
      vertex 57.9325 62.9325 31
      vertex 57.9325 62.9325 35
    endloop
  endfacet
  facet normal 0 0 -1
    outer loop
      vertex 67.5519 61.0191 31
      vertex 67.5519 64.8459 31
      vertex 67.9325 62.9325 31
    endloop
  endfacet
  facet normal 0 0 -1
    outer loop
      vertex 66.468 59.397 31
      vertex 67.5519 64.8459 31
      vertex 67.5519 61.0191 31
    endloop
  endfacet
  facet normal 0 0 -1
    outer loop
      vertex 66.468 59.397 31
      vertex 66.468 66.468 31
      vertex 67.5519 64.8459 31
    endloop
  endfacet
  facet normal 0 0 -1
    outer loop
      vertex 64.8459 58.3131 31
      vertex 66.468 66.468 31
      vertex 66.468 59.397 31
    endloop
  endfacet
  facet normal 0 0 -1
    outer loop
      vertex 64.8459 58.3131 31
      vertex 64.8459 67.5519 31
      vertex 66.468 66.468 31
    endloop
  endfacet
  facet normal 0 0 -1
    outer loop
      vertex 62.9325 57.9325 31
      vertex 64.8459 67.5519 31
      vertex 64.8459 58.3131 31
    endloop
  endfacet
  facet normal 0 0 -1
    outer loop
      vertex 62.9325 57.9325 31
      vertex 62.9325 67.9325 31
      vertex 64.8459 67.5519 31
    endloop
  endfacet
  facet normal 0 0 -1
    outer loop
      vertex 61.0191 58.3131 31
      vertex 62.9325 67.9325 31
      vertex 62.9325 57.9325 31
    endloop
  endfacet
  facet normal 0 0 -1
    outer loop
      vertex 61.0191 58.3131 31
      vertex 61.0191 67.5519 31
      vertex 62.9325 67.9325 31
    endloop
  endfacet
  facet normal 0 0 -1
    outer loop
      vertex 59.397 59.397 31
      vertex 61.0191 67.5519 31
      vertex 61.0191 58.3131 31
    endloop
  endfacet
  facet normal 0 0 -1
    outer loop
      vertex 59.397 59.397 31
      vertex 59.397 66.468 31
      vertex 61.0191 67.5519 31
    endloop
  endfacet
  facet normal 0 0 -1
    outer loop
      vertex 58.3131 61.0191 31
      vertex 59.397 66.468 31
      vertex 59.397 59.397 31
    endloop
  endfacet
  facet normal 0 0 -1
    outer loop
      vertex 58.3131 61.0191 31
      vertex 58.3131 64.8459 31
      vertex 59.397 66.468 31
    endloop
  endfacet
  facet normal 0 -0 -1
    outer loop
      vertex 58.3131 64.8459 31
      vertex 58.3131 61.0191 31
      vertex 57.9325 62.9325 31
    endloop
  endfacet
  facet normal 0.555587 -0.831458 0
    outer loop
      vertex 64.8459 58.3131 31
      vertex 66.468 59.397 35
      vertex 64.8459 58.3131 35
    endloop
  endfacet
  facet normal 0.555587 -0.831458 0
    outer loop
      vertex 66.468 59.397 35
      vertex 64.8459 58.3131 31
      vertex 66.468 59.397 31
    endloop
  endfacet
  facet normal 0.195091 -0.980785 0
    outer loop
      vertex 62.9325 57.9325 31
      vertex 64.8459 58.3131 35
      vertex 62.9325 57.9325 35
    endloop
  endfacet
  facet normal 0.195091 -0.980785 0
    outer loop
      vertex 64.8459 58.3131 35
      vertex 62.9325 57.9325 31
      vertex 64.8459 58.3131 31
    endloop
  endfacet
  facet normal 0.707107 -0.707107 0
    outer loop
      vertex -71.4178 68.5894 36
      vertex -68.5894 71.4178 35.5
      vertex -68.5894 71.4178 36
    endloop
  endfacet
  facet normal 0.707107 -0.707107 0
    outer loop
      vertex -68.5894 71.4178 35.5
      vertex -71.4178 68.5894 36
      vertex -71.4178 68.5894 35.5
    endloop
  endfacet
  facet normal -0.0207883 0.0207883 -0.999568
    outer loop
      vertex -83.8805 88.6535 36
      vertex -72.832 75.6604 35.5
      vertex -72.933 75.5594 35.5
    endloop
  endfacet
  facet normal -0.0207893 0.0207875 -0.999568
    outer loop
      vertex -72.832 75.6604 35.5
      vertex -83.8805 88.6535 36
      vertex -82.7315 89.8026 36
    endloop
  endfacet
  facet normal -0.0207883 0.0207883 -0.999568
    outer loop
      vertex -75.6604 72.832 35.5
      vertex -88.6535 83.8805 36
      vertex -75.5594 72.933 35.5
    endloop
  endfacet
  facet normal -0.0207875 0.0207893 -0.999568
    outer loop
      vertex -88.6535 83.8805 36
      vertex -75.6604 72.832 35.5
      vertex -89.8026 82.7315 36
    endloop
  endfacet
  facet normal -0.554697 -0.832052 0
    outer loop
      vertex -84.1457 77.0746 36
      vertex -71.4178 68.5894 36
      vertex -84.1457 77.0746 36.5
    endloop
  endfacet
  facet normal -0.554697 -0.832052 -0
    outer loop
      vertex -71.4178 68.5894 36
      vertex -84.1457 77.0746 36
      vertex -71.4178 68.5894 35.5
    endloop
  endfacet
  facet normal 0 0 -1
    outer loop
      vertex -71.4178 68.5894 35.5
      vertex -70.3571 72.4784 35.5
      vertex -68.5894 71.4178 35.5
    endloop
  endfacet
  facet normal 0 0 -1
    outer loop
      vertex -71.4178 68.5894 35.5
      vertex -72.4784 70.3571 35.5
      vertex -70.3571 72.4784 35.5
    endloop
  endfacet
  facet normal 0 0 -1
    outer loop
      vertex -75.6604 72.832 35.5
      vertex -72.4784 70.3571 35.5
      vertex -71.4178 68.5894 35.5
    endloop
  endfacet
  facet normal 0 0 -1
    outer loop
      vertex -72.4784 70.3571 35.5
      vertex -75.6604 72.832 35.5
      vertex -75.5594 72.933 35.5
    endloop
  endfacet
  facet normal 0 0 -1
    outer loop
      vertex -70.3571 72.4784 35.5
      vertex -72.832 75.6604 35.5
      vertex -68.5894 71.4178 35.5
    endloop
  endfacet
  facet normal 0 -0 -1
    outer loop
      vertex -72.832 75.6604 35.5
      vertex -70.3571 72.4784 35.5
      vertex -72.933 75.5594 35.5
    endloop
  endfacet
  facet normal -0.116246 -0.116246 -0.986394
    outer loop
      vertex -84.1457 77.0746 36
      vertex -75.6604 72.832 35.5
      vertex -71.4178 68.5894 35.5
    endloop
  endfacet
  facet normal -0.116246 -0.116246 -0.986394
    outer loop
      vertex -75.6604 72.832 35.5
      vertex -84.1457 77.0746 36
      vertex -89.8026 82.7315 36
    endloop
  endfacet
  facet normal 0.116246 0.116246 -0.986394
    outer loop
      vertex -72.832 75.6604 35.5
      vertex -77.0746 84.1457 36
      vertex -68.5894 71.4178 35.5
    endloop
  endfacet
  facet normal 0.116246 0.116246 -0.986394
    outer loop
      vertex -77.0746 84.1457 36
      vertex -72.832 75.6604 35.5
      vertex -82.7315 89.8026 36
    endloop
  endfacet
  facet normal 0.0235912 -0.0235346 0.999445
    outer loop
      vertex -77.0746 84.1457 36.5
      vertex -70.3571 72.4784 36.0667
      vertex -68.5894 71.4178 36
    endloop
  endfacet
  facet normal 0.0235544 -0.0235558 0.999445
    outer loop
      vertex -70.3571 72.4784 36.0667
      vertex -77.0746 84.1457 36.5
      vertex -78.7288 82.4916 36.5
    endloop
  endfacet
  facet normal 0.02357 -0.02357 0.999444
    outer loop
      vertex -70.3571 72.4784 36.0667
      vertex -71.4178 68.5894 36
      vertex -68.5894 71.4178 36
    endloop
  endfacet
  facet normal 0.02357 -0.02357 0.999444
    outer loop
      vertex -72.4784 70.3571 36.0667
      vertex -71.4178 68.5894 36
      vertex -70.3571 72.4784 36.0667
    endloop
  endfacet
  facet normal 0.0235558 -0.0235544 0.999445
    outer loop
      vertex -84.1457 77.0746 36.5
      vertex -72.4784 70.3571 36.0667
      vertex -82.4916 78.7288 36.5
    endloop
  endfacet
  facet normal 0.0235346 -0.0235912 0.999445
    outer loop
      vertex -72.4784 70.3571 36.0667
      vertex -84.1457 77.0746 36.5
      vertex -71.4178 68.5894 36
    endloop
  endfacet
  facet normal 0.832052 0.554697 0
    outer loop
      vertex -68.5894 71.4178 36
      vertex -77.0746 84.1457 36
      vertex -77.0746 84.1457 36.5
    endloop
  endfacet
  facet normal 0.832052 0.554697 0
    outer loop
      vertex -77.0746 84.1457 36
      vertex -68.5894 71.4178 36
      vertex -68.5894 71.4178 35.5
    endloop
  endfacet
  facet normal 0.707073 0.70714 0
    outer loop
      vertex -87.6812 97.5807 37
      vertex -91.9239 101.823 36.5
      vertex -91.9239 101.823 37
    endloop
  endfacet
  facet normal 0.707073 0.70714 0
    outer loop
      vertex -91.9239 101.823 36.5
      vertex -87.6812 97.5807 37
      vertex -87.6812 97.5807 36.5
    endloop
  endfacet
  facet normal -0.1715 -0.1715 -0.970142
    outer loop
      vertex -97.5807 87.6812 36.5
      vertex -89.8026 82.7315 36
      vertex -84.1457 77.0746 36
    endloop
  endfacet
  facet normal -0.171474 -0.171458 -0.970154
    outer loop
      vertex -89.8026 82.7315 36
      vertex -97.5807 87.6812 36.5
      vertex -101.823 91.9239 36.5
    endloop
  endfacet
  facet normal -0.0235526 0.0235546 -0.999445
    outer loop
      vertex -89.8026 82.7315 36
      vertex -94.0452 88.3884 36.2333
      vertex -88.6535 83.8805 36
    endloop
  endfacet
  facet normal -0.0235696 0.0235419 -0.999445
    outer loop
      vertex -101.823 91.9239 36.5
      vertex -94.0452 88.3884 36.2333
      vertex -89.8026 82.7315 36
    endloop
  endfacet
  facet normal -0.0235472 0.023591 -0.999444
    outer loop
      vertex -94.0452 88.3884 36.2333
      vertex -101.823 91.9239 36.5
      vertex -96.8736 91.2168 36.3667
    endloop
  endfacet
  facet normal -0.0235546 0.0235526 -0.999445
    outer loop
      vertex -88.3884 94.0452 36.2333
      vertex -82.7315 89.8026 36
      vertex -83.8805 88.6535 36
    endloop
  endfacet
  facet normal -0.023591 0.0235472 -0.999444
    outer loop
      vertex -91.9239 101.823 36.5
      vertex -88.3884 94.0452 36.2333
      vertex -91.2168 96.8736 36.3667
    endloop
  endfacet
  facet normal -0.0235419 0.0235696 -0.999445
    outer loop
      vertex -88.3884 94.0452 36.2333
      vertex -91.9239 101.823 36.5
      vertex -82.7315 89.8026 36
    endloop
  endfacet
  facet normal -0.0235527 0.0235527 -0.999445
    outer loop
      vertex -96.8736 91.2168 36.3667
      vertex -91.9239 101.823 36.5
      vertex -91.2168 96.8736 36.3667
    endloop
  endfacet
  facet normal -0.0235527 0.0235527 -0.999445
    outer loop
      vertex -91.9239 101.823 36.5
      vertex -96.8736 91.2168 36.3667
      vertex -101.823 91.9239 36.5
    endloop
  endfacet
  facet normal -0.619645 -0.784882 0
    outer loop
      vertex -97.5807 87.6812 36.5
      vertex -84.1457 77.0746 36.5
      vertex -97.5807 87.6812 37
    endloop
  endfacet
  facet normal -0.619645 -0.784882 -0
    outer loop
      vertex -84.1457 77.0746 36.5
      vertex -97.5807 87.6812 36.5
      vertex -84.1457 77.0746 36
    endloop
  endfacet
  facet normal 0.0207943 -0.0207836 0.999568
    outer loop
      vertex -88.3884 94.0452 36.9412
      vertex -77.0746 84.1457 36.5
      vertex -87.6812 97.5807 37
    endloop
  endfacet
  facet normal 0.0207887 -0.02079 0.999568
    outer loop
      vertex -77.0746 84.1457 36.5
      vertex -88.3884 94.0452 36.9412
      vertex -78.7288 82.4916 36.5
    endloop
  endfacet
  facet normal 0.0207797 -0.0207806 0.999568
    outer loop
      vertex -88.3884 94.0452 36.9412
      vertex -87.6812 97.5807 37
      vertex -89.8026 95.4594 37
    endloop
  endfacet
  facet normal 0.02079 -0.0207887 0.999568
    outer loop
      vertex -94.0452 88.3884 36.9412
      vertex -84.1457 77.0746 36.5
      vertex -82.4916 78.7288 36.5
    endloop
  endfacet
  facet normal 0.0207806 -0.0207797 0.999568
    outer loop
      vertex -97.5807 87.6812 37
      vertex -94.0452 88.3884 36.9412
      vertex -95.4594 89.8026 37
    endloop
  endfacet
  facet normal 0.0207836 -0.0207943 0.999568
    outer loop
      vertex -94.0452 88.3884 36.9412
      vertex -97.5807 87.6812 37
      vertex -84.1457 77.0746 36.5
    endloop
  endfacet
  facet normal 0.1715 0.1715 -0.970142
    outer loop
      vertex -82.7315 89.8026 36
      vertex -87.6812 97.5807 36.5
      vertex -77.0746 84.1457 36
    endloop
  endfacet
  facet normal 0.171458 0.171474 -0.970154
    outer loop
      vertex -87.6812 97.5807 36.5
      vertex -82.7315 89.8026 36
      vertex -91.9239 101.823 36.5
    endloop
  endfacet
  facet normal 0.784882 0.619645 0
    outer loop
      vertex -77.0746 84.1457 36.5
      vertex -87.6812 97.5807 36.5
      vertex -87.6812 97.5807 37
    endloop
  endfacet
  facet normal 0.784882 0.619645 0
    outer loop
      vertex -87.6812 97.5807 36.5
      vertex -77.0746 84.1457 36.5
      vertex -77.0746 84.1457 36
    endloop
  endfacet
  facet normal -0.70714 -0.707073 0
    outer loop
      vertex -101.823 91.9239 36.5
      vertex -97.5807 87.6812 37
      vertex -101.823 91.9239 37
    endloop
  endfacet
  facet normal -0.70714 -0.707073 -0
    outer loop
      vertex -97.5807 87.6812 37
      vertex -101.823 91.9239 36.5
      vertex -97.5807 87.6812 36.5
    endloop
  endfacet
  facet normal -0.116251 0.116251 -0.986393
    outer loop
      vertex -101.823 91.9239 36.5
      vertex -95.4594 102.53 37
      vertex -91.9239 101.823 36.5
    endloop
  endfacet
  facet normal -0.116251 0.116251 -0.986393
    outer loop
      vertex -95.4594 102.53 37
      vertex -101.823 91.9239 36.5
      vertex -102.53 95.4594 37
    endloop
  endfacet
  facet normal 0.104895 0.104905 0.988935
    outer loop
      vertex -91.9239 101.823 37
      vertex -94.0452 101.116 37.3
      vertex -87.6812 97.5807 37
    endloop
  endfacet
  facet normal 0.104893 0.104908 0.988935
    outer loop
      vertex -94.0452 101.116 37.3
      vertex -91.9239 101.823 37
      vertex -95.4594 102.53 37.3
    endloop
  endfacet
  facet normal -0.707107 0.707107 0
    outer loop
      vertex -102.53 95.4594 37
      vertex -95.4594 102.53 37.3
      vertex -95.4594 102.53 37
    endloop
  endfacet
  facet normal -0.707107 0.707107 0
    outer loop
      vertex -95.4594 102.53 37.3
      vertex -102.53 95.4594 37
      vertex -102.53 95.4594 37.3
    endloop
  endfacet
  facet normal -0.980586 -0.196089 -0
    outer loop
      vertex -101.823 91.9239 37
      vertex -102.53 95.4594 37
      vertex -101.823 91.9239 36.5
    endloop
  endfacet
  facet normal -0.980586 -0.196089 0
    outer loop
      vertex -102.53 95.4594 37
      vertex -101.823 91.9239 37
      vertex -102.53 95.4594 37.3
    endloop
  endfacet
  facet normal 0.0302713 -0.0302728 0.999083
    outer loop
      vertex -87.6812 97.5807 37
      vertex -91.2168 96.8736 37.0857
      vertex -89.8026 95.4594 37
    endloop
  endfacet
  facet normal 0.0302736 -0.0302842 0.999083
    outer loop
      vertex -94.0452 101.116 37.3
      vertex -91.2168 96.8736 37.0857
      vertex -87.6812 97.5807 37
    endloop
  endfacet
  facet normal 0.0302799 -0.0302799 0.999083
    outer loop
      vertex -94.0452 101.116 37.3
      vertex -96.8736 91.2168 37.0857
      vertex -91.2168 96.8736 37.0857
    endloop
  endfacet
  facet normal 0.0302842 -0.0302736 0.999083
    outer loop
      vertex -96.8736 91.2168 37.0857
      vertex -101.116 94.0452 37.3
      vertex -97.5807 87.6812 37
    endloop
  endfacet
  facet normal 0.0302799 -0.0302799 0.999083
    outer loop
      vertex -101.116 94.0452 37.3
      vertex -96.8736 91.2168 37.0857
      vertex -94.0452 101.116 37.3
    endloop
  endfacet
  facet normal 0.0302728 -0.0302713 0.999083
    outer loop
      vertex -95.4594 89.8026 37
      vertex -96.8736 91.2168 37.0857
      vertex -97.5807 87.6812 37
    endloop
  endfacet
  facet normal 0 0 1
    outer loop
      vertex -95.4594 102.53 37.3
      vertex -101.116 94.0452 37.3
      vertex -94.0452 101.116 37.3
    endloop
  endfacet
  facet normal 0 -0 1
    outer loop
      vertex -101.116 94.0452 37.3
      vertex -95.4594 102.53 37.3
      vertex -102.53 95.4594 37.3
    endloop
  endfacet
  facet normal 0.196089 0.980586 0
    outer loop
      vertex -91.9239 101.823 37
      vertex -95.4594 102.53 37
      vertex -95.4594 102.53 37.3
    endloop
  endfacet
  facet normal 0.196089 0.980586 0
    outer loop
      vertex -95.4594 102.53 37
      vertex -91.9239 101.823 37
      vertex -91.9239 101.823 36.5
    endloop
  endfacet
  facet normal -0.104905 -0.104895 0.988935
    outer loop
      vertex -101.116 94.0452 37.3
      vertex -101.823 91.9239 37
      vertex -97.5807 87.6812 37
    endloop
  endfacet
  facet normal -0.104908 -0.104893 0.988935
    outer loop
      vertex -101.823 91.9239 37
      vertex -101.116 94.0452 37.3
      vertex -102.53 95.4594 37.3
    endloop
  endfacet
  facet normal -0.707107 0.707107 0
    outer loop
      vertex -96.8736 91.2168 36
      vertex -91.2168 96.8736 36.3667
      vertex -91.2168 96.8736 36
    endloop
  endfacet
  facet normal -0.707107 0.707107 0
    outer loop
      vertex -91.2168 96.8736 36.3667
      vertex -96.8736 91.2168 36
      vertex -96.8736 91.2168 36.3667
    endloop
  endfacet
  facet normal -0.707107 0.707107 0
    outer loop
      vertex -96.8736 91.2168 37.0857
      vertex -91.2168 96.8736 38
      vertex -91.2168 96.8736 37.0857
    endloop
  endfacet
  facet normal -0.707107 0.707107 0
    outer loop
      vertex -91.2168 96.8736 38
      vertex -96.8736 91.2168 37.0857
      vertex -96.8736 91.2168 38
    endloop
  endfacet
  facet normal -0.641428 -0.767183 0
    outer loop
      vertex -94.0452 88.3884 36
      vertex -88.6535 83.8805 36
      vertex -94.0452 88.3884 36.2333
    endloop
  endfacet
  facet normal -0.641428 -0.767183 -0.000230155
    outer loop
      vertex -72.4784 70.3571 35
      vertex -88.6535 83.8805 36
      vertex -94.0452 88.3884 36
    endloop
  endfacet
  facet normal -0.641418 -0.767192 0
    outer loop
      vertex -75.5594 72.933 35.5
      vertex -72.4784 70.3571 35
      vertex -72.4784 70.3571 35.5
    endloop
  endfacet
  facet normal -0.64142 -0.76719 -2.37993e-05
    outer loop
      vertex -88.6535 83.8805 36
      vertex -72.4784 70.3571 35
      vertex -75.5594 72.933 35.5
    endloop
  endfacet
  facet normal -0.641422 -0.767188 0
    outer loop
      vertex -82.4916 78.7288 36.5
      vertex -94.0452 88.3884 38
      vertex -94.0452 88.3884 36.9412
    endloop
  endfacet
  facet normal -0.641421 -0.767189 1.19319e-05
    outer loop
      vertex -82.4916 78.7288 36.5
      vertex -72.4784 70.3571 36.5
      vertex -94.0452 88.3884 38
    endloop
  endfacet
  facet normal -0.641421 -0.767189 -0
    outer loop
      vertex -72.4784 70.3571 36.5
      vertex -82.4916 78.7288 36.5
      vertex -72.4784 70.3571 36.0667
    endloop
  endfacet
  facet normal 0.707107 -0.707107 0
    outer loop
      vertex -72.4784 70.3571 35.5
      vertex -70.3571 72.4784 35
      vertex -70.3571 72.4784 35.5
    endloop
  endfacet
  facet normal 0.707107 -0.707107 0
    outer loop
      vertex -70.3571 72.4784 35
      vertex -72.4784 70.3571 35.5
      vertex -72.4784 70.3571 35
    endloop
  endfacet
  facet normal 0.707107 -0.707107 0
    outer loop
      vertex -72.4784 70.3571 36.5
      vertex -70.3571 72.4784 36.0667
      vertex -70.3571 72.4784 36.5
    endloop
  endfacet
  facet normal 0.707107 -0.707107 0
    outer loop
      vertex -70.3571 72.4784 36.0667
      vertex -72.4784 70.3571 36.5
      vertex -72.4784 70.3571 36.0667
    endloop
  endfacet
  facet normal 0.0378264 -0.0378264 0.998568
    outer loop
      vertex -88.3884 94.0452 38
      vertex -72.4784 70.3571 36.5
      vertex -70.3571 72.4784 36.5
    endloop
  endfacet
  facet normal 0.0378264 -0.0378264 0.998568
    outer loop
      vertex -72.4784 70.3571 36.5
      vertex -88.3884 94.0452 38
      vertex -94.0452 88.3884 38
    endloop
  endfacet
  facet normal 0.707107 0.707107 0
    outer loop
      vertex -91.2168 96.8736 38
      vertex -89.8026 95.4594 37
      vertex -91.2168 96.8736 37.0857
    endloop
  endfacet
  facet normal 0.707107 0.707107 9.9921e-15
    outer loop
      vertex -88.3884 94.0452 38
      vertex -89.8026 95.4594 37
      vertex -91.2168 96.8736 38
    endloop
  endfacet
  facet normal 0.707107 0.707107 0
    outer loop
      vertex -89.8026 95.4594 37
      vertex -88.3884 94.0452 38
      vertex -88.3884 94.0452 36.9412
    endloop
  endfacet
  facet normal 0.707107 0.707107 0
    outer loop
      vertex -88.3884 94.0452 36.2333
      vertex -91.2168 96.8736 36
      vertex -91.2168 96.8736 36.3667
    endloop
  endfacet
  facet normal 0.707107 0.707107 0
    outer loop
      vertex -91.2168 96.8736 36
      vertex -88.3884 94.0452 36.2333
      vertex -88.3884 94.0452 36
    endloop
  endfacet
  facet normal -0.262615 -0.262615 -0.928475
    outer loop
      vertex -94.0452 88.3884 36
      vertex -75.3069 73.1856 35
      vertex -72.4784 70.3571 35
    endloop
  endfacet
  facet normal -0.262615 -0.262615 -0.928475
    outer loop
      vertex -75.3069 73.1856 35
      vertex -94.0452 88.3884 36
      vertex -96.8736 91.2168 36
    endloop
  endfacet
  facet normal 0.767183 0.641428 0
    outer loop
      vertex -83.8805 88.6535 36
      vertex -88.3884 94.0452 36
      vertex -88.3884 94.0452 36.2333
    endloop
  endfacet
  facet normal 0.76719 0.64142 -2.37993e-05
    outer loop
      vertex -70.3571 72.4784 35
      vertex -83.8805 88.6535 36
      vertex -72.933 75.5594 35.5
    endloop
  endfacet
  facet normal 0.767183 0.641428 -0.000230155
    outer loop
      vertex -83.8805 88.6535 36
      vertex -70.3571 72.4784 35
      vertex -88.3884 94.0452 36
    endloop
  endfacet
  facet normal 0.767192 0.641418 -0
    outer loop
      vertex -70.3571 72.4784 35
      vertex -72.933 75.5594 35.5
      vertex -70.3571 72.4784 35.5
    endloop
  endfacet
  facet normal 0.767188 0.641422 0
    outer loop
      vertex -88.3884 94.0452 38
      vertex -78.7288 82.4916 36.5
      vertex -88.3884 94.0452 36.9412
    endloop
  endfacet
  facet normal 0.767189 0.641421 1.19319e-05
    outer loop
      vertex -70.3571 72.4784 36.5
      vertex -78.7288 82.4916 36.5
      vertex -88.3884 94.0452 38
    endloop
  endfacet
  facet normal 0.767189 0.641421 0
    outer loop
      vertex -78.7288 82.4916 36.5
      vertex -70.3571 72.4784 36.5
      vertex -70.3571 72.4784 36.0667
    endloop
  endfacet
  facet normal 0 0 1
    outer loop
      vertex -91.2168 96.8736 38
      vertex -94.0452 88.3884 38
      vertex -88.3884 94.0452 38
    endloop
  endfacet
  facet normal 0 -0 1
    outer loop
      vertex -94.0452 88.3884 38
      vertex -91.2168 96.8736 38
      vertex -96.8736 91.2168 38
    endloop
  endfacet
  facet normal -0.707107 -0.707107 -0
    outer loop
      vertex -94.0452 88.3884 36.2333
      vertex -96.8736 91.2168 36
      vertex -94.0452 88.3884 36
    endloop
  endfacet
  facet normal -0.707107 -0.707107 0
    outer loop
      vertex -96.8736 91.2168 36
      vertex -94.0452 88.3884 36.2333
      vertex -96.8736 91.2168 36.3667
    endloop
  endfacet
  facet normal -0.707107 -0.707107 0
    outer loop
      vertex -95.4594 89.8026 37
      vertex -96.8736 91.2168 38
      vertex -96.8736 91.2168 37.0857
    endloop
  endfacet
  facet normal -0.707107 -0.707107 -0
    outer loop
      vertex -94.0452 88.3884 38
      vertex -95.4594 89.8026 37
      vertex -94.0452 88.3884 36.9412
    endloop
  endfacet
  facet normal -0.707107 -0.707107 1.00476e-14
    outer loop
      vertex -95.4594 89.8026 37
      vertex -94.0452 88.3884 38
      vertex -96.8736 91.2168 38
    endloop
  endfacet
  facet normal 0 0 -1
    outer loop
      vertex -72.4784 70.3571 35
      vertex -73.1856 75.3069 35
      vertex -70.3571 72.4784 35
    endloop
  endfacet
  facet normal 0 -0 -1
    outer loop
      vertex -73.1856 75.3069 35
      vertex -72.4784 70.3571 35
      vertex -75.3069 73.1856 35
    endloop
  endfacet
  facet normal 0.262615 0.262615 -0.928475
    outer loop
      vertex -73.1856 75.3069 35
      vertex -88.3884 94.0452 36
      vertex -70.3571 72.4784 35
    endloop
  endfacet
  facet normal 0.262615 0.262615 -0.928475
    outer loop
      vertex -88.3884 94.0452 36
      vertex -73.1856 75.3069 35
      vertex -91.2168 96.8736 36
    endloop
  endfacet
  facet normal -0.0252378 0.0252378 -0.999363
    outer loop
      vertex -75.3069 73.1856 35
      vertex -91.2168 96.8736 36
      vertex -73.1856 75.3069 35
    endloop
  endfacet
  facet normal -0.0252378 0.0252378 -0.999363
    outer loop
      vertex -91.2168 96.8736 36
      vertex -75.3069 73.1856 35
      vertex -96.8736 91.2168 36
    endloop
  endfacet
  facet normal -0.707107 0.707107 0
    outer loop
      vertex -57.2757 54.4472 35.5
      vertex -54.4472 57.2757 36
      vertex -54.4472 57.2757 35.5
    endloop
  endfacet
  facet normal -0.707107 0.707107 0
    outer loop
      vertex -54.4472 57.2757 36
      vertex -57.2757 54.4472 35.5
      vertex -57.2757 54.4472 36
    endloop
  endfacet
  facet normal 0.0207893 -0.0207875 -0.999568
    outer loop
      vertex -53.033 50.2046 35.5
      vertex -41.9845 37.2115 36
      vertex -43.1335 36.0624 36
    endloop
  endfacet
  facet normal 0.0207883 -0.0207883 -0.999568
    outer loop
      vertex -41.9845 37.2115 36
      vertex -53.033 50.2046 35.5
      vertex -52.932 50.3056 35.5
    endloop
  endfacet
  facet normal 0.0207875 -0.0207893 -0.999568
    outer loop
      vertex -37.2115 41.9845 36
      vertex -50.2046 53.033 35.5
      vertex -36.0624 43.1335 36
    endloop
  endfacet
  facet normal 0.0207883 -0.0207883 -0.999568
    outer loop
      vertex -50.2046 53.033 35.5
      vertex -37.2115 41.9845 36
      vertex -50.3056 52.932 35.5
    endloop
  endfacet
  facet normal 0.554702 0.832049 -0
    outer loop
      vertex -41.7193 48.7904 36
      vertex -54.4472 57.2757 36
      vertex -41.7193 48.7904 36.5
    endloop
  endfacet
  facet normal 0.554702 0.832049 0
    outer loop
      vertex -54.4472 57.2757 36
      vertex -41.7193 48.7904 36
      vertex -54.4472 57.2757 35.5
    endloop
  endfacet
  facet normal 0 0 -1
    outer loop
      vertex -53.033 50.2046 35.5
      vertex -55.5079 53.3866 35.5
      vertex -52.932 50.3056 35.5
    endloop
  endfacet
  facet normal -0 -0 -1
    outer loop
      vertex -55.5079 53.3866 35.5
      vertex -53.033 50.2046 35.5
      vertex -57.2757 54.4472 35.5
    endloop
  endfacet
  facet normal 0 0 -1
    outer loop
      vertex -53.3866 55.5079 35.5
      vertex -50.2046 53.033 35.5
      vertex -50.3056 52.932 35.5
    endloop
  endfacet
  facet normal 0 0 -1
    outer loop
      vertex -53.3866 55.5079 35.5
      vertex -54.4472 57.2757 35.5
      vertex -50.2046 53.033 35.5
    endloop
  endfacet
  facet normal 0 0 -1
    outer loop
      vertex -55.5079 53.3866 35.5
      vertex -54.4472 57.2757 35.5
      vertex -53.3866 55.5079 35.5
    endloop
  endfacet
  facet normal 0 0 -1
    outer loop
      vertex -54.4472 57.2757 35.5
      vertex -55.5079 53.3866 35.5
      vertex -57.2757 54.4472 35.5
    endloop
  endfacet
  facet normal 0.116246 0.116246 -0.986394
    outer loop
      vertex -50.2046 53.033 35.5
      vertex -41.7193 48.7904 36
      vertex -36.0624 43.1335 36
    endloop
  endfacet
  facet normal 0.116243 0.116241 -0.986395
    outer loop
      vertex -41.7193 48.7904 36
      vertex -50.2046 53.033 35.5
      vertex -54.4472 57.2757 35.5
    endloop
  endfacet
  facet normal -0.116246 -0.116246 -0.986394
    outer loop
      vertex -48.7904 41.7193 36
      vertex -53.033 50.2046 35.5
      vertex -43.1335 36.0624 36
    endloop
  endfacet
  facet normal -0.116241 -0.116243 -0.986395
    outer loop
      vertex -53.033 50.2046 35.5
      vertex -48.7904 41.7193 36
      vertex -57.2757 54.4472 35.5
    endloop
  endfacet
  facet normal -0.0235558 0.0235544 0.999445
    outer loop
      vertex -41.7193 48.7904 36.5
      vertex -53.3866 55.5079 36.0667
      vertex -43.3734 47.1362 36.5
    endloop
  endfacet
  facet normal -0.0235358 0.0235891 0.999445
    outer loop
      vertex -54.4472 57.2757 36
      vertex -53.3866 55.5079 36.0667
      vertex -41.7193 48.7904 36.5
    endloop
  endfacet
  facet normal -0.0235691 0.0235691 0.999444
    outer loop
      vertex -54.4472 57.2757 36
      vertex -55.5079 53.3866 36.0667
      vertex -53.3866 55.5079 36.0667
    endloop
  endfacet
  facet normal -0.0235691 0.0235691 0.999444
    outer loop
      vertex -55.5079 53.3866 36.0667
      vertex -54.4472 57.2757 36
      vertex -57.2757 54.4472 36
    endloop
  endfacet
  facet normal -0.0235544 0.0235558 0.999445
    outer loop
      vertex -55.5079 53.3866 36.0667
      vertex -48.7904 41.7193 36.5
      vertex -47.1362 43.3734 36.5
    endloop
  endfacet
  facet normal -0.0235891 0.0235358 0.999445
    outer loop
      vertex -48.7904 41.7193 36.5
      vertex -55.5079 53.3866 36.0667
      vertex -57.2757 54.4472 36
    endloop
  endfacet
  facet normal -0.832049 -0.554702 0
    outer loop
      vertex -48.7904 41.7193 36
      vertex -57.2757 54.4472 36
      vertex -57.2757 54.4472 35.5
    endloop
  endfacet
  facet normal -0.832049 -0.554702 0
    outer loop
      vertex -57.2757 54.4472 36
      vertex -48.7904 41.7193 36
      vertex -48.7904 41.7193 36.5
    endloop
  endfacet
  facet normal -0.707107 -0.707107 0
    outer loop
      vertex -33.9411 24.0416 36.5
      vertex -38.1838 28.2843 37
      vertex -38.1838 28.2843 36.5
    endloop
  endfacet
  facet normal -0.707107 -0.707107 0
    outer loop
      vertex -38.1838 28.2843 37
      vertex -33.9411 24.0416 36.5
      vertex -33.9411 24.0416 37
    endloop
  endfacet
  facet normal 0.1715 0.1715 -0.970142
    outer loop
      vertex -36.0624 43.1335 36
      vertex -28.2843 38.1838 36.5
      vertex -24.0416 33.9411 36.5
    endloop
  endfacet
  facet normal 0.1715 0.1715 -0.970142
    outer loop
      vertex -28.2843 38.1838 36.5
      vertex -36.0624 43.1335 36
      vertex -41.7193 48.7904 36
    endloop
  endfacet
  facet normal 0.0235511 -0.0235511 -0.999445
    outer loop
      vertex -33.9411 24.0416 36.5
      vertex -28.9914 34.6482 36.3667
      vertex -24.0416 33.9411 36.5
    endloop
  endfacet
  facet normal 0.0235511 -0.0235511 -0.999445
    outer loop
      vertex -33.9411 24.0416 36.5
      vertex -34.6482 28.9914 36.3667
      vertex -28.9914 34.6482 36.3667
    endloop
  endfacet
  facet normal 0.0235923 -0.0235452 -0.999444
    outer loop
      vertex -33.9411 24.0416 36.5
      vertex -37.4767 31.8198 36.2333
      vertex -34.6482 28.9914 36.3667
    endloop
  endfacet
  facet normal 0.0235442 -0.023567 -0.999445
    outer loop
      vertex -43.1335 36.0624 36
      vertex -37.4767 31.8198 36.2333
      vertex -33.9411 24.0416 36.5
    endloop
  endfacet
  facet normal 0.0235549 -0.0235528 -0.999445
    outer loop
      vertex -37.4767 31.8198 36.2333
      vertex -43.1335 36.0624 36
      vertex -41.9845 37.2115 36
    endloop
  endfacet
  facet normal 0.0235452 -0.0235923 -0.999444
    outer loop
      vertex -31.8198 37.4767 36.2333
      vertex -24.0416 33.9411 36.5
      vertex -28.9914 34.6482 36.3667
    endloop
  endfacet
  facet normal 0.023567 -0.0235442 -0.999445
    outer loop
      vertex -31.8198 37.4767 36.2333
      vertex -36.0624 43.1335 36
      vertex -24.0416 33.9411 36.5
    endloop
  endfacet
  facet normal 0.0235528 -0.0235549 -0.999445
    outer loop
      vertex -36.0624 43.1335 36
      vertex -31.8198 37.4767 36.2333
      vertex -37.2115 41.9845 36
    endloop
  endfacet
  facet normal 0.619645 0.784882 -0
    outer loop
      vertex -28.2843 38.1838 36.5
      vertex -41.7193 48.7904 36.5
      vertex -28.2843 38.1838 37
    endloop
  endfacet
  facet normal 0.619645 0.784882 0
    outer loop
      vertex -41.7193 48.7904 36.5
      vertex -28.2843 38.1838 36.5
      vertex -41.7193 48.7904 36
    endloop
  endfacet
  facet normal -0.0207799 0.0207789 0.999568
    outer loop
      vertex -28.2843 38.1838 37
      vertex -31.8198 37.4767 36.9412
      vertex -30.4056 36.0624 37
    endloop
  endfacet
  facet normal -0.0207831 0.0207949 0.999568
    outer loop
      vertex -41.7193 48.7904 36.5
      vertex -31.8198 37.4767 36.9412
      vertex -28.2843 38.1838 37
    endloop
  endfacet
  facet normal -0.0207901 0.0207888 0.999568
    outer loop
      vertex -31.8198 37.4767 36.9412
      vertex -41.7193 48.7904 36.5
      vertex -43.3734 47.1362 36.5
    endloop
  endfacet
  facet normal -0.0207789 0.0207799 0.999568
    outer loop
      vertex -37.4767 31.8198 36.9412
      vertex -38.1838 28.2843 37
      vertex -36.0624 30.4056 37
    endloop
  endfacet
  facet normal -0.0207888 0.0207901 0.999568
    outer loop
      vertex -48.7904 41.7193 36.5
      vertex -37.4767 31.8198 36.9412
      vertex -47.1362 43.3734 36.5
    endloop
  endfacet
  facet normal -0.0207949 0.0207831 0.999568
    outer loop
      vertex -37.4767 31.8198 36.9412
      vertex -48.7904 41.7193 36.5
      vertex -38.1838 28.2843 37
    endloop
  endfacet
  facet normal -0.1715 -0.1715 -0.970142
    outer loop
      vertex -38.1838 28.2843 36.5
      vertex -43.1335 36.0624 36
      vertex -33.9411 24.0416 36.5
    endloop
  endfacet
  facet normal -0.1715 -0.1715 -0.970142
    outer loop
      vertex -43.1335 36.0624 36
      vertex -38.1838 28.2843 36.5
      vertex -48.7904 41.7193 36
    endloop
  endfacet
  facet normal -0.784882 -0.619645 0
    outer loop
      vertex -38.1838 28.2843 36.5
      vertex -48.7904 41.7193 36.5
      vertex -48.7904 41.7193 36
    endloop
  endfacet
  facet normal -0.784882 -0.619645 0
    outer loop
      vertex -48.7904 41.7193 36.5
      vertex -38.1838 28.2843 36.5
      vertex -38.1838 28.2843 37
    endloop
  endfacet
  facet normal 0.707107 0.707107 0
    outer loop
      vertex -24.0416 33.9411 37
      vertex -28.2843 38.1838 36.5
      vertex -28.2843 38.1838 37
    endloop
  endfacet
  facet normal 0.707107 0.707107 0
    outer loop
      vertex -28.2843 38.1838 36.5
      vertex -24.0416 33.9411 37
      vertex -24.0416 33.9411 36.5
    endloop
  endfacet
  facet normal 0.116249 -0.116249 -0.986394
    outer loop
      vertex -30.4056 23.3345 37
      vertex -24.0416 33.9411 36.5
      vertex -23.3345 30.4056 37
    endloop
  endfacet
  facet normal 0.116249 -0.116249 -0.986394
    outer loop
      vertex -24.0416 33.9411 36.5
      vertex -30.4056 23.3345 37
      vertex -33.9411 24.0416 36.5
    endloop
  endfacet
  facet normal -0.104894 -0.104894 0.988936
    outer loop
      vertex -31.8198 24.7487 37.3
      vertex -33.9411 24.0416 37
      vertex -30.4056 23.3345 37.3
    endloop
  endfacet
  facet normal -0.104894 -0.104894 0.988936
    outer loop
      vertex -33.9411 24.0416 37
      vertex -31.8198 24.7487 37.3
      vertex -38.1838 28.2843 37
    endloop
  endfacet
  facet normal 0.707107 -0.707107 0
    outer loop
      vertex -30.4056 23.3345 37.3
      vertex -23.3345 30.4056 37
      vertex -23.3345 30.4056 37.3
    endloop
  endfacet
  facet normal 0.707107 -0.707107 0
    outer loop
      vertex -23.3345 30.4056 37
      vertex -30.4056 23.3345 37.3
      vertex -30.4056 23.3345 37
    endloop
  endfacet
  facet normal 0.980581 0.196116 -0
    outer loop
      vertex -23.3345 30.4056 37
      vertex -24.0416 33.9411 37
      vertex -23.3345 30.4056 37.3
    endloop
  endfacet
  facet normal 0.980581 0.196116 0
    outer loop
      vertex -24.0416 33.9411 37
      vertex -23.3345 30.4056 37
      vertex -24.0416 33.9411 36.5
    endloop
  endfacet
  facet normal -0.0302728 0.0302713 0.999083
    outer loop
      vertex -28.2843 38.1838 37
      vertex -30.4056 36.0624 37
      vertex -28.9914 34.6482 37.0857
    endloop
  endfacet
  facet normal -0.0302823 0.0302732 0.999083
    outer loop
      vertex -28.9914 34.6482 37.0857
      vertex -24.7487 31.8198 37.3
      vertex -28.2843 38.1838 37
    endloop
  endfacet
  facet normal -0.0302787 0.0302787 0.999083
    outer loop
      vertex -28.9914 34.6482 37.0857
      vertex -31.8198 24.7487 37.3
      vertex -24.7487 31.8198 37.3
    endloop
  endfacet
  facet normal -0.0302787 0.0302787 0.999083
    outer loop
      vertex -34.6482 28.9914 37.0857
      vertex -31.8198 24.7487 37.3
      vertex -28.9914 34.6482 37.0857
    endloop
  endfacet
  facet normal -0.0302713 0.0302728 0.999083
    outer loop
      vertex -38.1838 28.2843 37
      vertex -34.6482 28.9914 37.0857
      vertex -36.0624 30.4056 37
    endloop
  endfacet
  facet normal -0.0302732 0.0302823 0.999083
    outer loop
      vertex -34.6482 28.9914 37.0857
      vertex -38.1838 28.2843 37
      vertex -31.8198 24.7487 37.3
    endloop
  endfacet
  facet normal 0 0 1
    outer loop
      vertex -24.7487 31.8198 37.3
      vertex -30.4056 23.3345 37.3
      vertex -23.3345 30.4056 37.3
    endloop
  endfacet
  facet normal 0 -0 1
    outer loop
      vertex -30.4056 23.3345 37.3
      vertex -24.7487 31.8198 37.3
      vertex -31.8198 24.7487 37.3
    endloop
  endfacet
  facet normal -0.196116 -0.980581 0
    outer loop
      vertex -33.9411 24.0416 37
      vertex -30.4056 23.3345 37
      vertex -30.4056 23.3345 37.3
    endloop
  endfacet
  facet normal -0.196116 -0.980581 0
    outer loop
      vertex -30.4056 23.3345 37
      vertex -33.9411 24.0416 37
      vertex -33.9411 24.0416 36.5
    endloop
  endfacet
  facet normal 0.104894 0.104894 0.988936
    outer loop
      vertex -24.0416 33.9411 37
      vertex -24.7487 31.8198 37.3
      vertex -23.3345 30.4056 37.3
    endloop
  endfacet
  facet normal 0.104894 0.104894 0.988936
    outer loop
      vertex -24.7487 31.8198 37.3
      vertex -24.0416 33.9411 37
      vertex -28.2843 38.1838 37
    endloop
  endfacet
  facet normal 0.707107 -0.707107 0
    outer loop
      vertex -34.6482 28.9914 36.3667
      vertex -28.9914 34.6482 36
      vertex -28.9914 34.6482 36.3667
    endloop
  endfacet
  facet normal 0.707107 -0.707107 0
    outer loop
      vertex -28.9914 34.6482 36
      vertex -34.6482 28.9914 36.3667
      vertex -34.6482 28.9914 36
    endloop
  endfacet
  facet normal 0.707107 -0.707107 0
    outer loop
      vertex -34.6482 28.9914 38
      vertex -28.9914 34.6482 37.0857
      vertex -28.9914 34.6482 38
    endloop
  endfacet
  facet normal 0.707107 -0.707107 0
    outer loop
      vertex -28.9914 34.6482 37.0857
      vertex -34.6482 28.9914 38
      vertex -34.6482 28.9914 37.0857
    endloop
  endfacet
  facet normal 0.641419 0.76719 -0
    outer loop
      vertex -31.8198 37.4767 36
      vertex -37.2115 41.9845 36
      vertex -31.8198 37.4767 36.2333
    endloop
  endfacet
  facet normal 0.641419 0.76719 1.61766e-14
    outer loop
      vertex -53.3866 55.5079 35
      vertex -37.2115 41.9845 36
      vertex -31.8198 37.4767 36
    endloop
  endfacet
  facet normal 0.641418 0.767192 0
    outer loop
      vertex -50.3056 52.932 35.5
      vertex -53.3866 55.5079 35
      vertex -53.3866 55.5079 35.5
    endloop
  endfacet
  facet normal 0.64142 0.76719 -2.37993e-05
    outer loop
      vertex -37.2115 41.9845 36
      vertex -53.3866 55.5079 35
      vertex -50.3056 52.932 35.5
    endloop
  endfacet
  facet normal 0.641418 0.767192 0
    outer loop
      vertex -43.3734 47.1362 36.5
      vertex -31.8198 37.4767 38
      vertex -31.8198 37.4767 36.9412
    endloop
  endfacet
  facet normal 0.641421 0.767189 -3.9214e-05
    outer loop
      vertex -43.3734 47.1362 36.5
      vertex -53.3866 55.5079 36.5
      vertex -31.8198 37.4767 38
    endloop
  endfacet
  facet normal 0.641421 0.767189 0
    outer loop
      vertex -53.3866 55.5079 36.5
      vertex -43.3734 47.1362 36.5
      vertex -53.3866 55.5079 36.0667
    endloop
  endfacet
  facet normal -0.707107 0.707107 0
    outer loop
      vertex -55.5079 53.3866 35
      vertex -53.3866 55.5079 35.5
      vertex -53.3866 55.5079 35
    endloop
  endfacet
  facet normal -0.707107 0.707107 0
    outer loop
      vertex -53.3866 55.5079 35.5
      vertex -55.5079 53.3866 35
      vertex -55.5079 53.3866 35.5
    endloop
  endfacet
  facet normal -0.707107 0.707107 0
    outer loop
      vertex -55.5079 53.3866 36.0667
      vertex -53.3866 55.5079 36.5
      vertex -53.3866 55.5079 36.0667
    endloop
  endfacet
  facet normal -0.707107 0.707107 0
    outer loop
      vertex -53.3866 55.5079 36.5
      vertex -55.5079 53.3866 36.0667
      vertex -55.5079 53.3866 36.5
    endloop
  endfacet
  facet normal -0.0378265 0.0378265 0.998568
    outer loop
      vertex -53.3866 55.5079 36.5
      vertex -37.4767 31.8198 38
      vertex -31.8198 37.4767 38
    endloop
  endfacet
  facet normal -0.0378265 0.0378265 0.998568
    outer loop
      vertex -37.4767 31.8198 38
      vertex -53.3866 55.5079 36.5
      vertex -55.5079 53.3866 36.5
    endloop
  endfacet
  facet normal -0.707082 -0.707132 0
    outer loop
      vertex -36.0624 30.4056 37
      vertex -37.4767 31.8198 38
      vertex -37.4767 31.8198 36.9412
    endloop
  endfacet
  facet normal -0.707107 -0.707107 -0
    outer loop
      vertex -34.6482 28.9914 38
      vertex -36.0624 30.4056 37
      vertex -34.6482 28.9914 37.0857
    endloop
  endfacet
  facet normal -0.707094 -0.707119 -3.53547e-05
    outer loop
      vertex -36.0624 30.4056 37
      vertex -34.6482 28.9914 38
      vertex -37.4767 31.8198 38
    endloop
  endfacet
  facet normal -0.707094 -0.707119 0
    outer loop
      vertex -34.6482 28.9914 36
      vertex -37.4767 31.8198 36.2333
      vertex -37.4767 31.8198 36
    endloop
  endfacet
  facet normal -0.707094 -0.707119 0
    outer loop
      vertex -37.4767 31.8198 36.2333
      vertex -34.6482 28.9914 36
      vertex -34.6482 28.9914 36.3667
    endloop
  endfacet
  facet normal 0.262581 0.262572 -0.928497
    outer loop
      vertex -50.5581 52.6795 35
      vertex -31.8198 37.4767 36
      vertex -28.9914 34.6482 36
    endloop
  endfacet
  facet normal 0.262649 0.262658 -0.928454
    outer loop
      vertex -31.8198 37.4767 36
      vertex -50.5581 52.6795 35
      vertex -53.3866 55.5079 35
    endloop
  endfacet
  facet normal -0.767192 -0.641418 0
    outer loop
      vertex -55.5079 53.3866 35
      vertex -52.932 50.3056 35.5
      vertex -55.5079 53.3866 35.5
    endloop
  endfacet
  facet normal -0.76719 -0.64142 -2.37993e-05
    outer loop
      vertex -55.5079 53.3866 35
      vertex -41.9845 37.2115 36
      vertex -52.932 50.3056 35.5
    endloop
  endfacet
  facet normal -0.76719 -0.641419 1.01104e-14
    outer loop
      vertex -37.4767 31.8198 36
      vertex -41.9845 37.2115 36
      vertex -55.5079 53.3866 35
    endloop
  endfacet
  facet normal -0.76719 -0.641419 0
    outer loop
      vertex -41.9845 37.2115 36
      vertex -37.4767 31.8198 36
      vertex -37.4767 31.8198 36.2333
    endloop
  endfacet
  facet normal -0.767189 -0.641421 0
    outer loop
      vertex -47.1362 43.3734 36.5
      vertex -55.5079 53.3866 36.5
      vertex -55.5079 53.3866 36.0667
    endloop
  endfacet
  facet normal -0.767192 -0.641418 -0
    outer loop
      vertex -37.4767 31.8198 38
      vertex -47.1362 43.3734 36.5
      vertex -37.4767 31.8198 36.9412
    endloop
  endfacet
  facet normal -0.767189 -0.641421 -3.9214e-05
    outer loop
      vertex -47.1362 43.3734 36.5
      vertex -37.4767 31.8198 38
      vertex -55.5079 53.3866 36.5
    endloop
  endfacet
  facet normal 0 0 1
    outer loop
      vertex -31.8198 37.4767 38
      vertex -34.6482 28.9914 38
      vertex -28.9914 34.6482 38
    endloop
  endfacet
  facet normal 0 -0 1
    outer loop
      vertex -34.6482 28.9914 38
      vertex -31.8198 37.4767 38
      vertex -37.4767 31.8198 38
    endloop
  endfacet
  facet normal 0.707119 0.707094 -0
    outer loop
      vertex -28.9914 34.6482 36
      vertex -31.8198 37.4767 36.2333
      vertex -28.9914 34.6482 36.3667
    endloop
  endfacet
  facet normal 0.707119 0.707094 0
    outer loop
      vertex -31.8198 37.4767 36.2333
      vertex -28.9914 34.6482 36
      vertex -31.8198 37.4767 36
    endloop
  endfacet
  facet normal 0.707132 0.707082 0
    outer loop
      vertex -31.8198 37.4767 38
      vertex -30.4056 36.0624 37
      vertex -31.8198 37.4767 36.9412
    endloop
  endfacet
  facet normal 0.707119 0.707094 -3.53547e-05
    outer loop
      vertex -28.9914 34.6482 38
      vertex -30.4056 36.0624 37
      vertex -31.8198 37.4767 38
    endloop
  endfacet
  facet normal 0.707107 0.707107 0
    outer loop
      vertex -30.4056 36.0624 37
      vertex -28.9914 34.6482 38
      vertex -28.9914 34.6482 37.0857
    endloop
  endfacet
  facet normal 0 0 -1
    outer loop
      vertex -52.6795 50.5581 35
      vertex -53.3866 55.5079 35
      vertex -50.5581 52.6795 35
    endloop
  endfacet
  facet normal 0 -0 -1
    outer loop
      vertex -53.3866 55.5079 35
      vertex -52.6795 50.5581 35
      vertex -55.5079 53.3866 35
    endloop
  endfacet
  facet normal -0.262572 -0.262581 -0.928497
    outer loop
      vertex -37.4767 31.8198 36
      vertex -52.6795 50.5581 35
      vertex -34.6482 28.9914 36
    endloop
  endfacet
  facet normal -0.262658 -0.262649 -0.928454
    outer loop
      vertex -52.6795 50.5581 35
      vertex -37.4767 31.8198 36
      vertex -55.5079 53.3866 35
    endloop
  endfacet
  facet normal 0.0252377 -0.0252377 -0.999363
    outer loop
      vertex -34.6482 28.9914 36
      vertex -50.5581 52.6795 35
      vertex -28.9914 34.6482 36
    endloop
  endfacet
  facet normal 0.0252377 -0.0252377 -0.999363
    outer loop
      vertex -50.5581 52.6795 35
      vertex -34.6482 28.9914 36
      vertex -52.6795 50.5581 35
    endloop
  endfacet
  facet normal -0.691796 0.418228 0.588646
    outer loop
      vertex -65.7609 65.7609 35
      vertex -66.7514 64.1225 35
      vertex -64.7003 64.7003 37
    endloop
  endfacet
  facet normal -0.806894 0.0488433 0.588673
    outer loop
      vertex -65.3193 63.6763 37
      vertex -66.7514 64.1225 35
      vertex -65.3916 62.4819 37
    endloop
  endfacet
  facet normal -0.418228 0.691796 0.588646
    outer loop
      vertex -64.1225 66.7514 35
      vertex -65.7609 65.7609 35
      vertex -64.7003 64.7003 37
    endloop
  endfacet
  facet normal -0.145709 -0.79513 0.588674
    outer loop
      vertex -62.7816 60.4371 37
      vertex -64.5742 59.2849 35
      vertex -62.691 58.9398 35
    endloop
  endfacet
  facet normal -0.498555 -0.636336 0.588659
    outer loop
      vertex -64.9005 61.3907 37
      vertex -66.0812 60.4656 35
      vertex -64.5742 59.2849 35
    endloop
  endfacet
  facet normal 0.636336 0.498555 0.588659
    outer loop
      vertex -60.4656 66.0812 35
      vertex -61.3907 64.9005 37
      vertex -59.2849 64.5742 35
    endloop
  endfacet
  facet normal -0.145728 -0.795119 0.588684
    outer loop
      vertex -63.9585 60.6528 37
      vertex -64.5742 59.2849 35
      vertex -62.7816 60.4371 37
    endloop
  endfacet
  facet normal -0.41819 0.691803 0.588664
    outer loop
      vertex -64.1225 66.7514 35
      vertex -64.7003 64.7003 37
      vertex -63.6763 65.3193 37
    endloop
  endfacet
  facet normal -0.806908 0.0488114 0.588657
    outer loop
      vertex -66.7514 64.1225 35
      vertex -66.867 62.2115 35
      vertex -65.3916 62.4819 37
    endloop
  endfacet
  facet normal 0.331764 0.737164 0.588661
    outer loop
      vertex -62.2115 66.867 35
      vertex -62.4819 65.3916 37
      vertex -61.3907 64.9005 37
    endloop
  endfacet
  facet normal 0.771763 -0.240506 0.588675
    outer loop
      vertex -58.9398 62.691 35
      vertex -60.4371 62.7816 37
      vertex -59.5094 60.8632 35
    endloop
  endfacet
  facet normal -0.0488114 0.806908 0.588657
    outer loop
      vertex -62.2115 66.867 35
      vertex -64.1225 66.7514 35
      vertex -62.4819 65.3916 37
    endloop
  endfacet
  facet normal -0 0 1
    outer loop
      vertex -59.2849 64.5742 35
      vertex -57.9325 62.9325 35
      vertex -58.3131 64.8459 35
    endloop
  endfacet
  facet normal 0 0 1
    outer loop
      vertex -57.9325 62.9325 35
      vertex -58.9398 62.691 35
      vertex -58.3131 61.0191 35
    endloop
  endfacet
  facet normal 0 0 1
    outer loop
      vertex -57.9325 62.9325 35
      vertex -59.2849 64.5742 35
      vertex -58.9398 62.691 35
    endloop
  endfacet
  facet normal 0 0 1
    outer loop
      vertex -59.397 66.468 35
      vertex -59.2849 64.5742 35
      vertex -58.3131 64.8459 35
    endloop
  endfacet
  facet normal 0 0 1
    outer loop
      vertex -59.397 66.468 35
      vertex -60.4656 66.0812 35
      vertex -59.2849 64.5742 35
    endloop
  endfacet
  facet normal 0 0 1
    outer loop
      vertex -61.0191 67.5519 35
      vertex -60.4656 66.0812 35
      vertex -59.397 66.468 35
    endloop
  endfacet
  facet normal 0 0 1
    outer loop
      vertex -61.0191 67.5519 35
      vertex -62.2115 66.867 35
      vertex -60.4656 66.0812 35
    endloop
  endfacet
  facet normal 0 0 1
    outer loop
      vertex -62.9325 67.9325 35
      vertex -62.2115 66.867 35
      vertex -61.0191 67.5519 35
    endloop
  endfacet
  facet normal 0 0 1
    outer loop
      vertex -62.9325 67.9325 35
      vertex -64.1225 66.7514 35
      vertex -62.2115 66.867 35
    endloop
  endfacet
  facet normal -0 0 1
    outer loop
      vertex -64.8459 67.5519 35
      vertex -64.1225 66.7514 35
      vertex -62.9325 67.9325 35
    endloop
  endfacet
  facet normal 0 0 1
    outer loop
      vertex -64.8459 67.5519 35
      vertex -65.7609 65.7609 35
      vertex -64.1225 66.7514 35
    endloop
  endfacet
  facet normal -0 0 1
    outer loop
      vertex -66.468 66.468 35
      vertex -65.7609 65.7609 35
      vertex -64.8459 67.5519 35
    endloop
  endfacet
  facet normal 0 0 1
    outer loop
      vertex -67.5519 64.8459 35
      vertex -65.7609 65.7609 35
      vertex -66.468 66.468 35
    endloop
  endfacet
  facet normal 0 0 1
    outer loop
      vertex -67.9325 62.9325 35
      vertex -66.7514 64.1225 35
      vertex -67.5519 64.8459 35
    endloop
  endfacet
  facet normal 0 0 1
    outer loop
      vertex -65.7609 65.7609 35
      vertex -67.5519 64.8459 35
      vertex -66.7514 64.1225 35
    endloop
  endfacet
  facet normal 0 0 1
    outer loop
      vertex -59.5094 60.8632 35
      vertex -58.3131 61.0191 35
      vertex -58.9398 62.691 35
    endloop
  endfacet
  facet normal 0 0 1
    outer loop
      vertex -58.3131 61.0191 35
      vertex -59.5094 60.8632 35
      vertex -59.397 59.397 35
    endloop
  endfacet
  facet normal -0 0 1
    outer loop
      vertex -60.8632 59.5094 35
      vertex -59.397 59.397 35
      vertex -59.5094 60.8632 35
    endloop
  endfacet
  facet normal 0 0 1
    outer loop
      vertex -60.8632 59.5094 35
      vertex -61.0191 58.3131 35
      vertex -59.397 59.397 35
    endloop
  endfacet
  facet normal -0 0 1
    outer loop
      vertex -62.691 58.9398 35
      vertex -61.0191 58.3131 35
      vertex -60.8632 59.5094 35
    endloop
  endfacet
  facet normal 0 0 1
    outer loop
      vertex -62.691 58.9398 35
      vertex -62.9325 57.9325 35
      vertex -61.0191 58.3131 35
    endloop
  endfacet
  facet normal 0 0 1
    outer loop
      vertex -64.5742 59.2849 35
      vertex -62.9325 57.9325 35
      vertex -62.691 58.9398 35
    endloop
  endfacet
  facet normal 0 0 1
    outer loop
      vertex -64.5742 59.2849 35
      vertex -64.8459 58.3131 35
      vertex -62.9325 57.9325 35
    endloop
  endfacet
  facet normal -0 0 1
    outer loop
      vertex -66.468 59.397 35
      vertex -64.5742 59.2849 35
      vertex -66.0812 60.4656 35
    endloop
  endfacet
  facet normal 0 0 1
    outer loop
      vertex -64.5742 59.2849 35
      vertex -66.468 59.397 35
      vertex -64.8459 58.3131 35
    endloop
  endfacet
  facet normal -0 0 1
    outer loop
      vertex -67.5519 61.0191 35
      vertex -66.0812 60.4656 35
      vertex -66.867 62.2115 35
    endloop
  endfacet
  facet normal 0 0 1
    outer loop
      vertex -66.7514 64.1225 35
      vertex -67.9325 62.9325 35
      vertex -66.867 62.2115 35
    endloop
  endfacet
  facet normal 0 0 1
    outer loop
      vertex -66.0812 60.4656 35
      vertex -67.5519 61.0191 35
      vertex -66.468 59.397 35
    endloop
  endfacet
  facet normal 0 0 1
    outer loop
      vertex -66.867 62.2115 35
      vertex -67.9325 62.9325 35
      vertex -67.5519 61.0191 35
    endloop
  endfacet
  facet normal 0.331784 0.737163 0.588651
    outer loop
      vertex -60.4656 66.0812 35
      vertex -62.2115 66.867 35
      vertex -61.3907 64.9005 37
    endloop
  endfacet
  facet normal -0.737164 -0.331764 0.588661
    outer loop
      vertex -65.3916 62.4819 37
      vertex -66.867 62.2115 35
      vertex -64.9005 61.3907 37
    endloop
  endfacet
  facet normal -0.0488433 0.806894 0.588673
    outer loop
      vertex -62.4819 65.3916 37
      vertex -64.1225 66.7514 35
      vertex -63.6763 65.3193 37
    endloop
  endfacet
  facet normal 0.240506 -0.771763 0.588675
    outer loop
      vertex -60.8632 59.5094 35
      vertex -62.7816 60.4371 37
      vertex -62.691 58.9398 35
    endloop
  endfacet
  facet normal -0.737163 -0.331784 0.588651
    outer loop
      vertex -64.9005 61.3907 37
      vertex -66.867 62.2115 35
      vertex -66.0812 60.4656 35
    endloop
  endfacet
  facet normal -0.498482 -0.63636 0.588696
    outer loop
      vertex -63.9585 60.6528 37
      vertex -64.9005 61.3907 37
      vertex -64.5742 59.2849 35
    endloop
  endfacet
  facet normal 0.240501 -0.771766 0.588673
    outer loop
      vertex -61.6392 60.7931 37
      vertex -62.7816 60.4371 37
      vertex -60.8632 59.5094 35
    endloop
  endfacet
  facet normal 0.571607 -0.571607 0.588669
    outer loop
      vertex -60.7931 61.6392 37
      vertex -60.8632 59.5094 35
      vertex -59.5094 60.8632 35
    endloop
  endfacet
  facet normal 0.571607 -0.571607 0.588669
    outer loop
      vertex -60.8632 59.5094 35
      vertex -60.7931 61.6392 37
      vertex -61.6392 60.7931 37
    endloop
  endfacet
  facet normal -0.691803 0.41819 0.588664
    outer loop
      vertex -64.7003 64.7003 37
      vertex -66.7514 64.1225 35
      vertex -65.3193 63.6763 37
    endloop
  endfacet
  facet normal 0 0 1
    outer loop
      vertex -60.6528 63.9585 37
      vertex -60.7931 61.6392 37
      vertex -60.4371 62.7816 37
    endloop
  endfacet
  facet normal 0 0 1
    outer loop
      vertex -61.3907 64.9005 37
      vertex -60.7931 61.6392 37
      vertex -60.6528 63.9585 37
    endloop
  endfacet
  facet normal 0 0 1
    outer loop
      vertex -61.3907 64.9005 37
      vertex -61.6392 60.7931 37
      vertex -60.7931 61.6392 37
    endloop
  endfacet
  facet normal 0 0 1
    outer loop
      vertex -62.4819 65.3916 37
      vertex -61.6392 60.7931 37
      vertex -61.3907 64.9005 37
    endloop
  endfacet
  facet normal 0 0 1
    outer loop
      vertex -62.4819 65.3916 37
      vertex -62.7816 60.4371 37
      vertex -61.6392 60.7931 37
    endloop
  endfacet
  facet normal -0 0 1
    outer loop
      vertex -63.6763 65.3193 37
      vertex -62.7816 60.4371 37
      vertex -62.4819 65.3916 37
    endloop
  endfacet
  facet normal 0 0 1
    outer loop
      vertex -63.6763 65.3193 37
      vertex -63.9585 60.6528 37
      vertex -62.7816 60.4371 37
    endloop
  endfacet
  facet normal -0 0 1
    outer loop
      vertex -64.7003 64.7003 37
      vertex -63.9585 60.6528 37
      vertex -63.6763 65.3193 37
    endloop
  endfacet
  facet normal 0 0 1
    outer loop
      vertex -64.7003 64.7003 37
      vertex -64.9005 61.3907 37
      vertex -63.9585 60.6528 37
    endloop
  endfacet
  facet normal -0 0 1
    outer loop
      vertex -65.3193 63.6763 37
      vertex -64.9005 61.3907 37
      vertex -64.7003 64.7003 37
    endloop
  endfacet
  facet normal 0 0 1
    outer loop
      vertex -64.9005 61.3907 37
      vertex -65.3193 63.6763 37
      vertex -65.3916 62.4819 37
    endloop
  endfacet
  facet normal 0.79513 0.145709 0.588674
    outer loop
      vertex -59.2849 64.5742 35
      vertex -60.4371 62.7816 37
      vertex -58.9398 62.691 35
    endloop
  endfacet
  facet normal 0.771766 -0.240501 0.588673
    outer loop
      vertex -60.4371 62.7816 37
      vertex -60.7931 61.6392 37
      vertex -59.5094 60.8632 35
    endloop
  endfacet
  facet normal 0.795119 0.145728 0.588684
    outer loop
      vertex -59.2849 64.5742 35
      vertex -60.6528 63.9585 37
      vertex -60.4371 62.7816 37
    endloop
  endfacet
  facet normal 0.63636 0.498482 0.588696
    outer loop
      vertex -59.2849 64.5742 35
      vertex -61.3907 64.9005 37
      vertex -60.6528 63.9585 37
    endloop
  endfacet
  facet normal -0.980785 0.195091 0
    outer loop
      vertex -67.9325 62.9325 31
      vertex -67.5519 64.8459 35
      vertex -67.5519 64.8459 31
    endloop
  endfacet
  facet normal -0.980785 0.195091 0
    outer loop
      vertex -67.5519 64.8459 35
      vertex -67.9325 62.9325 31
      vertex -67.9325 62.9325 35
    endloop
  endfacet
  facet normal -0.831458 0.555587 0
    outer loop
      vertex -67.5519 64.8459 31
      vertex -66.468 66.468 35
      vertex -66.468 66.468 31
    endloop
  endfacet
  facet normal -0.831458 0.555587 0
    outer loop
      vertex -66.468 66.468 35
      vertex -67.5519 64.8459 31
      vertex -67.5519 64.8459 35
    endloop
  endfacet
  facet normal 0.555587 -0.831458 0
    outer loop
      vertex -61.0191 58.3131 31
      vertex -59.397 59.397 35
      vertex -61.0191 58.3131 35
    endloop
  endfacet
  facet normal 0.555587 -0.831458 0
    outer loop
      vertex -59.397 59.397 35
      vertex -61.0191 58.3131 31
      vertex -59.397 59.397 31
    endloop
  endfacet
  facet normal 0.831458 -0.555587 0
    outer loop
      vertex -59.397 59.397 35
      vertex -58.3131 61.0191 31
      vertex -58.3131 61.0191 35
    endloop
  endfacet
  facet normal 0.831458 -0.555587 0
    outer loop
      vertex -58.3131 61.0191 31
      vertex -59.397 59.397 35
      vertex -59.397 59.397 31
    endloop
  endfacet
  facet normal -0.555587 -0.831458 0
    outer loop
      vertex -66.468 59.397 31
      vertex -64.8459 58.3131 35
      vertex -66.468 59.397 35
    endloop
  endfacet
  facet normal -0.555587 -0.831458 -0
    outer loop
      vertex -64.8459 58.3131 35
      vertex -66.468 59.397 31
      vertex -64.8459 58.3131 31
    endloop
  endfacet
  facet normal 0.980785 -0.195091 0
    outer loop
      vertex -58.3131 61.0191 35
      vertex -57.9325 62.9325 31
      vertex -57.9325 62.9325 35
    endloop
  endfacet
  facet normal 0.980785 -0.195091 0
    outer loop
      vertex -57.9325 62.9325 31
      vertex -58.3131 61.0191 35
      vertex -58.3131 61.0191 31
    endloop
  endfacet
  facet normal 0.555587 0.831458 -0
    outer loop
      vertex -59.397 66.468 31
      vertex -61.0191 67.5519 35
      vertex -59.397 66.468 35
    endloop
  endfacet
  facet normal 0.555587 0.831458 0
    outer loop
      vertex -61.0191 67.5519 35
      vertex -59.397 66.468 31
      vertex -61.0191 67.5519 31
    endloop
  endfacet
  facet normal -0.195091 0.980785 0
    outer loop
      vertex -62.9325 67.9325 31
      vertex -64.8459 67.5519 35
      vertex -62.9325 67.9325 35
    endloop
  endfacet
  facet normal -0.195091 0.980785 0
    outer loop
      vertex -64.8459 67.5519 35
      vertex -62.9325 67.9325 31
      vertex -64.8459 67.5519 31
    endloop
  endfacet
  facet normal -0.980785 -0.195091 0
    outer loop
      vertex -67.5519 61.0191 31
      vertex -67.9325 62.9325 35
      vertex -67.9325 62.9325 31
    endloop
  endfacet
  facet normal -0.980785 -0.195091 0
    outer loop
      vertex -67.9325 62.9325 35
      vertex -67.5519 61.0191 31
      vertex -67.5519 61.0191 35
    endloop
  endfacet
  facet normal -0.555587 0.831458 0
    outer loop
      vertex -64.8459 67.5519 31
      vertex -66.468 66.468 35
      vertex -64.8459 67.5519 35
    endloop
  endfacet
  facet normal -0.555587 0.831458 0
    outer loop
      vertex -66.468 66.468 35
      vertex -64.8459 67.5519 31
      vertex -66.468 66.468 31
    endloop
  endfacet
  facet normal 0.195091 -0.980785 0
    outer loop
      vertex -62.9325 57.9325 31
      vertex -61.0191 58.3131 35
      vertex -62.9325 57.9325 35
    endloop
  endfacet
  facet normal 0.195091 -0.980785 0
    outer loop
      vertex -61.0191 58.3131 35
      vertex -62.9325 57.9325 31
      vertex -61.0191 58.3131 31
    endloop
  endfacet
  facet normal 0.195091 0.980785 -0
    outer loop
      vertex -61.0191 67.5519 31
      vertex -62.9325 67.9325 35
      vertex -61.0191 67.5519 35
    endloop
  endfacet
  facet normal 0.195091 0.980785 0
    outer loop
      vertex -62.9325 67.9325 35
      vertex -61.0191 67.5519 31
      vertex -62.9325 67.9325 31
    endloop
  endfacet
  facet normal -0.831458 -0.555587 0
    outer loop
      vertex -66.468 59.397 31
      vertex -67.5519 61.0191 35
      vertex -67.5519 61.0191 31
    endloop
  endfacet
  facet normal -0.831458 -0.555587 0
    outer loop
      vertex -67.5519 61.0191 35
      vertex -66.468 59.397 31
      vertex -66.468 59.397 35
    endloop
  endfacet
  facet normal -0.195091 -0.980785 0
    outer loop
      vertex -64.8459 58.3131 31
      vertex -62.9325 57.9325 35
      vertex -64.8459 58.3131 35
    endloop
  endfacet
  facet normal -0.195091 -0.980785 -0
    outer loop
      vertex -62.9325 57.9325 35
      vertex -64.8459 58.3131 31
      vertex -62.9325 57.9325 31
    endloop
  endfacet
  facet normal 0 0 -1
    outer loop
      vertex -58.3131 61.0191 31
      vertex -58.3131 64.8459 31
      vertex -57.9325 62.9325 31
    endloop
  endfacet
  facet normal 0 0 -1
    outer loop
      vertex -59.397 59.397 31
      vertex -58.3131 64.8459 31
      vertex -58.3131 61.0191 31
    endloop
  endfacet
  facet normal 0 0 -1
    outer loop
      vertex -59.397 59.397 31
      vertex -59.397 66.468 31
      vertex -58.3131 64.8459 31
    endloop
  endfacet
  facet normal 0 0 -1
    outer loop
      vertex -61.0191 58.3131 31
      vertex -59.397 66.468 31
      vertex -59.397 59.397 31
    endloop
  endfacet
  facet normal 0 0 -1
    outer loop
      vertex -61.0191 58.3131 31
      vertex -61.0191 67.5519 31
      vertex -59.397 66.468 31
    endloop
  endfacet
  facet normal 0 0 -1
    outer loop
      vertex -62.9325 57.9325 31
      vertex -61.0191 67.5519 31
      vertex -61.0191 58.3131 31
    endloop
  endfacet
  facet normal 0 0 -1
    outer loop
      vertex -62.9325 57.9325 31
      vertex -62.9325 67.9325 31
      vertex -61.0191 67.5519 31
    endloop
  endfacet
  facet normal 0 0 -1
    outer loop
      vertex -64.8459 58.3131 31
      vertex -62.9325 67.9325 31
      vertex -62.9325 57.9325 31
    endloop
  endfacet
  facet normal 0 0 -1
    outer loop
      vertex -64.8459 58.3131 31
      vertex -64.8459 67.5519 31
      vertex -62.9325 67.9325 31
    endloop
  endfacet
  facet normal 0 0 -1
    outer loop
      vertex -66.468 59.397 31
      vertex -64.8459 67.5519 31
      vertex -64.8459 58.3131 31
    endloop
  endfacet
  facet normal 0 0 -1
    outer loop
      vertex -66.468 59.397 31
      vertex -66.468 66.468 31
      vertex -64.8459 67.5519 31
    endloop
  endfacet
  facet normal 0 0 -1
    outer loop
      vertex -67.5519 61.0191 31
      vertex -66.468 66.468 31
      vertex -66.468 59.397 31
    endloop
  endfacet
  facet normal 0 0 -1
    outer loop
      vertex -67.5519 61.0191 31
      vertex -67.5519 64.8459 31
      vertex -66.468 66.468 31
    endloop
  endfacet
  facet normal 0 -0 -1
    outer loop
      vertex -67.5519 64.8459 31
      vertex -67.5519 61.0191 31
      vertex -67.9325 62.9325 31
    endloop
  endfacet
  facet normal 0.831458 0.555587 0
    outer loop
      vertex -58.3131 64.8459 35
      vertex -59.397 66.468 31
      vertex -59.397 66.468 35
    endloop
  endfacet
  facet normal 0.831458 0.555587 0
    outer loop
      vertex -59.397 66.468 31
      vertex -58.3131 64.8459 35
      vertex -58.3131 64.8459 31
    endloop
  endfacet
  facet normal 0.980785 0.195091 0
    outer loop
      vertex -57.9325 62.9325 35
      vertex -58.3131 64.8459 31
      vertex -58.3131 64.8459 35
    endloop
  endfacet
  facet normal 0.980785 0.195091 0
    outer loop
      vertex -58.3131 64.8459 31
      vertex -57.9325 62.9325 35
      vertex -57.9325 62.9325 31
    endloop
  endfacet
  facet normal 0.707107 0.707107 0
    outer loop
      vertex -68.5894 -71.4178 36
      vertex -71.4178 -68.5894 35.5
      vertex -71.4178 -68.5894 36
    endloop
  endfacet
  facet normal 0.707107 0.707107 0
    outer loop
      vertex -71.4178 -68.5894 35.5
      vertex -68.5894 -71.4178 36
      vertex -68.5894 -71.4178 35.5
    endloop
  endfacet
  facet normal -0.0207883 -0.0207883 -0.999568
    outer loop
      vertex -88.6535 -83.8805 36
      vertex -75.6604 -72.832 35.5
      vertex -75.5594 -72.933 35.5
    endloop
  endfacet
  facet normal -0.0207875 -0.0207893 -0.999568
    outer loop
      vertex -75.6604 -72.832 35.5
      vertex -88.6535 -83.8805 36
      vertex -89.8026 -82.7315 36
    endloop
  endfacet
  facet normal -0.0207893 -0.0207875 -0.999568
    outer loop
      vertex -83.8805 -88.6535 36
      vertex -72.832 -75.6604 35.5
      vertex -82.7315 -89.8026 36
    endloop
  endfacet
  facet normal -0.0207883 -0.0207883 -0.999568
    outer loop
      vertex -72.832 -75.6604 35.5
      vertex -83.8805 -88.6535 36
      vertex -72.933 -75.5594 35.5
    endloop
  endfacet
  facet normal 0.832052 -0.554697 0
    outer loop
      vertex -77.0746 -84.1457 36
      vertex -68.5894 -71.4178 36
      vertex -77.0746 -84.1457 36.5
    endloop
  endfacet
  facet normal 0.832052 -0.554697 0
    outer loop
      vertex -68.5894 -71.4178 36
      vertex -77.0746 -84.1457 36
      vertex -68.5894 -71.4178 35.5
    endloop
  endfacet
  facet normal 0 0 -1
    outer loop
      vertex -72.832 -75.6604 35.5
      vertex -70.3571 -72.4784 35.5
      vertex -68.5894 -71.4178 35.5
    endloop
  endfacet
  facet normal 0 0 -1
    outer loop
      vertex -70.3571 -72.4784 35.5
      vertex -72.832 -75.6604 35.5
      vertex -72.933 -75.5594 35.5
    endloop
  endfacet
  facet normal 0 0 -1
    outer loop
      vertex -70.3571 -72.4784 35.5
      vertex -71.4178 -68.5894 35.5
      vertex -68.5894 -71.4178 35.5
    endloop
  endfacet
  facet normal 0 0 -1
    outer loop
      vertex -72.4784 -70.3571 35.5
      vertex -71.4178 -68.5894 35.5
      vertex -70.3571 -72.4784 35.5
    endloop
  endfacet
  facet normal 0 0 -1
    outer loop
      vertex -75.6604 -72.832 35.5
      vertex -72.4784 -70.3571 35.5
      vertex -75.5594 -72.933 35.5
    endloop
  endfacet
  facet normal -0 0 -1
    outer loop
      vertex -72.4784 -70.3571 35.5
      vertex -75.6604 -72.832 35.5
      vertex -71.4178 -68.5894 35.5
    endloop
  endfacet
  facet normal 0.116246 -0.116246 -0.986394
    outer loop
      vertex -77.0746 -84.1457 36
      vertex -72.832 -75.6604 35.5
      vertex -68.5894 -71.4178 35.5
    endloop
  endfacet
  facet normal 0.116246 -0.116246 -0.986394
    outer loop
      vertex -72.832 -75.6604 35.5
      vertex -77.0746 -84.1457 36
      vertex -82.7315 -89.8026 36
    endloop
  endfacet
  facet normal -0.116246 0.116246 -0.986394
    outer loop
      vertex -75.6604 -72.832 35.5
      vertex -84.1457 -77.0746 36
      vertex -71.4178 -68.5894 35.5
    endloop
  endfacet
  facet normal -0.116246 0.116246 -0.986394
    outer loop
      vertex -84.1457 -77.0746 36
      vertex -75.6604 -72.832 35.5
      vertex -89.8026 -82.7315 36
    endloop
  endfacet
  facet normal 0.02357 0.02357 0.999444
    outer loop
      vertex -71.4178 -68.5894 36
      vertex -70.3571 -72.4784 36.0667
      vertex -68.5894 -71.4178 36
    endloop
  endfacet
  facet normal 0.02357 0.02357 0.999444
    outer loop
      vertex -71.4178 -68.5894 36
      vertex -72.4784 -70.3571 36.0667
      vertex -70.3571 -72.4784 36.0667
    endloop
  endfacet
  facet normal 0.0235346 0.0235912 0.999445
    outer loop
      vertex -84.1457 -77.0746 36.5
      vertex -72.4784 -70.3571 36.0667
      vertex -71.4178 -68.5894 36
    endloop
  endfacet
  facet normal 0.0235558 0.0235544 0.999445
    outer loop
      vertex -72.4784 -70.3571 36.0667
      vertex -84.1457 -77.0746 36.5
      vertex -82.4916 -78.7288 36.5
    endloop
  endfacet
  facet normal 0.0235912 0.0235346 0.999445
    outer loop
      vertex -70.3571 -72.4784 36.0667
      vertex -77.0746 -84.1457 36.5
      vertex -68.5894 -71.4178 36
    endloop
  endfacet
  facet normal 0.0235544 0.0235558 0.999445
    outer loop
      vertex -77.0746 -84.1457 36.5
      vertex -70.3571 -72.4784 36.0667
      vertex -78.7288 -82.4916 36.5
    endloop
  endfacet
  facet normal -0.554697 0.832052 0
    outer loop
      vertex -71.4178 -68.5894 36
      vertex -84.1457 -77.0746 36
      vertex -84.1457 -77.0746 36.5
    endloop
  endfacet
  facet normal -0.554697 0.832052 0
    outer loop
      vertex -84.1457 -77.0746 36
      vertex -71.4178 -68.5894 36
      vertex -71.4178 -68.5894 35.5
    endloop
  endfacet
  facet normal -0.70714 0.707073 0
    outer loop
      vertex -97.5807 -87.6812 36.5
      vertex -101.823 -91.9239 37
      vertex -97.5807 -87.6812 37
    endloop
  endfacet
  facet normal -0.70714 0.707073 0
    outer loop
      vertex -101.823 -91.9239 37
      vertex -97.5807 -87.6812 36.5
      vertex -101.823 -91.9239 36.5
    endloop
  endfacet
  facet normal 0.1715 -0.1715 -0.970142
    outer loop
      vertex -87.6812 -97.5807 36.5
      vertex -82.7315 -89.8026 36
      vertex -77.0746 -84.1457 36
    endloop
  endfacet
  facet normal 0.171458 -0.171474 -0.970154
    outer loop
      vertex -82.7315 -89.8026 36
      vertex -87.6812 -97.5807 36.5
      vertex -91.9239 -101.823 36.5
    endloop
  endfacet
  facet normal -0.0235546 -0.0235526 -0.999445
    outer loop
      vertex -82.7315 -89.8026 36
      vertex -88.3884 -94.0452 36.2333
      vertex -83.8805 -88.6535 36
    endloop
  endfacet
  facet normal -0.0235419 -0.0235696 -0.999445
    outer loop
      vertex -91.9239 -101.823 36.5
      vertex -88.3884 -94.0452 36.2333
      vertex -82.7315 -89.8026 36
    endloop
  endfacet
  facet normal -0.023591 -0.0235472 -0.999444
    outer loop
      vertex -88.3884 -94.0452 36.2333
      vertex -91.9239 -101.823 36.5
      vertex -91.2168 -96.8736 36.3667
    endloop
  endfacet
  facet normal -0.0235527 -0.0235527 -0.999445
    outer loop
      vertex -91.9239 -101.823 36.5
      vertex -96.8736 -91.2168 36.3667
      vertex -91.2168 -96.8736 36.3667
    endloop
  endfacet
  facet normal -0.0235527 -0.0235527 -0.999445
    outer loop
      vertex -96.8736 -91.2168 36.3667
      vertex -91.9239 -101.823 36.5
      vertex -101.823 -91.9239 36.5
    endloop
  endfacet
  facet normal -0.0235526 -0.0235546 -0.999445
    outer loop
      vertex -94.0452 -88.3884 36.2333
      vertex -89.8026 -82.7315 36
      vertex -88.6535 -83.8805 36
    endloop
  endfacet
  facet normal -0.0235472 -0.023591 -0.999444
    outer loop
      vertex -101.823 -91.9239 36.5
      vertex -94.0452 -88.3884 36.2333
      vertex -96.8736 -91.2168 36.3667
    endloop
  endfacet
  facet normal -0.0235696 -0.0235419 -0.999445
    outer loop
      vertex -94.0452 -88.3884 36.2333
      vertex -101.823 -91.9239 36.5
      vertex -89.8026 -82.7315 36
    endloop
  endfacet
  facet normal 0.784882 -0.619645 0
    outer loop
      vertex -87.6812 -97.5807 36.5
      vertex -77.0746 -84.1457 36.5
      vertex -87.6812 -97.5807 37
    endloop
  endfacet
  facet normal 0.784882 -0.619645 0
    outer loop
      vertex -77.0746 -84.1457 36.5
      vertex -87.6812 -97.5807 36.5
      vertex -77.0746 -84.1457 36
    endloop
  endfacet
  facet normal 0.02079 0.0207887 0.999568
    outer loop
      vertex -84.1457 -77.0746 36.5
      vertex -94.0452 -88.3884 36.9412
      vertex -82.4916 -78.7288 36.5
    endloop
  endfacet
  facet normal 0.0207836 0.0207943 0.999568
    outer loop
      vertex -97.5807 -87.6812 37
      vertex -94.0452 -88.3884 36.9412
      vertex -84.1457 -77.0746 36.5
    endloop
  endfacet
  facet normal 0.0207806 0.0207797 0.999568
    outer loop
      vertex -94.0452 -88.3884 36.9412
      vertex -97.5807 -87.6812 37
      vertex -95.4594 -89.8026 37
    endloop
  endfacet
  facet normal 0.0207887 0.02079 0.999568
    outer loop
      vertex -88.3884 -94.0452 36.9412
      vertex -77.0746 -84.1457 36.5
      vertex -78.7288 -82.4916 36.5
    endloop
  endfacet
  facet normal 0.0207943 0.0207836 0.999568
    outer loop
      vertex -77.0746 -84.1457 36.5
      vertex -88.3884 -94.0452 36.9412
      vertex -87.6812 -97.5807 37
    endloop
  endfacet
  facet normal 0.0207797 0.0207806 0.999568
    outer loop
      vertex -87.6812 -97.5807 37
      vertex -88.3884 -94.0452 36.9412
      vertex -89.8026 -95.4594 37
    endloop
  endfacet
  facet normal -0.1715 0.1715 -0.970142
    outer loop
      vertex -89.8026 -82.7315 36
      vertex -97.5807 -87.6812 36.5
      vertex -84.1457 -77.0746 36
    endloop
  endfacet
  facet normal -0.171474 0.171458 -0.970154
    outer loop
      vertex -97.5807 -87.6812 36.5
      vertex -89.8026 -82.7315 36
      vertex -101.823 -91.9239 36.5
    endloop
  endfacet
  facet normal -0.619645 0.784882 0
    outer loop
      vertex -84.1457 -77.0746 36.5
      vertex -97.5807 -87.6812 36.5
      vertex -97.5807 -87.6812 37
    endloop
  endfacet
  facet normal -0.619645 0.784882 0
    outer loop
      vertex -97.5807 -87.6812 36.5
      vertex -84.1457 -77.0746 36.5
      vertex -84.1457 -77.0746 36
    endloop
  endfacet
  facet normal 0.707073 -0.70714 0
    outer loop
      vertex -91.9239 -101.823 37
      vertex -87.6812 -97.5807 36.5
      vertex -87.6812 -97.5807 37
    endloop
  endfacet
  facet normal 0.707073 -0.70714 0
    outer loop
      vertex -87.6812 -97.5807 36.5
      vertex -91.9239 -101.823 37
      vertex -91.9239 -101.823 36.5
    endloop
  endfacet
  facet normal -0.116251 -0.116251 -0.986393
    outer loop
      vertex -95.4594 -102.53 37
      vertex -101.823 -91.9239 36.5
      vertex -91.9239 -101.823 36.5
    endloop
  endfacet
  facet normal -0.116251 -0.116251 -0.986393
    outer loop
      vertex -101.823 -91.9239 36.5
      vertex -95.4594 -102.53 37
      vertex -102.53 -95.4594 37
    endloop
  endfacet
  facet normal -0.104905 0.104895 0.988935
    outer loop
      vertex -101.823 -91.9239 37
      vertex -101.116 -94.0452 37.3
      vertex -97.5807 -87.6812 37
    endloop
  endfacet
  facet normal -0.104908 0.104893 0.988935
    outer loop
      vertex -101.116 -94.0452 37.3
      vertex -101.823 -91.9239 37
      vertex -102.53 -95.4594 37.3
    endloop
  endfacet
  facet normal -0.707107 -0.707107 0
    outer loop
      vertex -95.4594 -102.53 37
      vertex -102.53 -95.4594 37.3
      vertex -102.53 -95.4594 37
    endloop
  endfacet
  facet normal -0.707107 -0.707107 0
    outer loop
      vertex -102.53 -95.4594 37.3
      vertex -95.4594 -102.53 37
      vertex -95.4594 -102.53 37.3
    endloop
  endfacet
  facet normal 0.196089 -0.980586 0
    outer loop
      vertex -95.4594 -102.53 37
      vertex -91.9239 -101.823 37
      vertex -95.4594 -102.53 37.3
    endloop
  endfacet
  facet normal 0.196089 -0.980586 0
    outer loop
      vertex -91.9239 -101.823 37
      vertex -95.4594 -102.53 37
      vertex -91.9239 -101.823 36.5
    endloop
  endfacet
  facet normal 0.0302728 0.0302713 0.999083
    outer loop
      vertex -95.4594 -89.8026 37
      vertex -97.5807 -87.6812 37
      vertex -96.8736 -91.2168 37.0857
    endloop
  endfacet
  facet normal 0.0302713 0.0302728 0.999083
    outer loop
      vertex -91.2168 -96.8736 37.0857
      vertex -87.6812 -97.5807 37
      vertex -89.8026 -95.4594 37
    endloop
  endfacet
  facet normal 0.0302736 0.0302842 0.999083
    outer loop
      vertex -91.2168 -96.8736 37.0857
      vertex -94.0452 -101.116 37.3
      vertex -87.6812 -97.5807 37
    endloop
  endfacet
  facet normal 0.0302799 0.0302799 0.999083
    outer loop
      vertex -96.8736 -91.2168 37.0857
      vertex -94.0452 -101.116 37.3
      vertex -91.2168 -96.8736 37.0857
    endloop
  endfacet
  facet normal 0.0302799 0.0302799 0.999083
    outer loop
      vertex -96.8736 -91.2168 37.0857
      vertex -101.116 -94.0452 37.3
      vertex -94.0452 -101.116 37.3
    endloop
  endfacet
  facet normal 0.0302842 0.0302736 0.999083
    outer loop
      vertex -101.116 -94.0452 37.3
      vertex -96.8736 -91.2168 37.0857
      vertex -97.5807 -87.6812 37
    endloop
  endfacet
  facet normal 0 0 1
    outer loop
      vertex -101.116 -94.0452 37.3
      vertex -95.4594 -102.53 37.3
      vertex -94.0452 -101.116 37.3
    endloop
  endfacet
  facet normal 0 0 1
    outer loop
      vertex -95.4594 -102.53 37.3
      vertex -101.116 -94.0452 37.3
      vertex -102.53 -95.4594 37.3
    endloop
  endfacet
  facet normal -0.980586 0.196089 0
    outer loop
      vertex -102.53 -95.4594 37
      vertex -101.823 -91.9239 37
      vertex -101.823 -91.9239 36.5
    endloop
  endfacet
  facet normal -0.980586 0.196089 0
    outer loop
      vertex -101.823 -91.9239 37
      vertex -102.53 -95.4594 37
      vertex -102.53 -95.4594 37.3
    endloop
  endfacet
  facet normal 0.104895 -0.104905 0.988935
    outer loop
      vertex -94.0452 -101.116 37.3
      vertex -91.9239 -101.823 37
      vertex -87.6812 -97.5807 37
    endloop
  endfacet
  facet normal 0.104893 -0.104908 0.988935
    outer loop
      vertex -91.9239 -101.823 37
      vertex -94.0452 -101.116 37.3
      vertex -95.4594 -102.53 37.3
    endloop
  endfacet
  facet normal -0.707107 -0.707107 0
    outer loop
      vertex -91.2168 -96.8736 36
      vertex -96.8736 -91.2168 36.3667
      vertex -96.8736 -91.2168 36
    endloop
  endfacet
  facet normal -0.707107 -0.707107 0
    outer loop
      vertex -96.8736 -91.2168 36.3667
      vertex -91.2168 -96.8736 36
      vertex -91.2168 -96.8736 36.3667
    endloop
  endfacet
  facet normal -0.707107 -0.707107 0
    outer loop
      vertex -91.2168 -96.8736 37.0857
      vertex -96.8736 -91.2168 38
      vertex -96.8736 -91.2168 37.0857
    endloop
  endfacet
  facet normal -0.707107 -0.707107 0
    outer loop
      vertex -96.8736 -91.2168 38
      vertex -91.2168 -96.8736 37.0857
      vertex -91.2168 -96.8736 38
    endloop
  endfacet
  facet normal 0.767192 -0.641418 0
    outer loop
      vertex -72.933 -75.5594 35.5
      vertex -70.3571 -72.4784 35
      vertex -70.3571 -72.4784 35.5
    endloop
  endfacet
  facet normal 0.76719 -0.64142 -2.37993e-05
    outer loop
      vertex -83.8805 -88.6535 36
      vertex -70.3571 -72.4784 35
      vertex -72.933 -75.5594 35.5
    endloop
  endfacet
  facet normal 0.767183 -0.641428 0
    outer loop
      vertex -88.3884 -94.0452 36
      vertex -83.8805 -88.6535 36
      vertex -88.3884 -94.0452 36.2333
    endloop
  endfacet
  facet normal 0.767183 -0.641428 -0.000230155
    outer loop
      vertex -83.8805 -88.6535 36
      vertex -88.3884 -94.0452 36
      vertex -70.3571 -72.4784 35
    endloop
  endfacet
  facet normal 0.767189 -0.641421 0
    outer loop
      vertex -70.3571 -72.4784 36.5
      vertex -78.7288 -82.4916 36.5
      vertex -70.3571 -72.4784 36.0667
    endloop
  endfacet
  facet normal 0.767189 -0.641421 1.19319e-05
    outer loop
      vertex -88.3884 -94.0452 38
      vertex -78.7288 -82.4916 36.5
      vertex -70.3571 -72.4784 36.5
    endloop
  endfacet
  facet normal 0.767188 -0.641422 0
    outer loop
      vertex -78.7288 -82.4916 36.5
      vertex -88.3884 -94.0452 38
      vertex -88.3884 -94.0452 36.9412
    endloop
  endfacet
  facet normal 0.707107 0.707107 0
    outer loop
      vertex -70.3571 -72.4784 35.5
      vertex -72.4784 -70.3571 35
      vertex -72.4784 -70.3571 35.5
    endloop
  endfacet
  facet normal 0.707107 0.707107 0
    outer loop
      vertex -72.4784 -70.3571 35
      vertex -70.3571 -72.4784 35.5
      vertex -70.3571 -72.4784 35
    endloop
  endfacet
  facet normal 0.707107 0.707107 0
    outer loop
      vertex -70.3571 -72.4784 36.5
      vertex -72.4784 -70.3571 36.0667
      vertex -72.4784 -70.3571 36.5
    endloop
  endfacet
  facet normal 0.707107 0.707107 0
    outer loop
      vertex -72.4784 -70.3571 36.0667
      vertex -70.3571 -72.4784 36.5
      vertex -70.3571 -72.4784 36.0667
    endloop
  endfacet
  facet normal 0.0378264 0.0378264 0.998568
    outer loop
      vertex -72.4784 -70.3571 36.5
      vertex -88.3884 -94.0452 38
      vertex -70.3571 -72.4784 36.5
    endloop
  endfacet
  facet normal 0.0378264 0.0378264 0.998568
    outer loop
      vertex -88.3884 -94.0452 38
      vertex -72.4784 -70.3571 36.5
      vertex -94.0452 -88.3884 38
    endloop
  endfacet
  facet normal -0.707107 0.707107 0
    outer loop
      vertex -95.4594 -89.8026 37
      vertex -94.0452 -88.3884 38
      vertex -94.0452 -88.3884 36.9412
    endloop
  endfacet
  facet normal -0.707107 0.707107 0
    outer loop
      vertex -96.8736 -91.2168 38
      vertex -95.4594 -89.8026 37
      vertex -96.8736 -91.2168 37.0857
    endloop
  endfacet
  facet normal -0.707107 0.707107 1.00476e-14
    outer loop
      vertex -95.4594 -89.8026 37
      vertex -96.8736 -91.2168 38
      vertex -94.0452 -88.3884 38
    endloop
  endfacet
  facet normal -0.707107 0.707107 0
    outer loop
      vertex -96.8736 -91.2168 36
      vertex -94.0452 -88.3884 36.2333
      vertex -94.0452 -88.3884 36
    endloop
  endfacet
  facet normal -0.707107 0.707107 0
    outer loop
      vertex -94.0452 -88.3884 36.2333
      vertex -96.8736 -91.2168 36
      vertex -96.8736 -91.2168 36.3667
    endloop
  endfacet
  facet normal 0.262615 -0.262615 -0.928475
    outer loop
      vertex -88.3884 -94.0452 36
      vertex -73.1856 -75.3069 35
      vertex -70.3571 -72.4784 35
    endloop
  endfacet
  facet normal 0.262615 -0.262615 -0.928475
    outer loop
      vertex -73.1856 -75.3069 35
      vertex -88.3884 -94.0452 36
      vertex -91.2168 -96.8736 36
    endloop
  endfacet
  facet normal -0.641418 0.767192 0
    outer loop
      vertex -72.4784 -70.3571 35.5
      vertex -72.4784 -70.3571 35
      vertex -75.5594 -72.933 35.5
    endloop
  endfacet
  facet normal -0.641428 0.767183 0
    outer loop
      vertex -88.6535 -83.8805 36
      vertex -94.0452 -88.3884 36
      vertex -94.0452 -88.3884 36.2333
    endloop
  endfacet
  facet normal -0.64142 0.76719 -2.37993e-05
    outer loop
      vertex -72.4784 -70.3571 35
      vertex -88.6535 -83.8805 36
      vertex -75.5594 -72.933 35.5
    endloop
  endfacet
  facet normal -0.641428 0.767183 -0.000230155
    outer loop
      vertex -88.6535 -83.8805 36
      vertex -72.4784 -70.3571 35
      vertex -94.0452 -88.3884 36
    endloop
  endfacet
  facet normal -0.641421 0.767189 1.19319e-05
    outer loop
      vertex -82.4916 -78.7288 36.5
      vertex -94.0452 -88.3884 38
      vertex -72.4784 -70.3571 36.5
    endloop
  endfacet
  facet normal -0.641422 0.767188 0
    outer loop
      vertex -94.0452 -88.3884 38
      vertex -82.4916 -78.7288 36.5
      vertex -94.0452 -88.3884 36.9412
    endloop
  endfacet
  facet normal -0.641421 0.767189 0
    outer loop
      vertex -82.4916 -78.7288 36.5
      vertex -72.4784 -70.3571 36.5
      vertex -72.4784 -70.3571 36.0667
    endloop
  endfacet
  facet normal 0 0 1
    outer loop
      vertex -94.0452 -88.3884 38
      vertex -91.2168 -96.8736 38
      vertex -88.3884 -94.0452 38
    endloop
  endfacet
  facet normal 0 0 1
    outer loop
      vertex -91.2168 -96.8736 38
      vertex -94.0452 -88.3884 38
      vertex -96.8736 -91.2168 38
    endloop
  endfacet
  facet normal 0.707107 -0.707107 0
    outer loop
      vertex -91.2168 -96.8736 36
      vertex -88.3884 -94.0452 36.2333
      vertex -91.2168 -96.8736 36.3667
    endloop
  endfacet
  facet normal 0.707107 -0.707107 0
    outer loop
      vertex -88.3884 -94.0452 36.2333
      vertex -91.2168 -96.8736 36
      vertex -88.3884 -94.0452 36
    endloop
  endfacet
  facet normal 0.707107 -0.707107 0
    outer loop
      vertex -88.3884 -94.0452 38
      vertex -89.8026 -95.4594 37
      vertex -88.3884 -94.0452 36.9412
    endloop
  endfacet
  facet normal 0.707107 -0.707107 9.9921e-15
    outer loop
      vertex -91.2168 -96.8736 38
      vertex -89.8026 -95.4594 37
      vertex -88.3884 -94.0452 38
    endloop
  endfacet
  facet normal 0.707107 -0.707107 0
    outer loop
      vertex -89.8026 -95.4594 37
      vertex -91.2168 -96.8736 38
      vertex -91.2168 -96.8736 37.0857
    endloop
  endfacet
  facet normal 0 0 -1
    outer loop
      vertex -73.1856 -75.3069 35
      vertex -72.4784 -70.3571 35
      vertex -70.3571 -72.4784 35
    endloop
  endfacet
  facet normal 0 0 -1
    outer loop
      vertex -72.4784 -70.3571 35
      vertex -73.1856 -75.3069 35
      vertex -75.3069 -73.1856 35
    endloop
  endfacet
  facet normal -0.262615 0.262615 -0.928475
    outer loop
      vertex -75.3069 -73.1856 35
      vertex -94.0452 -88.3884 36
      vertex -72.4784 -70.3571 35
    endloop
  endfacet
  facet normal -0.262615 0.262615 -0.928475
    outer loop
      vertex -94.0452 -88.3884 36
      vertex -75.3069 -73.1856 35
      vertex -96.8736 -91.2168 36
    endloop
  endfacet
  facet normal -0.0252378 -0.0252378 -0.999363
    outer loop
      vertex -91.2168 -96.8736 36
      vertex -75.3069 -73.1856 35
      vertex -73.1856 -75.3069 35
    endloop
  endfacet
  facet normal -0.0252378 -0.0252378 -0.999363
    outer loop
      vertex -75.3069 -73.1856 35
      vertex -91.2168 -96.8736 36
      vertex -96.8736 -91.2168 36
    endloop
  endfacet
  facet normal -0.707107 -0.707107 0
    outer loop
      vertex -54.4472 -57.2757 35.5
      vertex -57.2757 -54.4472 36
      vertex -57.2757 -54.4472 35.5
    endloop
  endfacet
  facet normal -0.707107 -0.707107 0
    outer loop
      vertex -57.2757 -54.4472 36
      vertex -54.4472 -57.2757 35.5
      vertex -54.4472 -57.2757 36
    endloop
  endfacet
  facet normal 0.0207875 0.0207893 -0.999568
    outer loop
      vertex -50.2046 -53.033 35.5
      vertex -37.2115 -41.9845 36
      vertex -36.0624 -43.1335 36
    endloop
  endfacet
  facet normal 0.0207883 0.0207883 -0.999568
    outer loop
      vertex -37.2115 -41.9845 36
      vertex -50.2046 -53.033 35.5
      vertex -50.3056 -52.932 35.5
    endloop
  endfacet
  facet normal 0.0207883 0.0207883 -0.999568
    outer loop
      vertex -53.033 -50.2046 35.5
      vertex -41.9845 -37.2115 36
      vertex -52.932 -50.3056 35.5
    endloop
  endfacet
  facet normal 0.0207893 0.0207875 -0.999568
    outer loop
      vertex -41.9845 -37.2115 36
      vertex -53.033 -50.2046 35.5
      vertex -43.1335 -36.0624 36
    endloop
  endfacet
  facet normal -0.832049 0.554702 0
    outer loop
      vertex -57.2757 -54.4472 36
      vertex -48.7904 -41.7193 36
      vertex -57.2757 -54.4472 35.5
    endloop
  endfacet
  facet normal -0.832049 0.554702 0
    outer loop
      vertex -48.7904 -41.7193 36
      vertex -57.2757 -54.4472 36
      vertex -48.7904 -41.7193 36.5
    endloop
  endfacet
  facet normal -0 0 -1
    outer loop
      vertex -50.2046 -53.033 35.5
      vertex -53.3866 -55.5079 35.5
      vertex -50.3056 -52.932 35.5
    endloop
  endfacet
  facet normal 0 0 -1
    outer loop
      vertex -54.4472 -57.2757 35.5
      vertex -53.3866 -55.5079 35.5
      vertex -50.2046 -53.033 35.5
    endloop
  endfacet
  facet normal 0 0 -1
    outer loop
      vertex -54.4472 -57.2757 35.5
      vertex -55.5079 -53.3866 35.5
      vertex -53.3866 -55.5079 35.5
    endloop
  endfacet
  facet normal 0 -0 -1
    outer loop
      vertex -55.5079 -53.3866 35.5
      vertex -54.4472 -57.2757 35.5
      vertex -57.2757 -54.4472 35.5
    endloop
  endfacet
  facet normal 0 0 -1
    outer loop
      vertex -55.5079 -53.3866 35.5
      vertex -53.033 -50.2046 35.5
      vertex -52.932 -50.3056 35.5
    endloop
  endfacet
  facet normal 0 0 -1
    outer loop
      vertex -53.033 -50.2046 35.5
      vertex -55.5079 -53.3866 35.5
      vertex -57.2757 -54.4472 35.5
    endloop
  endfacet
  facet normal -0.116246 0.116246 -0.986394
    outer loop
      vertex -53.033 -50.2046 35.5
      vertex -48.7904 -41.7193 36
      vertex -43.1335 -36.0624 36
    endloop
  endfacet
  facet normal -0.116241 0.116243 -0.986395
    outer loop
      vertex -48.7904 -41.7193 36
      vertex -53.033 -50.2046 35.5
      vertex -57.2757 -54.4472 35.5
    endloop
  endfacet
  facet normal 0.116246 -0.116246 -0.986394
    outer loop
      vertex -41.7193 -48.7904 36
      vertex -50.2046 -53.033 35.5
      vertex -36.0624 -43.1335 36
    endloop
  endfacet
  facet normal 0.116243 -0.116241 -0.986395
    outer loop
      vertex -50.2046 -53.033 35.5
      vertex -41.7193 -48.7904 36
      vertex -54.4472 -57.2757 35.5
    endloop
  endfacet
  facet normal -0.0235544 -0.0235558 0.999445
    outer loop
      vertex -48.7904 -41.7193 36.5
      vertex -55.5079 -53.3866 36.0667
      vertex -47.1362 -43.3734 36.5
    endloop
  endfacet
  facet normal -0.0235891 -0.0235358 0.999445
    outer loop
      vertex -55.5079 -53.3866 36.0667
      vertex -48.7904 -41.7193 36.5
      vertex -57.2757 -54.4472 36
    endloop
  endfacet
  facet normal -0.0235558 -0.0235544 0.999445
    outer loop
      vertex -53.3866 -55.5079 36.0667
      vertex -41.7193 -48.7904 36.5
      vertex -43.3734 -47.1362 36.5
    endloop
  endfacet
  facet normal -0.0235358 -0.0235891 0.999445
    outer loop
      vertex -53.3866 -55.5079 36.0667
      vertex -54.4472 -57.2757 36
      vertex -41.7193 -48.7904 36.5
    endloop
  endfacet
  facet normal -0.0235691 -0.0235691 0.999444
    outer loop
      vertex -55.5079 -53.3866 36.0667
      vertex -54.4472 -57.2757 36
      vertex -53.3866 -55.5079 36.0667
    endloop
  endfacet
  facet normal -0.0235691 -0.0235691 0.999444
    outer loop
      vertex -54.4472 -57.2757 36
      vertex -55.5079 -53.3866 36.0667
      vertex -57.2757 -54.4472 36
    endloop
  endfacet
  facet normal 0.554702 -0.832049 0
    outer loop
      vertex -54.4472 -57.2757 36
      vertex -41.7193 -48.7904 36
      vertex -41.7193 -48.7904 36.5
    endloop
  endfacet
  facet normal 0.554702 -0.832049 0
    outer loop
      vertex -41.7193 -48.7904 36
      vertex -54.4472 -57.2757 36
      vertex -54.4472 -57.2757 35.5
    endloop
  endfacet
  facet normal 0.707107 -0.707107 0
    outer loop
      vertex -28.2843 -38.1838 37
      vertex -24.0416 -33.9411 36.5
      vertex -24.0416 -33.9411 37
    endloop
  endfacet
  facet normal 0.707107 -0.707107 0
    outer loop
      vertex -24.0416 -33.9411 36.5
      vertex -28.2843 -38.1838 37
      vertex -28.2843 -38.1838 36.5
    endloop
  endfacet
  facet normal -0.1715 0.1715 -0.970142
    outer loop
      vertex -43.1335 -36.0624 36
      vertex -38.1838 -28.2843 36.5
      vertex -33.9411 -24.0416 36.5
    endloop
  endfacet
  facet normal -0.1715 0.1715 -0.970142
    outer loop
      vertex -38.1838 -28.2843 36.5
      vertex -43.1335 -36.0624 36
      vertex -48.7904 -41.7193 36
    endloop
  endfacet
  facet normal 0.0235452 0.0235923 -0.999444
    outer loop
      vertex -24.0416 -33.9411 36.5
      vertex -31.8198 -37.4767 36.2333
      vertex -28.9914 -34.6482 36.3667
    endloop
  endfacet
  facet normal 0.023567 0.0235442 -0.999445
    outer loop
      vertex -36.0624 -43.1335 36
      vertex -31.8198 -37.4767 36.2333
      vertex -24.0416 -33.9411 36.5
    endloop
  endfacet
  facet normal 0.0235528 0.0235549 -0.999445
    outer loop
      vertex -31.8198 -37.4767 36.2333
      vertex -36.0624 -43.1335 36
      vertex -37.2115 -41.9845 36
    endloop
  endfacet
  facet normal 0.0235511 0.0235511 -0.999445
    outer loop
      vertex -28.9914 -34.6482 36.3667
      vertex -33.9411 -24.0416 36.5
      vertex -24.0416 -33.9411 36.5
    endloop
  endfacet
  facet normal 0.0235511 0.0235511 -0.999445
    outer loop
      vertex -34.6482 -28.9914 36.3667
      vertex -33.9411 -24.0416 36.5
      vertex -28.9914 -34.6482 36.3667
    endloop
  endfacet
  facet normal 0.0235923 0.0235452 -0.999444
    outer loop
      vertex -37.4767 -31.8198 36.2333
      vertex -33.9411 -24.0416 36.5
      vertex -34.6482 -28.9914 36.3667
    endloop
  endfacet
  facet normal 0.0235549 0.0235528 -0.999445
    outer loop
      vertex -43.1335 -36.0624 36
      vertex -37.4767 -31.8198 36.2333
      vertex -41.9845 -37.2115 36
    endloop
  endfacet
  facet normal 0.0235442 0.023567 -0.999445
    outer loop
      vertex -37.4767 -31.8198 36.2333
      vertex -43.1335 -36.0624 36
      vertex -33.9411 -24.0416 36.5
    endloop
  endfacet
  facet normal -0.784882 0.619645 0
    outer loop
      vertex -48.7904 -41.7193 36.5
      vertex -38.1838 -28.2843 36.5
      vertex -48.7904 -41.7193 36
    endloop
  endfacet
  facet normal -0.784882 0.619645 0
    outer loop
      vertex -38.1838 -28.2843 36.5
      vertex -48.7904 -41.7193 36.5
      vertex -38.1838 -28.2843 37
    endloop
  endfacet
  facet normal -0.0207789 -0.0207799 0.999568
    outer loop
      vertex -38.1838 -28.2843 37
      vertex -37.4767 -31.8198 36.9412
      vertex -36.0624 -30.4056 37
    endloop
  endfacet
  facet normal -0.0207949 -0.0207831 0.999568
    outer loop
      vertex -48.7904 -41.7193 36.5
      vertex -37.4767 -31.8198 36.9412
      vertex -38.1838 -28.2843 37
    endloop
  endfacet
  facet normal -0.0207888 -0.0207901 0.999568
    outer loop
      vertex -37.4767 -31.8198 36.9412
      vertex -48.7904 -41.7193 36.5
      vertex -47.1362 -43.3734 36.5
    endloop
  endfacet
  facet normal -0.0207799 -0.0207789 0.999568
    outer loop
      vertex -31.8198 -37.4767 36.9412
      vertex -28.2843 -38.1838 37
      vertex -30.4056 -36.0624 37
    endloop
  endfacet
  facet normal -0.0207831 -0.0207949 0.999568
    outer loop
      vertex -31.8198 -37.4767 36.9412
      vertex -41.7193 -48.7904 36.5
      vertex -28.2843 -38.1838 37
    endloop
  endfacet
  facet normal -0.0207901 -0.0207888 0.999568
    outer loop
      vertex -41.7193 -48.7904 36.5
      vertex -31.8198 -37.4767 36.9412
      vertex -43.3734 -47.1362 36.5
    endloop
  endfacet
  facet normal 0.1715 -0.1715 -0.970142
    outer loop
      vertex -28.2843 -38.1838 36.5
      vertex -36.0624 -43.1335 36
      vertex -24.0416 -33.9411 36.5
    endloop
  endfacet
  facet normal 0.1715 -0.1715 -0.970142
    outer loop
      vertex -36.0624 -43.1335 36
      vertex -28.2843 -38.1838 36.5
      vertex -41.7193 -48.7904 36
    endloop
  endfacet
  facet normal 0.619645 -0.784882 0
    outer loop
      vertex -41.7193 -48.7904 36.5
      vertex -28.2843 -38.1838 36.5
      vertex -28.2843 -38.1838 37
    endloop
  endfacet
  facet normal 0.619645 -0.784882 0
    outer loop
      vertex -28.2843 -38.1838 36.5
      vertex -41.7193 -48.7904 36.5
      vertex -41.7193 -48.7904 36
    endloop
  endfacet
  facet normal -0.707107 0.707107 0
    outer loop
      vertex -38.1838 -28.2843 36.5
      vertex -33.9411 -24.0416 37
      vertex -33.9411 -24.0416 36.5
    endloop
  endfacet
  facet normal -0.707107 0.707107 0
    outer loop
      vertex -33.9411 -24.0416 37
      vertex -38.1838 -28.2843 36.5
      vertex -38.1838 -28.2843 37
    endloop
  endfacet
  facet normal 0.116249 0.116249 -0.986394
    outer loop
      vertex -24.0416 -33.9411 36.5
      vertex -30.4056 -23.3345 37
      vertex -23.3345 -30.4056 37
    endloop
  endfacet
  facet normal 0.116249 0.116249 -0.986394
    outer loop
      vertex -30.4056 -23.3345 37
      vertex -24.0416 -33.9411 36.5
      vertex -33.9411 -24.0416 36.5
    endloop
  endfacet
  facet normal 0.104894 -0.104894 0.988936
    outer loop
      vertex -24.7487 -31.8198 37.3
      vertex -24.0416 -33.9411 37
      vertex -23.3345 -30.4056 37.3
    endloop
  endfacet
  facet normal 0.104894 -0.104894 0.988936
    outer loop
      vertex -24.0416 -33.9411 37
      vertex -24.7487 -31.8198 37.3
      vertex -28.2843 -38.1838 37
    endloop
  endfacet
  facet normal 0.707107 0.707107 0
    outer loop
      vertex -23.3345 -30.4056 37.3
      vertex -30.4056 -23.3345 37
      vertex -30.4056 -23.3345 37.3
    endloop
  endfacet
  facet normal 0.707107 0.707107 0
    outer loop
      vertex -30.4056 -23.3345 37
      vertex -23.3345 -30.4056 37.3
      vertex -23.3345 -30.4056 37
    endloop
  endfacet
  facet normal -0.196116 0.980581 0
    outer loop
      vertex -30.4056 -23.3345 37
      vertex -33.9411 -24.0416 37
      vertex -30.4056 -23.3345 37.3
    endloop
  endfacet
  facet normal -0.196116 0.980581 0
    outer loop
      vertex -33.9411 -24.0416 37
      vertex -30.4056 -23.3345 37
      vertex -33.9411 -24.0416 36.5
    endloop
  endfacet
  facet normal -0.0302823 -0.0302732 0.999083
    outer loop
      vertex -24.7487 -31.8198 37.3
      vertex -28.9914 -34.6482 37.0857
      vertex -28.2843 -38.1838 37
    endloop
  endfacet
  facet normal -0.0302787 -0.0302787 0.999083
    outer loop
      vertex -31.8198 -24.7487 37.3
      vertex -28.9914 -34.6482 37.0857
      vertex -24.7487 -31.8198 37.3
    endloop
  endfacet
  facet normal -0.0302787 -0.0302787 0.999083
    outer loop
      vertex -31.8198 -24.7487 37.3
      vertex -34.6482 -28.9914 37.0857
      vertex -28.9914 -34.6482 37.0857
    endloop
  endfacet
  facet normal -0.0302732 -0.0302823 0.999083
    outer loop
      vertex -38.1838 -28.2843 37
      vertex -34.6482 -28.9914 37.0857
      vertex -31.8198 -24.7487 37.3
    endloop
  endfacet
  facet normal -0.0302713 -0.0302728 0.999083
    outer loop
      vertex -34.6482 -28.9914 37.0857
      vertex -38.1838 -28.2843 37
      vertex -36.0624 -30.4056 37
    endloop
  endfacet
  facet normal -0.0302728 -0.0302713 0.999083
    outer loop
      vertex -28.2843 -38.1838 37
      vertex -28.9914 -34.6482 37.0857
      vertex -30.4056 -36.0624 37
    endloop
  endfacet
  facet normal 0 0 1
    outer loop
      vertex -30.4056 -23.3345 37.3
      vertex -24.7487 -31.8198 37.3
      vertex -23.3345 -30.4056 37.3
    endloop
  endfacet
  facet normal 0 0 1
    outer loop
      vertex -24.7487 -31.8198 37.3
      vertex -30.4056 -23.3345 37.3
      vertex -31.8198 -24.7487 37.3
    endloop
  endfacet
  facet normal 0.980581 -0.196116 0
    outer loop
      vertex -24.0416 -33.9411 37
      vertex -23.3345 -30.4056 37
      vertex -23.3345 -30.4056 37.3
    endloop
  endfacet
  facet normal 0.980581 -0.196116 0
    outer loop
      vertex -23.3345 -30.4056 37
      vertex -24.0416 -33.9411 37
      vertex -24.0416 -33.9411 36.5
    endloop
  endfacet
  facet normal -0.104894 0.104894 0.988936
    outer loop
      vertex -33.9411 -24.0416 37
      vertex -31.8198 -24.7487 37.3
      vertex -30.4056 -23.3345 37.3
    endloop
  endfacet
  facet normal -0.104894 0.104894 0.988936
    outer loop
      vertex -31.8198 -24.7487 37.3
      vertex -33.9411 -24.0416 37
      vertex -38.1838 -28.2843 37
    endloop
  endfacet
  facet normal 0.707107 0.707107 0
    outer loop
      vertex -28.9914 -34.6482 36.3667
      vertex -34.6482 -28.9914 36
      vertex -34.6482 -28.9914 36.3667
    endloop
  endfacet
  facet normal 0.707107 0.707107 0
    outer loop
      vertex -34.6482 -28.9914 36
      vertex -28.9914 -34.6482 36.3667
      vertex -28.9914 -34.6482 36
    endloop
  endfacet
  facet normal 0.707107 0.707107 0
    outer loop
      vertex -28.9914 -34.6482 38
      vertex -34.6482 -28.9914 37.0857
      vertex -34.6482 -28.9914 38
    endloop
  endfacet
  facet normal 0.707107 0.707107 0
    outer loop
      vertex -34.6482 -28.9914 37.0857
      vertex -28.9914 -34.6482 38
      vertex -28.9914 -34.6482 37.0857
    endloop
  endfacet
  facet normal -0.76719 0.641419 0
    outer loop
      vertex -37.4767 -31.8198 36
      vertex -41.9845 -37.2115 36
      vertex -37.4767 -31.8198 36.2333
    endloop
  endfacet
  facet normal -0.76719 0.641419 1.61766e-14
    outer loop
      vertex -55.5079 -53.3866 35
      vertex -41.9845 -37.2115 36
      vertex -37.4767 -31.8198 36
    endloop
  endfacet
  facet normal -0.76719 0.64142 -2.37993e-05
    outer loop
      vertex -41.9845 -37.2115 36
      vertex -55.5079 -53.3866 35
      vertex -52.932 -50.3056 35.5
    endloop
  endfacet
  facet normal -0.767192 0.641418 0
    outer loop
      vertex -52.932 -50.3056 35.5
      vertex -55.5079 -53.3866 35
      vertex -55.5079 -53.3866 35.5
    endloop
  endfacet
  facet normal -0.767192 0.641418 0
    outer loop
      vertex -47.1362 -43.3734 36.5
      vertex -37.4767 -31.8198 38
      vertex -37.4767 -31.8198 36.9412
    endloop
  endfacet
  facet normal -0.767189 0.641421 0
    outer loop
      vertex -55.5079 -53.3866 36.5
      vertex -47.1362 -43.3734 36.5
      vertex -55.5079 -53.3866 36.0667
    endloop
  endfacet
  facet normal -0.767189 0.641421 -3.9214e-05
    outer loop
      vertex -47.1362 -43.3734 36.5
      vertex -55.5079 -53.3866 36.5
      vertex -37.4767 -31.8198 38
    endloop
  endfacet
  facet normal -0.707107 -0.707107 0
    outer loop
      vertex -53.3866 -55.5079 35
      vertex -55.5079 -53.3866 35.5
      vertex -55.5079 -53.3866 35
    endloop
  endfacet
  facet normal -0.707107 -0.707107 0
    outer loop
      vertex -55.5079 -53.3866 35.5
      vertex -53.3866 -55.5079 35
      vertex -53.3866 -55.5079 35.5
    endloop
  endfacet
  facet normal -0.707107 -0.707107 0
    outer loop
      vertex -53.3866 -55.5079 36.0667
      vertex -55.5079 -53.3866 36.5
      vertex -55.5079 -53.3866 36.0667
    endloop
  endfacet
  facet normal -0.707107 -0.707107 0
    outer loop
      vertex -55.5079 -53.3866 36.5
      vertex -53.3866 -55.5079 36.0667
      vertex -53.3866 -55.5079 36.5
    endloop
  endfacet
  facet normal -0.0378265 -0.0378265 0.998568
    outer loop
      vertex -37.4767 -31.8198 38
      vertex -53.3866 -55.5079 36.5
      vertex -31.8198 -37.4767 38
    endloop
  endfacet
  facet normal -0.0378265 -0.0378265 0.998568
    outer loop
      vertex -53.3866 -55.5079 36.5
      vertex -37.4767 -31.8198 38
      vertex -55.5079 -53.3866 36.5
    endloop
  endfacet
  facet normal 0.707107 -0.707107 0
    outer loop
      vertex -28.9914 -34.6482 38
      vertex -30.4056 -36.0624 37
      vertex -28.9914 -34.6482 37.0857
    endloop
  endfacet
  facet normal 0.707119 -0.707094 -3.53547e-05
    outer loop
      vertex -31.8198 -37.4767 38
      vertex -30.4056 -36.0624 37
      vertex -28.9914 -34.6482 38
    endloop
  endfacet
  facet normal 0.707132 -0.707082 0
    outer loop
      vertex -30.4056 -36.0624 37
      vertex -31.8198 -37.4767 38
      vertex -31.8198 -37.4767 36.9412
    endloop
  endfacet
  facet normal 0.707119 -0.707094 0
    outer loop
      vertex -31.8198 -37.4767 36.2333
      vertex -28.9914 -34.6482 36
      vertex -28.9914 -34.6482 36.3667
    endloop
  endfacet
  facet normal 0.707119 -0.707094 0
    outer loop
      vertex -28.9914 -34.6482 36
      vertex -31.8198 -37.4767 36.2333
      vertex -31.8198 -37.4767 36
    endloop
  endfacet
  facet normal -0.262572 0.262581 -0.928497
    outer loop
      vertex -52.6795 -50.5581 35
      vertex -37.4767 -31.8198 36
      vertex -34.6482 -28.9914 36
    endloop
  endfacet
  facet normal -0.262658 0.262649 -0.928454
    outer loop
      vertex -37.4767 -31.8198 36
      vertex -52.6795 -50.5581 35
      vertex -55.5079 -53.3866 35
    endloop
  endfacet
  facet normal 0.641418 -0.767192 0
    outer loop
      vertex -53.3866 -55.5079 35.5
      vertex -53.3866 -55.5079 35
      vertex -50.3056 -52.932 35.5
    endloop
  endfacet
  facet normal 0.641419 -0.76719 0
    outer loop
      vertex -37.2115 -41.9845 36
      vertex -31.8198 -37.4767 36
      vertex -31.8198 -37.4767 36.2333
    endloop
  endfacet
  facet normal 0.64142 -0.76719 -2.37993e-05
    outer loop
      vertex -53.3866 -55.5079 35
      vertex -37.2115 -41.9845 36
      vertex -50.3056 -52.932 35.5
    endloop
  endfacet
  facet normal 0.641419 -0.76719 1.21325e-14
    outer loop
      vertex -37.2115 -41.9845 36
      vertex -53.3866 -55.5079 35
      vertex -31.8198 -37.4767 36
    endloop
  endfacet
  facet normal 0.641421 -0.767189 -3.9214e-05
    outer loop
      vertex -43.3734 -47.1362 36.5
      vertex -31.8198 -37.4767 38
      vertex -53.3866 -55.5079 36.5
    endloop
  endfacet
  facet normal 0.641418 -0.767192 0
    outer loop
      vertex -31.8198 -37.4767 38
      vertex -43.3734 -47.1362 36.5
      vertex -31.8198 -37.4767 36.9412
    endloop
  endfacet
  facet normal 0.641421 -0.767189 0
    outer loop
      vertex -43.3734 -47.1362 36.5
      vertex -53.3866 -55.5079 36.5
      vertex -53.3866 -55.5079 36.0667
    endloop
  endfacet
  facet normal 0 0 1
    outer loop
      vertex -34.6482 -28.9914 38
      vertex -31.8198 -37.4767 38
      vertex -28.9914 -34.6482 38
    endloop
  endfacet
  facet normal 0 0 1
    outer loop
      vertex -31.8198 -37.4767 38
      vertex -34.6482 -28.9914 38
      vertex -37.4767 -31.8198 38
    endloop
  endfacet
  facet normal -0.707094 0.707119 0
    outer loop
      vertex -37.4767 -31.8198 36.2333
      vertex -34.6482 -28.9914 36
      vertex -37.4767 -31.8198 36
    endloop
  endfacet
  facet normal -0.707094 0.707119 0
    outer loop
      vertex -34.6482 -28.9914 36
      vertex -37.4767 -31.8198 36.2333
      vertex -34.6482 -28.9914 36.3667
    endloop
  endfacet
  facet normal -0.707107 0.707107 0
    outer loop
      vertex -36.0624 -30.4056 37
      vertex -34.6482 -28.9914 38
      vertex -34.6482 -28.9914 37.0857
    endloop
  endfacet
  facet normal -0.707082 0.707132 0
    outer loop
      vertex -37.4767 -31.8198 38
      vertex -36.0624 -30.4056 37
      vertex -37.4767 -31.8198 36.9412
    endloop
  endfacet
  facet normal -0.707094 0.707119 -3.53547e-05
    outer loop
      vertex -36.0624 -30.4056 37
      vertex -37.4767 -31.8198 38
      vertex -34.6482 -28.9914 38
    endloop
  endfacet
  facet normal 0 0 -1
    outer loop
      vertex -53.3866 -55.5079 35
      vertex -52.6795 -50.5581 35
      vertex -50.5581 -52.6795 35
    endloop
  endfacet
  facet normal 0 0 -1
    outer loop
      vertex -52.6795 -50.5581 35
      vertex -53.3866 -55.5079 35
      vertex -55.5079 -53.3866 35
    endloop
  endfacet
  facet normal 0.262581 -0.262572 -0.928497
    outer loop
      vertex -31.8198 -37.4767 36
      vertex -50.5581 -52.6795 35
      vertex -28.9914 -34.6482 36
    endloop
  endfacet
  facet normal 0.262649 -0.262658 -0.928454
    outer loop
      vertex -50.5581 -52.6795 35
      vertex -31.8198 -37.4767 36
      vertex -53.3866 -55.5079 35
    endloop
  endfacet
  facet normal 0.0252377 0.0252377 -0.999363
    outer loop
      vertex -50.5581 -52.6795 35
      vertex -34.6482 -28.9914 36
      vertex -28.9914 -34.6482 36
    endloop
  endfacet
  facet normal 0.0252377 0.0252377 -0.999363
    outer loop
      vertex -34.6482 -28.9914 36
      vertex -50.5581 -52.6795 35
      vertex -52.6795 -50.5581 35
    endloop
  endfacet
  facet normal -0.418228 -0.691796 0.588646
    outer loop
      vertex -64.7003 -64.7003 37
      vertex -65.7609 -65.7609 35
      vertex -64.1225 -66.7514 35
    endloop
  endfacet
  facet normal -0.0488433 -0.806894 0.588673
    outer loop
      vertex -63.6763 -65.3193 37
      vertex -64.1225 -66.7514 35
      vertex -62.4819 -65.3916 37
    endloop
  endfacet
  facet normal -0.691796 -0.418228 0.588646
    outer loop
      vertex -64.7003 -64.7003 37
      vertex -66.7514 -64.1225 35
      vertex -65.7609 -65.7609 35
    endloop
  endfacet
  facet normal 0.79513 -0.145709 0.588674
    outer loop
      vertex -58.9398 -62.691 35
      vertex -60.4371 -62.7816 37
      vertex -59.2849 -64.5742 35
    endloop
  endfacet
  facet normal 0.636336 -0.498555 0.588659
    outer loop
      vertex -59.2849 -64.5742 35
      vertex -61.3907 -64.9005 37
      vertex -60.4656 -66.0812 35
    endloop
  endfacet
  facet normal -0.498555 0.636336 0.588659
    outer loop
      vertex -64.5742 -59.2849 35
      vertex -66.0812 -60.4656 35
      vertex -64.9005 -61.3907 37
    endloop
  endfacet
  facet normal 0.795119 -0.145728 0.588684
    outer loop
      vertex -60.4371 -62.7816 37
      vertex -60.6528 -63.9585 37
      vertex -59.2849 -64.5742 35
    endloop
  endfacet
  facet normal -0.691803 -0.41819 0.588664
    outer loop
      vertex -65.3193 -63.6763 37
      vertex -66.7514 -64.1225 35
      vertex -64.7003 -64.7003 37
    endloop
  endfacet
  facet normal -0.0488114 -0.806908 0.588657
    outer loop
      vertex -62.4819 -65.3916 37
      vertex -64.1225 -66.7514 35
      vertex -62.2115 -66.867 35
    endloop
  endfacet
  facet normal -0.737164 0.331764 0.588661
    outer loop
      vertex -64.9005 -61.3907 37
      vertex -66.867 -62.2115 35
      vertex -65.3916 -62.4819 37
    endloop
  endfacet
  facet normal 0.240506 0.771763 0.588675
    outer loop
      vertex -62.691 -58.9398 35
      vertex -62.7816 -60.4371 37
      vertex -60.8632 -59.5094 35
    endloop
  endfacet
  facet normal -0.806908 -0.0488114 0.588657
    outer loop
      vertex -65.3916 -62.4819 37
      vertex -66.867 -62.2115 35
      vertex -66.7514 -64.1225 35
    endloop
  endfacet
  facet normal -0 0 1
    outer loop
      vertex -58.9398 -62.691 35
      vertex -57.9325 -62.9325 35
      vertex -58.3131 -61.0191 35
    endloop
  endfacet
  facet normal 0 0 1
    outer loop
      vertex -59.2849 -64.5742 35
      vertex -57.9325 -62.9325 35
      vertex -58.9398 -62.691 35
    endloop
  endfacet
  facet normal -0 0 1
    outer loop
      vertex -59.5094 -60.8632 35
      vertex -58.3131 -61.0191 35
      vertex -59.397 -59.397 35
    endloop
  endfacet
  facet normal 0 0 1
    outer loop
      vertex -58.3131 -61.0191 35
      vertex -59.5094 -60.8632 35
      vertex -58.9398 -62.691 35
    endloop
  endfacet
  facet normal 0 0 1
    outer loop
      vertex -59.397 -59.397 35
      vertex -60.8632 -59.5094 35
      vertex -59.5094 -60.8632 35
    endloop
  endfacet
  facet normal 0 0 1
    outer loop
      vertex -61.0191 -58.3131 35
      vertex -60.8632 -59.5094 35
      vertex -59.397 -59.397 35
    endloop
  endfacet
  facet normal 0 0 1
    outer loop
      vertex -61.0191 -58.3131 35
      vertex -62.691 -58.9398 35
      vertex -60.8632 -59.5094 35
    endloop
  endfacet
  facet normal 0 0 1
    outer loop
      vertex -62.9325 -57.9325 35
      vertex -62.691 -58.9398 35
      vertex -61.0191 -58.3131 35
    endloop
  endfacet
  facet normal 0 0 1
    outer loop
      vertex -62.9325 -57.9325 35
      vertex -64.5742 -59.2849 35
      vertex -62.691 -58.9398 35
    endloop
  endfacet
  facet normal -0 0 1
    outer loop
      vertex -64.8459 -58.3131 35
      vertex -64.5742 -59.2849 35
      vertex -62.9325 -57.9325 35
    endloop
  endfacet
  facet normal 0 0 1
    outer loop
      vertex -66.468 -59.397 35
      vertex -64.5742 -59.2849 35
      vertex -64.8459 -58.3131 35
    endloop
  endfacet
  facet normal 0 0 1
    outer loop
      vertex -64.5742 -59.2849 35
      vertex -66.468 -59.397 35
      vertex -66.0812 -60.4656 35
    endloop
  endfacet
  facet normal 0 0 1
    outer loop
      vertex -67.5519 -61.0191 35
      vertex -66.0812 -60.4656 35
      vertex -66.468 -59.397 35
    endloop
  endfacet
  facet normal 0 0 1
    outer loop
      vertex -66.0812 -60.4656 35
      vertex -67.5519 -61.0191 35
      vertex -66.867 -62.2115 35
    endloop
  endfacet
  facet normal 0 0 1
    outer loop
      vertex -57.9325 -62.9325 35
      vertex -59.2849 -64.5742 35
      vertex -58.3131 -64.8459 35
    endloop
  endfacet
  facet normal 0 0 1
    outer loop
      vertex -59.2849 -64.5742 35
      vertex -59.397 -66.468 35
      vertex -58.3131 -64.8459 35
    endloop
  endfacet
  facet normal -0 0 1
    outer loop
      vertex -60.4656 -66.0812 35
      vertex -59.397 -66.468 35
      vertex -59.2849 -64.5742 35
    endloop
  endfacet
  facet normal 0 0 1
    outer loop
      vertex -60.4656 -66.0812 35
      vertex -61.0191 -67.5519 35
      vertex -59.397 -66.468 35
    endloop
  endfacet
  facet normal -0 0 1
    outer loop
      vertex -62.2115 -66.867 35
      vertex -61.0191 -67.5519 35
      vertex -60.4656 -66.0812 35
    endloop
  endfacet
  facet normal 0 0 1
    outer loop
      vertex -62.2115 -66.867 35
      vertex -62.9325 -67.9325 35
      vertex -61.0191 -67.5519 35
    endloop
  endfacet
  facet normal 0 0 1
    outer loop
      vertex -64.1225 -66.7514 35
      vertex -62.9325 -67.9325 35
      vertex -62.2115 -66.867 35
    endloop
  endfacet
  facet normal 0 0 1
    outer loop
      vertex -64.1225 -66.7514 35
      vertex -64.8459 -67.5519 35
      vertex -62.9325 -67.9325 35
    endloop
  endfacet
  facet normal 0 0 1
    outer loop
      vertex -65.7609 -65.7609 35
      vertex -64.8459 -67.5519 35
      vertex -64.1225 -66.7514 35
    endloop
  endfacet
  facet normal 0 0 1
    outer loop
      vertex -65.7609 -65.7609 35
      vertex -66.468 -66.468 35
      vertex -64.8459 -67.5519 35
    endloop
  endfacet
  facet normal -0 0 1
    outer loop
      vertex -67.5519 -64.8459 35
      vertex -65.7609 -65.7609 35
      vertex -66.7514 -64.1225 35
    endloop
  endfacet
  facet normal 0 0 1
    outer loop
      vertex -67.9325 -62.9325 35
      vertex -66.867 -62.2115 35
      vertex -67.5519 -61.0191 35
    endloop
  endfacet
  facet normal 0 0 1
    outer loop
      vertex -66.867 -62.2115 35
      vertex -67.9325 -62.9325 35
      vertex -66.7514 -64.1225 35
    endloop
  endfacet
  facet normal 0 0 1
    outer loop
      vertex -65.7609 -65.7609 35
      vertex -67.5519 -64.8459 35
      vertex -66.468 -66.468 35
    endloop
  endfacet
  facet normal 0 0 1
    outer loop
      vertex -66.7514 -64.1225 35
      vertex -67.9325 -62.9325 35
      vertex -67.5519 -64.8459 35
    endloop
  endfacet
  facet normal -0.737163 0.331784 0.588651
    outer loop
      vertex -66.0812 -60.4656 35
      vertex -66.867 -62.2115 35
      vertex -64.9005 -61.3907 37
    endloop
  endfacet
  facet normal 0.331764 -0.737164 0.588661
    outer loop
      vertex -61.3907 -64.9005 37
      vertex -62.4819 -65.3916 37
      vertex -62.2115 -66.867 35
    endloop
  endfacet
  facet normal -0.806894 -0.0488433 0.588673
    outer loop
      vertex -65.3916 -62.4819 37
      vertex -66.7514 -64.1225 35
      vertex -65.3193 -63.6763 37
    endloop
  endfacet
  facet normal 0.771763 0.240506 0.588675
    outer loop
      vertex -59.5094 -60.8632 35
      vertex -60.4371 -62.7816 37
      vertex -58.9398 -62.691 35
    endloop
  endfacet
  facet normal 0.331784 -0.737163 0.588651
    outer loop
      vertex -61.3907 -64.9005 37
      vertex -62.2115 -66.867 35
      vertex -60.4656 -66.0812 35
    endloop
  endfacet
  facet normal 0.63636 -0.498482 0.588696
    outer loop
      vertex -60.6528 -63.9585 37
      vertex -61.3907 -64.9005 37
      vertex -59.2849 -64.5742 35
    endloop
  endfacet
  facet normal 0.771766 0.240501 0.588673
    outer loop
      vertex -59.5094 -60.8632 35
      vertex -60.7931 -61.6392 37
      vertex -60.4371 -62.7816 37
    endloop
  endfacet
  facet normal 0.571607 0.571607 0.588669
    outer loop
      vertex -60.8632 -59.5094 35
      vertex -60.7931 -61.6392 37
      vertex -59.5094 -60.8632 35
    endloop
  endfacet
  facet normal 0.571607 0.571607 0.588669
    outer loop
      vertex -60.7931 -61.6392 37
      vertex -60.8632 -59.5094 35
      vertex -61.6392 -60.7931 37
    endloop
  endfacet
  facet normal -0.41819 -0.691803 0.588664
    outer loop
      vertex -63.6763 -65.3193 37
      vertex -64.7003 -64.7003 37
      vertex -64.1225 -66.7514 35
    endloop
  endfacet
  facet normal 0 0 1
    outer loop
      vertex -60.7931 -61.6392 37
      vertex -60.6528 -63.9585 37
      vertex -60.4371 -62.7816 37
    endloop
  endfacet
  facet normal 0 0 1
    outer loop
      vertex -60.7931 -61.6392 37
      vertex -61.3907 -64.9005 37
      vertex -60.6528 -63.9585 37
    endloop
  endfacet
  facet normal 0 0 1
    outer loop
      vertex -61.6392 -60.7931 37
      vertex -61.3907 -64.9005 37
      vertex -60.7931 -61.6392 37
    endloop
  endfacet
  facet normal 0 0 1
    outer loop
      vertex -61.6392 -60.7931 37
      vertex -62.4819 -65.3916 37
      vertex -61.3907 -64.9005 37
    endloop
  endfacet
  facet normal 0 0 1
    outer loop
      vertex -62.7816 -60.4371 37
      vertex -62.4819 -65.3916 37
      vertex -61.6392 -60.7931 37
    endloop
  endfacet
  facet normal 0 0 1
    outer loop
      vertex -62.7816 -60.4371 37
      vertex -63.6763 -65.3193 37
      vertex -62.4819 -65.3916 37
    endloop
  endfacet
  facet normal -0 0 1
    outer loop
      vertex -63.9585 -60.6528 37
      vertex -63.6763 -65.3193 37
      vertex -62.7816 -60.4371 37
    endloop
  endfacet
  facet normal 0 0 1
    outer loop
      vertex -63.9585 -60.6528 37
      vertex -64.7003 -64.7003 37
      vertex -63.6763 -65.3193 37
    endloop
  endfacet
  facet normal -0 0 1
    outer loop
      vertex -64.9005 -61.3907 37
      vertex -64.7003 -64.7003 37
      vertex -63.9585 -60.6528 37
    endloop
  endfacet
  facet normal 0 0 1
    outer loop
      vertex -64.9005 -61.3907 37
      vertex -65.3193 -63.6763 37
      vertex -64.7003 -64.7003 37
    endloop
  endfacet
  facet normal 0 -0 1
    outer loop
      vertex -65.3193 -63.6763 37
      vertex -64.9005 -61.3907 37
      vertex -65.3916 -62.4819 37
    endloop
  endfacet
  facet normal -0.145709 0.79513 0.588674
    outer loop
      vertex -62.691 -58.9398 35
      vertex -64.5742 -59.2849 35
      vertex -62.7816 -60.4371 37
    endloop
  endfacet
  facet normal 0.240501 0.771766 0.588673
    outer loop
      vertex -60.8632 -59.5094 35
      vertex -62.7816 -60.4371 37
      vertex -61.6392 -60.7931 37
    endloop
  endfacet
  facet normal -0.145728 0.795119 0.588684
    outer loop
      vertex -62.7816 -60.4371 37
      vertex -64.5742 -59.2849 35
      vertex -63.9585 -60.6528 37
    endloop
  endfacet
  facet normal -0.498482 0.63636 0.588696
    outer loop
      vertex -64.5742 -59.2849 35
      vertex -64.9005 -61.3907 37
      vertex -63.9585 -60.6528 37
    endloop
  endfacet
  facet normal -0.195091 -0.980785 0
    outer loop
      vertex -64.8459 -67.5519 31
      vertex -62.9325 -67.9325 35
      vertex -64.8459 -67.5519 35
    endloop
  endfacet
  facet normal -0.195091 -0.980785 -0
    outer loop
      vertex -62.9325 -67.9325 35
      vertex -64.8459 -67.5519 31
      vertex -62.9325 -67.9325 31
    endloop
  endfacet
  facet normal -0.555587 -0.831458 0
    outer loop
      vertex -66.468 -66.468 31
      vertex -64.8459 -67.5519 35
      vertex -66.468 -66.468 35
    endloop
  endfacet
  facet normal -0.555587 -0.831458 -0
    outer loop
      vertex -64.8459 -67.5519 35
      vertex -66.468 -66.468 31
      vertex -64.8459 -67.5519 31
    endloop
  endfacet
  facet normal 0.831458 0.555587 0
    outer loop
      vertex -58.3131 -61.0191 35
      vertex -59.397 -59.397 31
      vertex -59.397 -59.397 35
    endloop
  endfacet
  facet normal 0.831458 0.555587 0
    outer loop
      vertex -59.397 -59.397 31
      vertex -58.3131 -61.0191 35
      vertex -58.3131 -61.0191 31
    endloop
  endfacet
  facet normal 0.555587 0.831458 -0
    outer loop
      vertex -59.397 -59.397 31
      vertex -61.0191 -58.3131 35
      vertex -59.397 -59.397 35
    endloop
  endfacet
  facet normal 0.555587 0.831458 0
    outer loop
      vertex -61.0191 -58.3131 35
      vertex -59.397 -59.397 31
      vertex -61.0191 -58.3131 31
    endloop
  endfacet
  facet normal 0.831458 -0.555587 0
    outer loop
      vertex -59.397 -66.468 35
      vertex -58.3131 -64.8459 31
      vertex -58.3131 -64.8459 35
    endloop
  endfacet
  facet normal 0.831458 -0.555587 0
    outer loop
      vertex -58.3131 -64.8459 31
      vertex -59.397 -66.468 35
      vertex -59.397 -66.468 31
    endloop
  endfacet
  facet normal 0.195091 0.980785 -0
    outer loop
      vertex -61.0191 -58.3131 31
      vertex -62.9325 -57.9325 35
      vertex -61.0191 -58.3131 35
    endloop
  endfacet
  facet normal 0.195091 0.980785 0
    outer loop
      vertex -62.9325 -57.9325 35
      vertex -61.0191 -58.3131 31
      vertex -62.9325 -57.9325 31
    endloop
  endfacet
  facet normal -0.831458 0.555587 0
    outer loop
      vertex -67.5519 -61.0191 31
      vertex -66.468 -59.397 35
      vertex -66.468 -59.397 31
    endloop
  endfacet
  facet normal -0.831458 0.555587 0
    outer loop
      vertex -66.468 -59.397 35
      vertex -67.5519 -61.0191 31
      vertex -67.5519 -61.0191 35
    endloop
  endfacet
  facet normal -0.980785 -0.195091 0
    outer loop
      vertex -67.5519 -64.8459 31
      vertex -67.9325 -62.9325 35
      vertex -67.9325 -62.9325 31
    endloop
  endfacet
  facet normal -0.980785 -0.195091 0
    outer loop
      vertex -67.9325 -62.9325 35
      vertex -67.5519 -64.8459 31
      vertex -67.5519 -64.8459 35
    endloop
  endfacet
  facet normal 0.195091 -0.980785 0
    outer loop
      vertex -62.9325 -67.9325 31
      vertex -61.0191 -67.5519 35
      vertex -62.9325 -67.9325 35
    endloop
  endfacet
  facet normal 0.195091 -0.980785 0
    outer loop
      vertex -61.0191 -67.5519 35
      vertex -62.9325 -67.9325 31
      vertex -61.0191 -67.5519 31
    endloop
  endfacet
  facet normal -0.831458 -0.555587 0
    outer loop
      vertex -66.468 -66.468 31
      vertex -67.5519 -64.8459 35
      vertex -67.5519 -64.8459 31
    endloop
  endfacet
  facet normal -0.831458 -0.555587 0
    outer loop
      vertex -67.5519 -64.8459 35
      vertex -66.468 -66.468 31
      vertex -66.468 -66.468 35
    endloop
  endfacet
  facet normal 0.980785 0.195091 0
    outer loop
      vertex -57.9325 -62.9325 35
      vertex -58.3131 -61.0191 31
      vertex -58.3131 -61.0191 35
    endloop
  endfacet
  facet normal 0.980785 0.195091 0
    outer loop
      vertex -58.3131 -61.0191 31
      vertex -57.9325 -62.9325 35
      vertex -57.9325 -62.9325 31
    endloop
  endfacet
  facet normal -0.980785 0.195091 0
    outer loop
      vertex -67.9325 -62.9325 31
      vertex -67.5519 -61.0191 35
      vertex -67.5519 -61.0191 31
    endloop
  endfacet
  facet normal -0.980785 0.195091 0
    outer loop
      vertex -67.5519 -61.0191 35
      vertex -67.9325 -62.9325 31
      vertex -67.9325 -62.9325 35
    endloop
  endfacet
  facet normal 0.555587 -0.831458 0
    outer loop
      vertex -61.0191 -67.5519 31
      vertex -59.397 -66.468 35
      vertex -61.0191 -67.5519 35
    endloop
  endfacet
  facet normal 0.555587 -0.831458 0
    outer loop
      vertex -59.397 -66.468 35
      vertex -61.0191 -67.5519 31
      vertex -59.397 -66.468 31
    endloop
  endfacet
  facet normal 0.980785 -0.195091 0
    outer loop
      vertex -58.3131 -64.8459 35
      vertex -57.9325 -62.9325 31
      vertex -57.9325 -62.9325 35
    endloop
  endfacet
  facet normal 0.980785 -0.195091 0
    outer loop
      vertex -57.9325 -62.9325 31
      vertex -58.3131 -64.8459 35
      vertex -58.3131 -64.8459 31
    endloop
  endfacet
  facet normal 0 0 -1
    outer loop
      vertex -58.3131 -64.8459 31
      vertex -58.3131 -61.0191 31
      vertex -57.9325 -62.9325 31
    endloop
  endfacet
  facet normal 0 0 -1
    outer loop
      vertex -59.397 -66.468 31
      vertex -58.3131 -61.0191 31
      vertex -58.3131 -64.8459 31
    endloop
  endfacet
  facet normal 0 0 -1
    outer loop
      vertex -59.397 -66.468 31
      vertex -59.397 -59.397 31
      vertex -58.3131 -61.0191 31
    endloop
  endfacet
  facet normal 0 0 -1
    outer loop
      vertex -61.0191 -67.5519 31
      vertex -59.397 -59.397 31
      vertex -59.397 -66.468 31
    endloop
  endfacet
  facet normal 0 0 -1
    outer loop
      vertex -61.0191 -67.5519 31
      vertex -61.0191 -58.3131 31
      vertex -59.397 -59.397 31
    endloop
  endfacet
  facet normal 0 0 -1
    outer loop
      vertex -62.9325 -67.9325 31
      vertex -61.0191 -58.3131 31
      vertex -61.0191 -67.5519 31
    endloop
  endfacet
  facet normal 0 0 -1
    outer loop
      vertex -62.9325 -67.9325 31
      vertex -62.9325 -57.9325 31
      vertex -61.0191 -58.3131 31
    endloop
  endfacet
  facet normal 0 0 -1
    outer loop
      vertex -64.8459 -67.5519 31
      vertex -62.9325 -57.9325 31
      vertex -62.9325 -67.9325 31
    endloop
  endfacet
  facet normal 0 0 -1
    outer loop
      vertex -64.8459 -67.5519 31
      vertex -64.8459 -58.3131 31
      vertex -62.9325 -57.9325 31
    endloop
  endfacet
  facet normal 0 0 -1
    outer loop
      vertex -66.468 -66.468 31
      vertex -64.8459 -58.3131 31
      vertex -64.8459 -67.5519 31
    endloop
  endfacet
  facet normal 0 0 -1
    outer loop
      vertex -66.468 -66.468 31
      vertex -66.468 -59.397 31
      vertex -64.8459 -58.3131 31
    endloop
  endfacet
  facet normal 0 0 -1
    outer loop
      vertex -67.5519 -64.8459 31
      vertex -66.468 -59.397 31
      vertex -66.468 -66.468 31
    endloop
  endfacet
  facet normal 0 0 -1
    outer loop
      vertex -67.5519 -64.8459 31
      vertex -67.5519 -61.0191 31
      vertex -66.468 -59.397 31
    endloop
  endfacet
  facet normal 0 -0 -1
    outer loop
      vertex -67.5519 -61.0191 31
      vertex -67.5519 -64.8459 31
      vertex -67.9325 -62.9325 31
    endloop
  endfacet
  facet normal -0.555587 0.831458 0
    outer loop
      vertex -64.8459 -58.3131 31
      vertex -66.468 -59.397 35
      vertex -64.8459 -58.3131 35
    endloop
  endfacet
  facet normal -0.555587 0.831458 0
    outer loop
      vertex -66.468 -59.397 35
      vertex -64.8459 -58.3131 31
      vertex -66.468 -59.397 31
    endloop
  endfacet
  facet normal -0.195091 0.980785 0
    outer loop
      vertex -62.9325 -57.9325 31
      vertex -64.8459 -58.3131 35
      vertex -62.9325 -57.9325 35
    endloop
  endfacet
  facet normal -0.195091 0.980785 0
    outer loop
      vertex -64.8459 -58.3131 35
      vertex -62.9325 -57.9325 31
      vertex -64.8459 -58.3131 31
    endloop
  endfacet
  facet normal -0.707107 0.707107 0
    outer loop
      vertex 68.5894 -71.4178 35.5
      vertex 71.4178 -68.5894 36
      vertex 71.4178 -68.5894 35.5
    endloop
  endfacet
  facet normal -0.707107 0.707107 0
    outer loop
      vertex 71.4178 -68.5894 36
      vertex 68.5894 -71.4178 35.5
      vertex 68.5894 -71.4178 36
    endloop
  endfacet
  facet normal 0.0207893 -0.0207875 -0.999568
    outer loop
      vertex 72.832 -75.6604 35.5
      vertex 83.8805 -88.6535 36
      vertex 82.7315 -89.8026 36
    endloop
  endfacet
  facet normal 0.0207883 -0.0207883 -0.999568
    outer loop
      vertex 83.8805 -88.6535 36
      vertex 72.832 -75.6604 35.5
      vertex 72.933 -75.5594 35.5
    endloop
  endfacet
  facet normal 0.0207875 -0.0207893 -0.999568
    outer loop
      vertex 88.6535 -83.8805 36
      vertex 75.6604 -72.832 35.5
      vertex 89.8026 -82.7315 36
    endloop
  endfacet
  facet normal 0.0207883 -0.0207883 -0.999568
    outer loop
      vertex 75.6604 -72.832 35.5
      vertex 88.6535 -83.8805 36
      vertex 75.5594 -72.933 35.5
    endloop
  endfacet
  facet normal 0.554697 0.832052 -0
    outer loop
      vertex 84.1457 -77.0746 36
      vertex 71.4178 -68.5894 36
      vertex 84.1457 -77.0746 36.5
    endloop
  endfacet
  facet normal 0.554697 0.832052 0
    outer loop
      vertex 71.4178 -68.5894 36
      vertex 84.1457 -77.0746 36
      vertex 71.4178 -68.5894 35.5
    endloop
  endfacet
  facet normal 0 0 -1
    outer loop
      vertex 72.832 -75.6604 35.5
      vertex 70.3571 -72.4784 35.5
      vertex 72.933 -75.5594 35.5
    endloop
  endfacet
  facet normal -0 -0 -1
    outer loop
      vertex 70.3571 -72.4784 35.5
      vertex 72.832 -75.6604 35.5
      vertex 68.5894 -71.4178 35.5
    endloop
  endfacet
  facet normal 0 0 -1
    outer loop
      vertex 72.4784 -70.3571 35.5
      vertex 75.6604 -72.832 35.5
      vertex 75.5594 -72.933 35.5
    endloop
  endfacet
  facet normal 0 0 -1
    outer loop
      vertex 72.4784 -70.3571 35.5
      vertex 71.4178 -68.5894 35.5
      vertex 75.6604 -72.832 35.5
    endloop
  endfacet
  facet normal 0 0 -1
    outer loop
      vertex 70.3571 -72.4784 35.5
      vertex 71.4178 -68.5894 35.5
      vertex 72.4784 -70.3571 35.5
    endloop
  endfacet
  facet normal 0 0 -1
    outer loop
      vertex 71.4178 -68.5894 35.5
      vertex 70.3571 -72.4784 35.5
      vertex 68.5894 -71.4178 35.5
    endloop
  endfacet
  facet normal 0.116246 0.116246 -0.986394
    outer loop
      vertex 75.6604 -72.832 35.5
      vertex 84.1457 -77.0746 36
      vertex 89.8026 -82.7315 36
    endloop
  endfacet
  facet normal 0.116246 0.116246 -0.986394
    outer loop
      vertex 84.1457 -77.0746 36
      vertex 75.6604 -72.832 35.5
      vertex 71.4178 -68.5894 35.5
    endloop
  endfacet
  facet normal -0.116246 -0.116246 -0.986394
    outer loop
      vertex 77.0746 -84.1457 36
      vertex 72.832 -75.6604 35.5
      vertex 82.7315 -89.8026 36
    endloop
  endfacet
  facet normal -0.116246 -0.116246 -0.986394
    outer loop
      vertex 72.832 -75.6604 35.5
      vertex 77.0746 -84.1457 36
      vertex 68.5894 -71.4178 35.5
    endloop
  endfacet
  facet normal -0.0235558 0.0235544 0.999445
    outer loop
      vertex 84.1457 -77.0746 36.5
      vertex 72.4784 -70.3571 36.0667
      vertex 82.4916 -78.7288 36.5
    endloop
  endfacet
  facet normal -0.0235346 0.0235912 0.999445
    outer loop
      vertex 71.4178 -68.5894 36
      vertex 72.4784 -70.3571 36.0667
      vertex 84.1457 -77.0746 36.5
    endloop
  endfacet
  facet normal -0.02357 0.02357 0.999444
    outer loop
      vertex 71.4178 -68.5894 36
      vertex 70.3571 -72.4784 36.0667
      vertex 72.4784 -70.3571 36.0667
    endloop
  endfacet
  facet normal -0.02357 0.02357 0.999444
    outer loop
      vertex 70.3571 -72.4784 36.0667
      vertex 71.4178 -68.5894 36
      vertex 68.5894 -71.4178 36
    endloop
  endfacet
  facet normal -0.0235544 0.0235558 0.999445
    outer loop
      vertex 70.3571 -72.4784 36.0667
      vertex 77.0746 -84.1457 36.5
      vertex 78.7288 -82.4916 36.5
    endloop
  endfacet
  facet normal -0.0235912 0.0235346 0.999445
    outer loop
      vertex 77.0746 -84.1457 36.5
      vertex 70.3571 -72.4784 36.0667
      vertex 68.5894 -71.4178 36
    endloop
  endfacet
  facet normal -0.832052 -0.554697 0
    outer loop
      vertex 77.0746 -84.1457 36
      vertex 68.5894 -71.4178 36
      vertex 68.5894 -71.4178 35.5
    endloop
  endfacet
  facet normal -0.832052 -0.554697 0
    outer loop
      vertex 68.5894 -71.4178 36
      vertex 77.0746 -84.1457 36
      vertex 77.0746 -84.1457 36.5
    endloop
  endfacet
  facet normal -0.707073 -0.70714 0
    outer loop
      vertex 91.9239 -101.823 36.5
      vertex 87.6812 -97.5807 37
      vertex 87.6812 -97.5807 36.5
    endloop
  endfacet
  facet normal -0.707073 -0.70714 0
    outer loop
      vertex 87.6812 -97.5807 37
      vertex 91.9239 -101.823 36.5
      vertex 91.9239 -101.823 37
    endloop
  endfacet
  facet normal 0.171474 0.171458 -0.970154
    outer loop
      vertex 89.8026 -82.7315 36
      vertex 97.5807 -87.6812 36.5
      vertex 101.823 -91.9239 36.5
    endloop
  endfacet
  facet normal 0.1715 0.1715 -0.970142
    outer loop
      vertex 97.5807 -87.6812 36.5
      vertex 89.8026 -82.7315 36
      vertex 84.1457 -77.0746 36
    endloop
  endfacet
  facet normal 0.0235527 -0.0235527 -0.999445
    outer loop
      vertex 91.9239 -101.823 36.5
      vertex 96.8736 -91.2168 36.3667
      vertex 101.823 -91.9239 36.5
    endloop
  endfacet
  facet normal 0.0235527 -0.0235527 -0.999445
    outer loop
      vertex 91.9239 -101.823 36.5
      vertex 91.2168 -96.8736 36.3667
      vertex 96.8736 -91.2168 36.3667
    endloop
  endfacet
  facet normal 0.023591 -0.0235472 -0.999444
    outer loop
      vertex 91.9239 -101.823 36.5
      vertex 88.3884 -94.0452 36.2333
      vertex 91.2168 -96.8736 36.3667
    endloop
  endfacet
  facet normal 0.0235419 -0.0235696 -0.999445
    outer loop
      vertex 82.7315 -89.8026 36
      vertex 88.3884 -94.0452 36.2333
      vertex 91.9239 -101.823 36.5
    endloop
  endfacet
  facet normal 0.0235546 -0.0235526 -0.999445
    outer loop
      vertex 88.3884 -94.0452 36.2333
      vertex 82.7315 -89.8026 36
      vertex 83.8805 -88.6535 36
    endloop
  endfacet
  facet normal 0.0235472 -0.023591 -0.999444
    outer loop
      vertex 94.0452 -88.3884 36.2333
      vertex 101.823 -91.9239 36.5
      vertex 96.8736 -91.2168 36.3667
    endloop
  endfacet
  facet normal 0.0235696 -0.0235419 -0.999445
    outer loop
      vertex 94.0452 -88.3884 36.2333
      vertex 89.8026 -82.7315 36
      vertex 101.823 -91.9239 36.5
    endloop
  endfacet
  facet normal 0.0235526 -0.0235546 -0.999445
    outer loop
      vertex 89.8026 -82.7315 36
      vertex 94.0452 -88.3884 36.2333
      vertex 88.6535 -83.8805 36
    endloop
  endfacet
  facet normal 0.619645 0.784882 -0
    outer loop
      vertex 97.5807 -87.6812 36.5
      vertex 84.1457 -77.0746 36.5
      vertex 97.5807 -87.6812 37
    endloop
  endfacet
  facet normal 0.619645 0.784882 0
    outer loop
      vertex 84.1457 -77.0746 36.5
      vertex 97.5807 -87.6812 36.5
      vertex 84.1457 -77.0746 36
    endloop
  endfacet
  facet normal -0.0207797 0.0207806 0.999568
    outer loop
      vertex 88.3884 -94.0452 36.9412
      vertex 87.6812 -97.5807 37
      vertex 89.8026 -95.4594 37
    endloop
  endfacet
  facet normal -0.0207887 0.02079 0.999568
    outer loop
      vertex 77.0746 -84.1457 36.5
      vertex 88.3884 -94.0452 36.9412
      vertex 78.7288 -82.4916 36.5
    endloop
  endfacet
  facet normal -0.0207943 0.0207836 0.999568
    outer loop
      vertex 88.3884 -94.0452 36.9412
      vertex 77.0746 -84.1457 36.5
      vertex 87.6812 -97.5807 37
    endloop
  endfacet
  facet normal -0.0207806 0.0207797 0.999568
    outer loop
      vertex 97.5807 -87.6812 37
      vertex 94.0452 -88.3884 36.9412
      vertex 95.4594 -89.8026 37
    endloop
  endfacet
  facet normal -0.0207836 0.0207943 0.999568
    outer loop
      vertex 84.1457 -77.0746 36.5
      vertex 94.0452 -88.3884 36.9412
      vertex 97.5807 -87.6812 37
    endloop
  endfacet
  facet normal -0.02079 0.0207887 0.999568
    outer loop
      vertex 94.0452 -88.3884 36.9412
      vertex 84.1457 -77.0746 36.5
      vertex 82.4916 -78.7288 36.5
    endloop
  endfacet
  facet normal -0.171458 -0.171474 -0.970154
    outer loop
      vertex 87.6812 -97.5807 36.5
      vertex 82.7315 -89.8026 36
      vertex 91.9239 -101.823 36.5
    endloop
  endfacet
  facet normal -0.1715 -0.1715 -0.970142
    outer loop
      vertex 82.7315 -89.8026 36
      vertex 87.6812 -97.5807 36.5
      vertex 77.0746 -84.1457 36
    endloop
  endfacet
  facet normal -0.784882 -0.619645 0
    outer loop
      vertex 87.6812 -97.5807 36.5
      vertex 77.0746 -84.1457 36.5
      vertex 77.0746 -84.1457 36
    endloop
  endfacet
  facet normal -0.784882 -0.619645 0
    outer loop
      vertex 77.0746 -84.1457 36.5
      vertex 87.6812 -97.5807 36.5
      vertex 87.6812 -97.5807 37
    endloop
  endfacet
  facet normal 0.70714 0.707073 -0
    outer loop
      vertex 101.823 -91.9239 36.5
      vertex 97.5807 -87.6812 37
      vertex 101.823 -91.9239 37
    endloop
  endfacet
  facet normal 0.70714 0.707073 0
    outer loop
      vertex 97.5807 -87.6812 37
      vertex 101.823 -91.9239 36.5
      vertex 97.5807 -87.6812 36.5
    endloop
  endfacet
  facet normal 0.116251 -0.116251 -0.986393
    outer loop
      vertex 95.4594 -102.53 37
      vertex 101.823 -91.9239 36.5
      vertex 102.53 -95.4594 37
    endloop
  endfacet
  facet normal 0.116251 -0.116251 -0.986393
    outer loop
      vertex 101.823 -91.9239 36.5
      vertex 95.4594 -102.53 37
      vertex 91.9239 -101.823 36.5
    endloop
  endfacet
  facet normal -0.104893 -0.104908 0.988935
    outer loop
      vertex 94.0452 -101.116 37.3
      vertex 91.9239 -101.823 37
      vertex 95.4594 -102.53 37.3
    endloop
  endfacet
  facet normal -0.104895 -0.104905 0.988935
    outer loop
      vertex 91.9239 -101.823 37
      vertex 94.0452 -101.116 37.3
      vertex 87.6812 -97.5807 37
    endloop
  endfacet
  facet normal 0.707107 -0.707107 0
    outer loop
      vertex 95.4594 -102.53 37.3
      vertex 102.53 -95.4594 37
      vertex 102.53 -95.4594 37.3
    endloop
  endfacet
  facet normal 0.707107 -0.707107 0
    outer loop
      vertex 102.53 -95.4594 37
      vertex 95.4594 -102.53 37.3
      vertex 95.4594 -102.53 37
    endloop
  endfacet
  facet normal 0.980586 0.196089 -0
    outer loop
      vertex 102.53 -95.4594 37
      vertex 101.823 -91.9239 37
      vertex 102.53 -95.4594 37.3
    endloop
  endfacet
  facet normal 0.980586 0.196089 0
    outer loop
      vertex 101.823 -91.9239 37
      vertex 102.53 -95.4594 37
      vertex 101.823 -91.9239 36.5
    endloop
  endfacet
  facet normal -0.0302728 0.0302713 0.999083
    outer loop
      vertex 97.5807 -87.6812 37
      vertex 95.4594 -89.8026 37
      vertex 96.8736 -91.2168 37.0857
    endloop
  endfacet
  facet normal -0.0302842 0.0302736 0.999083
    outer loop
      vertex 96.8736 -91.2168 37.0857
      vertex 101.116 -94.0452 37.3
      vertex 97.5807 -87.6812 37
    endloop
  endfacet
  facet normal -0.0302799 0.0302799 0.999083
    outer loop
      vertex 96.8736 -91.2168 37.0857
      vertex 94.0452 -101.116 37.3
      vertex 101.116 -94.0452 37.3
    endloop
  endfacet
  facet normal -0.0302799 0.0302799 0.999083
    outer loop
      vertex 91.2168 -96.8736 37.0857
      vertex 94.0452 -101.116 37.3
      vertex 96.8736 -91.2168 37.0857
    endloop
  endfacet
  facet normal -0.0302713 0.0302728 0.999083
    outer loop
      vertex 87.6812 -97.5807 37
      vertex 91.2168 -96.8736 37.0857
      vertex 89.8026 -95.4594 37
    endloop
  endfacet
  facet normal -0.0302736 0.0302842 0.999083
    outer loop
      vertex 91.2168 -96.8736 37.0857
      vertex 87.6812 -97.5807 37
      vertex 94.0452 -101.116 37.3
    endloop
  endfacet
  facet normal 0 0 1
    outer loop
      vertex 101.116 -94.0452 37.3
      vertex 95.4594 -102.53 37.3
      vertex 102.53 -95.4594 37.3
    endloop
  endfacet
  facet normal 0 -0 1
    outer loop
      vertex 95.4594 -102.53 37.3
      vertex 101.116 -94.0452 37.3
      vertex 94.0452 -101.116 37.3
    endloop
  endfacet
  facet normal -0.196089 -0.980586 0
    outer loop
      vertex 91.9239 -101.823 37
      vertex 95.4594 -102.53 37
      vertex 95.4594 -102.53 37.3
    endloop
  endfacet
  facet normal -0.196089 -0.980586 0
    outer loop
      vertex 95.4594 -102.53 37
      vertex 91.9239 -101.823 37
      vertex 91.9239 -101.823 36.5
    endloop
  endfacet
  facet normal 0.104908 0.104893 0.988935
    outer loop
      vertex 101.823 -91.9239 37
      vertex 101.116 -94.0452 37.3
      vertex 102.53 -95.4594 37.3
    endloop
  endfacet
  facet normal 0.104905 0.104895 0.988935
    outer loop
      vertex 101.116 -94.0452 37.3
      vertex 101.823 -91.9239 37
      vertex 97.5807 -87.6812 37
    endloop
  endfacet
  facet normal 0.707107 -0.707107 0
    outer loop
      vertex 91.2168 -96.8736 36.3667
      vertex 96.8736 -91.2168 36
      vertex 96.8736 -91.2168 36.3667
    endloop
  endfacet
  facet normal 0.707107 -0.707107 0
    outer loop
      vertex 96.8736 -91.2168 36
      vertex 91.2168 -96.8736 36.3667
      vertex 91.2168 -96.8736 36
    endloop
  endfacet
  facet normal 0.707107 -0.707107 0
    outer loop
      vertex 91.2168 -96.8736 38
      vertex 96.8736 -91.2168 37.0857
      vertex 96.8736 -91.2168 38
    endloop
  endfacet
  facet normal 0.707107 -0.707107 0
    outer loop
      vertex 96.8736 -91.2168 37.0857
      vertex 91.2168 -96.8736 38
      vertex 91.2168 -96.8736 37.0857
    endloop
  endfacet
  facet normal 0.641428 0.767183 -0
    outer loop
      vertex 94.0452 -88.3884 36
      vertex 88.6535 -83.8805 36
      vertex 94.0452 -88.3884 36.2333
    endloop
  endfacet
  facet normal 0.641428 0.767183 -0.000230155
    outer loop
      vertex 72.4784 -70.3571 35
      vertex 88.6535 -83.8805 36
      vertex 94.0452 -88.3884 36
    endloop
  endfacet
  facet normal 0.641418 0.767192 0
    outer loop
      vertex 75.5594 -72.933 35.5
      vertex 72.4784 -70.3571 35
      vertex 72.4784 -70.3571 35.5
    endloop
  endfacet
  facet normal 0.64142 0.76719 -2.37993e-05
    outer loop
      vertex 88.6535 -83.8805 36
      vertex 72.4784 -70.3571 35
      vertex 75.5594 -72.933 35.5
    endloop
  endfacet
  facet normal 0.641422 0.767188 0
    outer loop
      vertex 82.4916 -78.7288 36.5
      vertex 94.0452 -88.3884 38
      vertex 94.0452 -88.3884 36.9412
    endloop
  endfacet
  facet normal 0.641421 0.767189 1.19319e-05
    outer loop
      vertex 82.4916 -78.7288 36.5
      vertex 72.4784 -70.3571 36.5
      vertex 94.0452 -88.3884 38
    endloop
  endfacet
  facet normal 0.641421 0.767189 0
    outer loop
      vertex 72.4784 -70.3571 36.5
      vertex 82.4916 -78.7288 36.5
      vertex 72.4784 -70.3571 36.0667
    endloop
  endfacet
  facet normal -0.707107 0.707107 0
    outer loop
      vertex 70.3571 -72.4784 35
      vertex 72.4784 -70.3571 35.5
      vertex 72.4784 -70.3571 35
    endloop
  endfacet
  facet normal -0.707107 0.707107 0
    outer loop
      vertex 72.4784 -70.3571 35.5
      vertex 70.3571 -72.4784 35
      vertex 70.3571 -72.4784 35.5
    endloop
  endfacet
  facet normal -0.707107 0.707107 0
    outer loop
      vertex 70.3571 -72.4784 36.0667
      vertex 72.4784 -70.3571 36.5
      vertex 72.4784 -70.3571 36.0667
    endloop
  endfacet
  facet normal -0.707107 0.707107 0
    outer loop
      vertex 72.4784 -70.3571 36.5
      vertex 70.3571 -72.4784 36.0667
      vertex 70.3571 -72.4784 36.5
    endloop
  endfacet
  facet normal -0.0378264 0.0378264 0.998568
    outer loop
      vertex 72.4784 -70.3571 36.5
      vertex 88.3884 -94.0452 38
      vertex 94.0452 -88.3884 38
    endloop
  endfacet
  facet normal -0.0378264 0.0378264 0.998568
    outer loop
      vertex 88.3884 -94.0452 38
      vertex 72.4784 -70.3571 36.5
      vertex 70.3571 -72.4784 36.5
    endloop
  endfacet
  facet normal -0.707107 -0.707107 0
    outer loop
      vertex 89.8026 -95.4594 37
      vertex 88.3884 -94.0452 38
      vertex 88.3884 -94.0452 36.9412
    endloop
  endfacet
  facet normal -0.707107 -0.707107 -0
    outer loop
      vertex 91.2168 -96.8736 38
      vertex 89.8026 -95.4594 37
      vertex 91.2168 -96.8736 37.0857
    endloop
  endfacet
  facet normal -0.707107 -0.707107 1.00476e-14
    outer loop
      vertex 89.8026 -95.4594 37
      vertex 91.2168 -96.8736 38
      vertex 88.3884 -94.0452 38
    endloop
  endfacet
  facet normal -0.707107 -0.707107 0
    outer loop
      vertex 91.2168 -96.8736 36
      vertex 88.3884 -94.0452 36.2333
      vertex 88.3884 -94.0452 36
    endloop
  endfacet
  facet normal -0.707107 -0.707107 0
    outer loop
      vertex 88.3884 -94.0452 36.2333
      vertex 91.2168 -96.8736 36
      vertex 91.2168 -96.8736 36.3667
    endloop
  endfacet
  facet normal 0.262615 0.262615 -0.928475
    outer loop
      vertex 75.3069 -73.1856 35
      vertex 94.0452 -88.3884 36
      vertex 96.8736 -91.2168 36
    endloop
  endfacet
  facet normal 0.262615 0.262615 -0.928475
    outer loop
      vertex 94.0452 -88.3884 36
      vertex 75.3069 -73.1856 35
      vertex 72.4784 -70.3571 35
    endloop
  endfacet
  facet normal -0.767192 -0.641418 0
    outer loop
      vertex 70.3571 -72.4784 35
      vertex 72.933 -75.5594 35.5
      vertex 70.3571 -72.4784 35.5
    endloop
  endfacet
  facet normal -0.76719 -0.64142 -2.37993e-05
    outer loop
      vertex 70.3571 -72.4784 35
      vertex 83.8805 -88.6535 36
      vertex 72.933 -75.5594 35.5
    endloop
  endfacet
  facet normal -0.767183 -0.641428 -0.000230155
    outer loop
      vertex 88.3884 -94.0452 36
      vertex 83.8805 -88.6535 36
      vertex 70.3571 -72.4784 35
    endloop
  endfacet
  facet normal -0.767183 -0.641428 0
    outer loop
      vertex 83.8805 -88.6535 36
      vertex 88.3884 -94.0452 36
      vertex 88.3884 -94.0452 36.2333
    endloop
  endfacet
  facet normal -0.767189 -0.641421 0
    outer loop
      vertex 78.7288 -82.4916 36.5
      vertex 70.3571 -72.4784 36.5
      vertex 70.3571 -72.4784 36.0667
    endloop
  endfacet
  facet normal -0.767188 -0.641422 -0
    outer loop
      vertex 88.3884 -94.0452 38
      vertex 78.7288 -82.4916 36.5
      vertex 88.3884 -94.0452 36.9412
    endloop
  endfacet
  facet normal -0.767189 -0.641421 1.19319e-05
    outer loop
      vertex 78.7288 -82.4916 36.5
      vertex 88.3884 -94.0452 38
      vertex 70.3571 -72.4784 36.5
    endloop
  endfacet
  facet normal 0 0 1
    outer loop
      vertex 94.0452 -88.3884 38
      vertex 91.2168 -96.8736 38
      vertex 96.8736 -91.2168 38
    endloop
  endfacet
  facet normal 0 -0 1
    outer loop
      vertex 91.2168 -96.8736 38
      vertex 94.0452 -88.3884 38
      vertex 88.3884 -94.0452 38
    endloop
  endfacet
  facet normal 0.707107 0.707107 -0
    outer loop
      vertex 96.8736 -91.2168 36
      vertex 94.0452 -88.3884 36.2333
      vertex 96.8736 -91.2168 36.3667
    endloop
  endfacet
  facet normal 0.707107 0.707107 0
    outer loop
      vertex 94.0452 -88.3884 36.2333
      vertex 96.8736 -91.2168 36
      vertex 94.0452 -88.3884 36
    endloop
  endfacet
  facet normal 0.707107 0.707107 0
    outer loop
      vertex 94.0452 -88.3884 38
      vertex 95.4594 -89.8026 37
      vertex 94.0452 -88.3884 36.9412
    endloop
  endfacet
  facet normal 0.707107 0.707107 9.9921e-15
    outer loop
      vertex 96.8736 -91.2168 38
      vertex 95.4594 -89.8026 37
      vertex 94.0452 -88.3884 38
    endloop
  endfacet
  facet normal 0.707107 0.707107 0
    outer loop
      vertex 95.4594 -89.8026 37
      vertex 96.8736 -91.2168 38
      vertex 96.8736 -91.2168 37.0857
    endloop
  endfacet
  facet normal 0 0 -1
    outer loop
      vertex 73.1856 -75.3069 35
      vertex 72.4784 -70.3571 35
      vertex 75.3069 -73.1856 35
    endloop
  endfacet
  facet normal 0 -0 -1
    outer loop
      vertex 72.4784 -70.3571 35
      vertex 73.1856 -75.3069 35
      vertex 70.3571 -72.4784 35
    endloop
  endfacet
  facet normal -0.262615 -0.262615 -0.928475
    outer loop
      vertex 88.3884 -94.0452 36
      vertex 73.1856 -75.3069 35
      vertex 91.2168 -96.8736 36
    endloop
  endfacet
  facet normal -0.262615 -0.262615 -0.928475
    outer loop
      vertex 73.1856 -75.3069 35
      vertex 88.3884 -94.0452 36
      vertex 70.3571 -72.4784 35
    endloop
  endfacet
  facet normal 0.0252378 -0.0252378 -0.999363
    outer loop
      vertex 91.2168 -96.8736 36
      vertex 75.3069 -73.1856 35
      vertex 96.8736 -91.2168 36
    endloop
  endfacet
  facet normal 0.0252378 -0.0252378 -0.999363
    outer loop
      vertex 75.3069 -73.1856 35
      vertex 91.2168 -96.8736 36
      vertex 73.1856 -75.3069 35
    endloop
  endfacet
  facet normal 0.707107 -0.707107 0
    outer loop
      vertex 54.4472 -57.2757 36
      vertex 57.2757 -54.4472 35.5
      vertex 57.2757 -54.4472 36
    endloop
  endfacet
  facet normal 0.707107 -0.707107 0
    outer loop
      vertex 57.2757 -54.4472 35.5
      vertex 54.4472 -57.2757 36
      vertex 54.4472 -57.2757 35.5
    endloop
  endfacet
  facet normal -0.0207883 0.0207883 -0.999568
    outer loop
      vertex 41.9845 -37.2115 36
      vertex 53.033 -50.2046 35.5
      vertex 52.932 -50.3056 35.5
    endloop
  endfacet
  facet normal -0.0207893 0.0207875 -0.999568
    outer loop
      vertex 53.033 -50.2046 35.5
      vertex 41.9845 -37.2115 36
      vertex 43.1335 -36.0624 36
    endloop
  endfacet
  facet normal -0.0207883 0.0207883 -0.999568
    outer loop
      vertex 50.2046 -53.033 35.5
      vertex 37.2115 -41.9845 36
      vertex 50.3056 -52.932 35.5
    endloop
  endfacet
  facet normal -0.0207875 0.0207893 -0.999568
    outer loop
      vertex 37.2115 -41.9845 36
      vertex 50.2046 -53.033 35.5
      vertex 36.0624 -43.1335 36
    endloop
  endfacet
  facet normal -0.554702 -0.832049 0
    outer loop
      vertex 41.7193 -48.7904 36
      vertex 54.4472 -57.2757 36
      vertex 41.7193 -48.7904 36.5
    endloop
  endfacet
  facet normal -0.554702 -0.832049 -0
    outer loop
      vertex 54.4472 -57.2757 36
      vertex 41.7193 -48.7904 36
      vertex 54.4472 -57.2757 35.5
    endloop
  endfacet
  facet normal 0 0 -1
    outer loop
      vertex 54.4472 -57.2757 35.5
      vertex 55.5079 -53.3866 35.5
      vertex 57.2757 -54.4472 35.5
    endloop
  endfacet
  facet normal 0 0 -1
    outer loop
      vertex 54.4472 -57.2757 35.5
      vertex 53.3866 -55.5079 35.5
      vertex 55.5079 -53.3866 35.5
    endloop
  endfacet
  facet normal 0 0 -1
    outer loop
      vertex 50.2046 -53.033 35.5
      vertex 53.3866 -55.5079 35.5
      vertex 54.4472 -57.2757 35.5
    endloop
  endfacet
  facet normal 0 0 -1
    outer loop
      vertex 53.3866 -55.5079 35.5
      vertex 50.2046 -53.033 35.5
      vertex 50.3056 -52.932 35.5
    endloop
  endfacet
  facet normal 0 0 -1
    outer loop
      vertex 55.5079 -53.3866 35.5
      vertex 53.033 -50.2046 35.5
      vertex 57.2757 -54.4472 35.5
    endloop
  endfacet
  facet normal 0 -0 -1
    outer loop
      vertex 53.033 -50.2046 35.5
      vertex 55.5079 -53.3866 35.5
      vertex 52.932 -50.3056 35.5
    endloop
  endfacet
  facet normal -0.116243 -0.116241 -0.986395
    outer loop
      vertex 41.7193 -48.7904 36
      vertex 50.2046 -53.033 35.5
      vertex 54.4472 -57.2757 35.5
    endloop
  endfacet
  facet normal -0.116246 -0.116246 -0.986394
    outer loop
      vertex 50.2046 -53.033 35.5
      vertex 41.7193 -48.7904 36
      vertex 36.0624 -43.1335 36
    endloop
  endfacet
  facet normal 0.116241 0.116243 -0.986395
    outer loop
      vertex 53.033 -50.2046 35.5
      vertex 48.7904 -41.7193 36
      vertex 57.2757 -54.4472 35.5
    endloop
  endfacet
  facet normal 0.116246 0.116246 -0.986394
    outer loop
      vertex 48.7904 -41.7193 36
      vertex 53.033 -50.2046 35.5
      vertex 43.1335 -36.0624 36
    endloop
  endfacet
  facet normal 0.0235891 -0.0235358 0.999445
    outer loop
      vertex 48.7904 -41.7193 36.5
      vertex 55.5079 -53.3866 36.0667
      vertex 57.2757 -54.4472 36
    endloop
  endfacet
  facet normal 0.0235544 -0.0235558 0.999445
    outer loop
      vertex 55.5079 -53.3866 36.0667
      vertex 48.7904 -41.7193 36.5
      vertex 47.1362 -43.3734 36.5
    endloop
  endfacet
  facet normal 0.0235691 -0.0235691 0.999444
    outer loop
      vertex 55.5079 -53.3866 36.0667
      vertex 54.4472 -57.2757 36
      vertex 57.2757 -54.4472 36
    endloop
  endfacet
  facet normal 0.0235691 -0.0235691 0.999444
    outer loop
      vertex 53.3866 -55.5079 36.0667
      vertex 54.4472 -57.2757 36
      vertex 55.5079 -53.3866 36.0667
    endloop
  endfacet
  facet normal 0.0235558 -0.0235544 0.999445
    outer loop
      vertex 41.7193 -48.7904 36.5
      vertex 53.3866 -55.5079 36.0667
      vertex 43.3734 -47.1362 36.5
    endloop
  endfacet
  facet normal 0.0235358 -0.0235891 0.999445
    outer loop
      vertex 53.3866 -55.5079 36.0667
      vertex 41.7193 -48.7904 36.5
      vertex 54.4472 -57.2757 36
    endloop
  endfacet
  facet normal 0.832049 0.554702 0
    outer loop
      vertex 57.2757 -54.4472 36
      vertex 48.7904 -41.7193 36
      vertex 48.7904 -41.7193 36.5
    endloop
  endfacet
  facet normal 0.832049 0.554702 0
    outer loop
      vertex 48.7904 -41.7193 36
      vertex 57.2757 -54.4472 36
      vertex 57.2757 -54.4472 35.5
    endloop
  endfacet
  facet normal 0.707107 0.707107 0
    outer loop
      vertex 38.1838 -28.2843 37
      vertex 33.9411 -24.0416 36.5
      vertex 33.9411 -24.0416 37
    endloop
  endfacet
  facet normal 0.707107 0.707107 0
    outer loop
      vertex 33.9411 -24.0416 36.5
      vertex 38.1838 -28.2843 37
      vertex 38.1838 -28.2843 36.5
    endloop
  endfacet
  facet normal -0.1715 -0.1715 -0.970142
    outer loop
      vertex 28.2843 -38.1838 36.5
      vertex 36.0624 -43.1335 36
      vertex 41.7193 -48.7904 36
    endloop
  endfacet
  facet normal -0.1715 -0.1715 -0.970142
    outer loop
      vertex 36.0624 -43.1335 36
      vertex 28.2843 -38.1838 36.5
      vertex 24.0416 -33.9411 36.5
    endloop
  endfacet
  facet normal -0.0235528 0.0235549 -0.999445
    outer loop
      vertex 36.0624 -43.1335 36
      vertex 31.8198 -37.4767 36.2333
      vertex 37.2115 -41.9845 36
    endloop
  endfacet
  facet normal -0.023567 0.0235442 -0.999445
    outer loop
      vertex 24.0416 -33.9411 36.5
      vertex 31.8198 -37.4767 36.2333
      vertex 36.0624 -43.1335 36
    endloop
  endfacet
  facet normal -0.0235452 0.0235923 -0.999444
    outer loop
      vertex 31.8198 -37.4767 36.2333
      vertex 24.0416 -33.9411 36.5
      vertex 28.9914 -34.6482 36.3667
    endloop
  endfacet
  facet normal -0.0235549 0.0235528 -0.999445
    outer loop
      vertex 37.4767 -31.8198 36.2333
      vertex 43.1335 -36.0624 36
      vertex 41.9845 -37.2115 36
    endloop
  endfacet
  facet normal -0.0235923 0.0235452 -0.999444
    outer loop
      vertex 33.9411 -24.0416 36.5
      vertex 37.4767 -31.8198 36.2333
      vertex 34.6482 -28.9914 36.3667
    endloop
  endfacet
  facet normal -0.0235442 0.023567 -0.999445
    outer loop
      vertex 37.4767 -31.8198 36.2333
      vertex 33.9411 -24.0416 36.5
      vertex 43.1335 -36.0624 36
    endloop
  endfacet
  facet normal -0.0235511 0.0235511 -0.999445
    outer loop
      vertex 28.9914 -34.6482 36.3667
      vertex 33.9411 -24.0416 36.5
      vertex 34.6482 -28.9914 36.3667
    endloop
  endfacet
  facet normal -0.0235511 0.0235511 -0.999445
    outer loop
      vertex 33.9411 -24.0416 36.5
      vertex 28.9914 -34.6482 36.3667
      vertex 24.0416 -33.9411 36.5
    endloop
  endfacet
  facet normal -0.619645 -0.784882 0
    outer loop
      vertex 28.2843 -38.1838 36.5
      vertex 41.7193 -48.7904 36.5
      vertex 28.2843 -38.1838 37
    endloop
  endfacet
  facet normal -0.619645 -0.784882 -0
    outer loop
      vertex 41.7193 -48.7904 36.5
      vertex 28.2843 -38.1838 36.5
      vertex 41.7193 -48.7904 36
    endloop
  endfacet
  facet normal 0.0207901 -0.0207888 0.999568
    outer loop
      vertex 31.8198 -37.4767 36.9412
      vertex 41.7193 -48.7904 36.5
      vertex 43.3734 -47.1362 36.5
    endloop
  endfacet
  facet normal 0.0207799 -0.0207789 0.999568
    outer loop
      vertex 28.2843 -38.1838 37
      vertex 31.8198 -37.4767 36.9412
      vertex 30.4056 -36.0624 37
    endloop
  endfacet
  facet normal 0.0207831 -0.0207949 0.999568
    outer loop
      vertex 31.8198 -37.4767 36.9412
      vertex 28.2843 -38.1838 37
      vertex 41.7193 -48.7904 36.5
    endloop
  endfacet
  facet normal 0.0207949 -0.0207831 0.999568
    outer loop
      vertex 37.4767 -31.8198 36.9412
      vertex 48.7904 -41.7193 36.5
      vertex 38.1838 -28.2843 37
    endloop
  endfacet
  facet normal 0.0207888 -0.0207901 0.999568
    outer loop
      vertex 48.7904 -41.7193 36.5
      vertex 37.4767 -31.8198 36.9412
      vertex 47.1362 -43.3734 36.5
    endloop
  endfacet
  facet normal 0.0207789 -0.0207799 0.999568
    outer loop
      vertex 37.4767 -31.8198 36.9412
      vertex 38.1838 -28.2843 37
      vertex 36.0624 -30.4056 37
    endloop
  endfacet
  facet normal 0.1715 0.1715 -0.970142
    outer loop
      vertex 43.1335 -36.0624 36
      vertex 38.1838 -28.2843 36.5
      vertex 48.7904 -41.7193 36
    endloop
  endfacet
  facet normal 0.1715 0.1715 -0.970142
    outer loop
      vertex 38.1838 -28.2843 36.5
      vertex 43.1335 -36.0624 36
      vertex 33.9411 -24.0416 36.5
    endloop
  endfacet
  facet normal 0.784882 0.619645 0
    outer loop
      vertex 48.7904 -41.7193 36.5
      vertex 38.1838 -28.2843 36.5
      vertex 38.1838 -28.2843 37
    endloop
  endfacet
  facet normal 0.784882 0.619645 0
    outer loop
      vertex 38.1838 -28.2843 36.5
      vertex 48.7904 -41.7193 36.5
      vertex 48.7904 -41.7193 36
    endloop
  endfacet
  facet normal -0.707107 -0.707107 0
    outer loop
      vertex 28.2843 -38.1838 36.5
      vertex 24.0416 -33.9411 37
      vertex 24.0416 -33.9411 36.5
    endloop
  endfacet
  facet normal -0.707107 -0.707107 0
    outer loop
      vertex 24.0416 -33.9411 37
      vertex 28.2843 -38.1838 36.5
      vertex 28.2843 -38.1838 37
    endloop
  endfacet
  facet normal -0.116249 0.116249 -0.986394
    outer loop
      vertex 24.0416 -33.9411 36.5
      vertex 30.4056 -23.3345 37
      vertex 33.9411 -24.0416 36.5
    endloop
  endfacet
  facet normal -0.116249 0.116249 -0.986394
    outer loop
      vertex 30.4056 -23.3345 37
      vertex 24.0416 -33.9411 36.5
      vertex 23.3345 -30.4056 37
    endloop
  endfacet
  facet normal 0.104894 0.104894 0.988936
    outer loop
      vertex 33.9411 -24.0416 37
      vertex 31.8198 -24.7487 37.3
      vertex 38.1838 -28.2843 37
    endloop
  endfacet
  facet normal 0.104894 0.104894 0.988936
    outer loop
      vertex 31.8198 -24.7487 37.3
      vertex 33.9411 -24.0416 37
      vertex 30.4056 -23.3345 37.3
    endloop
  endfacet
  facet normal -0.707107 0.707107 0
    outer loop
      vertex 23.3345 -30.4056 37
      vertex 30.4056 -23.3345 37.3
      vertex 30.4056 -23.3345 37
    endloop
  endfacet
  facet normal -0.707107 0.707107 0
    outer loop
      vertex 30.4056 -23.3345 37.3
      vertex 23.3345 -30.4056 37
      vertex 23.3345 -30.4056 37.3
    endloop
  endfacet
  facet normal -0.980581 -0.196116 -0
    outer loop
      vertex 24.0416 -33.9411 37
      vertex 23.3345 -30.4056 37
      vertex 24.0416 -33.9411 36.5
    endloop
  endfacet
  facet normal -0.980581 -0.196116 0
    outer loop
      vertex 23.3345 -30.4056 37
      vertex 24.0416 -33.9411 37
      vertex 23.3345 -30.4056 37.3
    endloop
  endfacet
  facet normal 0.0302713 -0.0302728 0.999083
    outer loop
      vertex 38.1838 -28.2843 37
      vertex 34.6482 -28.9914 37.0857
      vertex 36.0624 -30.4056 37
    endloop
  endfacet
  facet normal 0.0302732 -0.0302823 0.999083
    outer loop
      vertex 31.8198 -24.7487 37.3
      vertex 34.6482 -28.9914 37.0857
      vertex 38.1838 -28.2843 37
    endloop
  endfacet
  facet normal 0.0302787 -0.0302787 0.999083
    outer loop
      vertex 31.8198 -24.7487 37.3
      vertex 28.9914 -34.6482 37.0857
      vertex 34.6482 -28.9914 37.0857
    endloop
  endfacet
  facet normal 0.0302823 -0.0302732 0.999083
    outer loop
      vertex 28.9914 -34.6482 37.0857
      vertex 24.7487 -31.8198 37.3
      vertex 28.2843 -38.1838 37
    endloop
  endfacet
  facet normal 0.0302787 -0.0302787 0.999083
    outer loop
      vertex 24.7487 -31.8198 37.3
      vertex 28.9914 -34.6482 37.0857
      vertex 31.8198 -24.7487 37.3
    endloop
  endfacet
  facet normal 0.0302728 -0.0302713 0.999083
    outer loop
      vertex 30.4056 -36.0624 37
      vertex 28.9914 -34.6482 37.0857
      vertex 28.2843 -38.1838 37
    endloop
  endfacet
  facet normal 0 0 1
    outer loop
      vertex 30.4056 -23.3345 37.3
      vertex 24.7487 -31.8198 37.3
      vertex 31.8198 -24.7487 37.3
    endloop
  endfacet
  facet normal 0 -0 1
    outer loop
      vertex 24.7487 -31.8198 37.3
      vertex 30.4056 -23.3345 37.3
      vertex 23.3345 -30.4056 37.3
    endloop
  endfacet
  facet normal 0.196116 0.980581 0
    outer loop
      vertex 33.9411 -24.0416 37
      vertex 30.4056 -23.3345 37
      vertex 30.4056 -23.3345 37.3
    endloop
  endfacet
  facet normal 0.196116 0.980581 0
    outer loop
      vertex 30.4056 -23.3345 37
      vertex 33.9411 -24.0416 37
      vertex 33.9411 -24.0416 36.5
    endloop
  endfacet
  facet normal -0.104894 -0.104894 0.988936
    outer loop
      vertex 24.7487 -31.8198 37.3
      vertex 24.0416 -33.9411 37
      vertex 28.2843 -38.1838 37
    endloop
  endfacet
  facet normal -0.104894 -0.104894 0.988936
    outer loop
      vertex 24.0416 -33.9411 37
      vertex 24.7487 -31.8198 37.3
      vertex 23.3345 -30.4056 37.3
    endloop
  endfacet
  facet normal -0.707107 0.707107 0
    outer loop
      vertex 28.9914 -34.6482 36
      vertex 34.6482 -28.9914 36.3667
      vertex 34.6482 -28.9914 36
    endloop
  endfacet
  facet normal -0.707107 0.707107 0
    outer loop
      vertex 34.6482 -28.9914 36.3667
      vertex 28.9914 -34.6482 36
      vertex 28.9914 -34.6482 36.3667
    endloop
  endfacet
  facet normal -0.707107 0.707107 0
    outer loop
      vertex 28.9914 -34.6482 37.0857
      vertex 34.6482 -28.9914 38
      vertex 34.6482 -28.9914 37.0857
    endloop
  endfacet
  facet normal -0.707107 0.707107 0
    outer loop
      vertex 34.6482 -28.9914 38
      vertex 28.9914 -34.6482 37.0857
      vertex 28.9914 -34.6482 38
    endloop
  endfacet
  facet normal -0.641419 -0.76719 0
    outer loop
      vertex 31.8198 -37.4767 36
      vertex 37.2115 -41.9845 36
      vertex 31.8198 -37.4767 36.2333
    endloop
  endfacet
  facet normal -0.641419 -0.76719 1.61766e-14
    outer loop
      vertex 53.3866 -55.5079 35
      vertex 37.2115 -41.9845 36
      vertex 31.8198 -37.4767 36
    endloop
  endfacet
  facet normal -0.641418 -0.767192 0
    outer loop
      vertex 50.3056 -52.932 35.5
      vertex 53.3866 -55.5079 35
      vertex 53.3866 -55.5079 35.5
    endloop
  endfacet
  facet normal -0.64142 -0.76719 -2.37993e-05
    outer loop
      vertex 37.2115 -41.9845 36
      vertex 53.3866 -55.5079 35
      vertex 50.3056 -52.932 35.5
    endloop
  endfacet
  facet normal -0.641418 -0.767192 0
    outer loop
      vertex 43.3734 -47.1362 36.5
      vertex 31.8198 -37.4767 38
      vertex 31.8198 -37.4767 36.9412
    endloop
  endfacet
  facet normal -0.641421 -0.767189 -3.9214e-05
    outer loop
      vertex 43.3734 -47.1362 36.5
      vertex 53.3866 -55.5079 36.5
      vertex 31.8198 -37.4767 38
    endloop
  endfacet
  facet normal -0.641421 -0.767189 -0
    outer loop
      vertex 53.3866 -55.5079 36.5
      vertex 43.3734 -47.1362 36.5
      vertex 53.3866 -55.5079 36.0667
    endloop
  endfacet
  facet normal 0.707107 -0.707107 0
    outer loop
      vertex 53.3866 -55.5079 35.5
      vertex 55.5079 -53.3866 35
      vertex 55.5079 -53.3866 35.5
    endloop
  endfacet
  facet normal 0.707107 -0.707107 0
    outer loop
      vertex 55.5079 -53.3866 35
      vertex 53.3866 -55.5079 35.5
      vertex 53.3866 -55.5079 35
    endloop
  endfacet
  facet normal 0.707107 -0.707107 0
    outer loop
      vertex 53.3866 -55.5079 36.5
      vertex 55.5079 -53.3866 36.0667
      vertex 55.5079 -53.3866 36.5
    endloop
  endfacet
  facet normal 0.707107 -0.707107 0
    outer loop
      vertex 55.5079 -53.3866 36.0667
      vertex 53.3866 -55.5079 36.5
      vertex 53.3866 -55.5079 36.0667
    endloop
  endfacet
  facet normal 0.0378265 -0.0378265 0.998568
    outer loop
      vertex 37.4767 -31.8198 38
      vertex 53.3866 -55.5079 36.5
      vertex 55.5079 -53.3866 36.5
    endloop
  endfacet
  facet normal 0.0378265 -0.0378265 0.998568
    outer loop
      vertex 53.3866 -55.5079 36.5
      vertex 37.4767 -31.8198 38
      vertex 31.8198 -37.4767 38
    endloop
  endfacet
  facet normal 0.707107 0.707107 0
    outer loop
      vertex 34.6482 -28.9914 38
      vertex 36.0624 -30.4056 37
      vertex 34.6482 -28.9914 37.0857
    endloop
  endfacet
  facet normal 0.707094 0.707119 -3.53547e-05
    outer loop
      vertex 37.4767 -31.8198 38
      vertex 36.0624 -30.4056 37
      vertex 34.6482 -28.9914 38
    endloop
  endfacet
  facet normal 0.707082 0.707132 0
    outer loop
      vertex 36.0624 -30.4056 37
      vertex 37.4767 -31.8198 38
      vertex 37.4767 -31.8198 36.9412
    endloop
  endfacet
  facet normal 0.707094 0.707119 0
    outer loop
      vertex 37.4767 -31.8198 36.2333
      vertex 34.6482 -28.9914 36
      vertex 34.6482 -28.9914 36.3667
    endloop
  endfacet
  facet normal 0.707094 0.707119 0
    outer loop
      vertex 34.6482 -28.9914 36
      vertex 37.4767 -31.8198 36.2333
      vertex 37.4767 -31.8198 36
    endloop
  endfacet
  facet normal -0.262649 -0.262658 -0.928454
    outer loop
      vertex 31.8198 -37.4767 36
      vertex 50.5581 -52.6795 35
      vertex 53.3866 -55.5079 35
    endloop
  endfacet
  facet normal -0.262581 -0.262572 -0.928497
    outer loop
      vertex 50.5581 -52.6795 35
      vertex 31.8198 -37.4767 36
      vertex 28.9914 -34.6482 36
    endloop
  endfacet
  facet normal 0.76719 0.641419 0
    outer loop
      vertex 41.9845 -37.2115 36
      vertex 37.4767 -31.8198 36
      vertex 37.4767 -31.8198 36.2333
    endloop
  endfacet
  facet normal 0.76719 0.64142 -2.37993e-05
    outer loop
      vertex 55.5079 -53.3866 35
      vertex 41.9845 -37.2115 36
      vertex 52.932 -50.3056 35.5
    endloop
  endfacet
  facet normal 0.76719 0.641419 1.21325e-14
    outer loop
      vertex 41.9845 -37.2115 36
      vertex 55.5079 -53.3866 35
      vertex 37.4767 -31.8198 36
    endloop
  endfacet
  facet normal 0.767192 0.641418 -0
    outer loop
      vertex 55.5079 -53.3866 35
      vertex 52.932 -50.3056 35.5
      vertex 55.5079 -53.3866 35.5
    endloop
  endfacet
  facet normal 0.767192 0.641418 0
    outer loop
      vertex 37.4767 -31.8198 38
      vertex 47.1362 -43.3734 36.5
      vertex 37.4767 -31.8198 36.9412
    endloop
  endfacet
  facet normal 0.767189 0.641421 -3.9214e-05
    outer loop
      vertex 55.5079 -53.3866 36.5
      vertex 47.1362 -43.3734 36.5
      vertex 37.4767 -31.8198 38
    endloop
  endfacet
  facet normal 0.767189 0.641421 0
    outer loop
      vertex 47.1362 -43.3734 36.5
      vertex 55.5079 -53.3866 36.5
      vertex 55.5079 -53.3866 36.0667
    endloop
  endfacet
  facet normal 0 0 1
    outer loop
      vertex 34.6482 -28.9914 38
      vertex 31.8198 -37.4767 38
      vertex 37.4767 -31.8198 38
    endloop
  endfacet
  facet normal 0 -0 1
    outer loop
      vertex 31.8198 -37.4767 38
      vertex 34.6482 -28.9914 38
      vertex 28.9914 -34.6482 38
    endloop
  endfacet
  facet normal -0.707119 -0.707094 -0
    outer loop
      vertex 31.8198 -37.4767 36.2333
      vertex 28.9914 -34.6482 36
      vertex 31.8198 -37.4767 36
    endloop
  endfacet
  facet normal -0.707119 -0.707094 0
    outer loop
      vertex 28.9914 -34.6482 36
      vertex 31.8198 -37.4767 36.2333
      vertex 28.9914 -34.6482 36.3667
    endloop
  endfacet
  facet normal -0.707107 -0.707107 0
    outer loop
      vertex 30.4056 -36.0624 37
      vertex 28.9914 -34.6482 38
      vertex 28.9914 -34.6482 37.0857
    endloop
  endfacet
  facet normal -0.707132 -0.707082 -0
    outer loop
      vertex 31.8198 -37.4767 38
      vertex 30.4056 -36.0624 37
      vertex 31.8198 -37.4767 36.9412
    endloop
  endfacet
  facet normal -0.707119 -0.707094 -3.53547e-05
    outer loop
      vertex 30.4056 -36.0624 37
      vertex 31.8198 -37.4767 38
      vertex 28.9914 -34.6482 38
    endloop
  endfacet
  facet normal 0 0 -1
    outer loop
      vertex 53.3866 -55.5079 35
      vertex 52.6795 -50.5581 35
      vertex 55.5079 -53.3866 35
    endloop
  endfacet
  facet normal 0 -0 -1
    outer loop
      vertex 52.6795 -50.5581 35
      vertex 53.3866 -55.5079 35
      vertex 50.5581 -52.6795 35
    endloop
  endfacet
  facet normal 0.262658 0.262649 -0.928454
    outer loop
      vertex 52.6795 -50.5581 35
      vertex 37.4767 -31.8198 36
      vertex 55.5079 -53.3866 35
    endloop
  endfacet
  facet normal 0.262572 0.262581 -0.928497
    outer loop
      vertex 37.4767 -31.8198 36
      vertex 52.6795 -50.5581 35
      vertex 34.6482 -28.9914 36
    endloop
  endfacet
  facet normal -0.0252377 0.0252377 -0.999363
    outer loop
      vertex 50.5581 -52.6795 35
      vertex 34.6482 -28.9914 36
      vertex 52.6795 -50.5581 35
    endloop
  endfacet
  facet normal -0.0252377 0.0252377 -0.999363
    outer loop
      vertex 34.6482 -28.9914 36
      vertex 50.5581 -52.6795 35
      vertex 28.9914 -34.6482 36
    endloop
  endfacet
  facet normal 0.691796 -0.418228 0.588646
    outer loop
      vertex 66.7514 -64.1225 35
      vertex 64.7003 -64.7003 37
      vertex 65.7609 -65.7609 35
    endloop
  endfacet
  facet normal 0.806894 -0.0488433 0.588673
    outer loop
      vertex 65.3916 -62.4819 37
      vertex 65.3193 -63.6763 37
      vertex 66.7514 -64.1225 35
    endloop
  endfacet
  facet normal 0.418228 -0.691796 0.588646
    outer loop
      vertex 64.7003 -64.7003 37
      vertex 64.1225 -66.7514 35
      vertex 65.7609 -65.7609 35
    endloop
  endfacet
  facet normal 0.145709 0.79513 0.588674
    outer loop
      vertex 64.5742 -59.2849 35
      vertex 62.691 -58.9398 35
      vertex 62.7816 -60.4371 37
    endloop
  endfacet
  facet normal 0.498555 0.636336 0.588659
    outer loop
      vertex 66.0812 -60.4656 35
      vertex 64.5742 -59.2849 35
      vertex 64.9005 -61.3907 37
    endloop
  endfacet
  facet normal -0.636336 -0.498555 0.588659
    outer loop
      vertex 61.3907 -64.9005 37
      vertex 59.2849 -64.5742 35
      vertex 60.4656 -66.0812 35
    endloop
  endfacet
  facet normal 0.145728 0.795119 0.588684
    outer loop
      vertex 64.5742 -59.2849 35
      vertex 62.7816 -60.4371 37
      vertex 63.9585 -60.6528 37
    endloop
  endfacet
  facet normal 0.41819 -0.691803 0.588664
    outer loop
      vertex 64.7003 -64.7003 37
      vertex 63.6763 -65.3193 37
      vertex 64.1225 -66.7514 35
    endloop
  endfacet
  facet normal 0.806908 -0.0488114 0.588657
    outer loop
      vertex 66.867 -62.2115 35
      vertex 65.3916 -62.4819 37
      vertex 66.7514 -64.1225 35
    endloop
  endfacet
  facet normal -0.331764 -0.737164 0.588661
    outer loop
      vertex 62.4819 -65.3916 37
      vertex 61.3907 -64.9005 37
      vertex 62.2115 -66.867 35
    endloop
  endfacet
  facet normal -0.771763 0.240506 0.588675
    outer loop
      vertex 59.5094 -60.8632 35
      vertex 58.9398 -62.691 35
      vertex 60.4371 -62.7816 37
    endloop
  endfacet
  facet normal 0.0488114 -0.806908 0.588657
    outer loop
      vertex 62.4819 -65.3916 37
      vertex 62.2115 -66.867 35
      vertex 64.1225 -66.7514 35
    endloop
  endfacet
  facet normal -0 0 1
    outer loop
      vertex 66.867 -62.2115 35
      vertex 67.9325 -62.9325 35
      vertex 67.5519 -61.0191 35
    endloop
  endfacet
  facet normal 0 0 1
    outer loop
      vertex 66.7514 -64.1225 35
      vertex 67.9325 -62.9325 35
      vertex 66.867 -62.2115 35
    endloop
  endfacet
  facet normal -0 0 1
    outer loop
      vertex 66.0812 -60.4656 35
      vertex 67.5519 -61.0191 35
      vertex 66.468 -59.397 35
    endloop
  endfacet
  facet normal 0 0 1
    outer loop
      vertex 67.5519 -61.0191 35
      vertex 66.0812 -60.4656 35
      vertex 66.867 -62.2115 35
    endloop
  endfacet
  facet normal -0 0 1
    outer loop
      vertex 64.5742 -59.2849 35
      vertex 66.468 -59.397 35
      vertex 64.8459 -58.3131 35
    endloop
  endfacet
  facet normal 0 0 1
    outer loop
      vertex 66.468 -59.397 35
      vertex 64.5742 -59.2849 35
      vertex 66.0812 -60.4656 35
    endloop
  endfacet
  facet normal 0 0 1
    outer loop
      vertex 62.9325 -57.9325 35
      vertex 64.5742 -59.2849 35
      vertex 64.8459 -58.3131 35
    endloop
  endfacet
  facet normal 0 0 1
    outer loop
      vertex 62.9325 -57.9325 35
      vertex 62.691 -58.9398 35
      vertex 64.5742 -59.2849 35
    endloop
  endfacet
  facet normal -0 0 1
    outer loop
      vertex 61.0191 -58.3131 35
      vertex 62.691 -58.9398 35
      vertex 62.9325 -57.9325 35
    endloop
  endfacet
  facet normal 0 0 1
    outer loop
      vertex 61.0191 -58.3131 35
      vertex 60.8632 -59.5094 35
      vertex 62.691 -58.9398 35
    endloop
  endfacet
  facet normal -0 0 1
    outer loop
      vertex 59.397 -59.397 35
      vertex 60.8632 -59.5094 35
      vertex 61.0191 -58.3131 35
    endloop
  endfacet
  facet normal 0 0 1
    outer loop
      vertex 60.8632 -59.5094 35
      vertex 59.397 -59.397 35
      vertex 59.5094 -60.8632 35
    endloop
  endfacet
  facet normal 0 0 1
    outer loop
      vertex 58.3131 -61.0191 35
      vertex 59.5094 -60.8632 35
      vertex 59.397 -59.397 35
    endloop
  endfacet
  facet normal 0 0 1
    outer loop
      vertex 59.5094 -60.8632 35
      vertex 58.3131 -61.0191 35
      vertex 58.9398 -62.691 35
    endloop
  endfacet
  facet normal 0 0 1
    outer loop
      vertex 67.9325 -62.9325 35
      vertex 66.7514 -64.1225 35
      vertex 67.5519 -64.8459 35
    endloop
  endfacet
  facet normal 0 0 1
    outer loop
      vertex 65.7609 -65.7609 35
      vertex 67.5519 -64.8459 35
      vertex 66.7514 -64.1225 35
    endloop
  endfacet
  facet normal 0 0 1
    outer loop
      vertex 67.5519 -64.8459 35
      vertex 65.7609 -65.7609 35
      vertex 66.468 -66.468 35
    endloop
  endfacet
  facet normal 0 0 1
    outer loop
      vertex 65.7609 -65.7609 35
      vertex 64.8459 -67.5519 35
      vertex 66.468 -66.468 35
    endloop
  endfacet
  facet normal -0 0 1
    outer loop
      vertex 64.1225 -66.7514 35
      vertex 64.8459 -67.5519 35
      vertex 65.7609 -65.7609 35
    endloop
  endfacet
  facet normal 0 0 1
    outer loop
      vertex 64.1225 -66.7514 35
      vertex 62.9325 -67.9325 35
      vertex 64.8459 -67.5519 35
    endloop
  endfacet
  facet normal -0 0 1
    outer loop
      vertex 62.2115 -66.867 35
      vertex 62.9325 -67.9325 35
      vertex 64.1225 -66.7514 35
    endloop
  endfacet
  facet normal 0 0 1
    outer loop
      vertex 62.2115 -66.867 35
      vertex 61.0191 -67.5519 35
      vertex 62.9325 -67.9325 35
    endloop
  endfacet
  facet normal 0 0 1
    outer loop
      vertex 60.4656 -66.0812 35
      vertex 61.0191 -67.5519 35
      vertex 62.2115 -66.867 35
    endloop
  endfacet
  facet normal 0 0 1
    outer loop
      vertex 60.4656 -66.0812 35
      vertex 59.397 -66.468 35
      vertex 61.0191 -67.5519 35
    endloop
  endfacet
  facet normal 0 0 1
    outer loop
      vertex 59.2849 -64.5742 35
      vertex 59.397 -66.468 35
      vertex 60.4656 -66.0812 35
    endloop
  endfacet
  facet normal -0 0 1
    outer loop
      vertex 57.9325 -62.9325 35
      vertex 59.2849 -64.5742 35
      vertex 58.9398 -62.691 35
    endloop
  endfacet
  facet normal 0 0 1
    outer loop
      vertex 57.9325 -62.9325 35
      vertex 58.9398 -62.691 35
      vertex 58.3131 -61.0191 35
    endloop
  endfacet
  facet normal 0 0 1
    outer loop
      vertex 59.2849 -64.5742 35
      vertex 58.3131 -64.8459 35
      vertex 59.397 -66.468 35
    endloop
  endfacet
  facet normal 0 0 1
    outer loop
      vertex 59.2849 -64.5742 35
      vertex 57.9325 -62.9325 35
      vertex 58.3131 -64.8459 35
    endloop
  endfacet
  facet normal -0.331784 -0.737163 0.588651
    outer loop
      vertex 61.3907 -64.9005 37
      vertex 60.4656 -66.0812 35
      vertex 62.2115 -66.867 35
    endloop
  endfacet
  facet normal 0.737164 0.331764 0.588661
    outer loop
      vertex 66.867 -62.2115 35
      vertex 64.9005 -61.3907 37
      vertex 65.3916 -62.4819 37
    endloop
  endfacet
  facet normal 0.0488433 -0.806894 0.588673
    outer loop
      vertex 63.6763 -65.3193 37
      vertex 62.4819 -65.3916 37
      vertex 64.1225 -66.7514 35
    endloop
  endfacet
  facet normal -0.240506 0.771763 0.588675
    outer loop
      vertex 62.691 -58.9398 35
      vertex 60.8632 -59.5094 35
      vertex 62.7816 -60.4371 37
    endloop
  endfacet
  facet normal 0.737163 0.331784 0.588651
    outer loop
      vertex 66.0812 -60.4656 35
      vertex 64.9005 -61.3907 37
      vertex 66.867 -62.2115 35
    endloop
  endfacet
  facet normal 0.498482 0.63636 0.588696
    outer loop
      vertex 64.5742 -59.2849 35
      vertex 63.9585 -60.6528 37
      vertex 64.9005 -61.3907 37
    endloop
  endfacet
  facet normal -0.240501 0.771766 0.588673
    outer loop
      vertex 62.7816 -60.4371 37
      vertex 60.8632 -59.5094 35
      vertex 61.6392 -60.7931 37
    endloop
  endfacet
  facet normal -0.571607 0.571607 0.588669
    outer loop
      vertex 60.8632 -59.5094 35
      vertex 60.7931 -61.6392 37
      vertex 61.6392 -60.7931 37
    endloop
  endfacet
  facet normal -0.571607 0.571607 0.588669
    outer loop
      vertex 60.7931 -61.6392 37
      vertex 60.8632 -59.5094 35
      vertex 59.5094 -60.8632 35
    endloop
  endfacet
  facet normal 0.691803 -0.41819 0.588664
    outer loop
      vertex 65.3193 -63.6763 37
      vertex 64.7003 -64.7003 37
      vertex 66.7514 -64.1225 35
    endloop
  endfacet
  facet normal 0 0 1
    outer loop
      vertex 64.9005 -61.3907 37
      vertex 65.3193 -63.6763 37
      vertex 65.3916 -62.4819 37
    endloop
  endfacet
  facet normal 0 0 1
    outer loop
      vertex 64.9005 -61.3907 37
      vertex 64.7003 -64.7003 37
      vertex 65.3193 -63.6763 37
    endloop
  endfacet
  facet normal 0 0 1
    outer loop
      vertex 63.9585 -60.6528 37
      vertex 64.7003 -64.7003 37
      vertex 64.9005 -61.3907 37
    endloop
  endfacet
  facet normal 0 0 1
    outer loop
      vertex 63.9585 -60.6528 37
      vertex 63.6763 -65.3193 37
      vertex 64.7003 -64.7003 37
    endloop
  endfacet
  facet normal 0 0 1
    outer loop
      vertex 62.7816 -60.4371 37
      vertex 63.6763 -65.3193 37
      vertex 63.9585 -60.6528 37
    endloop
  endfacet
  facet normal 0 0 1
    outer loop
      vertex 62.7816 -60.4371 37
      vertex 62.4819 -65.3916 37
      vertex 63.6763 -65.3193 37
    endloop
  endfacet
  facet normal -0 0 1
    outer loop
      vertex 61.6392 -60.7931 37
      vertex 62.4819 -65.3916 37
      vertex 62.7816 -60.4371 37
    endloop
  endfacet
  facet normal 0 0 1
    outer loop
      vertex 61.6392 -60.7931 37
      vertex 61.3907 -64.9005 37
      vertex 62.4819 -65.3916 37
    endloop
  endfacet
  facet normal -0 0 1
    outer loop
      vertex 60.7931 -61.6392 37
      vertex 61.3907 -64.9005 37
      vertex 61.6392 -60.7931 37
    endloop
  endfacet
  facet normal 0 0 1
    outer loop
      vertex 60.7931 -61.6392 37
      vertex 60.6528 -63.9585 37
      vertex 61.3907 -64.9005 37
    endloop
  endfacet
  facet normal 0 -0 1
    outer loop
      vertex 60.6528 -63.9585 37
      vertex 60.7931 -61.6392 37
      vertex 60.4371 -62.7816 37
    endloop
  endfacet
  facet normal -0.79513 -0.145709 0.588674
    outer loop
      vertex 60.4371 -62.7816 37
      vertex 58.9398 -62.691 35
      vertex 59.2849 -64.5742 35
    endloop
  endfacet
  facet normal -0.771766 0.240501 0.588673
    outer loop
      vertex 60.7931 -61.6392 37
      vertex 59.5094 -60.8632 35
      vertex 60.4371 -62.7816 37
    endloop
  endfacet
  facet normal -0.795119 -0.145728 0.588684
    outer loop
      vertex 60.4371 -62.7816 37
      vertex 59.2849 -64.5742 35
      vertex 60.6528 -63.9585 37
    endloop
  endfacet
  facet normal -0.63636 -0.498482 0.588696
    outer loop
      vertex 60.6528 -63.9585 37
      vertex 59.2849 -64.5742 35
      vertex 61.3907 -64.9005 37
    endloop
  endfacet
  facet normal 0.980785 -0.195091 0
    outer loop
      vertex 67.5519 -64.8459 35
      vertex 67.9325 -62.9325 31
      vertex 67.9325 -62.9325 35
    endloop
  endfacet
  facet normal 0.980785 -0.195091 0
    outer loop
      vertex 67.9325 -62.9325 31
      vertex 67.5519 -64.8459 35
      vertex 67.5519 -64.8459 31
    endloop
  endfacet
  facet normal 0.831458 -0.555587 0
    outer loop
      vertex 66.468 -66.468 35
      vertex 67.5519 -64.8459 31
      vertex 67.5519 -64.8459 35
    endloop
  endfacet
  facet normal 0.831458 -0.555587 0
    outer loop
      vertex 67.5519 -64.8459 31
      vertex 66.468 -66.468 35
      vertex 66.468 -66.468 31
    endloop
  endfacet
  facet normal -0.555587 0.831458 0
    outer loop
      vertex 61.0191 -58.3131 31
      vertex 59.397 -59.397 35
      vertex 61.0191 -58.3131 35
    endloop
  endfacet
  facet normal -0.555587 0.831458 0
    outer loop
      vertex 59.397 -59.397 35
      vertex 61.0191 -58.3131 31
      vertex 59.397 -59.397 31
    endloop
  endfacet
  facet normal -0.831458 0.555587 0
    outer loop
      vertex 58.3131 -61.0191 31
      vertex 59.397 -59.397 35
      vertex 59.397 -59.397 31
    endloop
  endfacet
  facet normal -0.831458 0.555587 0
    outer loop
      vertex 59.397 -59.397 35
      vertex 58.3131 -61.0191 31
      vertex 58.3131 -61.0191 35
    endloop
  endfacet
  facet normal 0.555587 0.831458 -0
    outer loop
      vertex 66.468 -59.397 31
      vertex 64.8459 -58.3131 35
      vertex 66.468 -59.397 35
    endloop
  endfacet
  facet normal 0.555587 0.831458 0
    outer loop
      vertex 64.8459 -58.3131 35
      vertex 66.468 -59.397 31
      vertex 64.8459 -58.3131 31
    endloop
  endfacet
  facet normal -0.980785 0.195091 0
    outer loop
      vertex 57.9325 -62.9325 31
      vertex 58.3131 -61.0191 35
      vertex 58.3131 -61.0191 31
    endloop
  endfacet
  facet normal -0.980785 0.195091 0
    outer loop
      vertex 58.3131 -61.0191 35
      vertex 57.9325 -62.9325 31
      vertex 57.9325 -62.9325 35
    endloop
  endfacet
  facet normal -0.555587 -0.831458 0
    outer loop
      vertex 59.397 -66.468 31
      vertex 61.0191 -67.5519 35
      vertex 59.397 -66.468 35
    endloop
  endfacet
  facet normal -0.555587 -0.831458 -0
    outer loop
      vertex 61.0191 -67.5519 35
      vertex 59.397 -66.468 31
      vertex 61.0191 -67.5519 31
    endloop
  endfacet
  facet normal 0.195091 -0.980785 0
    outer loop
      vertex 62.9325 -67.9325 31
      vertex 64.8459 -67.5519 35
      vertex 62.9325 -67.9325 35
    endloop
  endfacet
  facet normal 0.195091 -0.980785 0
    outer loop
      vertex 64.8459 -67.5519 35
      vertex 62.9325 -67.9325 31
      vertex 64.8459 -67.5519 31
    endloop
  endfacet
  facet normal 0.980785 0.195091 0
    outer loop
      vertex 67.9325 -62.9325 35
      vertex 67.5519 -61.0191 31
      vertex 67.5519 -61.0191 35
    endloop
  endfacet
  facet normal 0.980785 0.195091 0
    outer loop
      vertex 67.5519 -61.0191 31
      vertex 67.9325 -62.9325 35
      vertex 67.9325 -62.9325 31
    endloop
  endfacet
  facet normal 0.555587 -0.831458 0
    outer loop
      vertex 64.8459 -67.5519 31
      vertex 66.468 -66.468 35
      vertex 64.8459 -67.5519 35
    endloop
  endfacet
  facet normal 0.555587 -0.831458 0
    outer loop
      vertex 66.468 -66.468 35
      vertex 64.8459 -67.5519 31
      vertex 66.468 -66.468 31
    endloop
  endfacet
  facet normal -0.195091 0.980785 0
    outer loop
      vertex 62.9325 -57.9325 31
      vertex 61.0191 -58.3131 35
      vertex 62.9325 -57.9325 35
    endloop
  endfacet
  facet normal -0.195091 0.980785 0
    outer loop
      vertex 61.0191 -58.3131 35
      vertex 62.9325 -57.9325 31
      vertex 61.0191 -58.3131 31
    endloop
  endfacet
  facet normal -0.195091 -0.980785 0
    outer loop
      vertex 61.0191 -67.5519 31
      vertex 62.9325 -67.9325 35
      vertex 61.0191 -67.5519 35
    endloop
  endfacet
  facet normal -0.195091 -0.980785 -0
    outer loop
      vertex 62.9325 -67.9325 35
      vertex 61.0191 -67.5519 31
      vertex 62.9325 -67.9325 31
    endloop
  endfacet
  facet normal 0.831458 0.555587 0
    outer loop
      vertex 67.5519 -61.0191 35
      vertex 66.468 -59.397 31
      vertex 66.468 -59.397 35
    endloop
  endfacet
  facet normal 0.831458 0.555587 0
    outer loop
      vertex 66.468 -59.397 31
      vertex 67.5519 -61.0191 35
      vertex 67.5519 -61.0191 31
    endloop
  endfacet
  facet normal 0.195091 0.980785 -0
    outer loop
      vertex 64.8459 -58.3131 31
      vertex 62.9325 -57.9325 35
      vertex 64.8459 -58.3131 35
    endloop
  endfacet
  facet normal 0.195091 0.980785 0
    outer loop
      vertex 62.9325 -57.9325 35
      vertex 64.8459 -58.3131 31
      vertex 62.9325 -57.9325 31
    endloop
  endfacet
  facet normal 0 0 -1
    outer loop
      vertex 67.5519 -64.8459 31
      vertex 67.5519 -61.0191 31
      vertex 67.9325 -62.9325 31
    endloop
  endfacet
  facet normal 0 0 -1
    outer loop
      vertex 66.468 -66.468 31
      vertex 67.5519 -61.0191 31
      vertex 67.5519 -64.8459 31
    endloop
  endfacet
  facet normal 0 0 -1
    outer loop
      vertex 66.468 -66.468 31
      vertex 66.468 -59.397 31
      vertex 67.5519 -61.0191 31
    endloop
  endfacet
  facet normal 0 0 -1
    outer loop
      vertex 64.8459 -67.5519 31
      vertex 66.468 -59.397 31
      vertex 66.468 -66.468 31
    endloop
  endfacet
  facet normal 0 0 -1
    outer loop
      vertex 64.8459 -67.5519 31
      vertex 64.8459 -58.3131 31
      vertex 66.468 -59.397 31
    endloop
  endfacet
  facet normal 0 0 -1
    outer loop
      vertex 62.9325 -67.9325 31
      vertex 64.8459 -58.3131 31
      vertex 64.8459 -67.5519 31
    endloop
  endfacet
  facet normal 0 0 -1
    outer loop
      vertex 62.9325 -67.9325 31
      vertex 62.9325 -57.9325 31
      vertex 64.8459 -58.3131 31
    endloop
  endfacet
  facet normal 0 0 -1
    outer loop
      vertex 61.0191 -67.5519 31
      vertex 62.9325 -57.9325 31
      vertex 62.9325 -67.9325 31
    endloop
  endfacet
  facet normal 0 0 -1
    outer loop
      vertex 61.0191 -67.5519 31
      vertex 61.0191 -58.3131 31
      vertex 62.9325 -57.9325 31
    endloop
  endfacet
  facet normal 0 0 -1
    outer loop
      vertex 59.397 -66.468 31
      vertex 61.0191 -58.3131 31
      vertex 61.0191 -67.5519 31
    endloop
  endfacet
  facet normal 0 0 -1
    outer loop
      vertex 59.397 -66.468 31
      vertex 59.397 -59.397 31
      vertex 61.0191 -58.3131 31
    endloop
  endfacet
  facet normal 0 0 -1
    outer loop
      vertex 58.3131 -64.8459 31
      vertex 59.397 -59.397 31
      vertex 59.397 -66.468 31
    endloop
  endfacet
  facet normal 0 0 -1
    outer loop
      vertex 58.3131 -64.8459 31
      vertex 58.3131 -61.0191 31
      vertex 59.397 -59.397 31
    endloop
  endfacet
  facet normal 0 -0 -1
    outer loop
      vertex 58.3131 -61.0191 31
      vertex 58.3131 -64.8459 31
      vertex 57.9325 -62.9325 31
    endloop
  endfacet
  facet normal -0.831458 -0.555587 0
    outer loop
      vertex 59.397 -66.468 31
      vertex 58.3131 -64.8459 35
      vertex 58.3131 -64.8459 31
    endloop
  endfacet
  facet normal -0.831458 -0.555587 0
    outer loop
      vertex 58.3131 -64.8459 35
      vertex 59.397 -66.468 31
      vertex 59.397 -66.468 35
    endloop
  endfacet
  facet normal -0.980785 -0.195091 0
    outer loop
      vertex 58.3131 -64.8459 31
      vertex 57.9325 -62.9325 35
      vertex 57.9325 -62.9325 31
    endloop
  endfacet
  facet normal -0.980785 -0.195091 0
    outer loop
      vertex 57.9325 -62.9325 35
      vertex 58.3131 -64.8459 31
      vertex 58.3131 -64.8459 35
    endloop
  endfacet
endsolid OpenSCAD_Model
