solid OpenSCAD_Model
  facet normal 0 1 -0
    outer loop
      vertex 900.403 475 0
      vertex -1200 475 2
      vertex 900.403 475 2
    endloop
  endfacet
  facet normal 0 1 0
    outer loop
      vertex -1200 475 2
      vertex 900.403 475 0
      vertex -1200 475 0
    endloop
  endfacet
  facet normal 0 -1 0
    outer loop
      vertex 25 425 0
      vertex 908.12 425 2
      vertex 25 425 2
    endloop
  endfacet
  facet normal 0 -1 -0
    outer loop
      vertex 908.12 425 2
      vertex 25 425 0
      vertex 908.12 425 0
    endloop
  endfacet
  facet normal 0.130558 -0.991441 0
    outer loop
      vertex 908.12 425 0
      vertex 914.59 425.852 2
      vertex 908.12 425 2
    endloop
  endfacet
  facet normal 0.130558 -0.991441 0
    outer loop
      vertex 914.59 425.852 2
      vertex 908.12 425 0
      vertex 914.59 425.852 0
    endloop
  endfacet
  facet normal 0 0 1
    outer loop
      vertex 3434.35 -683.79 2
      vertex 2261.56 -631.181 2
      vertex 3407.37 -731.429 2
    endloop
  endfacet
  facet normal 0 0 1
    outer loop
      vertex 2238.92 -579.2 2
      vertex 2261.56 -631.181 2
      vertex 3434.35 -683.79 2
    endloop
  endfacet
  facet normal 0 0 1
    outer loop
      vertex 2213.92 -604.2 2
      vertex 2238.92 -579.2 2
      vertex 2232.45 -580.052 2
    endloop
  endfacet
  facet normal 0 0 1
    outer loop
      vertex 2213.92 -604.2 2
      vertex 2232.45 -580.052 2
      vertex 2226.42 -582.549 2
    endloop
  endfacet
  facet normal 0 0 1
    outer loop
      vertex 2213.92 -604.2 2
      vertex 2226.42 -582.549 2
      vertex 2221.24 -586.522 2
    endloop
  endfacet
  facet normal 0 0 1
    outer loop
      vertex 2213.92 -604.2 2
      vertex 2221.24 -586.522 2
      vertex 2217.27 -591.7 2
    endloop
  endfacet
  facet normal 0 0 1
    outer loop
      vertex 2213.92 -604.2 2
      vertex 2217.27 -591.7 2
      vertex 2214.77 -597.73 2
    endloop
  endfacet
  facet normal 0 0 1
    outer loop
      vertex 2238.92 -579.2 2
      vertex 2213.92 -604.2 2
      vertex 2261.56 -631.181 2
    endloop
  endfacet
  facet normal 0 0 1
    outer loop
      vertex 2213.92 -604.2 2
      vertex 2187.46 -1478.14 2
      vertex 2261.56 -631.181 2
    endloop
  endfacet
  facet normal 0 0 1
    outer loop
      vertex 2135.48 -1500.78 2
      vertex 2187.46 -1478.14 2
      vertex 2213.92 -604.2 2
    endloop
  endfacet
  facet normal 0 0 1
    outer loop
      vertex 2187.46 -1478.14 2
      vertex 2135.48 -1500.78 2
      vertex 2160.48 -1525.78 2
    endloop
  endfacet
  facet normal 0 0 1
    outer loop
      vertex 2160.48 -1525.78 2
      vertex 2135.48 -1500.78 2
      vertex 2154.01 -1524.93 2
    endloop
  endfacet
  facet normal 0 0 1
    outer loop
      vertex 2154.01 -1524.93 2
      vertex 2135.48 -1500.78 2
      vertex 2147.98 -1522.43 2
    endloop
  endfacet
  facet normal 0 0 1
    outer loop
      vertex 2147.98 -1522.43 2
      vertex 2135.48 -1500.78 2
      vertex 2142.8 -1518.46 2
    endloop
  endfacet
  facet normal 0 0 1
    outer loop
      vertex 2142.8 -1518.46 2
      vertex 2135.48 -1500.78 2
      vertex 2138.83 -1513.28 2
    endloop
  endfacet
  facet normal 0 0 1
    outer loop
      vertex 2138.83 -1513.28 2
      vertex 2135.48 -1500.78 2
      vertex 2136.33 -1507.25 2
    endloop
  endfacet
  facet normal 0 0 1
    outer loop
      vertex 11375.6 2641.74 2
      vertex 11375.6 2628.8 2
      vertex 11376.5 2635.27 2
    endloop
  endfacet
  facet normal 0 0 1
    outer loop
      vertex 11373.1 2647.77 2
      vertex 11375.6 2628.8 2
      vertex 11375.6 2641.74 2
    endloop
  endfacet
  facet normal 0 0 1
    outer loop
      vertex 11373.1 2647.77 2
      vertex 11373.1 2622.77 2
      vertex 11375.6 2628.8 2
    endloop
  endfacet
  facet normal 0 0 1
    outer loop
      vertex 11373.1 2647.77 2
      vertex 11369.1 2617.59 2
      vertex 11373.1 2622.77 2
    endloop
  endfacet
  facet normal 0 0 1
    outer loop
      vertex 11373.1 2647.77 2
      vertex 11364 2613.62 2
      vertex 11369.1 2617.59 2
    endloop
  endfacet
  facet normal 0 0 1
    outer loop
      vertex 11373.1 2647.77 2
      vertex 11316.8 2641.39 2
      vertex 11364 2613.62 2
    endloop
  endfacet
  facet normal 0 0 1
    outer loop
      vertex 10885.6 3344.04 2
      vertex 11316.8 2641.39 2
      vertex 11373.1 2647.77 2
    endloop
  endfacet
  facet normal 0 0 1
    outer loop
      vertex 10885.6 3344.04 2
      vertex 10842.3 3319.04 2
      vertex 11316.8 2641.39 2
    endloop
  endfacet
  facet normal 0 0 1
    outer loop
      vertex 9939.18 4695.65 2
      vertex 10842.3 3319.04 2
      vertex 10885.6 3344.04 2
    endloop
  endfacet
  facet normal 0 0 1
    outer loop
      vertex 9939.18 4695.65 2
      vertex 9895.88 4670.65 2
      vertex 10842.3 3319.04 2
    endloop
  endfacet
  facet normal -0 0 1
    outer loop
      vertex 9452.55 5303.78 2
      vertex 9939.18 4695.65 2
      vertex 9480.32 5350.97 2
    endloop
  endfacet
  facet normal 0 0 1
    outer loop
      vertex 9446.17 5360.12 2
      vertex 9480.32 5350.97 2
      vertex 9476.35 5356.15 2
    endloop
  endfacet
  facet normal -0 0 1
    outer loop
      vertex 9446.17 5360.12 2
      vertex 9476.35 5356.15 2
      vertex 9471.17 5360.12 2
    endloop
  endfacet
  facet normal 0 0 1
    outer loop
      vertex 9446.17 5360.12 2
      vertex 9471.17 5360.12 2
      vertex 9465.14 5362.62 2
    endloop
  endfacet
  facet normal 0 0 1
    outer loop
      vertex 9446.17 5360.12 2
      vertex 9465.14 5362.62 2
      vertex 9458.67 5363.47 2
    endloop
  endfacet
  facet normal 0 0 1
    outer loop
      vertex 9939.18 4695.65 2
      vertex 9452.55 5303.78 2
      vertex 9895.88 4670.65 2
    endloop
  endfacet
  facet normal 0 0 1
    outer loop
      vertex 9446.17 5360.12 2
      vertex 9458.67 5363.47 2
      vertex 9452.2 5362.62 2
    endloop
  endfacet
  facet normal 0 0 1
    outer loop
      vertex 9480.32 5350.97 2
      vertex 9446.17 5360.12 2
      vertex 9452.55 5303.78 2
    endloop
  endfacet
  facet normal 0 0 1
    outer loop
      vertex 8306.03 4561.78 2
      vertex 9452.55 5303.78 2
      vertex 9446.17 5360.12 2
    endloop
  endfacet
  facet normal 0 0 1
    outer loop
      vertex 9452.55 5303.78 2
      vertex 8306.03 4561.78 2
      vertex 8324.36 4513.81 2
    endloop
  endfacet
  facet normal 0 0 1
    outer loop
      vertex 8305.39 4511.31 2
      vertex 8324.36 4513.81 2
      vertex 8306.03 4561.78 2
    endloop
  endfacet
  facet normal 0 0 1
    outer loop
      vertex 8324.36 4513.81 2
      vertex 8305.39 4511.31 2
      vertex 8318.33 4511.31 2
    endloop
  endfacet
  facet normal 0 0 1
    outer loop
      vertex 8318.33 4511.31 2
      vertex 8305.39 4511.31 2
      vertex 8311.86 4510.46 2
    endloop
  endfacet
  facet normal 0 0 1
    outer loop
      vertex 8108.78 4545.98 2
      vertex 8306.03 4561.78 2
      vertex 8109.42 4596.45 2
    endloop
  endfacet
  facet normal 0 0 1
    outer loop
      vertex 8306.03 4561.78 2
      vertex 8108.78 4545.98 2
      vertex 8305.39 4511.31 2
    endloop
  endfacet
  facet normal 0 0 1
    outer loop
      vertex 8102.95 4597.3 2
      vertex 8108.78 4545.98 2
      vertex 8109.42 4596.45 2
    endloop
  endfacet
  facet normal -0 0 1
    outer loop
      vertex 8096.48 4596.45 2
      vertex 8108.78 4545.98 2
      vertex 8102.95 4597.3 2
    endloop
  endfacet
  facet normal -0 0 1
    outer loop
      vertex 8090.45 4593.95 2
      vertex 8108.78 4545.98 2
      vertex 8096.48 4596.45 2
    endloop
  endfacet
  facet normal 0 0 1
    outer loop
      vertex 6452.15 3446.79 2
      vertex 8108.78 4545.98 2
      vertex 8090.45 4593.95 2
    endloop
  endfacet
  facet normal 0 0 1
    outer loop
      vertex 8108.78 4545.98 2
      vertex 6452.15 3446.79 2
      vertex 6487.39 3410.66 2
    endloop
  endfacet
  facet normal -0 0 1
    outer loop
      vertex 6440.5 3431.61 2
      vertex 6487.39 3410.66 2
      vertex 6452.15 3446.79 2
    endloop
  endfacet
  facet normal 0 0 1
    outer loop
      vertex 6405.08 3230.71 2
      vertex 6487.39 3410.66 2
      vertex 6440.5 3431.61 2
    endloop
  endfacet
  facet normal 0 0 1
    outer loop
      vertex 6440.5 3431.61 2
      vertex 6452.15 3446.79 2
      vertex 6446.97 3442.82 2
    endloop
  endfacet
  facet normal 0 0 1
    outer loop
      vertex 6487.39 3410.66 2
      vertex 6405.08 3230.71 2
      vertex 6451.96 3209.76 2
    endloop
  endfacet
  facet normal 0 0 1
    outer loop
      vertex 6440.5 3431.61 2
      vertex 6446.97 3442.82 2
      vertex 6443 3437.64 2
    endloop
  endfacet
  facet normal 0 -0 1
    outer loop
      vertex 6440.31 3194.58 2
      vertex 6451.96 3209.76 2
      vertex 6405.08 3230.71 2
    endloop
  endfacet
  facet normal 0 0 1
    outer loop
      vertex 6451.96 3209.76 2
      vertex 6440.31 3194.58 2
      vertex 6449.46 3203.73 2
    endloop
  endfacet
  facet normal 0 0 1
    outer loop
      vertex 6449.46 3203.73 2
      vertex 6440.31 3194.58 2
      vertex 6445.49 3198.55 2
    endloop
  endfacet
  facet normal 0 0 1
    outer loop
      vertex 6405.08 3230.71 2
      vertex 5498.28 2534.97 2
      vertex 6440.31 3194.58 2
    endloop
  endfacet
  facet normal -0 0 1
    outer loop
      vertex 5473.28 2578.27 2
      vertex 5498.28 2534.97 2
      vertex 6405.08 3230.71 2
    endloop
  endfacet
  facet normal 0 0 1
    outer loop
      vertex 5227.54 2406.2 2
      vertex 5498.28 2534.97 2
      vertex 5473.28 2578.27 2
    endloop
  endfacet
  facet normal 0 0 1
    outer loop
      vertex 5498.28 2534.97 2
      vertex 5227.54 2406.2 2
      vertex 5252.54 2362.9 2
    endloop
  endfacet
  facet normal 0 0 1
    outer loop
      vertex 3343.49 1086.97 2
      vertex 5252.54 2362.9 2
      vertex 5227.54 2406.2 2
    endloop
  endfacet
  facet normal 0 0 1
    outer loop
      vertex 5252.54 2362.9 2
      vertex 3343.49 1086.97 2
      vertex 3368.49 1043.67 2
    endloop
  endfacet
  facet normal 0 0 1
    outer loop
      vertex 3097.74 914.901 2
      vertex 3368.49 1043.67 2
      vertex 3343.49 1086.97 2
    endloop
  endfacet
  facet normal 0 0 1
    outer loop
      vertex 3368.49 1043.67 2
      vertex 3097.74 914.901 2
      vertex 3122.74 871.599 2
    endloop
  endfacet
  facet normal 0 0 1
    outer loop
      vertex 1184.16 -425 2
      vertex 3122.74 871.599 2
      vertex 3097.74 914.901 2
    endloop
  endfacet
  facet normal 0 0 1
    outer loop
      vertex 3122.74 871.599 2
      vertex 1184.16 -425 2
      vertex 1204.38 -471.651 2
    endloop
  endfacet
  facet normal 0 0 1
    outer loop
      vertex 1204.38 -471.651 2
      vertex 1184.16 -425 2
      vertex 1198.35 -474.148 2
    endloop
  endfacet
  facet normal 0 0 1
    outer loop
      vertex 1198.35 -474.148 2
      vertex 1184.16 -425 2
      vertex 1191.88 -475 2
    endloop
  endfacet
  facet normal -0 0 1
    outer loop
      vertex 25 -425 2
      vertex 1191.88 -475 2
      vertex 1184.16 -425 2
    endloop
  endfacet
  facet normal 0 0 1
    outer loop
      vertex -25 -425 2
      vertex 25 -425 2
      vertex -25 425 2
    endloop
  endfacet
  facet normal -0 0 1
    outer loop
      vertex -25 -425 2
      vertex 1191.88 -475 2
      vertex 25 -425 2
    endloop
  endfacet
  facet normal 0 0 1
    outer loop
      vertex -1200 -475 2
      vertex -25 -425 2
      vertex -1175 -425 2
    endloop
  endfacet
  facet normal 0 0 1
    outer loop
      vertex -25 -425 2
      vertex -1200 -475 2
      vertex 1191.88 -475 2
    endloop
  endfacet
  facet normal 0 0 1
    outer loop
      vertex -1175 425 2
      vertex -1225 450 2
      vertex -1175 -425 2
    endloop
  endfacet
  facet normal 0 0 1
    outer loop
      vertex -1225 450 2
      vertex -1200 475 2
      vertex -1206.47 474.148 2
    endloop
  endfacet
  facet normal 0 0 1
    outer loop
      vertex -1225 -450 2
      vertex -1175 -425 2
      vertex -1225 450 2
    endloop
  endfacet
  facet normal 0 0 1
    outer loop
      vertex -1225 450 2
      vertex -1206.47 474.148 2
      vertex -1212.5 471.651 2
    endloop
  endfacet
  facet normal 0 0 1
    outer loop
      vertex -1175 -425 2
      vertex -1225 -450 2
      vertex -1200 -475 2
    endloop
  endfacet
  facet normal 0 0 1
    outer loop
      vertex -1225 450 2
      vertex -1212.5 471.651 2
      vertex -1217.68 467.678 2
    endloop
  endfacet
  facet normal 0 0 1
    outer loop
      vertex -1200 -475 2
      vertex -1225 -450 2
      vertex -1206.47 -474.148 2
    endloop
  endfacet
  facet normal 0 0 1
    outer loop
      vertex -1225 450 2
      vertex -1217.68 467.678 2
      vertex -1221.65 462.5 2
    endloop
  endfacet
  facet normal 0 0 1
    outer loop
      vertex -1206.47 -474.148 2
      vertex -1225 -450 2
      vertex -1212.5 -471.651 2
    endloop
  endfacet
  facet normal 0 0 1
    outer loop
      vertex -1225 450 2
      vertex -1221.65 462.5 2
      vertex -1224.15 456.47 2
    endloop
  endfacet
  facet normal 0 0 1
    outer loop
      vertex -1212.5 -471.651 2
      vertex -1225 -450 2
      vertex -1217.68 -467.678 2
    endloop
  endfacet
  facet normal 0 0 1
    outer loop
      vertex -1217.68 -467.678 2
      vertex -1225 -450 2
      vertex -1221.65 -462.5 2
    endloop
  endfacet
  facet normal 0 0 1
    outer loop
      vertex -1221.65 -462.5 2
      vertex -1225 -450 2
      vertex -1224.15 -456.47 2
    endloop
  endfacet
  facet normal 0 0 1
    outer loop
      vertex 11316.8 2641.39 2
      vertex 9940.7 1617.03 2
      vertex 11364 2613.62 2
    endloop
  endfacet
  facet normal -0 0 1
    outer loop
      vertex 9905.46 1653.16 2
      vertex 9940.7 1617.03 2
      vertex 11316.8 2641.39 2
    endloop
  endfacet
  facet normal 0 0 1
    outer loop
      vertex 9896.31 1644.01 2
      vertex 9905.46 1653.16 2
      vertex 9900.28 1649.19 2
    endloop
  endfacet
  facet normal 0 0 1
    outer loop
      vertex 9893.81 1637.98 2
      vertex 9905.46 1653.16 2
      vertex 9896.31 1644.01 2
    endloop
  endfacet
  facet normal 0 0 1
    outer loop
      vertex 9905.46 1653.16 2
      vertex 9893.81 1637.98 2
      vertex 9940.7 1617.03 2
    endloop
  endfacet
  facet normal 0 0 1
    outer loop
      vertex 9821.55 1228.17 2
      vertex 9940.7 1617.03 2
      vertex 9893.81 1637.98 2
    endloop
  endfacet
  facet normal 0 0 1
    outer loop
      vertex 9940.7 1617.03 2
      vertex 9821.55 1228.17 2
      vertex 9868.44 1207.22 2
    endloop
  endfacet
  facet normal 0 -0 1
    outer loop
      vertex 9856.79 1192.04 2
      vertex 9868.44 1207.22 2
      vertex 9821.55 1228.17 2
    endloop
  endfacet
  facet normal 0 0 1
    outer loop
      vertex 9868.44 1207.22 2
      vertex 9856.79 1192.04 2
      vertex 9865.94 1201.19 2
    endloop
  endfacet
  facet normal 0 0 1
    outer loop
      vertex 9865.94 1201.19 2
      vertex 9856.79 1192.04 2
      vertex 9861.97 1196.01 2
    endloop
  endfacet
  facet normal 0 0 1
    outer loop
      vertex 8732.6 465.678 2
      vertex 9856.79 1192.04 2
      vertex 9821.55 1228.17 2
    endloop
  endfacet
  facet normal 0 0 1
    outer loop
      vertex 9856.79 1192.04 2
      vertex 8732.6 465.678 2
      vertex 8750.93 417.709 2
    endloop
  endfacet
  facet normal 0 0 1
    outer loop
      vertex 8731.96 415.212 2
      vertex 8750.93 417.709 2
      vertex 8732.6 465.678 2
    endloop
  endfacet
  facet normal 0 0 1
    outer loop
      vertex 8750.93 417.709 2
      vertex 8731.96 415.212 2
      vertex 8744.9 415.212 2
    endloop
  endfacet
  facet normal 0 0 1
    outer loop
      vertex 8744.9 415.212 2
      vertex 8731.96 415.212 2
      vertex 8738.43 414.36 2
    endloop
  endfacet
  facet normal -0 0 1
    outer loop
      vertex 8326.44 486.712 2
      vertex 8732.6 465.678 2
      vertex 8327.08 537.178 2
    endloop
  endfacet
  facet normal 0 0 1
    outer loop
      vertex 8732.6 465.678 2
      vertex 8326.44 486.712 2
      vertex 8731.96 415.212 2
    endloop
  endfacet
  facet normal 0 0 1
    outer loop
      vertex 8314.14 537.178 2
      vertex 8327.08 537.178 2
      vertex 8320.61 538.03 2
    endloop
  endfacet
  facet normal 0 0 1
    outer loop
      vertex 8308.11 534.681 2
      vertex 8327.08 537.178 2
      vertex 8314.14 537.178 2
    endloop
  endfacet
  facet normal 0 0 1
    outer loop
      vertex 8327.08 537.178 2
      vertex 8308.11 534.681 2
      vertex 8326.44 486.712 2
    endloop
  endfacet
  facet normal 0 0 1
    outer loop
      vertex 7138.96 -283.964 2
      vertex 8326.44 486.712 2
      vertex 8308.11 534.681 2
    endloop
  endfacet
  facet normal 0 0 1
    outer loop
      vertex 8326.44 486.712 2
      vertex 7138.96 -283.964 2
      vertex 7145.34 -340.301 2
    endloop
  endfacet
  facet normal -0 0 1
    outer loop
      vertex 7111.19 -331.15 2
      vertex 7145.34 -340.301 2
      vertex 7138.96 -283.964 2
    endloop
  endfacet
  facet normal 0 0 1
    outer loop
      vertex 7145.34 -340.301 2
      vertex 7111.19 -331.15 2
      vertex 7139.31 -342.798 2
    endloop
  endfacet
  facet normal 0 0 1
    outer loop
      vertex 7139.31 -342.798 2
      vertex 7111.19 -331.15 2
      vertex 7132.84 -343.65 2
    endloop
  endfacet
  facet normal 0 0 1
    outer loop
      vertex 7132.84 -343.65 2
      vertex 7111.19 -331.15 2
      vertex 7126.37 -342.798 2
    endloop
  endfacet
  facet normal 0 0 1
    outer loop
      vertex 7126.37 -342.798 2
      vertex 7111.19 -331.15 2
      vertex 7120.34 -340.301 2
    endloop
  endfacet
  facet normal 0 0 1
    outer loop
      vertex 7120.34 -340.301 2
      vertex 7111.19 -331.15 2
      vertex 7115.16 -336.328 2
    endloop
  endfacet
  facet normal -0 0 1
    outer loop
      vertex 6438.43 629.644 2
      vertex 7138.96 -283.964 2
      vertex 6466.2 676.83 2
    endloop
  endfacet
  facet normal 0 0 1
    outer loop
      vertex 6432.05 685.981 2
      vertex 6466.2 676.83 2
      vertex 6462.23 682.008 2
    endloop
  endfacet
  facet normal -0 0 1
    outer loop
      vertex 6432.05 685.981 2
      vertex 6462.23 682.008 2
      vertex 6457.05 685.981 2
    endloop
  endfacet
  facet normal 0 0 1
    outer loop
      vertex 6432.05 685.981 2
      vertex 6457.05 685.981 2
      vertex 6451.02 688.478 2
    endloop
  endfacet
  facet normal 0 0 1
    outer loop
      vertex 6432.05 685.981 2
      vertex 6451.02 688.478 2
      vertex 6444.55 689.33 2
    endloop
  endfacet
  facet normal 0 0 1
    outer loop
      vertex 7138.96 -283.964 2
      vertex 6438.43 629.644 2
      vertex 7111.19 -331.15 2
    endloop
  endfacet
  facet normal 0 0 1
    outer loop
      vertex 6432.05 685.981 2
      vertex 6444.55 689.33 2
      vertex 6438.08 688.478 2
    endloop
  endfacet
  facet normal 0 0 1
    outer loop
      vertex 6466.2 676.83 2
      vertex 6432.05 685.981 2
      vertex 6438.43 629.644 2
    endloop
  endfacet
  facet normal 0 0 1
    outer loop
      vertex 4360.15 -764.78 2
      vertex 6438.43 629.644 2
      vertex 6432.05 685.981 2
    endloop
  endfacet
  facet normal 0 0 1
    outer loop
      vertex 6438.43 629.644 2
      vertex 4360.15 -764.78 2
      vertex 4379.51 -812.031 2
    endloop
  endfacet
  facet normal 0 0 1
    outer loop
      vertex 4379.51 -812.031 2
      vertex 4360.15 -764.78 2
      vertex 4373.48 -814.528 2
    endloop
  endfacet
  facet normal 0 0 1
    outer loop
      vertex 4373.48 -814.528 2
      vertex 4360.15 -764.78 2
      vertex 4367.01 -815.38 2
    endloop
  endfacet
  facet normal 0 0 1
    outer loop
      vertex 4360.15 -764.78 2
      vertex 3456.99 -735.771 2
      vertex 4367.01 -815.38 2
    endloop
  endfacet
  facet normal 0 0 1
    outer loop
      vertex 3434.35 -683.79 2
      vertex 3456.99 -735.771 2
      vertex 4360.15 -764.78 2
    endloop
  endfacet
  facet normal -0 0 1
    outer loop
      vertex 3407.37 -731.429 2
      vertex 3456.99 -735.771 2
      vertex 3434.35 -683.79 2
    endloop
  endfacet
  facet normal 0 0 1
    outer loop
      vertex 3407.37 -731.429 2
      vertex 3382.89 -1582.72 2
      vertex 3456.99 -735.771 2
    endloop
  endfacet
  facet normal -0 0 1
    outer loop
      vertex 3333.27 -1578.38 2
      vertex 3382.89 -1582.72 2
      vertex 3407.37 -731.429 2
    endloop
  endfacet
  facet normal 0 0 1
    outer loop
      vertex 3382.89 -1582.72 2
      vertex 3333.27 -1578.38 2
      vertex 3355.91 -1630.36 2
    endloop
  endfacet
  facet normal -0 0 1
    outer loop
      vertex 2160.48 -1525.78 2
      vertex 3333.27 -1578.38 2
      vertex 2187.46 -1478.14 2
    endloop
  endfacet
  facet normal 0 0 1
    outer loop
      vertex 3333.27 -1578.38 2
      vertex 2160.48 -1525.78 2
      vertex 3355.91 -1630.36 2
    endloop
  endfacet
  facet normal 0 0 1
    outer loop
      vertex 12629.1 2420.72 2
      vertex 12629.1 2407.78 2
      vertex 12629.9 2414.25 2
    endloop
  endfacet
  facet normal 0 0 1
    outer loop
      vertex 12626.6 2426.75 2
      vertex 12629.1 2407.78 2
      vertex 12629.1 2420.72 2
    endloop
  endfacet
  facet normal 0 0 1
    outer loop
      vertex 12626.6 2426.75 2
      vertex 12626.6 2401.75 2
      vertex 12629.1 2407.78 2
    endloop
  endfacet
  facet normal 0 0 1
    outer loop
      vertex 12626.6 2426.75 2
      vertex 12622.6 2396.57 2
      vertex 12626.6 2401.75 2
    endloop
  endfacet
  facet normal 0 0 1
    outer loop
      vertex 12626.6 2426.75 2
      vertex 12617.4 2392.6 2
      vertex 12622.6 2396.57 2
    endloop
  endfacet
  facet normal 0 0 1
    outer loop
      vertex 12626.6 2426.75 2
      vertex 12570.2 2420.37 2
      vertex 12617.4 2392.6 2
    endloop
  endfacet
  facet normal 0 0 1
    outer loop
      vertex 11622.8 3860.26 2
      vertex 12570.2 2420.37 2
      vertex 12626.6 2426.75 2
    endloop
  endfacet
  facet normal 0 0 1
    outer loop
      vertex 11622.8 3860.26 2
      vertex 11579.5 3835.26 2
      vertex 12570.2 2420.37 2
    endloop
  endfacet
  facet normal 0 0 1
    outer loop
      vertex 10676.4 5211.86 2
      vertex 11579.5 3835.26 2
      vertex 11622.8 3860.26 2
    endloop
  endfacet
  facet normal 0 0 1
    outer loop
      vertex 10676.4 5211.86 2
      vertex 10633.1 5186.86 2
      vertex 11579.5 3835.26 2
    endloop
  endfacet
  facet normal -0 0 1
    outer loop
      vertex 9673.57 6557.23 2
      vertex 10676.4 5211.86 2
      vertex 9701.34 6604.42 2
    endloop
  endfacet
  facet normal 0 0 1
    outer loop
      vertex 9667.19 6613.57 2
      vertex 9701.34 6604.42 2
      vertex 9697.37 6609.6 2
    endloop
  endfacet
  facet normal -0 0 1
    outer loop
      vertex 9667.19 6613.57 2
      vertex 9697.37 6609.6 2
      vertex 9692.19 6613.57 2
    endloop
  endfacet
  facet normal 0 0 1
    outer loop
      vertex 9667.19 6613.57 2
      vertex 9692.19 6613.57 2
      vertex 9686.16 6616.07 2
    endloop
  endfacet
  facet normal 0 0 1
    outer loop
      vertex 9667.19 6613.57 2
      vertex 9686.16 6616.07 2
      vertex 9679.69 6616.92 2
    endloop
  endfacet
  facet normal 0 0 1
    outer loop
      vertex 10676.4 5211.86 2
      vertex 9673.57 6557.23 2
      vertex 10633.1 5186.86 2
    endloop
  endfacet
  facet normal 0 0 1
    outer loop
      vertex 9667.19 6613.57 2
      vertex 9679.69 6616.92 2
      vertex 9673.22 6616.07 2
    endloop
  endfacet
  facet normal 0 0 1
    outer loop
      vertex 9701.34 6604.42 2
      vertex 9667.19 6613.57 2
      vertex 9673.57 6557.23 2
    endloop
  endfacet
  facet normal 0 0 1
    outer loop
      vertex 7783.14 5294.35 2
      vertex 9673.57 6557.23 2
      vertex 9667.19 6613.57 2
    endloop
  endfacet
  facet normal 0 0 1
    outer loop
      vertex 9673.57 6557.23 2
      vertex 7783.14 5294.35 2
      vertex 7818.38 5258.22 2
    endloop
  endfacet
  facet normal -0 0 1
    outer loop
      vertex 7771.49 5279.17 2
      vertex 7818.38 5258.22 2
      vertex 7783.14 5294.35 2
    endloop
  endfacet
  facet normal 0 0 1
    outer loop
      vertex 7736.06 5078.27 2
      vertex 7818.38 5258.22 2
      vertex 7771.49 5279.17 2
    endloop
  endfacet
  facet normal 0 0 1
    outer loop
      vertex 7771.49 5279.17 2
      vertex 7783.14 5294.35 2
      vertex 7777.96 5290.38 2
    endloop
  endfacet
  facet normal 0 0 1
    outer loop
      vertex 7818.38 5258.22 2
      vertex 7736.06 5078.27 2
      vertex 7782.95 5057.32 2
    endloop
  endfacet
  facet normal 0 0 1
    outer loop
      vertex 7771.49 5279.17 2
      vertex 7777.96 5290.38 2
      vertex 7773.99 5285.2 2
    endloop
  endfacet
  facet normal 0 0 1
    outer loop
      vertex 7782.95 5057.32 2
      vertex 7736.06 5078.27 2
      vertex 7780.45 5051.29 2
    endloop
  endfacet
  facet normal 0 0 1
    outer loop
      vertex 7780.45 5051.29 2
      vertex 7736.06 5078.27 2
      vertex 7776.48 5046.11 2
    endloop
  endfacet
  facet normal 0 0 1
    outer loop
      vertex 7776.48 5046.11 2
      vertex 7736.06 5078.27 2
      vertex 7771.3 5042.14 2
    endloop
  endfacet
  facet normal 0 0 1
    outer loop
      vertex 6114.67 3942.95 2
      vertex 7771.3 5042.14 2
      vertex 7736.06 5078.27 2
    endloop
  endfacet
  facet normal 0 0 1
    outer loop
      vertex 7771.3 5042.14 2
      vertex 6114.67 3942.95 2
      vertex 6133 3894.98 2
    endloop
  endfacet
  facet normal 0 0 1
    outer loop
      vertex 6114.03 3892.48 2
      vertex 6133 3894.98 2
      vertex 6114.67 3942.95 2
    endloop
  endfacet
  facet normal 0 0 1
    outer loop
      vertex 6133 3894.98 2
      vertex 6114.03 3892.48 2
      vertex 6126.97 3892.48 2
    endloop
  endfacet
  facet normal 0 0 1
    outer loop
      vertex 6126.97 3892.48 2
      vertex 6114.03 3892.48 2
      vertex 6120.5 3891.63 2
    endloop
  endfacet
  facet normal 0 0 1
    outer loop
      vertex 5917.42 3927.15 2
      vertex 6114.67 3942.95 2
      vertex 5918.06 3977.62 2
    endloop
  endfacet
  facet normal 0 0 1
    outer loop
      vertex 6114.67 3942.95 2
      vertex 5917.42 3927.15 2
      vertex 6114.03 3892.48 2
    endloop
  endfacet
  facet normal 0 0 1
    outer loop
      vertex 5905.12 3977.62 2
      vertex 5918.06 3977.62 2
      vertex 5911.59 3978.47 2
    endloop
  endfacet
  facet normal 0 0 1
    outer loop
      vertex 5899.09 3975.12 2
      vertex 5918.06 3977.62 2
      vertex 5905.12 3977.62 2
    endloop
  endfacet
  facet normal 0 0 1
    outer loop
      vertex 5918.06 3977.62 2
      vertex 5899.09 3975.12 2
      vertex 5917.42 3927.15 2
    endloop
  endfacet
  facet normal 0 0 1
    outer loop
      vertex 4957.07 3315.51 2
      vertex 5917.42 3927.15 2
      vertex 5899.09 3975.12 2
    endloop
  endfacet
  facet normal 0 0 1
    outer loop
      vertex 5917.42 3927.15 2
      vertex 4957.07 3315.51 2
      vertex 4992.31 3279.38 2
    endloop
  endfacet
  facet normal 0 0 1
    outer loop
      vertex 4947.92 3306.36 2
      vertex 4957.07 3315.51 2
      vertex 4951.89 3311.54 2
    endloop
  endfacet
  facet normal 0 0 1
    outer loop
      vertex 4945.42 3300.33 2
      vertex 4957.07 3315.51 2
      vertex 4947.92 3306.36 2
    endloop
  endfacet
  facet normal 0 0 1
    outer loop
      vertex 4957.07 3315.51 2
      vertex 4945.42 3300.33 2
      vertex 4992.31 3279.38 2
    endloop
  endfacet
  facet normal 0 0 1
    outer loop
      vertex 4873.15 2890.52 2
      vertex 4992.31 3279.38 2
      vertex 4945.42 3300.33 2
    endloop
  endfacet
  facet normal 0 0 1
    outer loop
      vertex 4992.31 3279.38 2
      vertex 4873.15 2890.52 2
      vertex 4920.04 2869.57 2
    endloop
  endfacet
  facet normal 0 -0 1
    outer loop
      vertex 4908.39 2854.39 2
      vertex 4920.04 2869.57 2
      vertex 4873.15 2890.52 2
    endloop
  endfacet
  facet normal 0 0 1
    outer loop
      vertex 4920.04 2869.57 2
      vertex 4908.39 2854.39 2
      vertex 4917.54 2863.54 2
    endloop
  endfacet
  facet normal 0 0 1
    outer loop
      vertex 4917.54 2863.54 2
      vertex 4908.39 2854.39 2
      vertex 4913.57 2858.36 2
    endloop
  endfacet
  facet normal 0 0 1
    outer loop
      vertex 3006.01 1583.13 2
      vertex 4908.39 2854.39 2
      vertex 4873.15 2890.52 2
    endloop
  endfacet
  facet normal 0 0 1
    outer loop
      vertex 4908.39 2854.39 2
      vertex 3006.01 1583.13 2
      vertex 3024.34 1535.16 2
    endloop
  endfacet
  facet normal 0 0 1
    outer loop
      vertex 3005.37 1532.66 2
      vertex 3024.34 1535.16 2
      vertex 3006.01 1583.13 2
    endloop
  endfacet
  facet normal 0 0 1
    outer loop
      vertex 3024.34 1535.16 2
      vertex 3005.37 1532.66 2
      vertex 3018.31 1532.66 2
    endloop
  endfacet
  facet normal 0 0 1
    outer loop
      vertex 3018.31 1532.66 2
      vertex 3005.37 1532.66 2
      vertex 3011.84 1531.81 2
    endloop
  endfacet
  facet normal -0 0 1
    outer loop
      vertex 2599.86 1604.17 2
      vertex 3006.01 1583.13 2
      vertex 2600.5 1654.64 2
    endloop
  endfacet
  facet normal 0 0 1
    outer loop
      vertex 3006.01 1583.13 2
      vertex 2599.86 1604.17 2
      vertex 3005.37 1532.66 2
    endloop
  endfacet
  facet normal 0 0 1
    outer loop
      vertex 2587.56 1654.64 2
      vertex 2600.5 1654.64 2
      vertex 2594.03 1655.49 2
    endloop
  endfacet
  facet normal 0 0 1
    outer loop
      vertex 2581.53 1652.14 2
      vertex 2600.5 1654.64 2
      vertex 2587.56 1654.64 2
    endloop
  endfacet
  facet normal 0 0 1
    outer loop
      vertex 2600.5 1654.64 2
      vertex 2581.53 1652.14 2
      vertex 2599.86 1604.17 2
    endloop
  endfacet
  facet normal 0 0 1
    outer loop
      vertex 900.403 475 2
      vertex 2599.86 1604.17 2
      vertex 2581.53 1652.14 2
    endloop
  endfacet
  facet normal 0 0 1
    outer loop
      vertex 2599.86 1604.17 2
      vertex 900.403 475 2
      vertex 920.62 428.349 2
    endloop
  endfacet
  facet normal 0 0 1
    outer loop
      vertex 920.62 428.349 2
      vertex 900.403 475 2
      vertex 914.59 425.852 2
    endloop
  endfacet
  facet normal 0 0 1
    outer loop
      vertex 914.59 425.852 2
      vertex 900.403 475 2
      vertex 908.12 425 2
    endloop
  endfacet
  facet normal 0 0 1
    outer loop
      vertex 900.403 475 2
      vertex 25 425 2
      vertex 908.12 425 2
    endloop
  endfacet
  facet normal 0 0 1
    outer loop
      vertex 25 425 2
      vertex -25 425 2
      vertex 25 -425 2
    endloop
  endfacet
  facet normal 0 0 1
    outer loop
      vertex 900.403 475 2
      vertex -25 425 2
      vertex 25 425 2
    endloop
  endfacet
  facet normal -0 0 1
    outer loop
      vertex -1200 475 2
      vertex -25 425 2
      vertex 900.403 475 2
    endloop
  endfacet
  facet normal -0 0 1
    outer loop
      vertex -1225 450 2
      vertex -1175 425 2
      vertex -1200 475 2
    endloop
  endfacet
  facet normal 0 0 1
    outer loop
      vertex -25 425 2
      vertex -1200 475 2
      vertex -1175 425 2
    endloop
  endfacet
  facet normal 0 0 1
    outer loop
      vertex 12570.2 2420.37 2
      vertex 10446.7 872.619 2
      vertex 12617.4 2392.6 2
    endloop
  endfacet
  facet normal -0 0 1
    outer loop
      vertex 10421.7 915.921 2
      vertex 10446.7 872.619 2
      vertex 12570.2 2420.37 2
    endloop
  endfacet
  facet normal 0 0 1
    outer loop
      vertex 10175.9 743.851 2
      vertex 10446.7 872.619 2
      vertex 10421.7 915.921 2
    endloop
  endfacet
  facet normal 0 0 1
    outer loop
      vertex 10446.7 872.619 2
      vertex 10175.9 743.851 2
      vertex 10200.9 700.549 2
    endloop
  endfacet
  facet normal 0 0 1
    outer loop
      vertex 9070.08 -30.4794 2
      vertex 10200.9 700.549 2
      vertex 10175.9 743.851 2
    endloop
  endfacet
  facet normal 0 0 1
    outer loop
      vertex 10200.9 700.549 2
      vertex 9070.08 -30.4794 2
      vertex 9095.08 -73.7806 2
    endloop
  endfacet
  facet normal 0 0 1
    outer loop
      vertex 8824.33 -202.549 2
      vertex 9095.08 -73.7806 2
      vertex 9070.08 -30.4794 2
    endloop
  endfacet
  facet normal 0 0 1
    outer loop
      vertex 9095.08 -73.7806 2
      vertex 8824.33 -202.549 2
      vertex 8849.33 -245.851 2
    endloop
  endfacet
  facet normal 0 0 1
    outer loop
      vertex 6917.94 -1537.42 2
      vertex 8849.33 -245.851 2
      vertex 8824.33 -202.549 2
    endloop
  endfacet
  facet normal 0 0 1
    outer loop
      vertex 8849.33 -245.851 2
      vertex 6917.94 -1537.42 2
      vertex 6924.32 -1593.76 2
    endloop
  endfacet
  facet normal -0 0 1
    outer loop
      vertex 6890.17 -1584.61 2
      vertex 6924.32 -1593.76 2
      vertex 6917.94 -1537.42 2
    endloop
  endfacet
  facet normal 0 0 1
    outer loop
      vertex 6924.32 -1593.76 2
      vertex 6890.17 -1584.61 2
      vertex 6918.29 -1596.26 2
    endloop
  endfacet
  facet normal 0 0 1
    outer loop
      vertex 6918.29 -1596.26 2
      vertex 6890.17 -1584.61 2
      vertex 6911.82 -1597.11 2
    endloop
  endfacet
  facet normal 0 0 1
    outer loop
      vertex 6911.82 -1597.11 2
      vertex 6890.17 -1584.61 2
      vertex 6905.35 -1596.26 2
    endloop
  endfacet
  facet normal 0 0 1
    outer loop
      vertex 6905.35 -1596.26 2
      vertex 6890.17 -1584.61 2
      vertex 6899.32 -1593.76 2
    endloop
  endfacet
  facet normal 0 0 1
    outer loop
      vertex 6899.32 -1593.76 2
      vertex 6890.17 -1584.61 2
      vertex 6894.14 -1589.79 2
    endloop
  endfacet
  facet normal -0 0 1
    outer loop
      vertex 6217.41 -623.816 2
      vertex 6917.94 -1537.42 2
      vertex 6245.18 -576.63 2
    endloop
  endfacet
  facet normal 0 0 1
    outer loop
      vertex 6211.03 -567.479 2
      vertex 6245.18 -576.63 2
      vertex 6241.21 -571.452 2
    endloop
  endfacet
  facet normal -0 0 1
    outer loop
      vertex 6211.03 -567.479 2
      vertex 6241.21 -571.452 2
      vertex 6236.03 -567.479 2
    endloop
  endfacet
  facet normal 0 0 1
    outer loop
      vertex 6211.03 -567.479 2
      vertex 6236.03 -567.479 2
      vertex 6230 -564.982 2
    endloop
  endfacet
  facet normal 0 0 1
    outer loop
      vertex 6211.03 -567.479 2
      vertex 6230 -564.982 2
      vertex 6223.53 -564.13 2
    endloop
  endfacet
  facet normal 0 0 1
    outer loop
      vertex 6917.94 -1537.42 2
      vertex 6217.41 -623.816 2
      vertex 6890.17 -1584.61 2
    endloop
  endfacet
  facet normal 0 0 1
    outer loop
      vertex 6211.03 -567.479 2
      vertex 6223.53 -564.13 2
      vertex 6217.06 -564.982 2
    endloop
  endfacet
  facet normal 0 0 1
    outer loop
      vertex 6245.18 -576.63 2
      vertex 6211.03 -567.479 2
      vertex 6217.41 -623.816 2
    endloop
  endfacet
  facet normal 0 0 1
    outer loop
      vertex 4608.03 -1689.91 2
      vertex 6217.41 -623.816 2
      vertex 6211.03 -567.479 2
    endloop
  endfacet
  facet normal 0 0 1
    outer loop
      vertex 6217.41 -623.816 2
      vertex 4608.03 -1689.91 2
      vertex 4627.39 -1737.16 2
    endloop
  endfacet
  facet normal 0 0 1
    outer loop
      vertex 4627.39 -1737.16 2
      vertex 4608.03 -1689.91 2
      vertex 4621.36 -1739.66 2
    endloop
  endfacet
  facet normal 0 0 1
    outer loop
      vertex 4621.36 -1739.66 2
      vertex 4608.03 -1689.91 2
      vertex 4614.89 -1740.51 2
    endloop
  endfacet
  facet normal 0 0 1
    outer loop
      vertex 3382.89 -1582.72 2
      vertex 4614.89 -1740.51 2
      vertex 4608.03 -1689.91 2
    endloop
  endfacet
  facet normal 0 0 1
    outer loop
      vertex 4614.89 -1740.51 2
      vertex 3382.89 -1582.72 2
      vertex 3355.91 -1630.36 2
    endloop
  endfacet
  facet normal 0.382591 -0.923918 0
    outer loop
      vertex 914.59 425.852 0
      vertex 920.62 428.349 2
      vertex 914.59 425.852 2
    endloop
  endfacet
  facet normal 0.382591 -0.923918 0
    outer loop
      vertex 920.62 428.349 2
      vertex 914.59 425.852 0
      vertex 920.62 428.349 0
    endloop
  endfacet
  facet normal 0 0 -1
    outer loop
      vertex 10446.7 872.619 0
      vertex 12570.2 2420.37 0
      vertex 12617.4 2392.6 0
    endloop
  endfacet
  facet normal 0 0 -1
    outer loop
      vertex 10446.7 872.619 0
      vertex 10421.7 915.921 0
      vertex 12570.2 2420.37 0
    endloop
  endfacet
  facet normal 0 0 -1
    outer loop
      vertex 10175.9 743.851 0
      vertex 10446.7 872.619 0
      vertex 10200.9 700.549 0
    endloop
  endfacet
  facet normal -0 0 -1
    outer loop
      vertex 10446.7 872.619 0
      vertex 10175.9 743.851 0
      vertex 10421.7 915.921 0
    endloop
  endfacet
  facet normal 0 0 -1
    outer loop
      vertex 9070.08 -30.4794 0
      vertex 10200.9 700.549 0
      vertex 9095.08 -73.7806 0
    endloop
  endfacet
  facet normal -0 0 -1
    outer loop
      vertex 10200.9 700.549 0
      vertex 9070.08 -30.4794 0
      vertex 10175.9 743.851 0
    endloop
  endfacet
  facet normal 0 0 -1
    outer loop
      vertex 8824.33 -202.549 0
      vertex 9095.08 -73.7806 0
      vertex 8849.33 -245.851 0
    endloop
  endfacet
  facet normal -0 0 -1
    outer loop
      vertex 9095.08 -73.7806 0
      vertex 8824.33 -202.549 0
      vertex 9070.08 -30.4794 0
    endloop
  endfacet
  facet normal 0 0 -1
    outer loop
      vertex 6917.94 -1537.42 0
      vertex 8849.33 -245.851 0
      vertex 6924.32 -1593.76 0
    endloop
  endfacet
  facet normal 0 0 -1
    outer loop
      vertex 6890.17 -1584.61 0
      vertex 6924.32 -1593.76 0
      vertex 6918.29 -1596.26 0
    endloop
  endfacet
  facet normal -0 0 -1
    outer loop
      vertex 8849.33 -245.851 0
      vertex 6917.94 -1537.42 0
      vertex 8824.33 -202.549 0
    endloop
  endfacet
  facet normal 0 0 -1
    outer loop
      vertex 6890.17 -1584.61 0
      vertex 6918.29 -1596.26 0
      vertex 6911.82 -1597.11 0
    endloop
  endfacet
  facet normal 0 0 -1
    outer loop
      vertex 6890.17 -1584.61 0
      vertex 6911.82 -1597.11 0
      vertex 6905.35 -1596.26 0
    endloop
  endfacet
  facet normal 0 0 -1
    outer loop
      vertex 6890.17 -1584.61 0
      vertex 6905.35 -1596.26 0
      vertex 6899.32 -1593.76 0
    endloop
  endfacet
  facet normal 0 0 -1
    outer loop
      vertex 6890.17 -1584.61 0
      vertex 6899.32 -1593.76 0
      vertex 6894.14 -1589.79 0
    endloop
  endfacet
  facet normal 0 0 -1
    outer loop
      vertex 6924.32 -1593.76 0
      vertex 6890.17 -1584.61 0
      vertex 6917.94 -1537.42 0
    endloop
  endfacet
  facet normal 0 0 -1
    outer loop
      vertex 6217.41 -623.816 0
      vertex 6917.94 -1537.42 0
      vertex 6890.17 -1584.61 0
    endloop
  endfacet
  facet normal 0 0 -1
    outer loop
      vertex 6917.94 -1537.42 0
      vertex 6217.41 -623.816 0
      vertex 6245.18 -576.63 0
    endloop
  endfacet
  facet normal 0 0 -1
    outer loop
      vertex 6211.03 -567.479 0
      vertex 6245.18 -576.63 0
      vertex 6217.41 -623.816 0
    endloop
  endfacet
  facet normal 0 0 -1
    outer loop
      vertex 6245.18 -576.63 0
      vertex 6211.03 -567.479 0
      vertex 6241.21 -571.452 0
    endloop
  endfacet
  facet normal 0 0 -1
    outer loop
      vertex 6241.21 -571.452 0
      vertex 6211.03 -567.479 0
      vertex 6236.03 -567.479 0
    endloop
  endfacet
  facet normal 0 0 -1
    outer loop
      vertex 6236.03 -567.479 0
      vertex 6211.03 -567.479 0
      vertex 6230 -564.982 0
    endloop
  endfacet
  facet normal -0 0 -1
    outer loop
      vertex 6230 -564.982 0
      vertex 6211.03 -567.479 0
      vertex 6223.53 -564.13 0
    endloop
  endfacet
  facet normal 0 0 -1
    outer loop
      vertex 6223.53 -564.13 0
      vertex 6211.03 -567.479 0
      vertex 6217.06 -564.982 0
    endloop
  endfacet
  facet normal 0 0 -1
    outer loop
      vertex 4608.03 -1689.91 0
      vertex 6217.41 -623.816 0
      vertex 4627.39 -1737.16 0
    endloop
  endfacet
  facet normal 0 0 -1
    outer loop
      vertex 4608.03 -1689.91 0
      vertex 4627.39 -1737.16 0
      vertex 4621.36 -1739.66 0
    endloop
  endfacet
  facet normal 0 0 -1
    outer loop
      vertex 4608.03 -1689.91 0
      vertex 4621.36 -1739.66 0
      vertex 4614.89 -1740.51 0
    endloop
  endfacet
  facet normal -0 0 -1
    outer loop
      vertex 6217.41 -623.816 0
      vertex 4608.03 -1689.91 0
      vertex 6211.03 -567.479 0
    endloop
  endfacet
  facet normal 0 0 -1
    outer loop
      vertex 4614.89 -1740.51 0
      vertex 3382.89 -1582.72 0
      vertex 4608.03 -1689.91 0
    endloop
  endfacet
  facet normal 0 -0 -1
    outer loop
      vertex 3382.89 -1582.72 0
      vertex 4614.89 -1740.51 0
      vertex 3355.91 -1630.36 0
    endloop
  endfacet
  facet normal 0 0 -1
    outer loop
      vertex 12629.1 2407.78 0
      vertex 12629.1 2420.72 0
      vertex 12629.9 2414.25 0
    endloop
  endfacet
  facet normal 0 0 -1
    outer loop
      vertex 12626.6 2401.75 0
      vertex 12629.1 2420.72 0
      vertex 12629.1 2407.78 0
    endloop
  endfacet
  facet normal 0 0 -1
    outer loop
      vertex 12626.6 2401.75 0
      vertex 12626.6 2426.75 0
      vertex 12629.1 2420.72 0
    endloop
  endfacet
  facet normal 0 0 -1
    outer loop
      vertex 12622.6 2396.57 0
      vertex 12626.6 2426.75 0
      vertex 12626.6 2401.75 0
    endloop
  endfacet
  facet normal 0 0 -1
    outer loop
      vertex 12617.4 2392.6 0
      vertex 12626.6 2426.75 0
      vertex 12622.6 2396.57 0
    endloop
  endfacet
  facet normal 0 0 -1
    outer loop
      vertex 12570.2 2420.37 0
      vertex 12626.6 2426.75 0
      vertex 12617.4 2392.6 0
    endloop
  endfacet
  facet normal 0 0 -1
    outer loop
      vertex 12570.2 2420.37 0
      vertex 11622.8 3860.26 0
      vertex 12626.6 2426.75 0
    endloop
  endfacet
  facet normal 0 0 -1
    outer loop
      vertex 11579.5 3835.26 0
      vertex 11622.8 3860.26 0
      vertex 12570.2 2420.37 0
    endloop
  endfacet
  facet normal 0 0 -1
    outer loop
      vertex 11579.5 3835.26 0
      vertex 10676.4 5211.86 0
      vertex 11622.8 3860.26 0
    endloop
  endfacet
  facet normal 0 0 -1
    outer loop
      vertex 10633.1 5186.86 0
      vertex 10676.4 5211.86 0
      vertex 11579.5 3835.26 0
    endloop
  endfacet
  facet normal 0 0 -1
    outer loop
      vertex 9673.57 6557.23 0
      vertex 10676.4 5211.86 0
      vertex 10633.1 5186.86 0
    endloop
  endfacet
  facet normal 0 0 -1
    outer loop
      vertex 10676.4 5211.86 0
      vertex 9673.57 6557.23 0
      vertex 9701.34 6604.42 0
    endloop
  endfacet
  facet normal 0 0 -1
    outer loop
      vertex 9667.19 6613.57 0
      vertex 9701.34 6604.42 0
      vertex 9673.57 6557.23 0
    endloop
  endfacet
  facet normal 0 0 -1
    outer loop
      vertex 9701.34 6604.42 0
      vertex 9667.19 6613.57 0
      vertex 9697.37 6609.6 0
    endloop
  endfacet
  facet normal 0 0 -1
    outer loop
      vertex 9697.37 6609.6 0
      vertex 9667.19 6613.57 0
      vertex 9692.19 6613.57 0
    endloop
  endfacet
  facet normal 0 0 -1
    outer loop
      vertex 9692.19 6613.57 0
      vertex 9667.19 6613.57 0
      vertex 9686.16 6616.07 0
    endloop
  endfacet
  facet normal -0 0 -1
    outer loop
      vertex 9686.16 6616.07 0
      vertex 9667.19 6613.57 0
      vertex 9679.69 6616.92 0
    endloop
  endfacet
  facet normal 0 0 -1
    outer loop
      vertex 9679.69 6616.92 0
      vertex 9667.19 6613.57 0
      vertex 9673.22 6616.07 0
    endloop
  endfacet
  facet normal 0 0 -1
    outer loop
      vertex 7783.14 5294.35 0
      vertex 9673.57 6557.23 0
      vertex 7818.38 5258.22 0
    endloop
  endfacet
  facet normal -0 0 -1
    outer loop
      vertex 9673.57 6557.23 0
      vertex 7783.14 5294.35 0
      vertex 9667.19 6613.57 0
    endloop
  endfacet
  facet normal 0 0 -1
    outer loop
      vertex 7736.06 5078.27 0
      vertex 7818.38 5258.22 0
      vertex 7782.95 5057.32 0
    endloop
  endfacet
  facet normal 0 0 -1
    outer loop
      vertex 7736.06 5078.27 0
      vertex 7782.95 5057.32 0
      vertex 7780.45 5051.29 0
    endloop
  endfacet
  facet normal 0 0 -1
    outer loop
      vertex 7818.38 5258.22 0
      vertex 7771.49 5279.17 0
      vertex 7783.14 5294.35 0
    endloop
  endfacet
  facet normal 0 0 -1
    outer loop
      vertex 7736.06 5078.27 0
      vertex 7780.45 5051.29 0
      vertex 7776.48 5046.11 0
    endloop
  endfacet
  facet normal 0 0 -1
    outer loop
      vertex 7783.14 5294.35 0
      vertex 7771.49 5279.17 0
      vertex 7777.96 5290.38 0
    endloop
  endfacet
  facet normal 0 0 -1
    outer loop
      vertex 7777.96 5290.38 0
      vertex 7771.49 5279.17 0
      vertex 7773.99 5285.2 0
    endloop
  endfacet
  facet normal 0 0 -1
    outer loop
      vertex 7736.06 5078.27 0
      vertex 7776.48 5046.11 0
      vertex 7771.3 5042.14 0
    endloop
  endfacet
  facet normal -0 0 -1
    outer loop
      vertex 7818.38 5258.22 0
      vertex 7736.06 5078.27 0
      vertex 7771.49 5279.17 0
    endloop
  endfacet
  facet normal 0 0 -1
    outer loop
      vertex 6114.67 3942.95 0
      vertex 7771.3 5042.14 0
      vertex 6133 3894.98 0
    endloop
  endfacet
  facet normal 0 0 -1
    outer loop
      vertex 6114.03 3892.48 0
      vertex 6133 3894.98 0
      vertex 6126.97 3892.48 0
    endloop
  endfacet
  facet normal 0 0 -1
    outer loop
      vertex 6114.03 3892.48 0
      vertex 6126.97 3892.48 0
      vertex 6120.5 3891.63 0
    endloop
  endfacet
  facet normal -0 0 -1
    outer loop
      vertex 7771.3 5042.14 0
      vertex 6114.67 3942.95 0
      vertex 7736.06 5078.27 0
    endloop
  endfacet
  facet normal -0 0 -1
    outer loop
      vertex 6133 3894.98 0
      vertex 6114.03 3892.48 0
      vertex 6114.67 3942.95 0
    endloop
  endfacet
  facet normal 0 0 -1
    outer loop
      vertex 5917.42 3927.15 0
      vertex 6114.67 3942.95 0
      vertex 6114.03 3892.48 0
    endloop
  endfacet
  facet normal -0 0 -1
    outer loop
      vertex 6114.67 3942.95 0
      vertex 5917.42 3927.15 0
      vertex 5918.06 3977.62 0
    endloop
  endfacet
  facet normal 0 0 -1
    outer loop
      vertex 5899.09 3975.12 0
      vertex 5918.06 3977.62 0
      vertex 5917.42 3927.15 0
    endloop
  endfacet
  facet normal 0 0 -1
    outer loop
      vertex 5918.06 3977.62 0
      vertex 5905.12 3977.62 0
      vertex 5911.59 3978.47 0
    endloop
  endfacet
  facet normal -0 0 -1
    outer loop
      vertex 5918.06 3977.62 0
      vertex 5899.09 3975.12 0
      vertex 5905.12 3977.62 0
    endloop
  endfacet
  facet normal 0 0 -1
    outer loop
      vertex 4957.07 3315.51 0
      vertex 5917.42 3927.15 0
      vertex 4992.31 3279.38 0
    endloop
  endfacet
  facet normal -0 0 -1
    outer loop
      vertex 5917.42 3927.15 0
      vertex 4957.07 3315.51 0
      vertex 5899.09 3975.12 0
    endloop
  endfacet
  facet normal 0 0 -1
    outer loop
      vertex 4945.42 3300.33 0
      vertex 4957.07 3315.51 0
      vertex 4992.31 3279.38 0
    endloop
  endfacet
  facet normal 0 0 -1
    outer loop
      vertex 4957.07 3315.51 0
      vertex 4947.92 3306.36 0
      vertex 4951.89 3311.54 0
    endloop
  endfacet
  facet normal 0 0 -1
    outer loop
      vertex 4957.07 3315.51 0
      vertex 4945.42 3300.33 0
      vertex 4947.92 3306.36 0
    endloop
  endfacet
  facet normal 0 0 -1
    outer loop
      vertex 4873.15 2890.52 0
      vertex 4992.31 3279.38 0
      vertex 4920.04 2869.57 0
    endloop
  endfacet
  facet normal 0 0 -1
    outer loop
      vertex 4908.39 2854.39 0
      vertex 4920.04 2869.57 0
      vertex 4917.54 2863.54 0
    endloop
  endfacet
  facet normal 0 0 -1
    outer loop
      vertex 4908.39 2854.39 0
      vertex 4917.54 2863.54 0
      vertex 4913.57 2858.36 0
    endloop
  endfacet
  facet normal -0 0 -1
    outer loop
      vertex 4920.04 2869.57 0
      vertex 4908.39 2854.39 0
      vertex 4873.15 2890.52 0
    endloop
  endfacet
  facet normal -0 0 -1
    outer loop
      vertex 4992.31 3279.38 0
      vertex 4873.15 2890.52 0
      vertex 4945.42 3300.33 0
    endloop
  endfacet
  facet normal 0 0 -1
    outer loop
      vertex 3006.01 1583.13 0
      vertex 4908.39 2854.39 0
      vertex 3024.34 1535.16 0
    endloop
  endfacet
  facet normal 0 0 -1
    outer loop
      vertex 3005.37 1532.66 0
      vertex 3024.34 1535.16 0
      vertex 3018.31 1532.66 0
    endloop
  endfacet
  facet normal 0 0 -1
    outer loop
      vertex 3005.37 1532.66 0
      vertex 3018.31 1532.66 0
      vertex 3011.84 1531.81 0
    endloop
  endfacet
  facet normal -0 0 -1
    outer loop
      vertex 4908.39 2854.39 0
      vertex 3006.01 1583.13 0
      vertex 4873.15 2890.52 0
    endloop
  endfacet
  facet normal -0 0 -1
    outer loop
      vertex 3024.34 1535.16 0
      vertex 3005.37 1532.66 0
      vertex 3006.01 1583.13 0
    endloop
  endfacet
  facet normal 0 0 -1
    outer loop
      vertex 2599.86 1604.17 0
      vertex 3006.01 1583.13 0
      vertex 3005.37 1532.66 0
    endloop
  endfacet
  facet normal 0 0 -1
    outer loop
      vertex 3006.01 1583.13 0
      vertex 2599.86 1604.17 0
      vertex 2600.5 1654.64 0
    endloop
  endfacet
  facet normal 0 0 -1
    outer loop
      vertex 2581.53 1652.14 0
      vertex 2600.5 1654.64 0
      vertex 2599.86 1604.17 0
    endloop
  endfacet
  facet normal 0 0 -1
    outer loop
      vertex 2600.5 1654.64 0
      vertex 2587.56 1654.64 0
      vertex 2594.03 1655.49 0
    endloop
  endfacet
  facet normal -0 0 -1
    outer loop
      vertex 2600.5 1654.64 0
      vertex 2581.53 1652.14 0
      vertex 2587.56 1654.64 0
    endloop
  endfacet
  facet normal 0 0 -1
    outer loop
      vertex 900.403 475 0
      vertex 2599.86 1604.17 0
      vertex 920.62 428.349 0
    endloop
  endfacet
  facet normal 0 0 -1
    outer loop
      vertex 900.403 475 0
      vertex 920.62 428.349 0
      vertex 914.59 425.852 0
    endloop
  endfacet
  facet normal 0 0 -1
    outer loop
      vertex 900.403 475 0
      vertex 914.59 425.852 0
      vertex 908.12 425 0
    endloop
  endfacet
  facet normal -0 0 -1
    outer loop
      vertex 2599.86 1604.17 0
      vertex 900.403 475 0
      vertex 2581.53 1652.14 0
    endloop
  endfacet
  facet normal 0 0 -1
    outer loop
      vertex 25 425 0
      vertex 900.403 475 0
      vertex 908.12 425 0
    endloop
  endfacet
  facet normal 0 0 -1
    outer loop
      vertex -25 425 0
      vertex 25 425 0
      vertex -25 -425 0
    endloop
  endfacet
  facet normal 0 0 -1
    outer loop
      vertex -25 425 0
      vertex 900.403 475 0
      vertex 25 425 0
    endloop
  endfacet
  facet normal 0 0 -1
    outer loop
      vertex -1200 475 0
      vertex -25 425 0
      vertex -1175 425 0
    endloop
  endfacet
  facet normal 0 0 -1
    outer loop
      vertex -25 425 0
      vertex -1200 475 0
      vertex 900.403 475 0
    endloop
  endfacet
  facet normal -0 0 -1
    outer loop
      vertex -1175 -425 0
      vertex -1225 -450 0
      vertex -1175 425 0
    endloop
  endfacet
  facet normal 0 0 -1
    outer loop
      vertex -1225 -450 0
      vertex -1200 -475 0
      vertex -1206.47 -474.148 0
    endloop
  endfacet
  facet normal 0 0 -1
    outer loop
      vertex -1225 450 0
      vertex -1175 425 0
      vertex -1225 -450 0
    endloop
  endfacet
  facet normal 0 0 -1
    outer loop
      vertex -1225 -450 0
      vertex -1206.47 -474.148 0
      vertex -1212.5 -471.651 0
    endloop
  endfacet
  facet normal 0 0 -1
    outer loop
      vertex -1175 425 0
      vertex -1225 450 0
      vertex -1200 475 0
    endloop
  endfacet
  facet normal 0 0 -1
    outer loop
      vertex -1225 -450 0
      vertex -1212.5 -471.651 0
      vertex -1217.68 -467.678 0
    endloop
  endfacet
  facet normal 0 0 -1
    outer loop
      vertex -1200 475 0
      vertex -1225 450 0
      vertex -1206.47 474.148 0
    endloop
  endfacet
  facet normal 0 0 -1
    outer loop
      vertex -1225 -450 0
      vertex -1217.68 -467.678 0
      vertex -1221.65 -462.5 0
    endloop
  endfacet
  facet normal 0 0 -1
    outer loop
      vertex -1206.47 474.148 0
      vertex -1225 450 0
      vertex -1212.5 471.651 0
    endloop
  endfacet
  facet normal 0 0 -1
    outer loop
      vertex -1225 -450 0
      vertex -1221.65 -462.5 0
      vertex -1224.15 -456.47 0
    endloop
  endfacet
  facet normal 0 0 -1
    outer loop
      vertex -1212.5 471.651 0
      vertex -1225 450 0
      vertex -1217.68 467.678 0
    endloop
  endfacet
  facet normal 0 0 -1
    outer loop
      vertex -1217.68 467.678 0
      vertex -1225 450 0
      vertex -1221.65 462.5 0
    endloop
  endfacet
  facet normal 0 0 -1
    outer loop
      vertex -1221.65 462.5 0
      vertex -1225 450 0
      vertex -1224.15 456.47 0
    endloop
  endfacet
  facet normal 0 0 -1
    outer loop
      vertex 9940.7 1617.03 0
      vertex 11316.8 2641.39 0
      vertex 11364 2613.62 0
    endloop
  endfacet
  facet normal 0 0 -1
    outer loop
      vertex 9940.7 1617.03 0
      vertex 9905.46 1653.16 0
      vertex 11316.8 2641.39 0
    endloop
  endfacet
  facet normal 0 0 -1
    outer loop
      vertex 9893.81 1637.98 0
      vertex 9905.46 1653.16 0
      vertex 9940.7 1617.03 0
    endloop
  endfacet
  facet normal 0 0 -1
    outer loop
      vertex 9905.46 1653.16 0
      vertex 9896.31 1644.01 0
      vertex 9900.28 1649.19 0
    endloop
  endfacet
  facet normal 0 0 -1
    outer loop
      vertex 9905.46 1653.16 0
      vertex 9893.81 1637.98 0
      vertex 9896.31 1644.01 0
    endloop
  endfacet
  facet normal 0 0 -1
    outer loop
      vertex 9821.55 1228.17 0
      vertex 9940.7 1617.03 0
      vertex 9868.44 1207.22 0
    endloop
  endfacet
  facet normal 0 0 -1
    outer loop
      vertex 9856.79 1192.04 0
      vertex 9868.44 1207.22 0
      vertex 9865.94 1201.19 0
    endloop
  endfacet
  facet normal 0 0 -1
    outer loop
      vertex 9856.79 1192.04 0
      vertex 9865.94 1201.19 0
      vertex 9861.97 1196.01 0
    endloop
  endfacet
  facet normal -0 0 -1
    outer loop
      vertex 9868.44 1207.22 0
      vertex 9856.79 1192.04 0
      vertex 9821.55 1228.17 0
    endloop
  endfacet
  facet normal -0 0 -1
    outer loop
      vertex 9940.7 1617.03 0
      vertex 9821.55 1228.17 0
      vertex 9893.81 1637.98 0
    endloop
  endfacet
  facet normal 0 0 -1
    outer loop
      vertex 8732.6 465.678 0
      vertex 9856.79 1192.04 0
      vertex 8750.93 417.709 0
    endloop
  endfacet
  facet normal 0 0 -1
    outer loop
      vertex 8731.96 415.212 0
      vertex 8750.93 417.709 0
      vertex 8744.9 415.212 0
    endloop
  endfacet
  facet normal 0 0 -1
    outer loop
      vertex 8731.96 415.212 0
      vertex 8744.9 415.212 0
      vertex 8738.43 414.36 0
    endloop
  endfacet
  facet normal -0 0 -1
    outer loop
      vertex 9856.79 1192.04 0
      vertex 8732.6 465.678 0
      vertex 9821.55 1228.17 0
    endloop
  endfacet
  facet normal -0 0 -1
    outer loop
      vertex 8750.93 417.709 0
      vertex 8731.96 415.212 0
      vertex 8732.6 465.678 0
    endloop
  endfacet
  facet normal 0 0 -1
    outer loop
      vertex 8326.44 486.712 0
      vertex 8732.6 465.678 0
      vertex 8731.96 415.212 0
    endloop
  endfacet
  facet normal 0 0 -1
    outer loop
      vertex 8732.6 465.678 0
      vertex 8326.44 486.712 0
      vertex 8327.08 537.178 0
    endloop
  endfacet
  facet normal 0 0 -1
    outer loop
      vertex 8308.11 534.681 0
      vertex 8327.08 537.178 0
      vertex 8326.44 486.712 0
    endloop
  endfacet
  facet normal 0 0 -1
    outer loop
      vertex 8327.08 537.178 0
      vertex 8314.14 537.178 0
      vertex 8320.61 538.03 0
    endloop
  endfacet
  facet normal -0 0 -1
    outer loop
      vertex 8327.08 537.178 0
      vertex 8308.11 534.681 0
      vertex 8314.14 537.178 0
    endloop
  endfacet
  facet normal 0 0 -1
    outer loop
      vertex 7138.96 -283.964 0
      vertex 8326.44 486.712 0
      vertex 7145.34 -340.301 0
    endloop
  endfacet
  facet normal 0 0 -1
    outer loop
      vertex 7111.19 -331.15 0
      vertex 7145.34 -340.301 0
      vertex 7139.31 -342.798 0
    endloop
  endfacet
  facet normal -0 0 -1
    outer loop
      vertex 8326.44 486.712 0
      vertex 7138.96 -283.964 0
      vertex 8308.11 534.681 0
    endloop
  endfacet
  facet normal 0 0 -1
    outer loop
      vertex 7111.19 -331.15 0
      vertex 7139.31 -342.798 0
      vertex 7132.84 -343.65 0
    endloop
  endfacet
  facet normal 0 0 -1
    outer loop
      vertex 7111.19 -331.15 0
      vertex 7132.84 -343.65 0
      vertex 7126.37 -342.798 0
    endloop
  endfacet
  facet normal 0 0 -1
    outer loop
      vertex 7111.19 -331.15 0
      vertex 7126.37 -342.798 0
      vertex 7120.34 -340.301 0
    endloop
  endfacet
  facet normal 0 0 -1
    outer loop
      vertex 7111.19 -331.15 0
      vertex 7120.34 -340.301 0
      vertex 7115.16 -336.328 0
    endloop
  endfacet
  facet normal 0 0 -1
    outer loop
      vertex 7145.34 -340.301 0
      vertex 7111.19 -331.15 0
      vertex 7138.96 -283.964 0
    endloop
  endfacet
  facet normal 0 0 -1
    outer loop
      vertex 6438.43 629.644 0
      vertex 7138.96 -283.964 0
      vertex 7111.19 -331.15 0
    endloop
  endfacet
  facet normal 0 0 -1
    outer loop
      vertex 7138.96 -283.964 0
      vertex 6438.43 629.644 0
      vertex 6466.2 676.83 0
    endloop
  endfacet
  facet normal 0 0 -1
    outer loop
      vertex 6432.05 685.981 0
      vertex 6466.2 676.83 0
      vertex 6438.43 629.644 0
    endloop
  endfacet
  facet normal 0 0 -1
    outer loop
      vertex 6466.2 676.83 0
      vertex 6432.05 685.981 0
      vertex 6462.23 682.008 0
    endloop
  endfacet
  facet normal 0 0 -1
    outer loop
      vertex 6462.23 682.008 0
      vertex 6432.05 685.981 0
      vertex 6457.05 685.981 0
    endloop
  endfacet
  facet normal 0 0 -1
    outer loop
      vertex 6457.05 685.981 0
      vertex 6432.05 685.981 0
      vertex 6451.02 688.478 0
    endloop
  endfacet
  facet normal -0 0 -1
    outer loop
      vertex 6451.02 688.478 0
      vertex 6432.05 685.981 0
      vertex 6444.55 689.33 0
    endloop
  endfacet
  facet normal 0 0 -1
    outer loop
      vertex 6444.55 689.33 0
      vertex 6432.05 685.981 0
      vertex 6438.08 688.478 0
    endloop
  endfacet
  facet normal 0 0 -1
    outer loop
      vertex 4360.15 -764.78 0
      vertex 6438.43 629.644 0
      vertex 4379.51 -812.031 0
    endloop
  endfacet
  facet normal 0 0 -1
    outer loop
      vertex 4360.15 -764.78 0
      vertex 4379.51 -812.031 0
      vertex 4373.48 -814.528 0
    endloop
  endfacet
  facet normal 0 0 -1
    outer loop
      vertex 4360.15 -764.78 0
      vertex 4373.48 -814.528 0
      vertex 4367.01 -815.38 0
    endloop
  endfacet
  facet normal -0 0 -1
    outer loop
      vertex 6438.43 629.644 0
      vertex 4360.15 -764.78 0
      vertex 6432.05 685.981 0
    endloop
  endfacet
  facet normal 0 0 -1
    outer loop
      vertex 3456.99 -735.771 0
      vertex 4360.15 -764.78 0
      vertex 4367.01 -815.38 0
    endloop
  endfacet
  facet normal 0 0 -1
    outer loop
      vertex 3456.99 -735.771 0
      vertex 3434.35 -683.79 0
      vertex 4360.15 -764.78 0
    endloop
  endfacet
  facet normal 0 0 -1
    outer loop
      vertex 3456.99 -735.771 0
      vertex 3407.37 -731.429 0
      vertex 3434.35 -683.79 0
    endloop
  endfacet
  facet normal 0 0 -1
    outer loop
      vertex 3382.89 -1582.72 0
      vertex 3407.37 -731.429 0
      vertex 3456.99 -735.771 0
    endloop
  endfacet
  facet normal 0 0 -1
    outer loop
      vertex 3333.27 -1578.38 0
      vertex 3382.89 -1582.72 0
      vertex 3355.91 -1630.36 0
    endloop
  endfacet
  facet normal 0 0 -1
    outer loop
      vertex 3382.89 -1582.72 0
      vertex 3333.27 -1578.38 0
      vertex 3407.37 -731.429 0
    endloop
  endfacet
  facet normal 0 0 -1
    outer loop
      vertex 2160.48 -1525.78 0
      vertex 3333.27 -1578.38 0
      vertex 3355.91 -1630.36 0
    endloop
  endfacet
  facet normal 0 0 -1
    outer loop
      vertex 3333.27 -1578.38 0
      vertex 2160.48 -1525.78 0
      vertex 2187.46 -1478.14 0
    endloop
  endfacet
  facet normal 0 0 -1
    outer loop
      vertex 11375.6 2628.8 0
      vertex 11375.6 2641.74 0
      vertex 11376.5 2635.27 0
    endloop
  endfacet
  facet normal 0 0 -1
    outer loop
      vertex 11373.1 2622.77 0
      vertex 11375.6 2641.74 0
      vertex 11375.6 2628.8 0
    endloop
  endfacet
  facet normal 0 0 -1
    outer loop
      vertex 11373.1 2622.77 0
      vertex 11373.1 2647.77 0
      vertex 11375.6 2641.74 0
    endloop
  endfacet
  facet normal 0 0 -1
    outer loop
      vertex 11369.1 2617.59 0
      vertex 11373.1 2647.77 0
      vertex 11373.1 2622.77 0
    endloop
  endfacet
  facet normal 0 0 -1
    outer loop
      vertex 11364 2613.62 0
      vertex 11373.1 2647.77 0
      vertex 11369.1 2617.59 0
    endloop
  endfacet
  facet normal 0 0 -1
    outer loop
      vertex 11316.8 2641.39 0
      vertex 11373.1 2647.77 0
      vertex 11364 2613.62 0
    endloop
  endfacet
  facet normal 0 0 -1
    outer loop
      vertex 11316.8 2641.39 0
      vertex 10885.6 3344.04 0
      vertex 11373.1 2647.77 0
    endloop
  endfacet
  facet normal 0 0 -1
    outer loop
      vertex 10842.3 3319.04 0
      vertex 10885.6 3344.04 0
      vertex 11316.8 2641.39 0
    endloop
  endfacet
  facet normal 0 0 -1
    outer loop
      vertex 10842.3 3319.04 0
      vertex 9939.18 4695.65 0
      vertex 10885.6 3344.04 0
    endloop
  endfacet
  facet normal 0 0 -1
    outer loop
      vertex 9895.88 4670.65 0
      vertex 9939.18 4695.65 0
      vertex 10842.3 3319.04 0
    endloop
  endfacet
  facet normal 0 0 -1
    outer loop
      vertex 9452.55 5303.78 0
      vertex 9939.18 4695.65 0
      vertex 9895.88 4670.65 0
    endloop
  endfacet
  facet normal 0 0 -1
    outer loop
      vertex 9939.18 4695.65 0
      vertex 9452.55 5303.78 0
      vertex 9480.32 5350.97 0
    endloop
  endfacet
  facet normal 0 0 -1
    outer loop
      vertex 9446.17 5360.12 0
      vertex 9480.32 5350.97 0
      vertex 9452.55 5303.78 0
    endloop
  endfacet
  facet normal 0 0 -1
    outer loop
      vertex 9480.32 5350.97 0
      vertex 9446.17 5360.12 0
      vertex 9476.35 5356.15 0
    endloop
  endfacet
  facet normal 0 0 -1
    outer loop
      vertex 9476.35 5356.15 0
      vertex 9446.17 5360.12 0
      vertex 9471.17 5360.12 0
    endloop
  endfacet
  facet normal 0 0 -1
    outer loop
      vertex 9471.17 5360.12 0
      vertex 9446.17 5360.12 0
      vertex 9465.14 5362.62 0
    endloop
  endfacet
  facet normal -0 0 -1
    outer loop
      vertex 9465.14 5362.62 0
      vertex 9446.17 5360.12 0
      vertex 9458.67 5363.47 0
    endloop
  endfacet
  facet normal 0 0 -1
    outer loop
      vertex 9458.67 5363.47 0
      vertex 9446.17 5360.12 0
      vertex 9452.2 5362.62 0
    endloop
  endfacet
  facet normal 0 0 -1
    outer loop
      vertex 8306.03 4561.78 0
      vertex 9452.55 5303.78 0
      vertex 8324.36 4513.81 0
    endloop
  endfacet
  facet normal 0 0 -1
    outer loop
      vertex 8305.39 4511.31 0
      vertex 8324.36 4513.81 0
      vertex 8318.33 4511.31 0
    endloop
  endfacet
  facet normal 0 0 -1
    outer loop
      vertex 8305.39 4511.31 0
      vertex 8318.33 4511.31 0
      vertex 8311.86 4510.46 0
    endloop
  endfacet
  facet normal -0 0 -1
    outer loop
      vertex 9452.55 5303.78 0
      vertex 8306.03 4561.78 0
      vertex 9446.17 5360.12 0
    endloop
  endfacet
  facet normal -0 0 -1
    outer loop
      vertex 8324.36 4513.81 0
      vertex 8305.39 4511.31 0
      vertex 8306.03 4561.78 0
    endloop
  endfacet
  facet normal 0 0 -1
    outer loop
      vertex 8108.78 4545.98 0
      vertex 8306.03 4561.78 0
      vertex 8305.39 4511.31 0
    endloop
  endfacet
  facet normal -0 0 -1
    outer loop
      vertex 8306.03 4561.78 0
      vertex 8108.78 4545.98 0
      vertex 8109.42 4596.45 0
    endloop
  endfacet
  facet normal 0 0 -1
    outer loop
      vertex 8108.78 4545.98 0
      vertex 8102.95 4597.3 0
      vertex 8109.42 4596.45 0
    endloop
  endfacet
  facet normal 0 0 -1
    outer loop
      vertex 8108.78 4545.98 0
      vertex 8096.48 4596.45 0
      vertex 8102.95 4597.3 0
    endloop
  endfacet
  facet normal 0 0 -1
    outer loop
      vertex 8108.78 4545.98 0
      vertex 8090.45 4593.95 0
      vertex 8096.48 4596.45 0
    endloop
  endfacet
  facet normal 0 0 -1
    outer loop
      vertex 6452.15 3446.79 0
      vertex 8108.78 4545.98 0
      vertex 6487.39 3410.66 0
    endloop
  endfacet
  facet normal -0 0 -1
    outer loop
      vertex 8108.78 4545.98 0
      vertex 6452.15 3446.79 0
      vertex 8090.45 4593.95 0
    endloop
  endfacet
  facet normal 0 0 -1
    outer loop
      vertex 6405.08 3230.71 0
      vertex 6487.39 3410.66 0
      vertex 6451.96 3209.76 0
    endloop
  endfacet
  facet normal 0 0 -1
    outer loop
      vertex 6440.31 3194.58 0
      vertex 6451.96 3209.76 0
      vertex 6449.46 3203.73 0
    endloop
  endfacet
  facet normal 0 0 -1
    outer loop
      vertex 6487.39 3410.66 0
      vertex 6440.5 3431.61 0
      vertex 6452.15 3446.79 0
    endloop
  endfacet
  facet normal 0 0 -1
    outer loop
      vertex 6440.31 3194.58 0
      vertex 6449.46 3203.73 0
      vertex 6445.49 3198.55 0
    endloop
  endfacet
  facet normal 0 0 -1
    outer loop
      vertex 6452.15 3446.79 0
      vertex 6440.5 3431.61 0
      vertex 6446.97 3442.82 0
    endloop
  endfacet
  facet normal 0 0 -1
    outer loop
      vertex 6446.97 3442.82 0
      vertex 6440.5 3431.61 0
      vertex 6443 3437.64 0
    endloop
  endfacet
  facet normal -0 0 -1
    outer loop
      vertex 6451.96 3209.76 0
      vertex 6440.31 3194.58 0
      vertex 6405.08 3230.71 0
    endloop
  endfacet
  facet normal -0 0 -1
    outer loop
      vertex 6487.39 3410.66 0
      vertex 6405.08 3230.71 0
      vertex 6440.5 3431.61 0
    endloop
  endfacet
  facet normal 0 0 -1
    outer loop
      vertex 5498.28 2534.97 0
      vertex 6405.08 3230.71 0
      vertex 6440.31 3194.58 0
    endloop
  endfacet
  facet normal 0 0 -1
    outer loop
      vertex 5498.28 2534.97 0
      vertex 5473.28 2578.27 0
      vertex 6405.08 3230.71 0
    endloop
  endfacet
  facet normal 0 0 -1
    outer loop
      vertex 5227.54 2406.2 0
      vertex 5498.28 2534.97 0
      vertex 5252.54 2362.9 0
    endloop
  endfacet
  facet normal -0 0 -1
    outer loop
      vertex 5498.28 2534.97 0
      vertex 5227.54 2406.2 0
      vertex 5473.28 2578.27 0
    endloop
  endfacet
  facet normal 0 0 -1
    outer loop
      vertex 3343.49 1086.97 0
      vertex 5252.54 2362.9 0
      vertex 3368.49 1043.67 0
    endloop
  endfacet
  facet normal -0 0 -1
    outer loop
      vertex 5252.54 2362.9 0
      vertex 3343.49 1086.97 0
      vertex 5227.54 2406.2 0
    endloop
  endfacet
  facet normal 0 0 -1
    outer loop
      vertex 3097.74 914.901 0
      vertex 3368.49 1043.67 0
      vertex 3122.74 871.599 0
    endloop
  endfacet
  facet normal -0 0 -1
    outer loop
      vertex 3368.49 1043.67 0
      vertex 3097.74 914.901 0
      vertex 3343.49 1086.97 0
    endloop
  endfacet
  facet normal 0 0 -1
    outer loop
      vertex 1184.16 -425 0
      vertex 3122.74 871.599 0
      vertex 1204.38 -471.651 0
    endloop
  endfacet
  facet normal 0 0 -1
    outer loop
      vertex 1184.16 -425 0
      vertex 1204.38 -471.651 0
      vertex 1198.35 -474.148 0
    endloop
  endfacet
  facet normal 0 0 -1
    outer loop
      vertex 1184.16 -425 0
      vertex 1198.35 -474.148 0
      vertex 1191.88 -475 0
    endloop
  endfacet
  facet normal -0 0 -1
    outer loop
      vertex 3122.74 871.599 0
      vertex 1184.16 -425 0
      vertex 3097.74 914.901 0
    endloop
  endfacet
  facet normal 0 0 -1
    outer loop
      vertex 1191.88 -475 0
      vertex 25 -425 0
      vertex 1184.16 -425 0
    endloop
  endfacet
  facet normal 0 0 -1
    outer loop
      vertex 25 -425 0
      vertex -25 -425 0
      vertex 25 425 0
    endloop
  endfacet
  facet normal 0 0 -1
    outer loop
      vertex 1191.88 -475 0
      vertex -25 -425 0
      vertex 25 -425 0
    endloop
  endfacet
  facet normal 0 0 -1
    outer loop
      vertex -1200 -475 0
      vertex -25 -425 0
      vertex 1191.88 -475 0
    endloop
  endfacet
  facet normal 0 0 -1
    outer loop
      vertex -1225 -450 0
      vertex -1175 -425 0
      vertex -1200 -475 0
    endloop
  endfacet
  facet normal -0 0 -1
    outer loop
      vertex -25 -425 0
      vertex -1200 -475 0
      vertex -1175 -425 0
    endloop
  endfacet
  facet normal 0 0 -1
    outer loop
      vertex 2261.56 -631.181 0
      vertex 3434.35 -683.79 0
      vertex 3407.37 -731.429 0
    endloop
  endfacet
  facet normal 0 0 -1
    outer loop
      vertex 2261.56 -631.181 0
      vertex 2238.92 -579.2 0
      vertex 3434.35 -683.79 0
    endloop
  endfacet
  facet normal 0 0 -1
    outer loop
      vertex 2213.92 -604.2 0
      vertex 2238.92 -579.2 0
      vertex 2261.56 -631.181 0
    endloop
  endfacet
  facet normal 0 0 -1
    outer loop
      vertex 2238.92 -579.2 0
      vertex 2213.92 -604.2 0
      vertex 2232.45 -580.052 0
    endloop
  endfacet
  facet normal 0 0 -1
    outer loop
      vertex 2232.45 -580.052 0
      vertex 2213.92 -604.2 0
      vertex 2226.42 -582.549 0
    endloop
  endfacet
  facet normal 0 0 -1
    outer loop
      vertex 2226.42 -582.549 0
      vertex 2213.92 -604.2 0
      vertex 2221.24 -586.522 0
    endloop
  endfacet
  facet normal 0 0 -1
    outer loop
      vertex 2221.24 -586.522 0
      vertex 2213.92 -604.2 0
      vertex 2217.27 -591.7 0
    endloop
  endfacet
  facet normal 0 0 -1
    outer loop
      vertex 2217.27 -591.7 0
      vertex 2213.92 -604.2 0
      vertex 2214.77 -597.73 0
    endloop
  endfacet
  facet normal 0 0 -1
    outer loop
      vertex 2187.46 -1478.14 0
      vertex 2213.92 -604.2 0
      vertex 2261.56 -631.181 0
    endloop
  endfacet
  facet normal 0 0 -1
    outer loop
      vertex 2135.48 -1500.78 0
      vertex 2187.46 -1478.14 0
      vertex 2160.48 -1525.78 0
    endloop
  endfacet
  facet normal 0 0 -1
    outer loop
      vertex 2135.48 -1500.78 0
      vertex 2160.48 -1525.78 0
      vertex 2154.01 -1524.93 0
    endloop
  endfacet
  facet normal 0 0 -1
    outer loop
      vertex 2135.48 -1500.78 0
      vertex 2154.01 -1524.93 0
      vertex 2147.98 -1522.43 0
    endloop
  endfacet
  facet normal 0 0 -1
    outer loop
      vertex 2135.48 -1500.78 0
      vertex 2147.98 -1522.43 0
      vertex 2142.8 -1518.46 0
    endloop
  endfacet
  facet normal 0 0 -1
    outer loop
      vertex 2135.48 -1500.78 0
      vertex 2142.8 -1518.46 0
      vertex 2138.83 -1513.28 0
    endloop
  endfacet
  facet normal 0 0 -1
    outer loop
      vertex 2135.48 -1500.78 0
      vertex 2138.83 -1513.28 0
      vertex 2136.33 -1507.25 0
    endloop
  endfacet
  facet normal -0 0 -1
    outer loop
      vertex 2187.46 -1478.14 0
      vertex 2135.48 -1500.78 0
      vertex 2213.92 -604.2 0
    endloop
  endfacet
  facet normal -0.573577 0.819152 0
    outer loop
      vertex 2581.53 1652.14 0
      vertex 900.403 475 2
      vertex 2581.53 1652.14 2
    endloop
  endfacet
  facet normal -0.573577 0.819152 0
    outer loop
      vertex 900.403 475 2
      vertex 2581.53 1652.14 0
      vertex 900.403 475 0
    endloop
  endfacet
  facet normal 0.130256 0.99148 -0
    outer loop
      vertex 2600.5 1654.64 0
      vertex 2594.03 1655.49 2
      vertex 2600.5 1654.64 2
    endloop
  endfacet
  facet normal 0.130256 0.99148 0
    outer loop
      vertex 2594.03 1655.49 2
      vertex 2600.5 1654.64 0
      vertex 2594.03 1655.49 0
    endloop
  endfacet
  facet normal -0.130256 0.99148 0
    outer loop
      vertex 2594.03 1655.49 0
      vertex 2587.56 1654.64 2
      vertex 2594.03 1655.49 2
    endloop
  endfacet
  facet normal -0.130256 0.99148 0
    outer loop
      vertex 2587.56 1654.64 2
      vertex 2594.03 1655.49 0
      vertex 2587.56 1654.64 0
    endloop
  endfacet
  facet normal 0.573578 -0.819151 0
    outer loop
      vertex 920.62 428.349 0
      vertex 2599.86 1604.17 2
      vertex 920.62 428.349 2
    endloop
  endfacet
  facet normal 0.573578 -0.819151 0
    outer loop
      vertex 2599.86 1604.17 2
      vertex 920.62 428.349 0
      vertex 2599.86 1604.17 0
    endloop
  endfacet
  facet normal -0.382983 0.923755 0
    outer loop
      vertex 2587.56 1654.64 0
      vertex 2581.53 1652.14 2
      vertex 2587.56 1654.64 2
    endloop
  endfacet
  facet normal -0.382983 0.923755 0
    outer loop
      vertex 2581.53 1652.14 2
      vertex 2587.56 1654.64 0
      vertex 2581.53 1652.14 0
    endloop
  endfacet
  facet normal 0.173666 0.984805 -0
    outer loop
      vertex 3006.01 1583.13 0
      vertex 2600.5 1654.64 2
      vertex 3006.01 1583.13 2
    endloop
  endfacet
  facet normal 0.173666 0.984805 0
    outer loop
      vertex 2600.5 1654.64 2
      vertex 3006.01 1583.13 0
      vertex 2600.5 1654.64 0
    endloop
  endfacet
  facet normal -0.173666 -0.984805 0
    outer loop
      vertex 2599.86 1604.17 0
      vertex 3005.37 1532.66 2
      vertex 2599.86 1604.17 2
    endloop
  endfacet
  facet normal -0.173666 -0.984805 -0
    outer loop
      vertex 3005.37 1532.66 2
      vertex 2599.86 1604.17 0
      vertex 3005.37 1532.66 0
    endloop
  endfacet
  facet normal 0.130256 -0.99148 0
    outer loop
      vertex 3011.84 1531.81 0
      vertex 3018.31 1532.66 2
      vertex 3011.84 1531.81 2
    endloop
  endfacet
  facet normal 0.130256 -0.99148 0
    outer loop
      vertex 3018.31 1532.66 2
      vertex 3011.84 1531.81 0
      vertex 3018.31 1532.66 0
    endloop
  endfacet
  facet normal 0.382983 -0.923755 0
    outer loop
      vertex 3018.31 1532.66 0
      vertex 3024.34 1535.16 2
      vertex 3018.31 1532.66 2
    endloop
  endfacet
  facet normal 0.382983 -0.923755 0
    outer loop
      vertex 3024.34 1535.16 2
      vertex 3018.31 1532.66 0
      vertex 3024.34 1535.16 0
    endloop
  endfacet
  facet normal -0.130256 -0.99148 0
    outer loop
      vertex 3005.37 1532.66 0
      vertex 3011.84 1531.81 2
      vertex 3005.37 1532.66 2
    endloop
  endfacet
  facet normal -0.130256 -0.99148 -0
    outer loop
      vertex 3011.84 1531.81 2
      vertex 3005.37 1532.66 0
      vertex 3011.84 1531.81 0
    endloop
  endfacet
  facet normal 0.573578 -0.819151 0
    outer loop
      vertex 3024.34 1535.16 0
      vertex 4908.39 2854.39 2
      vertex 3024.34 1535.16 2
    endloop
  endfacet
  facet normal 0.573578 -0.819151 0
    outer loop
      vertex 4908.39 2854.39 2
      vertex 3024.34 1535.16 0
      vertex 4908.39 2854.39 0
    endloop
  endfacet
  facet normal -0.573578 0.819151 0
    outer loop
      vertex 4873.15 2890.52 0
      vertex 3006.01 1583.13 2
      vertex 4873.15 2890.52 2
    endloop
  endfacet
  facet normal -0.573578 0.819151 0
    outer loop
      vertex 3006.01 1583.13 2
      vertex 4873.15 2890.52 0
      vertex 3006.01 1583.13 0
    endloop
  endfacet
  facet normal 0.608303 -0.793705 0
    outer loop
      vertex 4908.39 2854.39 0
      vertex 4913.57 2858.36 2
      vertex 4908.39 2854.39 2
    endloop
  endfacet
  facet normal 0.608303 -0.793705 0
    outer loop
      vertex 4913.57 2858.36 2
      vertex 4908.39 2854.39 0
      vertex 4913.57 2858.36 0
    endloop
  endfacet
  facet normal 0.923755 -0.382983 0
    outer loop
      vertex 4917.54 2863.54 2
      vertex 4920.04 2869.57 0
      vertex 4920.04 2869.57 2
    endloop
  endfacet
  facet normal 0.923755 -0.382983 0
    outer loop
      vertex 4920.04 2869.57 0
      vertex 4917.54 2863.54 2
      vertex 4917.54 2863.54 0
    endloop
  endfacet
  facet normal 0.793705 -0.608303 0
    outer loop
      vertex 4913.57 2858.36 2
      vertex 4917.54 2863.54 0
      vertex 4917.54 2863.54 2
    endloop
  endfacet
  facet normal 0.793705 -0.608303 0
    outer loop
      vertex 4917.54 2863.54 0
      vertex 4913.57 2858.36 2
      vertex 4913.57 2858.36 0
    endloop
  endfacet
  facet normal -0.608303 0.793705 0
    outer loop
      vertex 4957.07 3315.51 0
      vertex 4951.89 3311.54 2
      vertex 4957.07 3315.51 2
    endloop
  endfacet
  facet normal -0.608303 0.793705 0
    outer loop
      vertex 4951.89 3311.54 2
      vertex 4957.07 3315.51 0
      vertex 4951.89 3311.54 0
    endloop
  endfacet
  facet normal -0.984804 0.17367 0
    outer loop
      vertex 4873.15 2890.52 0
      vertex 4945.42 3300.33 2
      vertex 4945.42 3300.33 0
    endloop
  endfacet
  facet normal -0.984804 0.17367 0
    outer loop
      vertex 4945.42 3300.33 2
      vertex 4873.15 2890.52 0
      vertex 4873.15 2890.52 2
    endloop
  endfacet
  facet normal 0.984804 -0.17367 0
    outer loop
      vertex 4920.04 2869.57 2
      vertex 4992.31 3279.38 0
      vertex 4992.31 3279.38 2
    endloop
  endfacet
  facet normal 0.984804 -0.17367 0
    outer loop
      vertex 4992.31 3279.38 0
      vertex 4920.04 2869.57 2
      vertex 4920.04 2869.57 0
    endloop
  endfacet
  facet normal -0.923755 0.382983 0
    outer loop
      vertex 4945.42 3300.33 0
      vertex 4947.92 3306.36 2
      vertex 4947.92 3306.36 0
    endloop
  endfacet
  facet normal -0.923755 0.382983 0
    outer loop
      vertex 4947.92 3306.36 2
      vertex 4945.42 3300.33 0
      vertex 4945.42 3300.33 2
    endloop
  endfacet
  facet normal -0.793705 0.608303 0
    outer loop
      vertex 4947.92 3306.36 0
      vertex 4951.89 3311.54 2
      vertex 4951.89 3311.54 0
    endloop
  endfacet
  facet normal -0.793705 0.608303 0
    outer loop
      vertex 4951.89 3311.54 2
      vertex 4947.92 3306.36 0
      vertex 4947.92 3306.36 2
    endloop
  endfacet
  facet normal -0.573577 0.819152 0
    outer loop
      vertex 5899.09 3975.12 0
      vertex 4957.07 3315.51 2
      vertex 5899.09 3975.12 2
    endloop
  endfacet
  facet normal -0.573577 0.819152 0
    outer loop
      vertex 4957.07 3315.51 2
      vertex 5899.09 3975.12 0
      vertex 4957.07 3315.51 0
    endloop
  endfacet
  facet normal 0.573577 -0.819152 0
    outer loop
      vertex 4992.31 3279.38 0
      vertex 5917.42 3927.15 2
      vertex 4992.31 3279.38 2
    endloop
  endfacet
  facet normal 0.573577 -0.819152 0
    outer loop
      vertex 5917.42 3927.15 2
      vertex 4992.31 3279.38 0
      vertex 5917.42 3927.15 0
    endloop
  endfacet
  facet normal -0.382983 0.923755 0
    outer loop
      vertex 5905.12 3977.62 0
      vertex 5899.09 3975.12 2
      vertex 5905.12 3977.62 2
    endloop
  endfacet
  facet normal -0.382983 0.923755 0
    outer loop
      vertex 5899.09 3975.12 2
      vertex 5905.12 3977.62 0
      vertex 5899.09 3975.12 0
    endloop
  endfacet
  facet normal 0.130256 0.99148 -0
    outer loop
      vertex 5918.06 3977.62 0
      vertex 5911.59 3978.47 2
      vertex 5918.06 3977.62 2
    endloop
  endfacet
  facet normal 0.130256 0.99148 0
    outer loop
      vertex 5911.59 3978.47 2
      vertex 5918.06 3977.62 0
      vertex 5911.59 3978.47 0
    endloop
  endfacet
  facet normal -0.130256 0.99148 0
    outer loop
      vertex 5911.59 3978.47 0
      vertex 5905.12 3977.62 2
      vertex 5911.59 3978.47 2
    endloop
  endfacet
  facet normal -0.130256 0.99148 0
    outer loop
      vertex 5905.12 3977.62 2
      vertex 5911.59 3978.47 0
      vertex 5905.12 3977.62 0
    endloop
  endfacet
  facet normal 0.382983 -0.923755 0
    outer loop
      vertex 6126.97 3892.48 0
      vertex 6133 3894.98 2
      vertex 6126.97 3892.48 2
    endloop
  endfacet
  facet normal 0.382983 -0.923755 0
    outer loop
      vertex 6133 3894.98 2
      vertex 6126.97 3892.48 0
      vertex 6133 3894.98 0
    endloop
  endfacet
  facet normal 0.17366 0.984806 -0
    outer loop
      vertex 6114.67 3942.95 0
      vertex 5918.06 3977.62 2
      vertex 6114.67 3942.95 2
    endloop
  endfacet
  facet normal 0.17366 0.984806 0
    outer loop
      vertex 5918.06 3977.62 2
      vertex 6114.67 3942.95 0
      vertex 5918.06 3977.62 0
    endloop
  endfacet
  facet normal -0.17366 -0.984806 0
    outer loop
      vertex 5917.42 3927.15 0
      vertex 6114.03 3892.48 2
      vertex 5917.42 3927.15 2
    endloop
  endfacet
  facet normal -0.17366 -0.984806 -0
    outer loop
      vertex 6114.03 3892.48 2
      vertex 5917.42 3927.15 0
      vertex 6114.03 3892.48 0
    endloop
  endfacet
  facet normal -0.130256 -0.99148 0
    outer loop
      vertex 6114.03 3892.48 0
      vertex 6120.5 3891.63 2
      vertex 6114.03 3892.48 2
    endloop
  endfacet
  facet normal -0.130256 -0.99148 -0
    outer loop
      vertex 6120.5 3891.63 2
      vertex 6114.03 3892.48 0
      vertex 6120.5 3891.63 0
    endloop
  endfacet
  facet normal 0.130256 -0.99148 0
    outer loop
      vertex 6120.5 3891.63 0
      vertex 6126.97 3892.48 2
      vertex 6120.5 3891.63 2
    endloop
  endfacet
  facet normal 0.130256 -0.99148 0
    outer loop
      vertex 6126.97 3892.48 2
      vertex 6120.5 3891.63 0
      vertex 6126.97 3892.48 0
    endloop
  endfacet
  facet normal 0.793705 -0.608303 0
    outer loop
      vertex 7776.48 5046.11 2
      vertex 7780.45 5051.29 0
      vertex 7780.45 5051.29 2
    endloop
  endfacet
  facet normal 0.793705 -0.608303 0
    outer loop
      vertex 7780.45 5051.29 0
      vertex 7776.48 5046.11 2
      vertex 7776.48 5046.11 0
    endloop
  endfacet
  facet normal 0.57358 -0.81915 0
    outer loop
      vertex 6133 3894.98 0
      vertex 7771.3 5042.14 2
      vertex 6133 3894.98 2
    endloop
  endfacet
  facet normal 0.57358 -0.81915 0
    outer loop
      vertex 7771.3 5042.14 2
      vertex 6133 3894.98 0
      vertex 7771.3 5042.14 0
    endloop
  endfacet
  facet normal -0.57358 0.81915 0
    outer loop
      vertex 7736.06 5078.27 0
      vertex 6114.67 3942.95 2
      vertex 7736.06 5078.27 2
    endloop
  endfacet
  facet normal -0.57358 0.81915 0
    outer loop
      vertex 6114.67 3942.95 2
      vertex 7736.06 5078.27 0
      vertex 6114.67 3942.95 0
    endloop
  endfacet
  facet normal 0.608303 -0.793705 0
    outer loop
      vertex 7771.3 5042.14 0
      vertex 7776.48 5046.11 2
      vertex 7771.3 5042.14 2
    endloop
  endfacet
  facet normal 0.608303 -0.793705 0
    outer loop
      vertex 7776.48 5046.11 2
      vertex 7771.3 5042.14 0
      vertex 7776.48 5046.11 0
    endloop
  endfacet
  facet normal 0.923755 -0.382983 0
    outer loop
      vertex 7780.45 5051.29 2
      vertex 7782.95 5057.32 0
      vertex 7782.95 5057.32 2
    endloop
  endfacet
  facet normal 0.923755 -0.382983 0
    outer loop
      vertex 7782.95 5057.32 0
      vertex 7780.45 5051.29 2
      vertex 7780.45 5051.29 0
    endloop
  endfacet
  facet normal -0.923755 0.382983 0
    outer loop
      vertex 7771.49 5279.17 0
      vertex 7773.99 5285.2 2
      vertex 7773.99 5285.2 0
    endloop
  endfacet
  facet normal -0.923755 0.382983 0
    outer loop
      vertex 7773.99 5285.2 2
      vertex 7771.49 5279.17 0
      vertex 7771.49 5279.17 2
    endloop
  endfacet
  facet normal 0.984803 -0.173676 0
    outer loop
      vertex 7782.95 5057.32 2
      vertex 7818.38 5258.22 0
      vertex 7818.38 5258.22 2
    endloop
  endfacet
  facet normal 0.984803 -0.173676 0
    outer loop
      vertex 7818.38 5258.22 0
      vertex 7782.95 5057.32 2
      vertex 7782.95 5057.32 0
    endloop
  endfacet
  facet normal -0.984803 0.173676 0
    outer loop
      vertex 7736.06 5078.27 0
      vertex 7771.49 5279.17 2
      vertex 7771.49 5279.17 0
    endloop
  endfacet
  facet normal -0.984803 0.173676 0
    outer loop
      vertex 7771.49 5279.17 2
      vertex 7736.06 5078.27 0
      vertex 7736.06 5078.27 2
    endloop
  endfacet
  facet normal -0.793705 0.608303 0
    outer loop
      vertex 7773.99 5285.2 0
      vertex 7777.96 5290.38 2
      vertex 7777.96 5290.38 0
    endloop
  endfacet
  facet normal -0.793705 0.608303 0
    outer loop
      vertex 7777.96 5290.38 2
      vertex 7773.99 5285.2 0
      vertex 7773.99 5285.2 2
    endloop
  endfacet
  facet normal -0.608303 0.793705 0
    outer loop
      vertex 7783.14 5294.35 0
      vertex 7777.96 5290.38 2
      vertex 7783.14 5294.35 2
    endloop
  endfacet
  facet normal -0.608303 0.793705 0
    outer loop
      vertex 7777.96 5290.38 2
      vertex 7783.14 5294.35 0
      vertex 7777.96 5290.38 0
    endloop
  endfacet
  facet normal 0.573574 -0.819154 0
    outer loop
      vertex 7818.38 5258.22 0
      vertex 9673.57 6557.23 2
      vertex 7818.38 5258.22 2
    endloop
  endfacet
  facet normal 0.573574 -0.819154 0
    outer loop
      vertex 9673.57 6557.23 2
      vertex 7818.38 5258.22 0
      vertex 9673.57 6557.23 0
    endloop
  endfacet
  facet normal 0.608303 0.793705 -0
    outer loop
      vertex 9697.37 6609.6 0
      vertex 9692.19 6613.57 2
      vertex 9697.37 6609.6 2
    endloop
  endfacet
  facet normal 0.608303 0.793705 0
    outer loop
      vertex 9692.19 6613.57 2
      vertex 9697.37 6609.6 0
      vertex 9692.19 6613.57 0
    endloop
  endfacet
  facet normal 0.130256 0.99148 -0
    outer loop
      vertex 9686.16 6616.07 0
      vertex 9679.69 6616.92 2
      vertex 9686.16 6616.07 2
    endloop
  endfacet
  facet normal 0.130256 0.99148 0
    outer loop
      vertex 9679.69 6616.92 2
      vertex 9686.16 6616.07 0
      vertex 9679.69 6616.92 0
    endloop
  endfacet
  facet normal -0.573575 0.819153 0
    outer loop
      vertex 9667.19 6613.57 0
      vertex 7783.14 5294.35 2
      vertex 9667.19 6613.57 2
    endloop
  endfacet
  facet normal -0.573575 0.819153 0
    outer loop
      vertex 7783.14 5294.35 2
      vertex 9667.19 6613.57 0
      vertex 7783.14 5294.35 0
    endloop
  endfacet
  facet normal 0.382983 0.923755 -0
    outer loop
      vertex 9692.19 6613.57 0
      vertex 9686.16 6616.07 2
      vertex 9692.19 6613.57 2
    endloop
  endfacet
  facet normal 0.382983 0.923755 0
    outer loop
      vertex 9686.16 6616.07 2
      vertex 9692.19 6613.57 0
      vertex 9686.16 6616.07 0
    endloop
  endfacet
  facet normal 0.793705 0.608303 0
    outer loop
      vertex 9701.34 6604.42 2
      vertex 9697.37 6609.6 0
      vertex 9697.37 6609.6 2
    endloop
  endfacet
  facet normal 0.793705 0.608303 0
    outer loop
      vertex 9697.37 6609.6 0
      vertex 9701.34 6604.42 2
      vertex 9701.34 6604.42 0
    endloop
  endfacet
  facet normal -0.130256 0.99148 0
    outer loop
      vertex 9679.69 6616.92 0
      vertex 9673.22 6616.07 2
      vertex 9679.69 6616.92 2
    endloop
  endfacet
  facet normal -0.130256 0.99148 0
    outer loop
      vertex 9673.22 6616.07 2
      vertex 9679.69 6616.92 0
      vertex 9673.22 6616.07 0
    endloop
  endfacet
  facet normal -0.382983 0.923755 0
    outer loop
      vertex 9673.22 6616.07 0
      vertex 9667.19 6613.57 2
      vertex 9673.22 6616.07 2
    endloop
  endfacet
  facet normal -0.382983 0.923755 0
    outer loop
      vertex 9667.19 6613.57 2
      vertex 9673.22 6616.07 0
      vertex 9667.19 6613.57 0
    endloop
  endfacet
  facet normal 0.819158 0.573568 0
    outer loop
      vertex 10676.4 5211.86 2
      vertex 9701.34 6604.42 0
      vertex 9701.34 6604.42 2
    endloop
  endfacet
  facet normal 0.819158 0.573568 0
    outer loop
      vertex 9701.34 6604.42 0
      vertex 10676.4 5211.86 2
      vertex 10676.4 5211.86 0
    endloop
  endfacet
  facet normal -0.819156 -0.573571 0
    outer loop
      vertex 10633.1 5186.86 0
      vertex 9673.57 6557.23 2
      vertex 9673.57 6557.23 0
    endloop
  endfacet
  facet normal -0.819156 -0.573571 0
    outer loop
      vertex 9673.57 6557.23 2
      vertex 10633.1 5186.86 0
      vertex 10633.1 5186.86 2
    endloop
  endfacet
  facet normal -0.819152 -0.573576 0
    outer loop
      vertex 11579.5 3835.26 0
      vertex 10633.1 5186.86 2
      vertex 10633.1 5186.86 0
    endloop
  endfacet
  facet normal -0.819152 -0.573576 0
    outer loop
      vertex 10633.1 5186.86 2
      vertex 11579.5 3835.26 0
      vertex 11579.5 3835.26 2
    endloop
  endfacet
  facet normal 0.819152 0.573576 0
    outer loop
      vertex 11622.8 3860.26 2
      vertex 10676.4 5211.86 0
      vertex 10676.4 5211.86 2
    endloop
  endfacet
  facet normal 0.819152 0.573576 0
    outer loop
      vertex 10676.4 5211.86 0
      vertex 11622.8 3860.26 2
      vertex 11622.8 3860.26 0
    endloop
  endfacet
  facet normal 0.791487 -0.611187 0
    outer loop
      vertex 12622.6 2396.57 2
      vertex 12626.6 2401.75 0
      vertex 12626.6 2401.75 2
    endloop
  endfacet
  facet normal 0.791487 -0.611187 0
    outer loop
      vertex 12626.6 2401.75 0
      vertex 12622.6 2396.57 2
      vertex 12622.6 2396.57 0
    endloop
  endfacet
  facet normal 0.606826 -0.794835 0
    outer loop
      vertex 12617.4 2392.6 0
      vertex 12622.6 2396.57 2
      vertex 12617.4 2392.6 2
    endloop
  endfacet
  facet normal 0.606826 -0.794835 0
    outer loop
      vertex 12622.6 2396.57 2
      vertex 12617.4 2392.6 0
      vertex 12622.6 2396.57 0
    endloop
  endfacet
  facet normal 0.992442 0.122713 0
    outer loop
      vertex 12629.9 2414.25 2
      vertex 12629.1 2420.72 0
      vertex 12629.1 2420.72 2
    endloop
  endfacet
  facet normal 0.992442 0.122713 0
    outer loop
      vertex 12629.1 2420.72 0
      vertex 12629.9 2414.25 2
      vertex 12629.9 2414.25 0
    endloop
  endfacet
  facet normal 0.992442 -0.122713 0
    outer loop
      vertex 12629.1 2407.78 2
      vertex 12629.9 2414.25 0
      vertex 12629.9 2414.25 2
    endloop
  endfacet
  facet normal 0.992442 -0.122713 0
    outer loop
      vertex 12629.9 2414.25 0
      vertex 12629.1 2407.78 2
      vertex 12629.1 2407.78 0
    endloop
  endfacet
  facet normal 0.923755 0.382983 0
    outer loop
      vertex 12629.1 2420.72 2
      vertex 12626.6 2426.75 0
      vertex 12626.6 2426.75 2
    endloop
  endfacet
  facet normal 0.923755 0.382983 0
    outer loop
      vertex 12626.6 2426.75 0
      vertex 12629.1 2420.72 2
      vertex 12629.1 2420.72 0
    endloop
  endfacet
  facet normal -0.819157 -0.57357 0
    outer loop
      vertex 12570.2 2420.37 0
      vertex 11579.5 3835.26 2
      vertex 11579.5 3835.26 0
    endloop
  endfacet
  facet normal -0.819157 -0.57357 0
    outer loop
      vertex 11579.5 3835.26 2
      vertex 12570.2 2420.37 0
      vertex 12570.2 2420.37 2
    endloop
  endfacet
  facet normal 0.923755 -0.382983 0
    outer loop
      vertex 12626.6 2401.75 2
      vertex 12629.1 2407.78 0
      vertex 12629.1 2407.78 2
    endloop
  endfacet
  facet normal 0.923755 -0.382983 0
    outer loop
      vertex 12629.1 2407.78 0
      vertex 12626.6 2401.75 2
      vertex 12626.6 2401.75 0
    endloop
  endfacet
  facet normal 0.81914 0.573594 0
    outer loop
      vertex 12626.6 2426.75 2
      vertex 11622.8 3860.26 0
      vertex 11622.8 3860.26 2
    endloop
  endfacet
  facet normal 0.81914 0.573594 0
    outer loop
      vertex 11622.8 3860.26 0
      vertex 12626.6 2426.75 2
      vertex 12626.6 2426.75 0
    endloop
  endfacet
  facet normal -0.57359 0.819143 0
    outer loop
      vertex 12570.2 2420.37 0
      vertex 10421.7 915.921 2
      vertex 12570.2 2420.37 2
    endloop
  endfacet
  facet normal -0.57359 0.819143 0
    outer loop
      vertex 10421.7 915.921 2
      vertex 12570.2 2420.37 0
      vertex 10421.7 915.921 0
    endloop
  endfacet
  facet normal 0.573587 -0.819145 0
    outer loop
      vertex 10446.7 872.619 0
      vertex 12617.4 2392.6 2
      vertex 10446.7 872.619 2
    endloop
  endfacet
  facet normal 0.573587 -0.819145 0
    outer loop
      vertex 12617.4 2392.6 2
      vertex 10446.7 872.619 0
      vertex 12617.4 2392.6 0
    endloop
  endfacet
  facet normal 0.573485 -0.819216 0
    outer loop
      vertex 10200.9 700.549 0
      vertex 10446.7 872.619 2
      vertex 10200.9 700.549 2
    endloop
  endfacet
  facet normal 0.573485 -0.819216 0
    outer loop
      vertex 10446.7 872.619 2
      vertex 10200.9 700.549 0
      vertex 10446.7 872.619 0
    endloop
  endfacet
  facet normal -0.573485 0.819216 0
    outer loop
      vertex 10421.7 915.921 0
      vertex 10175.9 743.851 2
      vertex 10421.7 915.921 2
    endloop
  endfacet
  facet normal -0.573485 0.819216 0
    outer loop
      vertex 10175.9 743.851 2
      vertex 10421.7 915.921 0
      vertex 10175.9 743.851 0
    endloop
  endfacet
  facet normal 0.573589 -0.819143 0
    outer loop
      vertex 9095.08 -73.7806 0
      vertex 10200.9 700.549 2
      vertex 9095.08 -73.7806 2
    endloop
  endfacet
  facet normal 0.573589 -0.819143 0
    outer loop
      vertex 10200.9 700.549 2
      vertex 9095.08 -73.7806 0
      vertex 10200.9 700.549 0
    endloop
  endfacet
  facet normal -0.57359 0.819143 0
    outer loop
      vertex 10175.9 743.851 0
      vertex 9070.08 -30.4794 2
      vertex 10175.9 743.851 2
    endloop
  endfacet
  facet normal -0.57359 0.819143 0
    outer loop
      vertex 9070.08 -30.4794 2
      vertex 10175.9 743.851 0
      vertex 9070.08 -30.4794 0
    endloop
  endfacet
  facet normal 0.573564 -0.819161 0
    outer loop
      vertex 8849.33 -245.851 0
      vertex 9095.08 -73.7806 2
      vertex 8849.33 -245.851 2
    endloop
  endfacet
  facet normal 0.573564 -0.819161 0
    outer loop
      vertex 9095.08 -73.7806 2
      vertex 8849.33 -245.851 0
      vertex 9095.08 -73.7806 0
    endloop
  endfacet
  facet normal -0.573562 0.819162 0
    outer loop
      vertex 9070.08 -30.4794 0
      vertex 8824.33 -202.549 2
      vertex 9070.08 -30.4794 2
    endloop
  endfacet
  facet normal -0.573562 0.819162 0
    outer loop
      vertex 8824.33 -202.549 2
      vertex 9070.08 -30.4794 0
      vertex 8824.33 -202.549 0
    endloop
  endfacet
  facet normal -0.382983 -0.923755 0
    outer loop
      vertex 6899.32 -1593.76 0
      vertex 6905.35 -1596.26 2
      vertex 6899.32 -1593.76 2
    endloop
  endfacet
  facet normal -0.382983 -0.923755 -0
    outer loop
      vertex 6905.35 -1596.26 2
      vertex 6899.32 -1593.76 0
      vertex 6905.35 -1596.26 0
    endloop
  endfacet
  facet normal 0.573577 -0.819152 0
    outer loop
      vertex 6924.32 -1593.76 0
      vertex 8849.33 -245.851 2
      vertex 6924.32 -1593.76 2
    endloop
  endfacet
  facet normal 0.573577 -0.819152 0
    outer loop
      vertex 8849.33 -245.851 2
      vertex 6924.32 -1593.76 0
      vertex 8849.33 -245.851 0
    endloop
  endfacet
  facet normal -0.130256 -0.99148 0
    outer loop
      vertex 6905.35 -1596.26 0
      vertex 6911.82 -1597.11 2
      vertex 6905.35 -1596.26 2
    endloop
  endfacet
  facet normal -0.130256 -0.99148 -0
    outer loop
      vertex 6911.82 -1597.11 2
      vertex 6905.35 -1596.26 0
      vertex 6911.82 -1597.11 0
    endloop
  endfacet
  facet normal 0.382983 -0.923755 0
    outer loop
      vertex 6918.29 -1596.26 0
      vertex 6924.32 -1593.76 2
      vertex 6918.29 -1596.26 2
    endloop
  endfacet
  facet normal 0.382983 -0.923755 0
    outer loop
      vertex 6924.32 -1593.76 2
      vertex 6918.29 -1596.26 0
      vertex 6924.32 -1593.76 0
    endloop
  endfacet
  facet normal -0.573577 0.819152 0
    outer loop
      vertex 8824.33 -202.549 0
      vertex 6917.94 -1537.42 2
      vertex 8824.33 -202.549 2
    endloop
  endfacet
  facet normal -0.573577 0.819152 0
    outer loop
      vertex 6917.94 -1537.42 2
      vertex 8824.33 -202.549 0
      vertex 6917.94 -1537.42 0
    endloop
  endfacet
  facet normal -0.608303 -0.793705 0
    outer loop
      vertex 6894.14 -1589.79 0
      vertex 6899.32 -1593.76 2
      vertex 6894.14 -1589.79 2
    endloop
  endfacet
  facet normal -0.608303 -0.793705 -0
    outer loop
      vertex 6899.32 -1593.76 2
      vertex 6894.14 -1589.79 0
      vertex 6899.32 -1593.76 0
    endloop
  endfacet
  facet normal -0.793705 -0.608303 0
    outer loop
      vertex 6894.14 -1589.79 0
      vertex 6890.17 -1584.61 2
      vertex 6890.17 -1584.61 0
    endloop
  endfacet
  facet normal -0.793705 -0.608303 0
    outer loop
      vertex 6890.17 -1584.61 2
      vertex 6894.14 -1589.79 0
      vertex 6894.14 -1589.79 2
    endloop
  endfacet
  facet normal 0.130256 -0.99148 0
    outer loop
      vertex 6911.82 -1597.11 0
      vertex 6918.29 -1596.26 2
      vertex 6911.82 -1597.11 2
    endloop
  endfacet
  facet normal 0.130256 -0.99148 0
    outer loop
      vertex 6918.29 -1596.26 2
      vertex 6911.82 -1597.11 0
      vertex 6918.29 -1596.26 0
    endloop
  endfacet
  facet normal -0.130558 0.991441 0
    outer loop
      vertex 6223.53 -564.13 0
      vertex 6217.06 -564.982 2
      vertex 6223.53 -564.13 2
    endloop
  endfacet
  facet normal -0.130558 0.991441 0
    outer loop
      vertex 6217.06 -564.982 2
      vertex 6223.53 -564.13 0
      vertex 6217.06 -564.982 0
    endloop
  endfacet
  facet normal -0.81915 -0.573579 0
    outer loop
      vertex 6890.17 -1584.61 0
      vertex 6217.41 -623.816 2
      vertex 6217.41 -623.816 0
    endloop
  endfacet
  facet normal -0.81915 -0.573579 0
    outer loop
      vertex 6217.41 -623.816 2
      vertex 6890.17 -1584.61 0
      vertex 6890.17 -1584.61 2
    endloop
  endfacet
  facet normal 0.382591 0.923918 -0
    outer loop
      vertex 6236.03 -567.479 0
      vertex 6230 -564.982 2
      vertex 6236.03 -567.479 2
    endloop
  endfacet
  facet normal 0.382591 0.923918 0
    outer loop
      vertex 6230 -564.982 2
      vertex 6236.03 -567.479 0
      vertex 6230 -564.982 0
    endloop
  endfacet
  facet normal 0.608592 0.793483 -0
    outer loop
      vertex 6241.21 -571.452 0
      vertex 6236.03 -567.479 2
      vertex 6241.21 -571.452 2
    endloop
  endfacet
  facet normal 0.608592 0.793483 0
    outer loop
      vertex 6236.03 -567.479 2
      vertex 6241.21 -571.452 0
      vertex 6236.03 -567.479 0
    endloop
  endfacet
  facet normal 0.819149 0.573581 0
    outer loop
      vertex 6917.94 -1537.42 2
      vertex 6245.18 -576.63 0
      vertex 6245.18 -576.63 2
    endloop
  endfacet
  facet normal 0.819149 0.573581 0
    outer loop
      vertex 6245.18 -576.63 0
      vertex 6917.94 -1537.42 2
      vertex 6917.94 -1537.42 0
    endloop
  endfacet
  facet normal 0.793592 0.608451 0
    outer loop
      vertex 6245.18 -576.63 2
      vertex 6241.21 -571.452 0
      vertex 6241.21 -571.452 2
    endloop
  endfacet
  facet normal 0.793592 0.608451 0
    outer loop
      vertex 6241.21 -571.452 0
      vertex 6245.18 -576.63 2
      vertex 6245.18 -576.63 0
    endloop
  endfacet
  facet normal 0.130558 0.991441 -0
    outer loop
      vertex 6230 -564.982 0
      vertex 6223.53 -564.13 2
      vertex 6230 -564.982 2
    endloop
  endfacet
  facet normal 0.130558 0.991441 0
    outer loop
      vertex 6223.53 -564.13 2
      vertex 6230 -564.982 0
      vertex 6223.53 -564.13 0
    endloop
  endfacet
  facet normal -0.382591 0.923918 0
    outer loop
      vertex 6217.06 -564.982 0
      vertex 6211.03 -567.479 2
      vertex 6217.06 -564.982 2
    endloop
  endfacet
  facet normal -0.382591 0.923918 0
    outer loop
      vertex 6211.03 -567.479 2
      vertex 6217.06 -564.982 0
      vertex 6211.03 -567.479 0
    endloop
  endfacet
  facet normal 0.573576 -0.819152 0
    outer loop
      vertex 4627.39 -1737.16 0
      vertex 6217.41 -623.816 2
      vertex 4627.39 -1737.16 2
    endloop
  endfacet
  facet normal 0.573576 -0.819152 0
    outer loop
      vertex 6217.41 -623.816 2
      vertex 4627.39 -1737.16 0
      vertex 6217.41 -623.816 0
    endloop
  endfacet
  facet normal 0.130256 -0.99148 0
    outer loop
      vertex 4614.89 -1740.51 0
      vertex 4621.36 -1739.66 2
      vertex 4614.89 -1740.51 2
    endloop
  endfacet
  facet normal 0.130256 -0.99148 0
    outer loop
      vertex 4621.36 -1739.66 2
      vertex 4614.89 -1740.51 0
      vertex 4621.36 -1739.66 0
    endloop
  endfacet
  facet normal 0.382983 -0.923755 0
    outer loop
      vertex 4621.36 -1739.66 0
      vertex 4627.39 -1737.16 2
      vertex 4621.36 -1739.66 2
    endloop
  endfacet
  facet normal 0.382983 -0.923755 0
    outer loop
      vertex 4627.39 -1737.16 2
      vertex 4621.36 -1739.66 0
      vertex 4627.39 -1737.16 0
    endloop
  endfacet
  facet normal -0.573576 0.819152 0
    outer loop
      vertex 6211.03 -567.479 0
      vertex 4608.03 -1689.91 2
      vertex 6211.03 -567.479 2
    endloop
  endfacet
  facet normal -0.573576 0.819152 0
    outer loop
      vertex 4608.03 -1689.91 2
      vertex 6211.03 -567.479 0
      vertex 4608.03 -1689.91 0
    endloop
  endfacet
  facet normal 0.0871591 0.996194 -0
    outer loop
      vertex 4608.03 -1689.91 0
      vertex 3382.89 -1582.72 2
      vertex 4608.03 -1689.91 2
    endloop
  endfacet
  facet normal 0.0871591 0.996194 0
    outer loop
      vertex 3382.89 -1582.72 2
      vertex 4608.03 -1689.91 0
      vertex 3382.89 -1582.72 0
    endloop
  endfacet
  facet normal -0.0871585 -0.996194 0
    outer loop
      vertex 3355.91 -1630.36 0
      vertex 4614.89 -1740.51 2
      vertex 3355.91 -1630.36 2
    endloop
  endfacet
  facet normal -0.0871585 -0.996194 -0
    outer loop
      vertex 4614.89 -1740.51 2
      vertex 3355.91 -1630.36 0
      vertex 4614.89 -1740.51 0
    endloop
  endfacet
  facet normal 0 1 -0
    outer loop
      vertex 1184.16 -425 0
      vertex 25 -425 2
      vertex 1184.16 -425 2
    endloop
  endfacet
  facet normal 0 1 0
    outer loop
      vertex 25 -425 2
      vertex 1184.16 -425 0
      vertex 25 -425 0
    endloop
  endfacet
  facet normal 0.382591 -0.923918 0
    outer loop
      vertex 1198.35 -474.148 0
      vertex 1204.38 -471.651 2
      vertex 1198.35 -474.148 2
    endloop
  endfacet
  facet normal 0.382591 -0.923918 0
    outer loop
      vertex 1204.38 -471.651 2
      vertex 1198.35 -474.148 0
      vertex 1204.38 -471.651 0
    endloop
  endfacet
  facet normal 0 -1 0
    outer loop
      vertex -1200 -475 0
      vertex 1191.88 -475 2
      vertex -1200 -475 2
    endloop
  endfacet
  facet normal 0 -1 -0
    outer loop
      vertex 1191.88 -475 2
      vertex -1200 -475 0
      vertex 1191.88 -475 0
    endloop
  endfacet
  facet normal 0.130558 -0.991441 0
    outer loop
      vertex 1191.88 -475 0
      vertex 1198.35 -474.148 2
      vertex 1191.88 -475 2
    endloop
  endfacet
  facet normal 0.130558 -0.991441 0
    outer loop
      vertex 1198.35 -474.148 2
      vertex 1191.88 -475 0
      vertex 1198.35 -474.148 0
    endloop
  endfacet
  facet normal -0.573576 0.819152 0
    outer loop
      vertex 3097.74 914.901 0
      vertex 1184.16 -425 2
      vertex 3097.74 914.901 2
    endloop
  endfacet
  facet normal -0.573576 0.819152 0
    outer loop
      vertex 1184.16 -425 2
      vertex 3097.74 914.901 0
      vertex 1184.16 -425 0
    endloop
  endfacet
  facet normal 0.573576 -0.819152 0
    outer loop
      vertex 1204.38 -471.651 0
      vertex 3122.74 871.599 2
      vertex 1204.38 -471.651 2
    endloop
  endfacet
  facet normal 0.573576 -0.819152 0
    outer loop
      vertex 3122.74 871.599 2
      vertex 1204.38 -471.651 0
      vertex 3122.74 871.599 0
    endloop
  endfacet
  facet normal 0.573565 -0.81916 0
    outer loop
      vertex 3122.74 871.599 0
      vertex 3368.49 1043.67 2
      vertex 3122.74 871.599 2
    endloop
  endfacet
  facet normal 0.573565 -0.81916 0
    outer loop
      vertex 3368.49 1043.67 2
      vertex 3122.74 871.599 0
      vertex 3368.49 1043.67 0
    endloop
  endfacet
  facet normal -0.573561 0.819163 0
    outer loop
      vertex 3343.49 1086.97 0
      vertex 3097.74 914.901 2
      vertex 3343.49 1086.97 2
    endloop
  endfacet
  facet normal -0.573561 0.819163 0
    outer loop
      vertex 3097.74 914.901 2
      vertex 3343.49 1086.97 0
      vertex 3097.74 914.901 0
    endloop
  endfacet
  facet normal 0.573578 -0.819151 0
    outer loop
      vertex 3368.49 1043.67 0
      vertex 5252.54 2362.9 2
      vertex 3368.49 1043.67 2
    endloop
  endfacet
  facet normal 0.573578 -0.819151 0
    outer loop
      vertex 5252.54 2362.9 2
      vertex 3368.49 1043.67 0
      vertex 5252.54 2362.9 0
    endloop
  endfacet
  facet normal -0.573578 0.819151 0
    outer loop
      vertex 5227.54 2406.2 0
      vertex 3343.49 1086.97 2
      vertex 5227.54 2406.2 2
    endloop
  endfacet
  facet normal -0.573578 0.819151 0
    outer loop
      vertex 3343.49 1086.97 2
      vertex 5227.54 2406.2 0
      vertex 3343.49 1086.97 0
    endloop
  endfacet
  facet normal 0.573579 -0.81915 0
    outer loop
      vertex 5252.54 2362.9 0
      vertex 5498.28 2534.97 2
      vertex 5252.54 2362.9 2
    endloop
  endfacet
  facet normal 0.573579 -0.81915 0
    outer loop
      vertex 5498.28 2534.97 2
      vertex 5252.54 2362.9 0
      vertex 5498.28 2534.97 0
    endloop
  endfacet
  facet normal -0.573579 0.81915 0
    outer loop
      vertex 5473.28 2578.27 0
      vertex 5227.54 2406.2 2
      vertex 5473.28 2578.27 2
    endloop
  endfacet
  facet normal -0.573579 0.81915 0
    outer loop
      vertex 5227.54 2406.2 2
      vertex 5473.28 2578.27 0
      vertex 5227.54 2406.2 0
    endloop
  endfacet
  facet normal -0.573569 0.819158 0
    outer loop
      vertex 6405.08 3230.71 0
      vertex 5473.28 2578.27 2
      vertex 6405.08 3230.71 2
    endloop
  endfacet
  facet normal -0.573569 0.819158 0
    outer loop
      vertex 5473.28 2578.27 2
      vertex 6405.08 3230.71 0
      vertex 5473.28 2578.27 0
    endloop
  endfacet
  facet normal 0.573573 -0.819155 0
    outer loop
      vertex 5498.28 2534.97 0
      vertex 6440.31 3194.58 2
      vertex 5498.28 2534.97 2
    endloop
  endfacet
  facet normal 0.573573 -0.819155 0
    outer loop
      vertex 6440.31 3194.58 2
      vertex 5498.28 2534.97 0
      vertex 6440.31 3194.58 0
    endloop
  endfacet
  facet normal 0.608303 -0.793705 0
    outer loop
      vertex 6440.31 3194.58 0
      vertex 6445.49 3198.55 2
      vertex 6440.31 3194.58 2
    endloop
  endfacet
  facet normal 0.608303 -0.793705 0
    outer loop
      vertex 6445.49 3198.55 2
      vertex 6440.31 3194.58 0
      vertex 6445.49 3198.55 0
    endloop
  endfacet
  facet normal 0.923755 -0.382983 0
    outer loop
      vertex 6449.46 3203.73 2
      vertex 6451.96 3209.76 0
      vertex 6451.96 3209.76 2
    endloop
  endfacet
  facet normal 0.923755 -0.382983 0
    outer loop
      vertex 6451.96 3209.76 0
      vertex 6449.46 3203.73 2
      vertex 6449.46 3203.73 0
    endloop
  endfacet
  facet normal 0.793705 -0.608303 0
    outer loop
      vertex 6445.49 3198.55 2
      vertex 6449.46 3203.73 0
      vertex 6449.46 3203.73 2
    endloop
  endfacet
  facet normal 0.793705 -0.608303 0
    outer loop
      vertex 6449.46 3203.73 0
      vertex 6445.49 3198.55 2
      vertex 6445.49 3198.55 0
    endloop
  endfacet
  facet normal -0.608303 0.793705 0
    outer loop
      vertex 6452.15 3446.79 0
      vertex 6446.97 3442.82 2
      vertex 6452.15 3446.79 2
    endloop
  endfacet
  facet normal -0.608303 0.793705 0
    outer loop
      vertex 6446.97 3442.82 2
      vertex 6452.15 3446.79 0
      vertex 6446.97 3442.82 0
    endloop
  endfacet
  facet normal 0.984803 -0.173676 0
    outer loop
      vertex 6451.96 3209.76 2
      vertex 6487.39 3410.66 0
      vertex 6487.39 3410.66 2
    endloop
  endfacet
  facet normal 0.984803 -0.173676 0
    outer loop
      vertex 6487.39 3410.66 0
      vertex 6451.96 3209.76 2
      vertex 6451.96 3209.76 0
    endloop
  endfacet
  facet normal -0.984811 0.173629 0
    outer loop
      vertex 6405.08 3230.71 0
      vertex 6440.5 3431.61 2
      vertex 6440.5 3431.61 0
    endloop
  endfacet
  facet normal -0.984811 0.173629 0
    outer loop
      vertex 6440.5 3431.61 2
      vertex 6405.08 3230.71 0
      vertex 6405.08 3230.71 2
    endloop
  endfacet
  facet normal -0.793705 0.608303 0
    outer loop
      vertex 6443 3437.64 0
      vertex 6446.97 3442.82 2
      vertex 6446.97 3442.82 0
    endloop
  endfacet
  facet normal -0.793705 0.608303 0
    outer loop
      vertex 6446.97 3442.82 2
      vertex 6443 3437.64 0
      vertex 6443 3437.64 2
    endloop
  endfacet
  facet normal -0.923755 0.382983 0
    outer loop
      vertex 6440.5 3431.61 0
      vertex 6443 3437.64 2
      vertex 6443 3437.64 0
    endloop
  endfacet
  facet normal -0.923755 0.382983 0
    outer loop
      vertex 6443 3437.64 2
      vertex 6440.5 3431.61 0
      vertex 6440.5 3431.61 2
    endloop
  endfacet
  facet normal 0.57358 -0.81915 0
    outer loop
      vertex 6487.39 3410.66 0
      vertex 8108.78 4545.98 2
      vertex 6487.39 3410.66 2
    endloop
  endfacet
  facet normal 0.57358 -0.81915 0
    outer loop
      vertex 8108.78 4545.98 2
      vertex 6487.39 3410.66 0
      vertex 8108.78 4545.98 0
    endloop
  endfacet
  facet normal -0.57358 0.81915 0
    outer loop
      vertex 8090.45 4593.95 0
      vertex 6452.15 3446.79 2
      vertex 8090.45 4593.95 2
    endloop
  endfacet
  facet normal -0.57358 0.81915 0
    outer loop
      vertex 6452.15 3446.79 2
      vertex 8090.45 4593.95 0
      vertex 6452.15 3446.79 0
    endloop
  endfacet
  facet normal 0.130256 0.99148 -0
    outer loop
      vertex 8109.42 4596.45 0
      vertex 8102.95 4597.3 2
      vertex 8109.42 4596.45 2
    endloop
  endfacet
  facet normal 0.130256 0.99148 0
    outer loop
      vertex 8102.95 4597.3 2
      vertex 8109.42 4596.45 0
      vertex 8102.95 4597.3 0
    endloop
  endfacet
  facet normal -0.130256 0.99148 0
    outer loop
      vertex 8102.95 4597.3 0
      vertex 8096.48 4596.45 2
      vertex 8102.95 4597.3 2
    endloop
  endfacet
  facet normal -0.130256 0.99148 0
    outer loop
      vertex 8096.48 4596.45 2
      vertex 8102.95 4597.3 0
      vertex 8096.48 4596.45 0
    endloop
  endfacet
  facet normal -0.382983 0.923755 0
    outer loop
      vertex 8096.48 4596.45 0
      vertex 8090.45 4593.95 2
      vertex 8096.48 4596.45 2
    endloop
  endfacet
  facet normal -0.382983 0.923755 0
    outer loop
      vertex 8090.45 4593.95 2
      vertex 8096.48 4596.45 0
      vertex 8090.45 4593.95 0
    endloop
  endfacet
  facet normal 0.17366 0.984806 -0
    outer loop
      vertex 8306.03 4561.78 0
      vertex 8109.42 4596.45 2
      vertex 8306.03 4561.78 2
    endloop
  endfacet
  facet normal 0.17366 0.984806 0
    outer loop
      vertex 8109.42 4596.45 2
      vertex 8306.03 4561.78 0
      vertex 8109.42 4596.45 0
    endloop
  endfacet
  facet normal -0.17366 -0.984806 0
    outer loop
      vertex 8108.78 4545.98 0
      vertex 8305.39 4511.31 2
      vertex 8108.78 4545.98 2
    endloop
  endfacet
  facet normal -0.17366 -0.984806 -0
    outer loop
      vertex 8305.39 4511.31 2
      vertex 8108.78 4545.98 0
      vertex 8305.39 4511.31 0
    endloop
  endfacet
  facet normal 0.130256 -0.99148 0
    outer loop
      vertex 8311.86 4510.46 0
      vertex 8318.33 4511.31 2
      vertex 8311.86 4510.46 2
    endloop
  endfacet
  facet normal 0.130256 -0.99148 0
    outer loop
      vertex 8318.33 4511.31 2
      vertex 8311.86 4510.46 0
      vertex 8318.33 4511.31 0
    endloop
  endfacet
  facet normal -0.130256 -0.99148 0
    outer loop
      vertex 8305.39 4511.31 0
      vertex 8311.86 4510.46 2
      vertex 8305.39 4511.31 2
    endloop
  endfacet
  facet normal -0.130256 -0.99148 -0
    outer loop
      vertex 8311.86 4510.46 2
      vertex 8305.39 4511.31 0
      vertex 8311.86 4510.46 0
    endloop
  endfacet
  facet normal 0.382983 -0.923755 0
    outer loop
      vertex 8318.33 4511.31 0
      vertex 8324.36 4513.81 2
      vertex 8318.33 4511.31 2
    endloop
  endfacet
  facet normal 0.382983 -0.923755 0
    outer loop
      vertex 8324.36 4513.81 2
      vertex 8318.33 4511.31 0
      vertex 8324.36 4513.81 0
    endloop
  endfacet
  facet normal 0.382983 0.923755 -0
    outer loop
      vertex 9471.17 5360.12 0
      vertex 9465.14 5362.62 2
      vertex 9471.17 5360.12 2
    endloop
  endfacet
  facet normal 0.382983 0.923755 0
    outer loop
      vertex 9465.14 5362.62 2
      vertex 9471.17 5360.12 0
      vertex 9465.14 5362.62 0
    endloop
  endfacet
  facet normal 0.573578 -0.819151 0
    outer loop
      vertex 8324.36 4513.81 0
      vertex 9452.55 5303.78 2
      vertex 8324.36 4513.81 2
    endloop
  endfacet
  facet normal 0.573578 -0.819151 0
    outer loop
      vertex 9452.55 5303.78 2
      vertex 8324.36 4513.81 0
      vertex 9452.55 5303.78 0
    endloop
  endfacet
  facet normal 0.793705 0.608303 0
    outer loop
      vertex 9480.32 5350.97 2
      vertex 9476.35 5356.15 0
      vertex 9476.35 5356.15 2
    endloop
  endfacet
  facet normal 0.793705 0.608303 0
    outer loop
      vertex 9476.35 5356.15 0
      vertex 9480.32 5350.97 2
      vertex 9480.32 5350.97 0
    endloop
  endfacet
  facet normal 0.130256 0.99148 -0
    outer loop
      vertex 9465.14 5362.62 0
      vertex 9458.67 5363.47 2
      vertex 9465.14 5362.62 2
    endloop
  endfacet
  facet normal 0.130256 0.99148 0
    outer loop
      vertex 9458.67 5363.47 2
      vertex 9465.14 5362.62 0
      vertex 9458.67 5363.47 0
    endloop
  endfacet
  facet normal 0.608303 0.793705 -0
    outer loop
      vertex 9476.35 5356.15 0
      vertex 9471.17 5360.12 2
      vertex 9476.35 5356.15 2
    endloop
  endfacet
  facet normal 0.608303 0.793705 0
    outer loop
      vertex 9471.17 5360.12 2
      vertex 9476.35 5356.15 0
      vertex 9471.17 5360.12 0
    endloop
  endfacet
  facet normal -0.573579 0.81915 0
    outer loop
      vertex 9446.17 5360.12 0
      vertex 8306.03 4561.78 2
      vertex 9446.17 5360.12 2
    endloop
  endfacet
  facet normal -0.573579 0.81915 0
    outer loop
      vertex 8306.03 4561.78 2
      vertex 9446.17 5360.12 0
      vertex 8306.03 4561.78 0
    endloop
  endfacet
  facet normal -0.130256 0.99148 0
    outer loop
      vertex 9458.67 5363.47 0
      vertex 9452.2 5362.62 2
      vertex 9458.67 5363.47 2
    endloop
  endfacet
  facet normal -0.130256 0.99148 0
    outer loop
      vertex 9452.2 5362.62 2
      vertex 9458.67 5363.47 0
      vertex 9452.2 5362.62 0
    endloop
  endfacet
  facet normal -0.382983 0.923755 0
    outer loop
      vertex 9452.2 5362.62 0
      vertex 9446.17 5360.12 2
      vertex 9452.2 5362.62 2
    endloop
  endfacet
  facet normal -0.382983 0.923755 0
    outer loop
      vertex 9446.17 5360.12 2
      vertex 9452.2 5362.62 0
      vertex 9446.17 5360.12 0
    endloop
  endfacet
  facet normal -0.819147 -0.573583 0
    outer loop
      vertex 9895.88 4670.65 0
      vertex 9452.55 5303.78 2
      vertex 9452.55 5303.78 0
    endloop
  endfacet
  facet normal -0.819147 -0.573583 0
    outer loop
      vertex 9452.55 5303.78 2
      vertex 9895.88 4670.65 0
      vertex 9895.88 4670.65 2
    endloop
  endfacet
  facet normal 0.819152 0.573576 0
    outer loop
      vertex 9939.18 4695.65 2
      vertex 9480.32 5350.97 0
      vertex 9480.32 5350.97 2
    endloop
  endfacet
  facet normal 0.819152 0.573576 0
    outer loop
      vertex 9480.32 5350.97 0
      vertex 9939.18 4695.65 2
      vertex 9939.18 4695.65 0
    endloop
  endfacet
  facet normal 0.819148 0.573582 0
    outer loop
      vertex 10885.6 3344.04 2
      vertex 9939.18 4695.65 0
      vertex 9939.18 4695.65 2
    endloop
  endfacet
  facet normal 0.819148 0.573582 0
    outer loop
      vertex 9939.18 4695.65 0
      vertex 10885.6 3344.04 2
      vertex 10885.6 3344.04 0
    endloop
  endfacet
  facet normal -0.819148 -0.573582 0
    outer loop
      vertex 10842.3 3319.04 0
      vertex 9895.88 4670.65 2
      vertex 9895.88 4670.65 0
    endloop
  endfacet
  facet normal -0.819148 -0.573582 0
    outer loop
      vertex 9895.88 4670.65 2
      vertex 10842.3 3319.04 0
      vertex 10842.3 3319.04 2
    endloop
  endfacet
  facet normal -0.81915 -0.57358 0
    outer loop
      vertex 11316.8 2641.39 0
      vertex 10842.3 3319.04 2
      vertex 10842.3 3319.04 0
    endloop
  endfacet
  facet normal -0.81915 -0.57358 0
    outer loop
      vertex 10842.3 3319.04 2
      vertex 11316.8 2641.39 0
      vertex 11316.8 2641.39 2
    endloop
  endfacet
  facet normal 0.791487 -0.611187 0
    outer loop
      vertex 11369.1 2617.59 2
      vertex 11373.1 2622.77 0
      vertex 11373.1 2622.77 2
    endloop
  endfacet
  facet normal 0.791487 -0.611187 0
    outer loop
      vertex 11373.1 2622.77 0
      vertex 11369.1 2617.59 2
      vertex 11369.1 2617.59 0
    endloop
  endfacet
  facet normal 0.990463 0.137777 0
    outer loop
      vertex 11376.5 2635.27 2
      vertex 11375.6 2641.74 0
      vertex 11375.6 2641.74 2
    endloop
  endfacet
  facet normal 0.990463 0.137777 0
    outer loop
      vertex 11375.6 2641.74 0
      vertex 11376.5 2635.27 2
      vertex 11376.5 2635.27 0
    endloop
  endfacet
  facet normal 0.819171 0.57355 0
    outer loop
      vertex 11373.1 2647.77 2
      vertex 10885.6 3344.04 0
      vertex 10885.6 3344.04 2
    endloop
  endfacet
  facet normal 0.819171 0.57355 0
    outer loop
      vertex 10885.6 3344.04 0
      vertex 11373.1 2647.77 2
      vertex 11373.1 2647.77 0
    endloop
  endfacet
  facet normal 0.923755 -0.382983 0
    outer loop
      vertex 11373.1 2622.77 2
      vertex 11375.6 2628.8 0
      vertex 11375.6 2628.8 2
    endloop
  endfacet
  facet normal 0.923755 -0.382983 0
    outer loop
      vertex 11375.6 2628.8 0
      vertex 11373.1 2622.77 2
      vertex 11373.1 2622.77 0
    endloop
  endfacet
  facet normal 0.923755 0.382983 0
    outer loop
      vertex 11375.6 2641.74 2
      vertex 11373.1 2647.77 0
      vertex 11373.1 2647.77 2
    endloop
  endfacet
  facet normal 0.923755 0.382983 0
    outer loop
      vertex 11373.1 2647.77 0
      vertex 11375.6 2641.74 2
      vertex 11375.6 2641.74 0
    endloop
  endfacet
  facet normal 0.614262 -0.789102 0
    outer loop
      vertex 11364 2613.62 0
      vertex 11369.1 2617.59 2
      vertex 11364 2613.62 2
    endloop
  endfacet
  facet normal 0.614262 -0.789102 0
    outer loop
      vertex 11369.1 2617.59 2
      vertex 11364 2613.62 0
      vertex 11369.1 2617.59 0
    endloop
  endfacet
  facet normal 0.990463 -0.137777 0
    outer loop
      vertex 11375.6 2628.8 2
      vertex 11376.5 2635.27 0
      vertex 11376.5 2635.27 2
    endloop
  endfacet
  facet normal 0.990463 -0.137777 0
    outer loop
      vertex 11376.5 2635.27 0
      vertex 11375.6 2628.8 2
      vertex 11375.6 2628.8 0
    endloop
  endfacet
  facet normal -0.573576 0.819152 0
    outer loop
      vertex 11316.8 2641.39 0
      vertex 9905.46 1653.16 2
      vertex 11316.8 2641.39 2
    endloop
  endfacet
  facet normal -0.573576 0.819152 0
    outer loop
      vertex 9905.46 1653.16 2
      vertex 11316.8 2641.39 0
      vertex 9905.46 1653.16 0
    endloop
  endfacet
  facet normal -0.793705 0.608303 0
    outer loop
      vertex 9896.31 1644.01 0
      vertex 9900.28 1649.19 2
      vertex 9900.28 1649.19 0
    endloop
  endfacet
  facet normal -0.793705 0.608303 0
    outer loop
      vertex 9900.28 1649.19 2
      vertex 9896.31 1644.01 0
      vertex 9896.31 1644.01 2
    endloop
  endfacet
  facet normal 0.57357 -0.819156 0
    outer loop
      vertex 9940.7 1617.03 0
      vertex 11364 2613.62 2
      vertex 9940.7 1617.03 2
    endloop
  endfacet
  facet normal 0.57357 -0.819156 0
    outer loop
      vertex 11364 2613.62 2
      vertex 9940.7 1617.03 0
      vertex 11364 2613.62 0
    endloop
  endfacet
  facet normal -0.923755 0.382983 0
    outer loop
      vertex 9893.81 1637.98 0
      vertex 9896.31 1644.01 2
      vertex 9896.31 1644.01 0
    endloop
  endfacet
  facet normal -0.923755 0.382983 0
    outer loop
      vertex 9896.31 1644.01 2
      vertex 9893.81 1637.98 0
      vertex 9893.81 1637.98 2
    endloop
  endfacet
  facet normal -0.608303 0.793705 0
    outer loop
      vertex 9905.46 1653.16 0
      vertex 9900.28 1649.19 2
      vertex 9905.46 1653.16 2
    endloop
  endfacet
  facet normal -0.608303 0.793705 0
    outer loop
      vertex 9900.28 1649.19 2
      vertex 9905.46 1653.16 0
      vertex 9900.28 1649.19 0
    endloop
  endfacet
  facet normal -0.984808 0.173647 0
    outer loop
      vertex 9821.55 1228.17 0
      vertex 9893.81 1637.98 2
      vertex 9893.81 1637.98 0
    endloop
  endfacet
  facet normal -0.984808 0.173647 0
    outer loop
      vertex 9893.81 1637.98 2
      vertex 9821.55 1228.17 0
      vertex 9821.55 1228.17 2
    endloop
  endfacet
  facet normal 0.793705 -0.608303 0
    outer loop
      vertex 9861.97 1196.01 2
      vertex 9865.94 1201.19 0
      vertex 9865.94 1201.19 2
    endloop
  endfacet
  facet normal 0.793705 -0.608303 0
    outer loop
      vertex 9865.94 1201.19 0
      vertex 9861.97 1196.01 2
      vertex 9861.97 1196.01 0
    endloop
  endfacet
  facet normal 0.923755 -0.382983 0
    outer loop
      vertex 9865.94 1201.19 2
      vertex 9868.44 1207.22 0
      vertex 9868.44 1207.22 2
    endloop
  endfacet
  facet normal 0.923755 -0.382983 0
    outer loop
      vertex 9868.44 1207.22 0
      vertex 9865.94 1201.19 2
      vertex 9865.94 1201.19 0
    endloop
  endfacet
  facet normal 0.984808 -0.173647 0
    outer loop
      vertex 9868.44 1207.22 2
      vertex 9940.7 1617.03 0
      vertex 9940.7 1617.03 2
    endloop
  endfacet
  facet normal 0.984808 -0.173647 0
    outer loop
      vertex 9940.7 1617.03 0
      vertex 9868.44 1207.22 2
      vertex 9868.44 1207.22 0
    endloop
  endfacet
  facet normal 0.608303 -0.793705 0
    outer loop
      vertex 9856.79 1192.04 0
      vertex 9861.97 1196.01 2
      vertex 9856.79 1192.04 2
    endloop
  endfacet
  facet normal 0.608303 -0.793705 0
    outer loop
      vertex 9861.97 1196.01 2
      vertex 9856.79 1192.04 0
      vertex 9861.97 1196.01 0
    endloop
  endfacet
  facet normal -0.130558 -0.991441 0
    outer loop
      vertex 8731.96 415.212 0
      vertex 8738.43 414.36 2
      vertex 8731.96 415.212 2
    endloop
  endfacet
  facet normal -0.130558 -0.991441 -0
    outer loop
      vertex 8738.43 414.36 2
      vertex 8731.96 415.212 0
      vertex 8738.43 414.36 0
    endloop
  endfacet
  facet normal 0.573576 -0.819152 0
    outer loop
      vertex 8750.93 417.709 0
      vertex 9856.79 1192.04 2
      vertex 8750.93 417.709 2
    endloop
  endfacet
  facet normal 0.573576 -0.819152 0
    outer loop
      vertex 9856.79 1192.04 2
      vertex 8750.93 417.709 0
      vertex 9856.79 1192.04 0
    endloop
  endfacet
  facet normal -0.573577 0.819152 0
    outer loop
      vertex 9821.55 1228.17 0
      vertex 8732.6 465.678 2
      vertex 9821.55 1228.17 2
    endloop
  endfacet
  facet normal -0.573577 0.819152 0
    outer loop
      vertex 8732.6 465.678 2
      vertex 9821.55 1228.17 0
      vertex 8732.6 465.678 0
    endloop
  endfacet
  facet normal 0.130558 -0.991441 0
    outer loop
      vertex 8738.43 414.36 0
      vertex 8744.9 415.212 2
      vertex 8738.43 414.36 2
    endloop
  endfacet
  facet normal 0.130558 -0.991441 0
    outer loop
      vertex 8744.9 415.212 2
      vertex 8738.43 414.36 0
      vertex 8744.9 415.212 0
    endloop
  endfacet
  facet normal 0.382591 -0.923918 0
    outer loop
      vertex 8744.9 415.212 0
      vertex 8750.93 417.709 2
      vertex 8744.9 415.212 2
    endloop
  endfacet
  facet normal 0.382591 -0.923918 0
    outer loop
      vertex 8750.93 417.709 2
      vertex 8744.9 415.212 0
      vertex 8750.93 417.709 0
    endloop
  endfacet
  facet normal 0.173638 0.984809 -0
    outer loop
      vertex 8732.6 465.678 0
      vertex 8327.08 537.178 2
      vertex 8732.6 465.678 2
    endloop
  endfacet
  facet normal 0.173638 0.984809 0
    outer loop
      vertex 8327.08 537.178 2
      vertex 8732.6 465.678 0
      vertex 8327.08 537.178 0
    endloop
  endfacet
  facet normal -0.173638 -0.984809 0
    outer loop
      vertex 8326.44 486.712 0
      vertex 8731.96 415.212 2
      vertex 8326.44 486.712 2
    endloop
  endfacet
  facet normal -0.173638 -0.984809 -0
    outer loop
      vertex 8731.96 415.212 2
      vertex 8326.44 486.712 0
      vertex 8731.96 415.212 0
    endloop
  endfacet
  facet normal -0.382591 0.923918 0
    outer loop
      vertex 8314.14 537.178 0
      vertex 8308.11 534.681 2
      vertex 8314.14 537.178 2
    endloop
  endfacet
  facet normal -0.382591 0.923918 0
    outer loop
      vertex 8308.11 534.681 2
      vertex 8314.14 537.178 0
      vertex 8308.11 534.681 0
    endloop
  endfacet
  facet normal 0.130558 0.991441 -0
    outer loop
      vertex 8327.08 537.178 0
      vertex 8320.61 538.03 2
      vertex 8327.08 537.178 2
    endloop
  endfacet
  facet normal 0.130558 0.991441 0
    outer loop
      vertex 8320.61 538.03 2
      vertex 8327.08 537.178 0
      vertex 8320.61 538.03 0
    endloop
  endfacet
  facet normal -0.130558 0.991441 0
    outer loop
      vertex 8320.61 538.03 0
      vertex 8314.14 537.178 2
      vertex 8320.61 538.03 2
    endloop
  endfacet
  facet normal -0.130558 0.991441 0
    outer loop
      vertex 8314.14 537.178 2
      vertex 8320.61 538.03 0
      vertex 8314.14 537.178 0
    endloop
  endfacet
  facet normal -0.382591 -0.923918 0
    outer loop
      vertex 7120.34 -340.301 0
      vertex 7126.37 -342.798 2
      vertex 7120.34 -340.301 2
    endloop
  endfacet
  facet normal -0.382591 -0.923918 -0
    outer loop
      vertex 7126.37 -342.798 2
      vertex 7120.34 -340.301 0
      vertex 7126.37 -342.798 0
    endloop
  endfacet
  facet normal -0.608592 -0.793483 0
    outer loop
      vertex 7115.16 -336.328 0
      vertex 7120.34 -340.301 2
      vertex 7115.16 -336.328 2
    endloop
  endfacet
  facet normal -0.608592 -0.793483 -0
    outer loop
      vertex 7120.34 -340.301 2
      vertex 7115.16 -336.328 0
      vertex 7120.34 -340.301 0
    endloop
  endfacet
  facet normal 0.382591 -0.923918 0
    outer loop
      vertex 7139.31 -342.798 0
      vertex 7145.34 -340.301 2
      vertex 7139.31 -342.798 2
    endloop
  endfacet
  facet normal 0.382591 -0.923918 0
    outer loop
      vertex 7145.34 -340.301 2
      vertex 7139.31 -342.798 0
      vertex 7145.34 -340.301 0
    endloop
  endfacet
  facet normal -0.573575 0.819153 0
    outer loop
      vertex 8308.11 534.681 0
      vertex 7138.96 -283.964 2
      vertex 8308.11 534.681 2
    endloop
  endfacet
  facet normal -0.573575 0.819153 0
    outer loop
      vertex 7138.96 -283.964 2
      vertex 8308.11 534.681 0
      vertex 7138.96 -283.964 0
    endloop
  endfacet
  facet normal 0.130558 -0.991441 0
    outer loop
      vertex 7132.84 -343.65 0
      vertex 7139.31 -342.798 2
      vertex 7132.84 -343.65 2
    endloop
  endfacet
  facet normal 0.130558 -0.991441 0
    outer loop
      vertex 7139.31 -342.798 2
      vertex 7132.84 -343.65 0
      vertex 7139.31 -342.798 0
    endloop
  endfacet
  facet normal 0.573575 -0.819153 0
    outer loop
      vertex 7145.34 -340.301 0
      vertex 8326.44 486.712 2
      vertex 7145.34 -340.301 2
    endloop
  endfacet
  facet normal 0.573575 -0.819153 0
    outer loop
      vertex 8326.44 486.712 2
      vertex 7145.34 -340.301 0
      vertex 8326.44 486.712 0
    endloop
  endfacet
  facet normal -0.793592 -0.608451 0
    outer loop
      vertex 7115.16 -336.328 0
      vertex 7111.19 -331.15 2
      vertex 7111.19 -331.15 0
    endloop
  endfacet
  facet normal -0.793592 -0.608451 0
    outer loop
      vertex 7111.19 -331.15 2
      vertex 7115.16 -336.328 0
      vertex 7115.16 -336.328 2
    endloop
  endfacet
  facet normal -0.130558 -0.991441 0
    outer loop
      vertex 7126.37 -342.798 0
      vertex 7132.84 -343.65 2
      vertex 7126.37 -342.798 2
    endloop
  endfacet
  facet normal -0.130558 -0.991441 -0
    outer loop
      vertex 7132.84 -343.65 2
      vertex 7126.37 -342.798 0
      vertex 7132.84 -343.65 0
    endloop
  endfacet
  facet normal -0.81915 -0.573579 0
    outer loop
      vertex 7111.19 -331.15 0
      vertex 6438.43 629.644 2
      vertex 6438.43 629.644 0
    endloop
  endfacet
  facet normal -0.81915 -0.573579 0
    outer loop
      vertex 6438.43 629.644 2
      vertex 7111.19 -331.15 0
      vertex 7111.19 -331.15 2
    endloop
  endfacet
  facet normal 0.81915 0.573579 0
    outer loop
      vertex 7138.96 -283.964 2
      vertex 6466.2 676.83 0
      vertex 6466.2 676.83 2
    endloop
  endfacet
  facet normal 0.81915 0.573579 0
    outer loop
      vertex 6466.2 676.83 0
      vertex 7138.96 -283.964 2
      vertex 7138.96 -283.964 0
    endloop
  endfacet
  facet normal 0.793592 0.608451 0
    outer loop
      vertex 6466.2 676.83 2
      vertex 6462.23 682.008 0
      vertex 6462.23 682.008 2
    endloop
  endfacet
  facet normal 0.793592 0.608451 0
    outer loop
      vertex 6462.23 682.008 0
      vertex 6466.2 676.83 2
      vertex 6466.2 676.83 0
    endloop
  endfacet
  facet normal -0.130558 0.991441 0
    outer loop
      vertex 6444.55 689.33 0
      vertex 6438.08 688.478 2
      vertex 6444.55 689.33 2
    endloop
  endfacet
  facet normal -0.130558 0.991441 0
    outer loop
      vertex 6438.08 688.478 2
      vertex 6444.55 689.33 0
      vertex 6438.08 688.478 0
    endloop
  endfacet
  facet normal 0.130558 0.991441 -0
    outer loop
      vertex 6451.02 688.478 0
      vertex 6444.55 689.33 2
      vertex 6451.02 688.478 2
    endloop
  endfacet
  facet normal 0.130558 0.991441 0
    outer loop
      vertex 6444.55 689.33 2
      vertex 6451.02 688.478 0
      vertex 6444.55 689.33 0
    endloop
  endfacet
  facet normal -0.382591 0.923918 0
    outer loop
      vertex 6438.08 688.478 0
      vertex 6432.05 685.981 2
      vertex 6438.08 688.478 2
    endloop
  endfacet
  facet normal -0.382591 0.923918 0
    outer loop
      vertex 6432.05 685.981 2
      vertex 6438.08 688.478 0
      vertex 6432.05 685.981 0
    endloop
  endfacet
  facet normal 0.382591 0.923918 -0
    outer loop
      vertex 6457.05 685.981 0
      vertex 6451.02 688.478 2
      vertex 6457.05 685.981 2
    endloop
  endfacet
  facet normal 0.382591 0.923918 0
    outer loop
      vertex 6451.02 688.478 2
      vertex 6457.05 685.981 0
      vertex 6451.02 688.478 0
    endloop
  endfacet
  facet normal 0.608592 0.793483 -0
    outer loop
      vertex 6462.23 682.008 0
      vertex 6457.05 685.981 2
      vertex 6462.23 682.008 2
    endloop
  endfacet
  facet normal 0.608592 0.793483 0
    outer loop
      vertex 6457.05 685.981 2
      vertex 6462.23 682.008 0
      vertex 6457.05 685.981 0
    endloop
  endfacet
  facet normal 0.573577 -0.819151 0
    outer loop
      vertex 4379.51 -812.031 0
      vertex 6438.43 629.644 2
      vertex 4379.51 -812.031 2
    endloop
  endfacet
  facet normal 0.573577 -0.819151 0
    outer loop
      vertex 6438.43 629.644 2
      vertex 4379.51 -812.031 0
      vertex 6438.43 629.644 0
    endloop
  endfacet
  facet normal 0.130558 -0.991441 0
    outer loop
      vertex 4367.01 -815.38 0
      vertex 4373.48 -814.528 2
      vertex 4367.01 -815.38 2
    endloop
  endfacet
  facet normal 0.130558 -0.991441 0
    outer loop
      vertex 4373.48 -814.528 2
      vertex 4367.01 -815.38 0
      vertex 4373.48 -814.528 0
    endloop
  endfacet
  facet normal 0.382591 -0.923918 0
    outer loop
      vertex 4373.48 -814.528 0
      vertex 4379.51 -812.031 2
      vertex 4373.48 -814.528 2
    endloop
  endfacet
  facet normal 0.382591 -0.923918 0
    outer loop
      vertex 4379.51 -812.031 2
      vertex 4373.48 -814.528 0
      vertex 4379.51 -812.031 0
    endloop
  endfacet
  facet normal -0.573577 0.819152 0
    outer loop
      vertex 6432.05 685.981 0
      vertex 4360.15 -764.78 2
      vertex 6432.05 685.981 2
    endloop
  endfacet
  facet normal -0.573577 0.819152 0
    outer loop
      vertex 4360.15 -764.78 2
      vertex 6432.05 685.981 0
      vertex 4360.15 -764.78 0
    endloop
  endfacet
  facet normal 0.0871483 0.996195 -0
    outer loop
      vertex 4360.15 -764.78 0
      vertex 3434.35 -683.79 2
      vertex 4360.15 -764.78 2
    endloop
  endfacet
  facet normal 0.0871483 0.996195 0
    outer loop
      vertex 3434.35 -683.79 2
      vertex 4360.15 -764.78 0
      vertex 3434.35 -683.79 0
    endloop
  endfacet
  facet normal -0.0871477 -0.996195 0
    outer loop
      vertex 3456.99 -735.771 0
      vertex 4367.01 -815.38 2
      vertex 3456.99 -735.771 2
    endloop
  endfacet
  facet normal -0.0871477 -0.996195 -0
    outer loop
      vertex 4367.01 -815.38 2
      vertex 3456.99 -735.771 0
      vertex 4367.01 -815.38 0
    endloop
  endfacet
  facet normal 0 -1 0
    outer loop
      vertex -1175 425 0
      vertex -25 425 2
      vertex -1175 425 2
    endloop
  endfacet
  facet normal 0 -1 -0
    outer loop
      vertex -25 425 2
      vertex -1175 425 0
      vertex -25 425 0
    endloop
  endfacet
  facet normal -0.382591 0.923918 0
    outer loop
      vertex -1206.47 474.148 0
      vertex -1212.5 471.651 2
      vertex -1206.47 474.148 2
    endloop
  endfacet
  facet normal -0.382591 0.923918 0
    outer loop
      vertex -1212.5 471.651 2
      vertex -1206.47 474.148 0
      vertex -1212.5 471.651 0
    endloop
  endfacet
  facet normal -0.99148 0.130256 0
    outer loop
      vertex -1225 450 0
      vertex -1224.15 456.47 2
      vertex -1224.15 456.47 0
    endloop
  endfacet
  facet normal -0.99148 0.130256 0
    outer loop
      vertex -1224.15 456.47 2
      vertex -1225 450 0
      vertex -1225 450 2
    endloop
  endfacet
  facet normal -0.130558 0.991441 0
    outer loop
      vertex -1200 475 0
      vertex -1206.47 474.148 2
      vertex -1200 475 2
    endloop
  endfacet
  facet normal -0.130558 0.991441 0
    outer loop
      vertex -1206.47 474.148 2
      vertex -1200 475 0
      vertex -1206.47 474.148 0
    endloop
  endfacet
  facet normal -0.793592 0.608451 0
    outer loop
      vertex -1221.65 462.5 0
      vertex -1217.68 467.678 2
      vertex -1217.68 467.678 0
    endloop
  endfacet
  facet normal -0.793592 0.608451 0
    outer loop
      vertex -1217.68 467.678 2
      vertex -1221.65 462.5 0
      vertex -1221.65 462.5 2
    endloop
  endfacet
  facet normal -0.608592 0.793483 0
    outer loop
      vertex -1212.5 471.651 0
      vertex -1217.68 467.678 2
      vertex -1212.5 471.651 2
    endloop
  endfacet
  facet normal -0.608592 0.793483 0
    outer loop
      vertex -1217.68 467.678 2
      vertex -1212.5 471.651 0
      vertex -1217.68 467.678 0
    endloop
  endfacet
  facet normal -0.923755 0.382983 0
    outer loop
      vertex -1224.15 456.47 0
      vertex -1221.65 462.5 2
      vertex -1221.65 462.5 0
    endloop
  endfacet
  facet normal -0.923755 0.382983 0
    outer loop
      vertex -1221.65 462.5 2
      vertex -1224.15 456.47 0
      vertex -1224.15 456.47 2
    endloop
  endfacet
  facet normal -1 0 0
    outer loop
      vertex -25 -425 0
      vertex -25 425 2
      vertex -25 425 0
    endloop
  endfacet
  facet normal -1 -0 0
    outer loop
      vertex -25 425 2
      vertex -25 -425 0
      vertex -25 -425 2
    endloop
  endfacet
  facet normal 1 -0 0
    outer loop
      vertex 25 -425 2
      vertex 25 425 0
      vertex 25 425 2
    endloop
  endfacet
  facet normal 1 0 0
    outer loop
      vertex 25 425 0
      vertex 25 -425 2
      vertex 25 -425 0
    endloop
  endfacet
  facet normal 0 1 -0
    outer loop
      vertex -25 -425 0
      vertex -1175 -425 2
      vertex -25 -425 2
    endloop
  endfacet
  facet normal 0 1 0
    outer loop
      vertex -1175 -425 2
      vertex -25 -425 0
      vertex -1175 -425 0
    endloop
  endfacet
  facet normal -0.382591 -0.923918 0
    outer loop
      vertex -1212.5 -471.651 0
      vertex -1206.47 -474.148 2
      vertex -1212.5 -471.651 2
    endloop
  endfacet
  facet normal -0.382591 -0.923918 -0
    outer loop
      vertex -1206.47 -474.148 2
      vertex -1212.5 -471.651 0
      vertex -1206.47 -474.148 0
    endloop
  endfacet
  facet normal -0.923755 -0.382983 0
    outer loop
      vertex -1221.65 -462.5 0
      vertex -1224.15 -456.47 2
      vertex -1224.15 -456.47 0
    endloop
  endfacet
  facet normal -0.923755 -0.382983 0
    outer loop
      vertex -1224.15 -456.47 2
      vertex -1221.65 -462.5 0
      vertex -1221.65 -462.5 2
    endloop
  endfacet
  facet normal -0.608592 -0.793483 0
    outer loop
      vertex -1217.68 -467.678 0
      vertex -1212.5 -471.651 2
      vertex -1217.68 -467.678 2
    endloop
  endfacet
  facet normal -0.608592 -0.793483 -0
    outer loop
      vertex -1212.5 -471.651 2
      vertex -1217.68 -467.678 0
      vertex -1212.5 -471.651 0
    endloop
  endfacet
  facet normal -0.793592 -0.608451 0
    outer loop
      vertex -1217.68 -467.678 0
      vertex -1221.65 -462.5 2
      vertex -1221.65 -462.5 0
    endloop
  endfacet
  facet normal -0.793592 -0.608451 0
    outer loop
      vertex -1221.65 -462.5 2
      vertex -1217.68 -467.678 0
      vertex -1217.68 -467.678 2
    endloop
  endfacet
  facet normal -0.99148 -0.130256 0
    outer loop
      vertex -1224.15 -456.47 0
      vertex -1225 -450 2
      vertex -1225 -450 0
    endloop
  endfacet
  facet normal -0.99148 -0.130256 0
    outer loop
      vertex -1225 -450 2
      vertex -1224.15 -456.47 0
      vertex -1224.15 -456.47 2
    endloop
  endfacet
  facet normal -0.130558 -0.991441 0
    outer loop
      vertex -1206.47 -474.148 0
      vertex -1200 -475 2
      vertex -1206.47 -474.148 2
    endloop
  endfacet
  facet normal -0.130558 -0.991441 -0
    outer loop
      vertex -1200 -475 2
      vertex -1206.47 -474.148 0
      vertex -1200 -475 0
    endloop
  endfacet
  facet normal -1 0 0
    outer loop
      vertex -1225 -450 0
      vertex -1225 450 2
      vertex -1225 450 0
    endloop
  endfacet
  facet normal -1 -0 0
    outer loop
      vertex -1225 450 2
      vertex -1225 -450 0
      vertex -1225 -450 2
    endloop
  endfacet
  facet normal 1 -0 0
    outer loop
      vertex -1175 -425 2
      vertex -1175 425 0
      vertex -1175 425 2
    endloop
  endfacet
  facet normal 1 0 0
    outer loop
      vertex -1175 425 0
      vertex -1175 -425 2
      vertex -1175 -425 0
    endloop
  endfacet
  facet normal -0.793705 -0.608303 0
    outer loop
      vertex 2142.8 -1518.46 0
      vertex 2138.83 -1513.28 2
      vertex 2138.83 -1513.28 0
    endloop
  endfacet
  facet normal -0.793705 -0.608303 0
    outer loop
      vertex 2138.83 -1513.28 2
      vertex 2142.8 -1518.46 0
      vertex 2142.8 -1518.46 2
    endloop
  endfacet
  facet normal 0.0871511 0.996195 -0
    outer loop
      vertex 3333.27 -1578.38 0
      vertex 2187.46 -1478.14 2
      vertex 3333.27 -1578.38 2
    endloop
  endfacet
  facet normal 0.0871511 0.996195 0
    outer loop
      vertex 2187.46 -1478.14 2
      vertex 3333.27 -1578.38 0
      vertex 2187.46 -1478.14 0
    endloop
  endfacet
  facet normal -0.0871503 -0.996195 0
    outer loop
      vertex 2160.48 -1525.78 0
      vertex 3355.91 -1630.36 2
      vertex 2160.48 -1525.78 2
    endloop
  endfacet
  facet normal -0.0871503 -0.996195 -0
    outer loop
      vertex 3355.91 -1630.36 2
      vertex 2160.48 -1525.78 0
      vertex 3355.91 -1630.36 0
    endloop
  endfacet
  facet normal -0.608303 -0.793705 0
    outer loop
      vertex 2142.8 -1518.46 0
      vertex 2147.98 -1522.43 2
      vertex 2142.8 -1518.46 2
    endloop
  endfacet
  facet normal -0.608303 -0.793705 -0
    outer loop
      vertex 2147.98 -1522.43 2
      vertex 2142.8 -1518.46 0
      vertex 2147.98 -1522.43 0
    endloop
  endfacet
  facet normal -0.99148 -0.130256 0
    outer loop
      vertex 2136.33 -1507.25 0
      vertex 2135.48 -1500.78 2
      vertex 2135.48 -1500.78 0
    endloop
  endfacet
  facet normal -0.99148 -0.130256 0
    outer loop
      vertex 2135.48 -1500.78 2
      vertex 2136.33 -1507.25 0
      vertex 2136.33 -1507.25 2
    endloop
  endfacet
  facet normal -0.923755 -0.382983 0
    outer loop
      vertex 2138.83 -1513.28 0
      vertex 2136.33 -1507.25 2
      vertex 2136.33 -1507.25 0
    endloop
  endfacet
  facet normal -0.923755 -0.382983 0
    outer loop
      vertex 2136.33 -1507.25 2
      vertex 2138.83 -1513.28 0
      vertex 2138.83 -1513.28 2
    endloop
  endfacet
  facet normal -0.382983 -0.923755 0
    outer loop
      vertex 2147.98 -1522.43 0
      vertex 2154.01 -1524.93 2
      vertex 2147.98 -1522.43 2
    endloop
  endfacet
  facet normal -0.382983 -0.923755 -0
    outer loop
      vertex 2154.01 -1524.93 2
      vertex 2147.98 -1522.43 0
      vertex 2154.01 -1524.93 0
    endloop
  endfacet
  facet normal -0.130256 -0.99148 0
    outer loop
      vertex 2154.01 -1524.93 0
      vertex 2160.48 -1525.78 2
      vertex 2154.01 -1524.93 2
    endloop
  endfacet
  facet normal -0.130256 -0.99148 -0
    outer loop
      vertex 2160.48 -1525.78 2
      vertex 2154.01 -1524.93 0
      vertex 2160.48 -1525.78 0
    endloop
  endfacet
  facet normal -0.996195 0.0871551 0
    outer loop
      vertex 2135.48 -1500.78 0
      vertex 2213.92 -604.2 2
      vertex 2213.92 -604.2 0
    endloop
  endfacet
  facet normal -0.996195 0.0871551 0
    outer loop
      vertex 2213.92 -604.2 2
      vertex 2135.48 -1500.78 0
      vertex 2135.48 -1500.78 2
    endloop
  endfacet
  facet normal -0.382591 0.923918 0
    outer loop
      vertex 2232.45 -580.052 0
      vertex 2226.42 -582.549 2
      vertex 2232.45 -580.052 2
    endloop
  endfacet
  facet normal -0.382591 0.923918 0
    outer loop
      vertex 2226.42 -582.549 2
      vertex 2232.45 -580.052 0
      vertex 2226.42 -582.549 0
    endloop
  endfacet
  facet normal -0.923755 0.382983 0
    outer loop
      vertex 2214.77 -597.73 0
      vertex 2217.27 -591.7 2
      vertex 2217.27 -591.7 0
    endloop
  endfacet
  facet normal -0.923755 0.382983 0
    outer loop
      vertex 2217.27 -591.7 2
      vertex 2214.77 -597.73 0
      vertex 2214.77 -597.73 2
    endloop
  endfacet
  facet normal -0.608592 0.793483 0
    outer loop
      vertex 2226.42 -582.549 0
      vertex 2221.24 -586.522 2
      vertex 2226.42 -582.549 2
    endloop
  endfacet
  facet normal -0.608592 0.793483 0
    outer loop
      vertex 2221.24 -586.522 2
      vertex 2226.42 -582.549 0
      vertex 2221.24 -586.522 0
    endloop
  endfacet
  facet normal 0.996195 -0.0871565 0
    outer loop
      vertex 2187.46 -1478.14 2
      vertex 2261.56 -631.181 0
      vertex 2261.56 -631.181 2
    endloop
  endfacet
  facet normal 0.996195 -0.0871565 0
    outer loop
      vertex 2261.56 -631.181 0
      vertex 2187.46 -1478.14 2
      vertex 2187.46 -1478.14 0
    endloop
  endfacet
  facet normal -0.793592 0.608451 0
    outer loop
      vertex 2217.27 -591.7 0
      vertex 2221.24 -586.522 2
      vertex 2221.24 -586.522 0
    endloop
  endfacet
  facet normal -0.793592 0.608451 0
    outer loop
      vertex 2221.24 -586.522 2
      vertex 2217.27 -591.7 0
      vertex 2217.27 -591.7 2
    endloop
  endfacet
  facet normal -0.99148 0.130256 0
    outer loop
      vertex 2213.92 -604.2 0
      vertex 2214.77 -597.73 2
      vertex 2214.77 -597.73 0
    endloop
  endfacet
  facet normal -0.99148 0.130256 0
    outer loop
      vertex 2214.77 -597.73 2
      vertex 2213.92 -604.2 0
      vertex 2213.92 -604.2 2
    endloop
  endfacet
  facet normal -0.130558 0.991441 0
    outer loop
      vertex 2238.92 -579.2 0
      vertex 2232.45 -580.052 2
      vertex 2238.92 -579.2 2
    endloop
  endfacet
  facet normal -0.130558 0.991441 0
    outer loop
      vertex 2232.45 -580.052 2
      vertex 2238.92 -579.2 0
      vertex 2232.45 -580.052 0
    endloop
  endfacet
  facet normal 0.0871586 0.996194 -0
    outer loop
      vertex 3434.35 -683.79 0
      vertex 2238.92 -579.2 2
      vertex 3434.35 -683.79 2
    endloop
  endfacet
  facet normal 0.0871586 0.996194 0
    outer loop
      vertex 2238.92 -579.2 2
      vertex 3434.35 -683.79 0
      vertex 2238.92 -579.2 0
    endloop
  endfacet
  facet normal -0.087158 -0.996195 0
    outer loop
      vertex 2261.56 -631.181 0
      vertex 3407.37 -731.429 2
      vertex 2261.56 -631.181 2
    endloop
  endfacet
  facet normal -0.087158 -0.996195 -0
    outer loop
      vertex 3407.37 -731.429 2
      vertex 2261.56 -631.181 0
      vertex 3407.37 -731.429 0
    endloop
  endfacet
  facet normal -0.996195 0.0871574 0
    outer loop
      vertex 3333.27 -1578.38 0
      vertex 3407.37 -731.429 2
      vertex 3407.37 -731.429 0
    endloop
  endfacet
  facet normal -0.996195 0.0871574 0
    outer loop
      vertex 3407.37 -731.429 2
      vertex 3333.27 -1578.38 0
      vertex 3333.27 -1578.38 2
    endloop
  endfacet
  facet normal 0.996195 -0.0871576 0
    outer loop
      vertex 3382.89 -1582.72 2
      vertex 3456.99 -735.771 0
      vertex 3456.99 -735.771 2
    endloop
  endfacet
  facet normal 0.996195 -0.0871576 0
    outer loop
      vertex 3456.99 -735.771 0
      vertex 3382.89 -1582.72 2
      vertex 3382.89 -1582.72 0
    endloop
  endfacet
endsolid OpenSCAD_Model
