solid OpenSCAD_Model
  facet normal 0 1 -0
    outer loop
      vertex 900.403 475 0
      vertex -1200 475 2
      vertex 900.403 475 2
    endloop
  endfacet
  facet normal 0 1 0
    outer loop
      vertex -1200 475 2
      vertex 900.403 475 0
      vertex -1200 475 0
    endloop
  endfacet
  facet normal 0 -1 0
    outer loop
      vertex 25 425 0
      vertex 908.12 425 2
      vertex 25 425 2
    endloop
  endfacet
  facet normal 0 -1 -0
    outer loop
      vertex 908.12 425 2
      vertex 25 425 0
      vertex 908.12 425 0
    endloop
  endfacet
  facet normal 0.130558 -0.991441 0
    outer loop
      vertex 908.12 425 0
      vertex 914.59 425.852 2
      vertex 908.12 425 2
    endloop
  endfacet
  facet normal 0.130558 -0.991441 0
    outer loop
      vertex 914.59 425.852 2
      vertex 908.12 425 0
      vertex 914.59 425.852 0
    endloop
  endfacet
  facet normal 0 0 1
    outer loop
      vertex 3434.35 -683.79 2
      vertex 2261.56 -631.181 2
      vertex 3407.37 -731.429 2
    endloop
  endfacet
  facet normal 0 0 1
    outer loop
      vertex 2238.92 -579.2 2
      vertex 2261.56 -631.181 2
      vertex 3434.35 -683.79 2
    endloop
  endfacet
  facet normal 0 0 1
    outer loop
      vertex 2213.92 -604.2 2
      vertex 2238.92 -579.2 2
      vertex 2232.45 -580.052 2
    endloop
  endfacet
  facet normal 0 0 1
    outer loop
      vertex 2213.92 -604.2 2
      vertex 2232.45 -580.052 2
      vertex 2226.42 -582.549 2
    endloop
  endfacet
  facet normal 0 0 1
    outer loop
      vertex 2213.92 -604.2 2
      vertex 2226.42 -582.549 2
      vertex 2221.24 -586.522 2
    endloop
  endfacet
  facet normal 0 0 1
    outer loop
      vertex 2213.92 -604.2 2
      vertex 2221.24 -586.522 2
      vertex 2217.27 -591.7 2
    endloop
  endfacet
  facet normal 0 0 1
    outer loop
      vertex 2213.92 -604.2 2
      vertex 2217.27 -591.7 2
      vertex 2214.77 -597.73 2
    endloop
  endfacet
  facet normal 0 0 1
    outer loop
      vertex 2238.92 -579.2 2
      vertex 2213.92 -604.2 2
      vertex 2261.56 -631.181 2
    endloop
  endfacet
  facet normal 0 0 1
    outer loop
      vertex 2213.92 -604.2 2
      vertex 2187.46 -1478.14 2
      vertex 2261.56 -631.181 2
    endloop
  endfacet
  facet normal 0 0 1
    outer loop
      vertex 2135.48 -1500.78 2
      vertex 2187.46 -1478.14 2
      vertex 2213.92 -604.2 2
    endloop
  endfacet
  facet normal 0 0 1
    outer loop
      vertex 2187.46 -1478.14 2
      vertex 2135.48 -1500.78 2
      vertex 2160.48 -1525.78 2
    endloop
  endfacet
  facet normal 0 0 1
    outer loop
      vertex 2160.48 -1525.78 2
      vertex 2135.48 -1500.78 2
      vertex 2154.01 -1524.93 2
    endloop
  endfacet
  facet normal 0 0 1
    outer loop
      vertex 2154.01 -1524.93 2
      vertex 2135.48 -1500.78 2
      vertex 2147.98 -1522.43 2
    endloop
  endfacet
  facet normal 0 0 1
    outer loop
      vertex 2147.98 -1522.43 2
      vertex 2135.48 -1500.78 2
      vertex 2142.8 -1518.46 2
    endloop
  endfacet
  facet normal 0 0 1
    outer loop
      vertex 2142.8 -1518.46 2
      vertex 2135.48 -1500.78 2
      vertex 2138.83 -1513.28 2
    endloop
  endfacet
  facet normal 0 0 1
    outer loop
      vertex 2138.83 -1513.28 2
      vertex 2135.48 -1500.78 2
      vertex 2136.33 -1507.25 2
    endloop
  endfacet
  facet normal 0 0 1
    outer loop
      vertex 10654.9 3673.51 2
      vertex 9939.18 4695.65 2
      vertex 10634.4 3659.18 2
    endloop
  endfacet
  facet normal 0 0 1
    outer loop
      vertex 10855.6 3386.81 2
      vertex 10683.6 3632.55 2
      vertex 10835.1 3372.46 2
    endloop
  endfacet
  facet normal 0 0 1
    outer loop
      vertex 11622.8 3860.26 2
      vertex 11572.4 3888.63 2
      vertex 11601.1 3847.67 2
    endloop
  endfacet
  facet normal 0 0 1
    outer loop
      vertex 11572.4 3888.63 2
      vertex 11400.4 4134.38 2
      vertex 11552.1 3874.41 2
    endloop
  endfacet
  facet normal 0 0 1
    outer loop
      vertex 11622.8 3860.26 2
      vertex 11400.4 4134.38 2
      vertex 11572.4 3888.63 2
    endloop
  endfacet
  facet normal 0 0 1
    outer loop
      vertex 11622.8 3860.26 2
      vertex 11371.7 4175.34 2
      vertex 11400.4 4134.38 2
    endloop
  endfacet
  facet normal 0 0 1
    outer loop
      vertex 10676.4 5211.86 2
      vertex 11371.7 4175.34 2
      vertex 11622.8 3860.26 2
    endloop
  endfacet
  facet normal 0 0 1
    outer loop
      vertex 10676.4 5211.86 2
      vertex 11351.4 4161.11 2
      vertex 11371.7 4175.34 2
    endloop
  endfacet
  facet normal 0 0 1
    outer loop
      vertex 10676.4 5211.86 2
      vertex 10633.1 5186.86 2
      vertex 11351.4 4161.11 2
    endloop
  endfacet
  facet normal -0 0 1
    outer loop
      vertex 9673.57 6557.23 2
      vertex 10676.4 5211.86 2
      vertex 9701.34 6604.42 2
    endloop
  endfacet
  facet normal 0 0 1
    outer loop
      vertex 9667.19 6613.57 2
      vertex 9701.34 6604.42 2
      vertex 9697.37 6609.6 2
    endloop
  endfacet
  facet normal -0 0 1
    outer loop
      vertex 9667.19 6613.57 2
      vertex 9697.37 6609.6 2
      vertex 9692.19 6613.57 2
    endloop
  endfacet
  facet normal 0 0 1
    outer loop
      vertex 9667.19 6613.57 2
      vertex 9692.19 6613.57 2
      vertex 9686.16 6616.07 2
    endloop
  endfacet
  facet normal 0 0 1
    outer loop
      vertex 9667.19 6613.57 2
      vertex 9686.16 6616.07 2
      vertex 9679.69 6616.92 2
    endloop
  endfacet
  facet normal 0 0 1
    outer loop
      vertex 10676.4 5211.86 2
      vertex 9673.57 6557.23 2
      vertex 10633.1 5186.86 2
    endloop
  endfacet
  facet normal 0 0 1
    outer loop
      vertex 9667.19 6613.57 2
      vertex 9679.69 6616.92 2
      vertex 9673.22 6616.07 2
    endloop
  endfacet
  facet normal 0 0 1
    outer loop
      vertex 9701.34 6604.42 2
      vertex 9667.19 6613.57 2
      vertex 9673.57 6557.23 2
    endloop
  endfacet
  facet normal 0 0 1
    outer loop
      vertex 7783.14 5294.35 2
      vertex 9673.57 6557.23 2
      vertex 9667.19 6613.57 2
    endloop
  endfacet
  facet normal 0 0 1
    outer loop
      vertex 9673.57 6557.23 2
      vertex 7783.14 5294.35 2
      vertex 7818.38 5258.22 2
    endloop
  endfacet
  facet normal -0 0 1
    outer loop
      vertex 7771.49 5279.17 2
      vertex 7818.38 5258.22 2
      vertex 7783.14 5294.35 2
    endloop
  endfacet
  facet normal 0 0 1
    outer loop
      vertex 7736.06 5078.27 2
      vertex 7818.38 5258.22 2
      vertex 7771.49 5279.17 2
    endloop
  endfacet
  facet normal 0 0 1
    outer loop
      vertex 7771.49 5279.17 2
      vertex 7783.14 5294.35 2
      vertex 7777.96 5290.38 2
    endloop
  endfacet
  facet normal 0 0 1
    outer loop
      vertex 7818.38 5258.22 2
      vertex 7736.06 5078.27 2
      vertex 7782.95 5057.32 2
    endloop
  endfacet
  facet normal 0 0 1
    outer loop
      vertex 7771.49 5279.17 2
      vertex 7777.96 5290.38 2
      vertex 7773.99 5285.2 2
    endloop
  endfacet
  facet normal 0 0 1
    outer loop
      vertex 7782.95 5057.32 2
      vertex 7736.06 5078.27 2
      vertex 7780.45 5051.29 2
    endloop
  endfacet
  facet normal 0 0 1
    outer loop
      vertex 7780.45 5051.29 2
      vertex 7736.06 5078.27 2
      vertex 7776.48 5046.11 2
    endloop
  endfacet
  facet normal 0 0 1
    outer loop
      vertex 7776.48 5046.11 2
      vertex 7736.06 5078.27 2
      vertex 7771.3 5042.14 2
    endloop
  endfacet
  facet normal 0 0 1
    outer loop
      vertex 6114.67 3942.95 2
      vertex 7771.3 5042.14 2
      vertex 7736.06 5078.27 2
    endloop
  endfacet
  facet normal 0 0 1
    outer loop
      vertex 7771.3 5042.14 2
      vertex 6114.67 3942.95 2
      vertex 6133 3894.98 2
    endloop
  endfacet
  facet normal 0 0 1
    outer loop
      vertex 6114.03 3892.48 2
      vertex 6133 3894.98 2
      vertex 6114.67 3942.95 2
    endloop
  endfacet
  facet normal 0 0 1
    outer loop
      vertex 6133 3894.98 2
      vertex 6114.03 3892.48 2
      vertex 6126.97 3892.48 2
    endloop
  endfacet
  facet normal 0 0 1
    outer loop
      vertex 6126.97 3892.48 2
      vertex 6114.03 3892.48 2
      vertex 6120.5 3891.63 2
    endloop
  endfacet
  facet normal 0 0 1
    outer loop
      vertex 5917.42 3927.15 2
      vertex 6114.67 3942.95 2
      vertex 5918.06 3977.62 2
    endloop
  endfacet
  facet normal 0 0 1
    outer loop
      vertex 6114.67 3942.95 2
      vertex 5917.42 3927.15 2
      vertex 6114.03 3892.48 2
    endloop
  endfacet
  facet normal 0 0 1
    outer loop
      vertex 5905.12 3977.62 2
      vertex 5918.06 3977.62 2
      vertex 5911.59 3978.47 2
    endloop
  endfacet
  facet normal 0 0 1
    outer loop
      vertex 5899.09 3975.12 2
      vertex 5918.06 3977.62 2
      vertex 5905.12 3977.62 2
    endloop
  endfacet
  facet normal 0 0 1
    outer loop
      vertex 5918.06 3977.62 2
      vertex 5899.09 3975.12 2
      vertex 5917.42 3927.15 2
    endloop
  endfacet
  facet normal 0 0 1
    outer loop
      vertex 4957.07 3315.51 2
      vertex 5917.42 3927.15 2
      vertex 5899.09 3975.12 2
    endloop
  endfacet
  facet normal 0 0 1
    outer loop
      vertex 5917.42 3927.15 2
      vertex 4957.07 3315.51 2
      vertex 4992.31 3279.38 2
    endloop
  endfacet
  facet normal 0 0 1
    outer loop
      vertex 4947.92 3306.36 2
      vertex 4957.07 3315.51 2
      vertex 4951.89 3311.54 2
    endloop
  endfacet
  facet normal 0 0 1
    outer loop
      vertex 4945.42 3300.33 2
      vertex 4957.07 3315.51 2
      vertex 4947.92 3306.36 2
    endloop
  endfacet
  facet normal 0 0 1
    outer loop
      vertex 4957.07 3315.51 2
      vertex 4945.42 3300.33 2
      vertex 4992.31 3279.38 2
    endloop
  endfacet
  facet normal 0 0 1
    outer loop
      vertex 4873.15 2890.52 2
      vertex 4992.31 3279.38 2
      vertex 4945.42 3300.33 2
    endloop
  endfacet
  facet normal 0 0 1
    outer loop
      vertex 4992.31 3279.38 2
      vertex 4873.15 2890.52 2
      vertex 4920.04 2869.57 2
    endloop
  endfacet
  facet normal 0 -0 1
    outer loop
      vertex 4908.39 2854.39 2
      vertex 4920.04 2869.57 2
      vertex 4873.15 2890.52 2
    endloop
  endfacet
  facet normal 0 0 1
    outer loop
      vertex 4920.04 2869.57 2
      vertex 4908.39 2854.39 2
      vertex 4917.54 2863.54 2
    endloop
  endfacet
  facet normal 0 0 1
    outer loop
      vertex 4917.54 2863.54 2
      vertex 4908.39 2854.39 2
      vertex 4913.57 2858.36 2
    endloop
  endfacet
  facet normal 0 0 1
    outer loop
      vertex 3006.01 1583.13 2
      vertex 4908.39 2854.39 2
      vertex 4873.15 2890.52 2
    endloop
  endfacet
  facet normal 0 0 1
    outer loop
      vertex 4908.39 2854.39 2
      vertex 3006.01 1583.13 2
      vertex 3024.34 1535.16 2
    endloop
  endfacet
  facet normal 0 0 1
    outer loop
      vertex 3005.37 1532.66 2
      vertex 3024.34 1535.16 2
      vertex 3006.01 1583.13 2
    endloop
  endfacet
  facet normal 0 0 1
    outer loop
      vertex 3024.34 1535.16 2
      vertex 3005.37 1532.66 2
      vertex 3018.31 1532.66 2
    endloop
  endfacet
  facet normal 0 0 1
    outer loop
      vertex 3018.31 1532.66 2
      vertex 3005.37 1532.66 2
      vertex 3011.84 1531.81 2
    endloop
  endfacet
  facet normal -0 0 1
    outer loop
      vertex 2599.86 1604.17 2
      vertex 3006.01 1583.13 2
      vertex 2600.5 1654.64 2
    endloop
  endfacet
  facet normal 0 0 1
    outer loop
      vertex 3006.01 1583.13 2
      vertex 2599.86 1604.17 2
      vertex 3005.37 1532.66 2
    endloop
  endfacet
  facet normal 0 0 1
    outer loop
      vertex 2587.56 1654.64 2
      vertex 2600.5 1654.64 2
      vertex 2594.03 1655.49 2
    endloop
  endfacet
  facet normal 0 0 1
    outer loop
      vertex 2581.53 1652.14 2
      vertex 2600.5 1654.64 2
      vertex 2587.56 1654.64 2
    endloop
  endfacet
  facet normal 0 0 1
    outer loop
      vertex 2600.5 1654.64 2
      vertex 2581.53 1652.14 2
      vertex 2599.86 1604.17 2
    endloop
  endfacet
  facet normal 0 0 1
    outer loop
      vertex 900.403 475 2
      vertex 2599.86 1604.17 2
      vertex 2581.53 1652.14 2
    endloop
  endfacet
  facet normal 0 0 1
    outer loop
      vertex 2599.86 1604.17 2
      vertex 900.403 475 2
      vertex 920.62 428.349 2
    endloop
  endfacet
  facet normal 0 0 1
    outer loop
      vertex 920.62 428.349 2
      vertex 900.403 475 2
      vertex 914.59 425.852 2
    endloop
  endfacet
  facet normal 0 0 1
    outer loop
      vertex 914.59 425.852 2
      vertex 900.403 475 2
      vertex 908.12 425 2
    endloop
  endfacet
  facet normal 0 0 1
    outer loop
      vertex 900.403 475 2
      vertex 25 425 2
      vertex 908.12 425 2
    endloop
  endfacet
  facet normal 0 0 1
    outer loop
      vertex 25 425 2
      vertex -25 425 2
      vertex 25 -425 2
    endloop
  endfacet
  facet normal 0 0 1
    outer loop
      vertex 900.403 475 2
      vertex -25 425 2
      vertex 25 425 2
    endloop
  endfacet
  facet normal -0 0 1
    outer loop
      vertex -1200 475 2
      vertex -25 425 2
      vertex 900.403 475 2
    endloop
  endfacet
  facet normal -0 0 1
    outer loop
      vertex -1225 450 2
      vertex -1175 425 2
      vertex -1200 475 2
    endloop
  endfacet
  facet normal 0 0 1
    outer loop
      vertex -25 425 2
      vertex -1200 475 2
      vertex -1175 425 2
    endloop
  endfacet
  facet normal 0 0 1
    outer loop
      vertex 12629.1 2420.72 2
      vertex 12629.1 2407.78 2
      vertex 12629.9 2414.25 2
    endloop
  endfacet
  facet normal 0 0 1
    outer loop
      vertex 12626.6 2426.75 2
      vertex 12629.1 2407.78 2
      vertex 12629.1 2420.72 2
    endloop
  endfacet
  facet normal 0 0 1
    outer loop
      vertex 12626.6 2426.75 2
      vertex 12626.6 2401.75 2
      vertex 12629.1 2407.78 2
    endloop
  endfacet
  facet normal 0 0 1
    outer loop
      vertex 12626.6 2426.75 2
      vertex 12622.6 2396.57 2
      vertex 12626.6 2401.75 2
    endloop
  endfacet
  facet normal 0 0 1
    outer loop
      vertex 12626.6 2426.75 2
      vertex 12617.4 2392.6 2
      vertex 12622.6 2396.57 2
    endloop
  endfacet
  facet normal 0 0 1
    outer loop
      vertex 12626.6 2426.75 2
      vertex 12570.2 2420.37 2
      vertex 12617.4 2392.6 2
    endloop
  endfacet
  facet normal 0 0 1
    outer loop
      vertex 11622.8 3860.26 2
      vertex 12570.2 2420.37 2
      vertex 12626.6 2426.75 2
    endloop
  endfacet
  facet normal 0 0 1
    outer loop
      vertex 11580.8 3833.45 2
      vertex 11622.8 3860.26 2
      vertex 11601.1 3847.67 2
    endloop
  endfacet
  facet normal 0 0 1
    outer loop
      vertex 11622.8 3860.26 2
      vertex 11580.8 3833.45 2
      vertex 12570.2 2420.37 2
    endloop
  endfacet
  facet normal 0 0 1
    outer loop
      vertex 12570.2 2420.37 2
      vertex 10446.7 872.619 2
      vertex 12617.4 2392.6 2
    endloop
  endfacet
  facet normal -0 0 1
    outer loop
      vertex 10421.7 915.921 2
      vertex 10446.7 872.619 2
      vertex 12570.2 2420.37 2
    endloop
  endfacet
  facet normal 0 0 1
    outer loop
      vertex 10175.9 743.851 2
      vertex 10446.7 872.619 2
      vertex 10421.7 915.921 2
    endloop
  endfacet
  facet normal 0 0 1
    outer loop
      vertex 10446.7 872.619 2
      vertex 10175.9 743.851 2
      vertex 10200.9 700.549 2
    endloop
  endfacet
  facet normal 0 0 1
    outer loop
      vertex 9070.08 -30.4794 2
      vertex 10200.9 700.549 2
      vertex 10175.9 743.851 2
    endloop
  endfacet
  facet normal 0 0 1
    outer loop
      vertex 10200.9 700.549 2
      vertex 9070.08 -30.4794 2
      vertex 9095.08 -73.7806 2
    endloop
  endfacet
  facet normal 0 0 1
    outer loop
      vertex 8824.33 -202.549 2
      vertex 9095.08 -73.7806 2
      vertex 9070.08 -30.4794 2
    endloop
  endfacet
  facet normal 0 0 1
    outer loop
      vertex 9095.08 -73.7806 2
      vertex 8824.33 -202.549 2
      vertex 8849.33 -245.851 2
    endloop
  endfacet
  facet normal 0 0 1
    outer loop
      vertex 6917.94 -1537.42 2
      vertex 8849.33 -245.851 2
      vertex 8824.33 -202.549 2
    endloop
  endfacet
  facet normal 0 0 1
    outer loop
      vertex 8849.33 -245.851 2
      vertex 6917.94 -1537.42 2
      vertex 6924.32 -1593.76 2
    endloop
  endfacet
  facet normal -0 0 1
    outer loop
      vertex 6890.17 -1584.61 2
      vertex 6924.32 -1593.76 2
      vertex 6917.94 -1537.42 2
    endloop
  endfacet
  facet normal 0 0 1
    outer loop
      vertex 6924.32 -1593.76 2
      vertex 6890.17 -1584.61 2
      vertex 6918.29 -1596.26 2
    endloop
  endfacet
  facet normal 0 0 1
    outer loop
      vertex 6918.29 -1596.26 2
      vertex 6890.17 -1584.61 2
      vertex 6911.82 -1597.11 2
    endloop
  endfacet
  facet normal 0 0 1
    outer loop
      vertex 6911.82 -1597.11 2
      vertex 6890.17 -1584.61 2
      vertex 6905.35 -1596.26 2
    endloop
  endfacet
  facet normal 0 0 1
    outer loop
      vertex 6905.35 -1596.26 2
      vertex 6890.17 -1584.61 2
      vertex 6899.32 -1593.76 2
    endloop
  endfacet
  facet normal 0 0 1
    outer loop
      vertex 6899.32 -1593.76 2
      vertex 6890.17 -1584.61 2
      vertex 6894.14 -1589.79 2
    endloop
  endfacet
  facet normal -0 0 1
    outer loop
      vertex 6217.41 -623.816 2
      vertex 6917.94 -1537.42 2
      vertex 6245.18 -576.63 2
    endloop
  endfacet
  facet normal 0 0 1
    outer loop
      vertex 6211.03 -567.479 2
      vertex 6245.18 -576.63 2
      vertex 6241.21 -571.452 2
    endloop
  endfacet
  facet normal -0 0 1
    outer loop
      vertex 6211.03 -567.479 2
      vertex 6241.21 -571.452 2
      vertex 6236.03 -567.479 2
    endloop
  endfacet
  facet normal 0 0 1
    outer loop
      vertex 6211.03 -567.479 2
      vertex 6236.03 -567.479 2
      vertex 6230 -564.982 2
    endloop
  endfacet
  facet normal 0 0 1
    outer loop
      vertex 6211.03 -567.479 2
      vertex 6230 -564.982 2
      vertex 6223.53 -564.13 2
    endloop
  endfacet
  facet normal 0 0 1
    outer loop
      vertex 6917.94 -1537.42 2
      vertex 6217.41 -623.816 2
      vertex 6890.17 -1584.61 2
    endloop
  endfacet
  facet normal 0 0 1
    outer loop
      vertex 6211.03 -567.479 2
      vertex 6223.53 -564.13 2
      vertex 6217.06 -564.982 2
    endloop
  endfacet
  facet normal 0 0 1
    outer loop
      vertex 6245.18 -576.63 2
      vertex 6211.03 -567.479 2
      vertex 6217.41 -623.816 2
    endloop
  endfacet
  facet normal 0 0 1
    outer loop
      vertex 4608.03 -1689.91 2
      vertex 6217.41 -623.816 2
      vertex 6211.03 -567.479 2
    endloop
  endfacet
  facet normal 0 0 1
    outer loop
      vertex 6217.41 -623.816 2
      vertex 4608.03 -1689.91 2
      vertex 4627.39 -1737.16 2
    endloop
  endfacet
  facet normal 0 0 1
    outer loop
      vertex 4627.39 -1737.16 2
      vertex 4608.03 -1689.91 2
      vertex 4621.36 -1739.66 2
    endloop
  endfacet
  facet normal 0 0 1
    outer loop
      vertex 4621.36 -1739.66 2
      vertex 4608.03 -1689.91 2
      vertex 4614.89 -1740.51 2
    endloop
  endfacet
  facet normal 0 0 1
    outer loop
      vertex 3382.89 -1582.72 2
      vertex 4614.89 -1740.51 2
      vertex 4608.03 -1689.91 2
    endloop
  endfacet
  facet normal 0 0 1
    outer loop
      vertex 4614.89 -1740.51 2
      vertex 3382.89 -1582.72 2
      vertex 3355.91 -1630.36 2
    endloop
  endfacet
  facet normal 0 0 1
    outer loop
      vertex 11552.1 3874.41 2
      vertex 11400.4 4134.38 2
      vertex 11380 4120.15 2
    endloop
  endfacet
  facet normal 0 0 1
    outer loop
      vertex 11375.6 2641.74 2
      vertex 11375.6 2628.8 2
      vertex 11376.5 2635.27 2
    endloop
  endfacet
  facet normal 0 0 1
    outer loop
      vertex 11373.1 2647.77 2
      vertex 11375.6 2628.8 2
      vertex 11375.6 2641.74 2
    endloop
  endfacet
  facet normal 0 0 1
    outer loop
      vertex 11373.1 2647.77 2
      vertex 11373.1 2622.77 2
      vertex 11375.6 2628.8 2
    endloop
  endfacet
  facet normal 0 0 1
    outer loop
      vertex 11373.1 2647.77 2
      vertex 11369.1 2617.59 2
      vertex 11373.1 2622.77 2
    endloop
  endfacet
  facet normal 0 0 1
    outer loop
      vertex 11373.1 2647.77 2
      vertex 11364 2613.62 2
      vertex 11369.1 2617.59 2
    endloop
  endfacet
  facet normal 0 0 1
    outer loop
      vertex 11373.1 2647.77 2
      vertex 11316.8 2641.39 2
      vertex 11364 2613.62 2
    endloop
  endfacet
  facet normal 0 0 1
    outer loop
      vertex 10885.6 3344.04 2
      vertex 11316.8 2641.39 2
      vertex 11373.1 2647.77 2
    endloop
  endfacet
  facet normal 0 0 1
    outer loop
      vertex 10863.8 3331.5 2
      vertex 10885.6 3344.04 2
      vertex 10884.3 3345.85 2
    endloop
  endfacet
  facet normal 0 0 1
    outer loop
      vertex 10885.6 3344.04 2
      vertex 10863.8 3331.5 2
      vertex 11316.8 2641.39 2
    endloop
  endfacet
  facet normal 0 0 1
    outer loop
      vertex 10863.8 3331.5 2
      vertex 10842.3 3319.04 2
      vertex 11316.8 2641.39 2
    endloop
  endfacet
  facet normal 0 0 1
    outer loop
      vertex 10835.1 3372.46 2
      vertex 10842.3 3319.04 2
      vertex 10863.8 3331.5 2
    endloop
  endfacet
  facet normal -0 0 1
    outer loop
      vertex 10663.1 3618.22 2
      vertex 10835.1 3372.46 2
      vertex 10683.6 3632.55 2
    endloop
  endfacet
  facet normal 0 0 1
    outer loop
      vertex 10835.1 3372.46 2
      vertex 10663.1 3618.22 2
      vertex 10842.3 3319.04 2
    endloop
  endfacet
  facet normal 0 0 1
    outer loop
      vertex 10634.4 3659.18 2
      vertex 10842.3 3319.04 2
      vertex 10663.1 3618.22 2
    endloop
  endfacet
  facet normal -0 0 1
    outer loop
      vertex 9895.88 4670.65 2
      vertex 10634.4 3659.18 2
      vertex 9939.18 4695.65 2
    endloop
  endfacet
  facet normal 0 0 1
    outer loop
      vertex 10634.4 3659.18 2
      vertex 9895.88 4670.65 2
      vertex 10842.3 3319.04 2
    endloop
  endfacet
  facet normal -0 0 1
    outer loop
      vertex 9452.55 5303.78 2
      vertex 9939.18 4695.65 2
      vertex 9480.32 5350.97 2
    endloop
  endfacet
  facet normal 0 0 1
    outer loop
      vertex 9446.17 5360.12 2
      vertex 9480.32 5350.97 2
      vertex 9476.35 5356.15 2
    endloop
  endfacet
  facet normal -0 0 1
    outer loop
      vertex 9446.17 5360.12 2
      vertex 9476.35 5356.15 2
      vertex 9471.17 5360.12 2
    endloop
  endfacet
  facet normal 0 0 1
    outer loop
      vertex 9446.17 5360.12 2
      vertex 9471.17 5360.12 2
      vertex 9465.14 5362.62 2
    endloop
  endfacet
  facet normal 0 0 1
    outer loop
      vertex 9446.17 5360.12 2
      vertex 9465.14 5362.62 2
      vertex 9458.67 5363.47 2
    endloop
  endfacet
  facet normal 0 0 1
    outer loop
      vertex 9939.18 4695.65 2
      vertex 9452.55 5303.78 2
      vertex 9895.88 4670.65 2
    endloop
  endfacet
  facet normal 0 0 1
    outer loop
      vertex 9446.17 5360.12 2
      vertex 9458.67 5363.47 2
      vertex 9452.2 5362.62 2
    endloop
  endfacet
  facet normal 0 0 1
    outer loop
      vertex 9480.32 5350.97 2
      vertex 9446.17 5360.12 2
      vertex 9452.55 5303.78 2
    endloop
  endfacet
  facet normal 0 0 1
    outer loop
      vertex 8306.03 4561.78 2
      vertex 9452.55 5303.78 2
      vertex 9446.17 5360.12 2
    endloop
  endfacet
  facet normal 0 0 1
    outer loop
      vertex 9452.55 5303.78 2
      vertex 8306.03 4561.78 2
      vertex 8324.36 4513.81 2
    endloop
  endfacet
  facet normal 0 0 1
    outer loop
      vertex 8305.39 4511.31 2
      vertex 8324.36 4513.81 2
      vertex 8306.03 4561.78 2
    endloop
  endfacet
  facet normal 0 0 1
    outer loop
      vertex 8324.36 4513.81 2
      vertex 8305.39 4511.31 2
      vertex 8318.33 4511.31 2
    endloop
  endfacet
  facet normal 0 0 1
    outer loop
      vertex 8318.33 4511.31 2
      vertex 8305.39 4511.31 2
      vertex 8311.86 4510.46 2
    endloop
  endfacet
  facet normal 0 0 1
    outer loop
      vertex 8108.78 4545.98 2
      vertex 8306.03 4561.78 2
      vertex 8109.42 4596.45 2
    endloop
  endfacet
  facet normal 0 0 1
    outer loop
      vertex 8306.03 4561.78 2
      vertex 8108.78 4545.98 2
      vertex 8305.39 4511.31 2
    endloop
  endfacet
  facet normal 0 0 1
    outer loop
      vertex 8102.95 4597.3 2
      vertex 8108.78 4545.98 2
      vertex 8109.42 4596.45 2
    endloop
  endfacet
  facet normal -0 0 1
    outer loop
      vertex 8096.48 4596.45 2
      vertex 8108.78 4545.98 2
      vertex 8102.95 4597.3 2
    endloop
  endfacet
  facet normal -0 0 1
    outer loop
      vertex 8090.45 4593.95 2
      vertex 8108.78 4545.98 2
      vertex 8096.48 4596.45 2
    endloop
  endfacet
  facet normal 0 0 1
    outer loop
      vertex 6452.15 3446.79 2
      vertex 8108.78 4545.98 2
      vertex 8090.45 4593.95 2
    endloop
  endfacet
  facet normal 0 0 1
    outer loop
      vertex 8108.78 4545.98 2
      vertex 6452.15 3446.79 2
      vertex 6487.39 3410.66 2
    endloop
  endfacet
  facet normal -0 0 1
    outer loop
      vertex 6440.5 3431.61 2
      vertex 6487.39 3410.66 2
      vertex 6452.15 3446.79 2
    endloop
  endfacet
  facet normal 0 0 1
    outer loop
      vertex 6405.08 3230.71 2
      vertex 6487.39 3410.66 2
      vertex 6440.5 3431.61 2
    endloop
  endfacet
  facet normal 0 0 1
    outer loop
      vertex 6440.5 3431.61 2
      vertex 6452.15 3446.79 2
      vertex 6446.97 3442.82 2
    endloop
  endfacet
  facet normal 0 0 1
    outer loop
      vertex 6487.39 3410.66 2
      vertex 6405.08 3230.71 2
      vertex 6451.96 3209.76 2
    endloop
  endfacet
  facet normal 0 0 1
    outer loop
      vertex 6440.5 3431.61 2
      vertex 6446.97 3442.82 2
      vertex 6443 3437.64 2
    endloop
  endfacet
  facet normal 0 -0 1
    outer loop
      vertex 6440.31 3194.58 2
      vertex 6451.96 3209.76 2
      vertex 6405.08 3230.71 2
    endloop
  endfacet
  facet normal 0 0 1
    outer loop
      vertex 6451.96 3209.76 2
      vertex 6440.31 3194.58 2
      vertex 6449.46 3203.73 2
    endloop
  endfacet
  facet normal 0 0 1
    outer loop
      vertex 6449.46 3203.73 2
      vertex 6440.31 3194.58 2
      vertex 6445.49 3198.55 2
    endloop
  endfacet
  facet normal 0 0 1
    outer loop
      vertex 6405.08 3230.71 2
      vertex 5498.28 2534.97 2
      vertex 6440.31 3194.58 2
    endloop
  endfacet
  facet normal -0 0 1
    outer loop
      vertex 5473.28 2578.27 2
      vertex 5498.28 2534.97 2
      vertex 6405.08 3230.71 2
    endloop
  endfacet
  facet normal 0 0 1
    outer loop
      vertex 5227.54 2406.2 2
      vertex 5498.28 2534.97 2
      vertex 5473.28 2578.27 2
    endloop
  endfacet
  facet normal 0 0 1
    outer loop
      vertex 5498.28 2534.97 2
      vertex 5227.54 2406.2 2
      vertex 5252.54 2362.9 2
    endloop
  endfacet
  facet normal 0 0 1
    outer loop
      vertex 3343.49 1086.97 2
      vertex 5252.54 2362.9 2
      vertex 5227.54 2406.2 2
    endloop
  endfacet
  facet normal 0 0 1
    outer loop
      vertex 5252.54 2362.9 2
      vertex 3343.49 1086.97 2
      vertex 3368.49 1043.67 2
    endloop
  endfacet
  facet normal 0 0 1
    outer loop
      vertex 3097.74 914.901 2
      vertex 3368.49 1043.67 2
      vertex 3343.49 1086.97 2
    endloop
  endfacet
  facet normal 0 0 1
    outer loop
      vertex 3368.49 1043.67 2
      vertex 3097.74 914.901 2
      vertex 3122.74 871.599 2
    endloop
  endfacet
  facet normal 0 0 1
    outer loop
      vertex 1184.16 -425 2
      vertex 3122.74 871.599 2
      vertex 3097.74 914.901 2
    endloop
  endfacet
  facet normal 0 0 1
    outer loop
      vertex 3122.74 871.599 2
      vertex 1184.16 -425 2
      vertex 1204.38 -471.651 2
    endloop
  endfacet
  facet normal 0 0 1
    outer loop
      vertex 1204.38 -471.651 2
      vertex 1184.16 -425 2
      vertex 1198.35 -474.148 2
    endloop
  endfacet
  facet normal 0 0 1
    outer loop
      vertex 1198.35 -474.148 2
      vertex 1184.16 -425 2
      vertex 1191.88 -475 2
    endloop
  endfacet
  facet normal -0 0 1
    outer loop
      vertex 25 -425 2
      vertex 1191.88 -475 2
      vertex 1184.16 -425 2
    endloop
  endfacet
  facet normal 0 0 1
    outer loop
      vertex -25 -425 2
      vertex 25 -425 2
      vertex -25 425 2
    endloop
  endfacet
  facet normal -0 0 1
    outer loop
      vertex -25 -425 2
      vertex 1191.88 -475 2
      vertex 25 -425 2
    endloop
  endfacet
  facet normal 0 0 1
    outer loop
      vertex -1200 -475 2
      vertex -25 -425 2
      vertex -1175 -425 2
    endloop
  endfacet
  facet normal 0 0 1
    outer loop
      vertex -25 -425 2
      vertex -1200 -475 2
      vertex 1191.88 -475 2
    endloop
  endfacet
  facet normal 0 0 1
    outer loop
      vertex -1175 425 2
      vertex -1225 450 2
      vertex -1175 -425 2
    endloop
  endfacet
  facet normal 0 0 1
    outer loop
      vertex -1225 450 2
      vertex -1200 475 2
      vertex -1206.47 474.148 2
    endloop
  endfacet
  facet normal 0 0 1
    outer loop
      vertex -1225 -450 2
      vertex -1175 -425 2
      vertex -1225 450 2
    endloop
  endfacet
  facet normal 0 0 1
    outer loop
      vertex -1225 450 2
      vertex -1206.47 474.148 2
      vertex -1212.5 471.651 2
    endloop
  endfacet
  facet normal 0 0 1
    outer loop
      vertex -1175 -425 2
      vertex -1225 -450 2
      vertex -1200 -475 2
    endloop
  endfacet
  facet normal 0 0 1
    outer loop
      vertex -1225 450 2
      vertex -1212.5 471.651 2
      vertex -1217.68 467.678 2
    endloop
  endfacet
  facet normal 0 0 1
    outer loop
      vertex -1200 -475 2
      vertex -1225 -450 2
      vertex -1206.47 -474.148 2
    endloop
  endfacet
  facet normal 0 0 1
    outer loop
      vertex -1225 450 2
      vertex -1217.68 467.678 2
      vertex -1221.65 462.5 2
    endloop
  endfacet
  facet normal 0 0 1
    outer loop
      vertex -1206.47 -474.148 2
      vertex -1225 -450 2
      vertex -1212.5 -471.651 2
    endloop
  endfacet
  facet normal 0 0 1
    outer loop
      vertex -1225 450 2
      vertex -1221.65 462.5 2
      vertex -1224.15 456.47 2
    endloop
  endfacet
  facet normal 0 0 1
    outer loop
      vertex -1212.5 -471.651 2
      vertex -1225 -450 2
      vertex -1217.68 -467.678 2
    endloop
  endfacet
  facet normal 0 0 1
    outer loop
      vertex -1217.68 -467.678 2
      vertex -1225 -450 2
      vertex -1221.65 -462.5 2
    endloop
  endfacet
  facet normal 0 0 1
    outer loop
      vertex -1221.65 -462.5 2
      vertex -1225 -450 2
      vertex -1224.15 -456.47 2
    endloop
  endfacet
  facet normal 0 0 1
    outer loop
      vertex 11316.8 2641.39 2
      vertex 9940.7 1617.03 2
      vertex 11364 2613.62 2
    endloop
  endfacet
  facet normal -0 0 1
    outer loop
      vertex 9905.46 1653.16 2
      vertex 9940.7 1617.03 2
      vertex 11316.8 2641.39 2
    endloop
  endfacet
  facet normal 0 0 1
    outer loop
      vertex 9896.31 1644.01 2
      vertex 9905.46 1653.16 2
      vertex 9900.28 1649.19 2
    endloop
  endfacet
  facet normal 0 0 1
    outer loop
      vertex 9893.81 1637.98 2
      vertex 9905.46 1653.16 2
      vertex 9896.31 1644.01 2
    endloop
  endfacet
  facet normal 0 0 1
    outer loop
      vertex 9905.46 1653.16 2
      vertex 9893.81 1637.98 2
      vertex 9940.7 1617.03 2
    endloop
  endfacet
  facet normal 0 0 1
    outer loop
      vertex 9821.55 1228.17 2
      vertex 9940.7 1617.03 2
      vertex 9893.81 1637.98 2
    endloop
  endfacet
  facet normal 0 0 1
    outer loop
      vertex 9940.7 1617.03 2
      vertex 9821.55 1228.17 2
      vertex 9868.44 1207.22 2
    endloop
  endfacet
  facet normal 0 -0 1
    outer loop
      vertex 9856.79 1192.04 2
      vertex 9868.44 1207.22 2
      vertex 9821.55 1228.17 2
    endloop
  endfacet
  facet normal 0 0 1
    outer loop
      vertex 9868.44 1207.22 2
      vertex 9856.79 1192.04 2
      vertex 9865.94 1201.19 2
    endloop
  endfacet
  facet normal 0 0 1
    outer loop
      vertex 9865.94 1201.19 2
      vertex 9856.79 1192.04 2
      vertex 9861.97 1196.01 2
    endloop
  endfacet
  facet normal 0 0 1
    outer loop
      vertex 8732.6 465.678 2
      vertex 9856.79 1192.04 2
      vertex 9821.55 1228.17 2
    endloop
  endfacet
  facet normal 0 0 1
    outer loop
      vertex 9856.79 1192.04 2
      vertex 8732.6 465.678 2
      vertex 8750.93 417.709 2
    endloop
  endfacet
  facet normal 0 0 1
    outer loop
      vertex 8731.96 415.212 2
      vertex 8750.93 417.709 2
      vertex 8732.6 465.678 2
    endloop
  endfacet
  facet normal 0 0 1
    outer loop
      vertex 8750.93 417.709 2
      vertex 8731.96 415.212 2
      vertex 8744.9 415.212 2
    endloop
  endfacet
  facet normal 0 0 1
    outer loop
      vertex 8744.9 415.212 2
      vertex 8731.96 415.212 2
      vertex 8738.43 414.36 2
    endloop
  endfacet
  facet normal -0 0 1
    outer loop
      vertex 8326.44 486.712 2
      vertex 8732.6 465.678 2
      vertex 8327.08 537.178 2
    endloop
  endfacet
  facet normal 0 0 1
    outer loop
      vertex 8732.6 465.678 2
      vertex 8326.44 486.712 2
      vertex 8731.96 415.212 2
    endloop
  endfacet
  facet normal 0 0 1
    outer loop
      vertex 8314.14 537.178 2
      vertex 8327.08 537.178 2
      vertex 8320.61 538.03 2
    endloop
  endfacet
  facet normal 0 0 1
    outer loop
      vertex 8308.11 534.681 2
      vertex 8327.08 537.178 2
      vertex 8314.14 537.178 2
    endloop
  endfacet
  facet normal 0 0 1
    outer loop
      vertex 8327.08 537.178 2
      vertex 8308.11 534.681 2
      vertex 8326.44 486.712 2
    endloop
  endfacet
  facet normal 0 0 1
    outer loop
      vertex 7138.96 -283.964 2
      vertex 8326.44 486.712 2
      vertex 8308.11 534.681 2
    endloop
  endfacet
  facet normal 0 0 1
    outer loop
      vertex 8326.44 486.712 2
      vertex 7138.96 -283.964 2
      vertex 7145.34 -340.301 2
    endloop
  endfacet
  facet normal -0 0 1
    outer loop
      vertex 7111.19 -331.15 2
      vertex 7145.34 -340.301 2
      vertex 7138.96 -283.964 2
    endloop
  endfacet
  facet normal 0 0 1
    outer loop
      vertex 7145.34 -340.301 2
      vertex 7111.19 -331.15 2
      vertex 7139.31 -342.798 2
    endloop
  endfacet
  facet normal 0 0 1
    outer loop
      vertex 7139.31 -342.798 2
      vertex 7111.19 -331.15 2
      vertex 7132.84 -343.65 2
    endloop
  endfacet
  facet normal 0 0 1
    outer loop
      vertex 7132.84 -343.65 2
      vertex 7111.19 -331.15 2
      vertex 7126.37 -342.798 2
    endloop
  endfacet
  facet normal 0 0 1
    outer loop
      vertex 7126.37 -342.798 2
      vertex 7111.19 -331.15 2
      vertex 7120.34 -340.301 2
    endloop
  endfacet
  facet normal 0 0 1
    outer loop
      vertex 7120.34 -340.301 2
      vertex 7111.19 -331.15 2
      vertex 7115.16 -336.328 2
    endloop
  endfacet
  facet normal -0 0 1
    outer loop
      vertex 6438.43 629.644 2
      vertex 7138.96 -283.964 2
      vertex 6466.2 676.83 2
    endloop
  endfacet
  facet normal 0 0 1
    outer loop
      vertex 6432.05 685.981 2
      vertex 6466.2 676.83 2
      vertex 6462.23 682.008 2
    endloop
  endfacet
  facet normal -0 0 1
    outer loop
      vertex 6432.05 685.981 2
      vertex 6462.23 682.008 2
      vertex 6457.05 685.981 2
    endloop
  endfacet
  facet normal 0 0 1
    outer loop
      vertex 6432.05 685.981 2
      vertex 6457.05 685.981 2
      vertex 6451.02 688.478 2
    endloop
  endfacet
  facet normal 0 0 1
    outer loop
      vertex 6432.05 685.981 2
      vertex 6451.02 688.478 2
      vertex 6444.55 689.33 2
    endloop
  endfacet
  facet normal 0 0 1
    outer loop
      vertex 7138.96 -283.964 2
      vertex 6438.43 629.644 2
      vertex 7111.19 -331.15 2
    endloop
  endfacet
  facet normal 0 0 1
    outer loop
      vertex 6432.05 685.981 2
      vertex 6444.55 689.33 2
      vertex 6438.08 688.478 2
    endloop
  endfacet
  facet normal 0 0 1
    outer loop
      vertex 6466.2 676.83 2
      vertex 6432.05 685.981 2
      vertex 6438.43 629.644 2
    endloop
  endfacet
  facet normal 0 0 1
    outer loop
      vertex 4360.15 -764.78 2
      vertex 6438.43 629.644 2
      vertex 6432.05 685.981 2
    endloop
  endfacet
  facet normal 0 0 1
    outer loop
      vertex 6438.43 629.644 2
      vertex 4360.15 -764.78 2
      vertex 4379.51 -812.031 2
    endloop
  endfacet
  facet normal 0 0 1
    outer loop
      vertex 4379.51 -812.031 2
      vertex 4360.15 -764.78 2
      vertex 4373.48 -814.528 2
    endloop
  endfacet
  facet normal 0 0 1
    outer loop
      vertex 4373.48 -814.528 2
      vertex 4360.15 -764.78 2
      vertex 4367.01 -815.38 2
    endloop
  endfacet
  facet normal 0 0 1
    outer loop
      vertex 4360.15 -764.78 2
      vertex 3456.99 -735.771 2
      vertex 4367.01 -815.38 2
    endloop
  endfacet
  facet normal 0 0 1
    outer loop
      vertex 3434.35 -683.79 2
      vertex 3456.99 -735.771 2
      vertex 4360.15 -764.78 2
    endloop
  endfacet
  facet normal -0 0 1
    outer loop
      vertex 3407.37 -731.429 2
      vertex 3456.99 -735.771 2
      vertex 3434.35 -683.79 2
    endloop
  endfacet
  facet normal 0 0 1
    outer loop
      vertex 3407.37 -731.429 2
      vertex 3382.89 -1582.72 2
      vertex 3456.99 -735.771 2
    endloop
  endfacet
  facet normal -0 0 1
    outer loop
      vertex 3333.27 -1578.38 2
      vertex 3382.89 -1582.72 2
      vertex 3407.37 -731.429 2
    endloop
  endfacet
  facet normal 0 0 1
    outer loop
      vertex 3382.89 -1582.72 2
      vertex 3333.27 -1578.38 2
      vertex 3355.91 -1630.36 2
    endloop
  endfacet
  facet normal -0 0 1
    outer loop
      vertex 2160.48 -1525.78 2
      vertex 3333.27 -1578.38 2
      vertex 2187.46 -1478.14 2
    endloop
  endfacet
  facet normal 0 0 1
    outer loop
      vertex 3333.27 -1578.38 2
      vertex 2160.48 -1525.78 2
      vertex 3355.91 -1630.36 2
    endloop
  endfacet
  facet normal 0.382591 -0.923918 0
    outer loop
      vertex 914.59 425.852 0
      vertex 920.62 428.349 2
      vertex 914.59 425.852 2
    endloop
  endfacet
  facet normal 0.382591 -0.923918 0
    outer loop
      vertex 920.62 428.349 2
      vertex 914.59 425.852 0
      vertex 920.62 428.349 0
    endloop
  endfacet
  facet normal 0 0 1
    outer loop
      vertex 12804.9 6791.92 0
      vertex 12629.9 2414.25 0
      vertex 12804.9 -1915.51 0
    endloop
  endfacet
  facet normal 0 0 1
    outer loop
      vertex 12804.9 6791.92 0
      vertex 12629.1 2420.72 0
      vertex 12629.9 2414.25 0
    endloop
  endfacet
  facet normal 0 0 1
    outer loop
      vertex 12804.9 6791.92 0
      vertex 12626.6 2426.75 0
      vertex 12629.1 2420.72 0
    endloop
  endfacet
  facet normal 0 0 1
    outer loop
      vertex 12804.9 6791.92 0
      vertex 11622.8 3860.26 0
      vertex 12626.6 2426.75 0
    endloop
  endfacet
  facet normal 0 0 1
    outer loop
      vertex 12804.9 6791.92 0
      vertex 10986.6 4943.35 0
      vertex 11622.8 3860.26 0
    endloop
  endfacet
  facet normal 0 0 1
    outer loop
      vertex 12804.9 6791.92 0
      vertex 10957.9 4984.31 0
      vertex 10986.6 4943.35 0
    endloop
  endfacet
  facet normal -0 0 1
    outer loop
      vertex 10785.9 5230.06 0
      vertex 10957.9 4984.31 0
      vertex 12804.9 6791.92 0
    endloop
  endfacet
  facet normal 0 0 1
    outer loop
      vertex 10957.9 4984.31 0
      vertex 10785.9 5230.06 0
      vertex 10917 4955.63 0
    endloop
  endfacet
  facet normal 0 0 1
    outer loop
      vertex 12804.9 6791.92 0
      vertex 10757.2 5271.02 0
      vertex 10785.9 5230.06 0
    endloop
  endfacet
  facet normal -0 0 1
    outer loop
      vertex 9701.34 6604.42 0
      vertex 10757.2 5271.02 0
      vertex 12804.9 6791.92 0
    endloop
  endfacet
  facet normal 0 0 1
    outer loop
      vertex 10716.2 5242.35 0
      vertex 9701.34 6604.42 0
      vertex 10676.4 5211.86 0
    endloop
  endfacet
  facet normal 0 0 1
    outer loop
      vertex 10757.2 5271.02 0
      vertex 9701.34 6604.42 0
      vertex 10716.2 5242.35 0
    endloop
  endfacet
  facet normal 0 0 1
    outer loop
      vertex 12804.9 6791.92 0
      vertex 9697.37 6609.6 0
      vertex 9701.34 6604.42 0
    endloop
  endfacet
  facet normal 0 0 1
    outer loop
      vertex 12804.9 6791.92 0
      vertex 9692.19 6613.57 0
      vertex 9697.37 6609.6 0
    endloop
  endfacet
  facet normal 0 0 1
    outer loop
      vertex 12804.9 6791.92 0
      vertex 9686.16 6616.07 0
      vertex 9692.19 6613.57 0
    endloop
  endfacet
  facet normal 0 0 1
    outer loop
      vertex 12804.9 6791.92 0
      vertex 9679.69 6616.92 0
      vertex 9686.16 6616.07 0
    endloop
  endfacet
  facet normal 0 0 1
    outer loop
      vertex 7771.49 5279.17 0
      vertex 6114.67 3942.95 0
      vertex 7736.06 5078.27 0
    endloop
  endfacet
  facet normal 0 0 1
    outer loop
      vertex 5911.59 3978.47 0
      vertex 7771.49 5279.17 0
      vertex 7773.99 5285.2 0
    endloop
  endfacet
  facet normal 0 0 1
    outer loop
      vertex 5905.12 3977.62 0
      vertex 7773.99 5285.2 0
      vertex 7777.96 5290.38 0
    endloop
  endfacet
  facet normal 0 0 1
    outer loop
      vertex 7771.49 5279.17 0
      vertex 5918.06 3977.62 0
      vertex 6114.67 3942.95 0
    endloop
  endfacet
  facet normal 0 0 1
    outer loop
      vertex -1400 6791.92 0
      vertex 7777.96 5290.38 0
      vertex 7783.14 5294.35 0
    endloop
  endfacet
  facet normal 0 0 1
    outer loop
      vertex 7771.49 5279.17 0
      vertex 5911.59 3978.47 0
      vertex 5918.06 3977.62 0
    endloop
  endfacet
  facet normal 0 0 1
    outer loop
      vertex 7773.99 5285.2 0
      vertex 5905.12 3977.62 0
      vertex 5911.59 3978.47 0
    endloop
  endfacet
  facet normal 0 0 1
    outer loop
      vertex 7777.96 5290.38 0
      vertex 5899.09 3975.12 0
      vertex 5905.12 3977.62 0
    endloop
  endfacet
  facet normal 0 0 1
    outer loop
      vertex 7777.96 5290.38 0
      vertex -1400 6791.92 0
      vertex 5899.09 3975.12 0
    endloop
  endfacet
  facet normal 0 0 1
    outer loop
      vertex 4945.42 3300.33 0
      vertex 3006.01 1583.13 0
      vertex 4873.15 2890.52 0
    endloop
  endfacet
  facet normal 0 0 1
    outer loop
      vertex 2594.03 1655.49 0
      vertex 4945.42 3300.33 0
      vertex 4947.92 3306.36 0
    endloop
  endfacet
  facet normal 0 0 1
    outer loop
      vertex -1400 6791.92 0
      vertex 4947.92 3306.36 0
      vertex 4951.89 3311.54 0
    endloop
  endfacet
  facet normal 0 0 1
    outer loop
      vertex 4945.42 3300.33 0
      vertex 2600.5 1654.64 0
      vertex 3006.01 1583.13 0
    endloop
  endfacet
  facet normal 0 0 1
    outer loop
      vertex -1400 6791.92 0
      vertex 4951.89 3311.54 0
      vertex 4957.07 3315.51 0
    endloop
  endfacet
  facet normal 0 0 1
    outer loop
      vertex 4945.42 3300.33 0
      vertex 2594.03 1655.49 0
      vertex 2600.5 1654.64 0
    endloop
  endfacet
  facet normal 0 0 1
    outer loop
      vertex 4947.92 3306.36 0
      vertex 2587.56 1654.64 0
      vertex 2594.03 1655.49 0
    endloop
  endfacet
  facet normal 0 0 1
    outer loop
      vertex 4947.92 3306.36 0
      vertex -1400 6791.92 0
      vertex 2587.56 1654.64 0
    endloop
  endfacet
  facet normal 0 0 1
    outer loop
      vertex 5899.09 3975.12 0
      vertex -1400 6791.92 0
      vertex 4957.07 3315.51 0
    endloop
  endfacet
  facet normal 0 0 1
    outer loop
      vertex -1400 6791.92 0
      vertex 900.403 475 0
      vertex 2581.53 1652.14 0
    endloop
  endfacet
  facet normal 0 0 1
    outer loop
      vertex 2587.56 1654.64 0
      vertex -1400 6791.92 0
      vertex 2581.53 1652.14 0
    endloop
  endfacet
  facet normal 0 0 1
    outer loop
      vertex -1400 6791.92 0
      vertex 7783.14 5294.35 0
      vertex 9667.19 6613.57 0
    endloop
  endfacet
  facet normal 0 0 1
    outer loop
      vertex 900.403 475 0
      vertex -1400 6791.92 0
      vertex -1200 475 0
    endloop
  endfacet
  facet normal 0 0 1
    outer loop
      vertex -1200 475 0
      vertex -1400 6791.92 0
      vertex -1206.47 474.148 0
    endloop
  endfacet
  facet normal 0 0 1
    outer loop
      vertex -1400 -1915.51 0
      vertex -1225 450 0
      vertex -1400 6791.92 0
    endloop
  endfacet
  facet normal 0 0 1
    outer loop
      vertex -1224.15 456.47 0
      vertex -1400 6791.92 0
      vertex -1225 450 0
    endloop
  endfacet
  facet normal 0 0 1
    outer loop
      vertex -1221.65 462.5 0
      vertex -1400 6791.92 0
      vertex -1224.15 456.47 0
    endloop
  endfacet
  facet normal 0 0 1
    outer loop
      vertex -1217.68 467.678 0
      vertex -1400 6791.92 0
      vertex -1221.65 462.5 0
    endloop
  endfacet
  facet normal 0 0 1
    outer loop
      vertex -1212.5 471.651 0
      vertex -1400 6791.92 0
      vertex -1217.68 467.678 0
    endloop
  endfacet
  facet normal 0 0 1
    outer loop
      vertex -1206.47 474.148 0
      vertex -1400 6791.92 0
      vertex -1212.5 471.651 0
    endloop
  endfacet
  facet normal 0 0 1
    outer loop
      vertex 9673.22 6616.07 0
      vertex -1400 6791.92 0
      vertex 9667.19 6613.57 0
    endloop
  endfacet
  facet normal 0 0 1
    outer loop
      vertex 9679.69 6616.92 0
      vertex -1400 6791.92 0
      vertex 9673.22 6616.07 0
    endloop
  endfacet
  facet normal -0 0 1
    outer loop
      vertex -1400 6791.92 0
      vertex 9679.69 6616.92 0
      vertex 12804.9 6791.92 0
    endloop
  endfacet
  facet normal -0 0 1
    outer loop
      vertex 12629.1 2407.78 0
      vertex 12804.9 -1915.51 0
      vertex 12629.9 2414.25 0
    endloop
  endfacet
  facet normal -0 0 1
    outer loop
      vertex 12626.6 2401.75 0
      vertex 12804.9 -1915.51 0
      vertex 12629.1 2407.78 0
    endloop
  endfacet
  facet normal -0 0 1
    outer loop
      vertex 12622.6 2396.57 0
      vertex 12804.9 -1915.51 0
      vertex 12626.6 2401.75 0
    endloop
  endfacet
  facet normal -0 0 1
    outer loop
      vertex 12617.4 2392.6 0
      vertex 12804.9 -1915.51 0
      vertex 12622.6 2396.57 0
    endloop
  endfacet
  facet normal -0 0 1
    outer loop
      vertex 10446.7 872.619 0
      vertex 12804.9 -1915.51 0
      vertex 12617.4 2392.6 0
    endloop
  endfacet
  facet normal -0 0 1
    outer loop
      vertex 10200.9 700.549 0
      vertex 12804.9 -1915.51 0
      vertex 10446.7 872.619 0
    endloop
  endfacet
  facet normal -0 0 1
    outer loop
      vertex 9095.08 -73.7806 0
      vertex 12804.9 -1915.51 0
      vertex 10200.9 700.549 0
    endloop
  endfacet
  facet normal -0 0 1
    outer loop
      vertex 8849.33 -245.851 0
      vertex 12804.9 -1915.51 0
      vertex 9095.08 -73.7806 0
    endloop
  endfacet
  facet normal -0 0 1
    outer loop
      vertex 6924.32 -1593.76 0
      vertex 12804.9 -1915.51 0
      vertex 8849.33 -245.851 0
    endloop
  endfacet
  facet normal -0 0 1
    outer loop
      vertex 6918.29 -1596.26 0
      vertex 12804.9 -1915.51 0
      vertex 6924.32 -1593.76 0
    endloop
  endfacet
  facet normal -0 0 1
    outer loop
      vertex 6911.82 -1597.11 0
      vertex 12804.9 -1915.51 0
      vertex 6918.29 -1596.26 0
    endloop
  endfacet
  facet normal 0 0 1
    outer loop
      vertex 4627.39 -1737.16 0
      vertex 6890.17 -1584.61 0
      vertex 6217.41 -623.816 0
    endloop
  endfacet
  facet normal 0 0 1
    outer loop
      vertex 4627.39 -1737.16 0
      vertex 6894.14 -1589.79 0
      vertex 6890.17 -1584.61 0
    endloop
  endfacet
  facet normal 0 0 1
    outer loop
      vertex 4627.39 -1737.16 0
      vertex 6899.32 -1593.76 0
      vertex 6894.14 -1589.79 0
    endloop
  endfacet
  facet normal 0 0 1
    outer loop
      vertex 4627.39 -1737.16 0
      vertex 6905.35 -1596.26 0
      vertex 6899.32 -1593.76 0
    endloop
  endfacet
  facet normal 0 0 1
    outer loop
      vertex 4621.36 -1739.66 0
      vertex 6905.35 -1596.26 0
      vertex 4627.39 -1737.16 0
    endloop
  endfacet
  facet normal 0 0 1
    outer loop
      vertex 6905.35 -1596.26 0
      vertex 4621.36 -1739.66 0
      vertex 6911.82 -1597.11 0
    endloop
  endfacet
  facet normal 0 0 1
    outer loop
      vertex 4614.89 -1740.51 0
      vertex 6911.82 -1597.11 0
      vertex 4621.36 -1739.66 0
    endloop
  endfacet
  facet normal 0 0 1
    outer loop
      vertex 6911.82 -1597.11 0
      vertex 4614.89 -1740.51 0
      vertex 12804.9 -1915.51 0
    endloop
  endfacet
  facet normal 0 0 1
    outer loop
      vertex -1400 -1915.51 0
      vertex 3355.91 -1630.36 0
      vertex 2160.48 -1525.78 0
    endloop
  endfacet
  facet normal -0 0 1
    outer loop
      vertex 1198.35 -474.148 0
      vertex 2135.48 -1500.78 0
      vertex 1204.38 -471.651 0
    endloop
  endfacet
  facet normal -0 0 1
    outer loop
      vertex 1191.88 -475 0
      vertex 2135.48 -1500.78 0
      vertex 1198.35 -474.148 0
    endloop
  endfacet
  facet normal 0 0 1
    outer loop
      vertex 2135.48 -1500.78 0
      vertex 1191.88 -475 0
      vertex 2136.33 -1507.25 0
    endloop
  endfacet
  facet normal 0 0 1
    outer loop
      vertex -1400 -1915.51 0
      vertex 2136.33 -1507.25 0
      vertex 1191.88 -475 0
    endloop
  endfacet
  facet normal 0 0 1
    outer loop
      vertex 2136.33 -1507.25 0
      vertex -1400 -1915.51 0
      vertex 2138.83 -1513.28 0
    endloop
  endfacet
  facet normal 0 0 1
    outer loop
      vertex -1400 -1915.51 0
      vertex 1191.88 -475 0
      vertex -1200 -475 0
    endloop
  endfacet
  facet normal 0 0 1
    outer loop
      vertex 2138.83 -1513.28 0
      vertex -1400 -1915.51 0
      vertex 2142.8 -1518.46 0
    endloop
  endfacet
  facet normal 0 0 1
    outer loop
      vertex 2142.8 -1518.46 0
      vertex -1400 -1915.51 0
      vertex 2147.98 -1522.43 0
    endloop
  endfacet
  facet normal 0 0 1
    outer loop
      vertex -1400 -1915.51 0
      vertex -1200 -475 0
      vertex -1206.47 -474.148 0
    endloop
  endfacet
  facet normal 0 0 1
    outer loop
      vertex 4614.89 -1740.51 0
      vertex -1400 -1915.51 0
      vertex 12804.9 -1915.51 0
    endloop
  endfacet
  facet normal 0 0 1
    outer loop
      vertex 3355.91 -1630.36 0
      vertex -1400 -1915.51 0
      vertex 4614.89 -1740.51 0
    endloop
  endfacet
  facet normal 0 0 1
    outer loop
      vertex 2154.01 -1524.93 0
      vertex -1400 -1915.51 0
      vertex 2160.48 -1525.78 0
    endloop
  endfacet
  facet normal 0 0 1
    outer loop
      vertex 2147.98 -1522.43 0
      vertex -1400 -1915.51 0
      vertex 2154.01 -1524.93 0
    endloop
  endfacet
  facet normal 0 0 1
    outer loop
      vertex -1212.5 -471.651 0
      vertex -1400 -1915.51 0
      vertex -1206.47 -474.148 0
    endloop
  endfacet
  facet normal 0 0 1
    outer loop
      vertex -1217.68 -467.678 0
      vertex -1400 -1915.51 0
      vertex -1212.5 -471.651 0
    endloop
  endfacet
  facet normal 0 0 1
    outer loop
      vertex -1221.65 -462.5 0
      vertex -1400 -1915.51 0
      vertex -1217.68 -467.678 0
    endloop
  endfacet
  facet normal 0 0 1
    outer loop
      vertex -1224.15 -456.47 0
      vertex -1400 -1915.51 0
      vertex -1221.65 -462.5 0
    endloop
  endfacet
  facet normal 0 0 1
    outer loop
      vertex -1225 -450 0
      vertex -1400 -1915.51 0
      vertex -1224.15 -456.47 0
    endloop
  endfacet
  facet normal 0 0 1
    outer loop
      vertex -1225 450 0
      vertex -1400 -1915.51 0
      vertex -1225 -450 0
    endloop
  endfacet
  facet normal -0 0 1
    outer loop
      vertex 10945.6 4914.67 0
      vertex 11622.8 3860.26 0
      vertex 10986.6 4943.35 0
    endloop
  endfacet
  facet normal 0 0 1
    outer loop
      vertex 10676.4 5211.86 0
      vertex 10945.6 4914.67 0
      vertex 10917 4955.63 0
    endloop
  endfacet
  facet normal -0 0 1
    outer loop
      vertex 10744.9 5201.39 0
      vertex 10917 4955.63 0
      vertex 10785.9 5230.06 0
    endloop
  endfacet
  facet normal 0 0 1
    outer loop
      vertex 10676.4 5211.86 0
      vertex 10917 4955.63 0
      vertex 10744.9 5201.39 0
    endloop
  endfacet
  facet normal -0 0 1
    outer loop
      vertex 10676.4 5211.86 0
      vertex 10744.9 5201.39 0
      vertex 10716.2 5242.35 0
    endloop
  endfacet
  facet normal 0 0 1
    outer loop
      vertex 10945.6 4914.67 0
      vertex 10676.4 5211.86 0
      vertex 11622.8 3860.26 0
    endloop
  endfacet
  facet normal 0 0 1
    outer loop
      vertex 9895.88 4670.65 0
      vertex 10085.5 4312.48 0
      vertex 10842.3 3319.04 0
    endloop
  endfacet
  facet normal 0 0 1
    outer loop
      vertex 10044.5 4283.8 0
      vertex 9900.28 1649.19 0
      vertex 9905.46 1653.16 0
    endloop
  endfacet
  facet normal 0 0 1
    outer loop
      vertex 10044.5 4283.8 0
      vertex 8324.36 4513.81 0
      vertex 9900.28 1649.19 0
    endloop
  endfacet
  facet normal 0 0 1
    outer loop
      vertex 10085.5 4312.48 0
      vertex 9895.88 4670.65 0
      vertex 10056.8 4353.44 0
    endloop
  endfacet
  facet normal -0 0 1
    outer loop
      vertex 9884.75 4599.19 0
      vertex 10056.8 4353.44 0
      vertex 9895.88 4670.65 0
    endloop
  endfacet
  facet normal 0 0 1
    outer loop
      vertex 10056.8 4353.44 0
      vertex 9884.75 4599.19 0
      vertex 10015.8 4324.76 0
    endloop
  endfacet
  facet normal -0 0 1
    outer loop
      vertex 9843.79 4570.52 0
      vertex 10015.8 4324.76 0
      vertex 9884.75 4599.19 0
    endloop
  endfacet
  facet normal -0 0 1
    outer loop
      vertex 8324.36 4513.81 0
      vertex 10015.8 4324.76 0
      vertex 9843.79 4570.52 0
    endloop
  endfacet
  facet normal 0 0 1
    outer loop
      vertex 9895.88 4670.65 0
      vertex 9856.07 4640.15 0
      vertex 9884.75 4599.19 0
    endloop
  endfacet
  facet normal 0 0 1
    outer loop
      vertex 9452.55 5303.78 0
      vertex 9856.07 4640.15 0
      vertex 9895.88 4670.65 0
    endloop
  endfacet
  facet normal 0 0 1
    outer loop
      vertex 9856.07 4640.15 0
      vertex 9452.55 5303.78 0
      vertex 9815.12 4611.48 0
    endloop
  endfacet
  facet normal -0 0 1
    outer loop
      vertex 10044.5 4283.8 0
      vertex 10842.3 3319.04 0
      vertex 10085.5 4312.48 0
    endloop
  endfacet
  facet normal 0 0 1
    outer loop
      vertex 9905.46 1653.16 0
      vertex 10842.3 3319.04 0
      vertex 10044.5 4283.8 0
    endloop
  endfacet
  facet normal 0 0 1
    outer loop
      vertex 10842.3 3319.04 0
      vertex 9905.46 1653.16 0
      vertex 11316.8 2641.39 0
    endloop
  endfacet
  facet normal 0 0 1
    outer loop
      vertex 8324.36 4513.81 0
      vertex 10044.5 4283.8 0
      vertex 10015.8 4324.76 0
    endloop
  endfacet
  facet normal -0 0 1
    outer loop
      vertex 8318.33 4511.31 0
      vertex 9900.28 1649.19 0
      vertex 8324.36 4513.81 0
    endloop
  endfacet
  facet normal -0 0 1
    outer loop
      vertex 8311.86 4510.46 0
      vertex 9900.28 1649.19 0
      vertex 8318.33 4511.31 0
    endloop
  endfacet
  facet normal 0 0 1
    outer loop
      vertex 8324.36 4513.81 0
      vertex 9843.79 4570.52 0
      vertex 9815.12 4611.48 0
    endloop
  endfacet
  facet normal 0 0 1
    outer loop
      vertex 8324.36 4513.81 0
      vertex 9815.12 4611.48 0
      vertex 9452.55 5303.78 0
    endloop
  endfacet
  facet normal 0 0 1
    outer loop
      vertex 9900.28 1649.19 0
      vertex 8311.86 4510.46 0
      vertex 9896.31 1644.01 0
    endloop
  endfacet
  facet normal -0 0 1
    outer loop
      vertex 6451.96 3209.76 0
      vertex 9896.31 1644.01 0
      vertex 8311.86 4510.46 0
    endloop
  endfacet
  facet normal -0 0 1
    outer loop
      vertex 6449.46 3203.73 0
      vertex 9896.31 1644.01 0
      vertex 6451.96 3209.76 0
    endloop
  endfacet
  facet normal 0 0 1
    outer loop
      vertex 9821.55 1228.17 0
      vertex 8327.08 537.178 0
      vertex 8732.6 465.678 0
    endloop
  endfacet
  facet normal 0 0 1
    outer loop
      vertex 9893.81 1637.98 0
      vertex 8327.08 537.178 0
      vertex 9821.55 1228.17 0
    endloop
  endfacet
  facet normal 0 -0 1
    outer loop
      vertex 8327.08 537.178 0
      vertex 9893.81 1637.98 0
      vertex 8320.61 538.03 0
    endloop
  endfacet
  facet normal 0 -0 1
    outer loop
      vertex 8320.61 538.03 0
      vertex 9896.31 1644.01 0
      vertex 6449.46 3203.73 0
    endloop
  endfacet
  facet normal 0 0 1
    outer loop
      vertex 9896.31 1644.01 0
      vertex 8320.61 538.03 0
      vertex 9893.81 1637.98 0
    endloop
  endfacet
  facet normal 0 0 1
    outer loop
      vertex 6451.96 3209.76 0
      vertex 8311.86 4510.46 0
      vertex 8305.39 4511.31 0
    endloop
  endfacet
  facet normal 0 0 1
    outer loop
      vertex 6451.96 3209.76 0
      vertex 8305.39 4511.31 0
      vertex 8108.78 4545.98 0
    endloop
  endfacet
  facet normal 0 0 1
    outer loop
      vertex 8320.61 538.03 0
      vertex 6449.46 3203.73 0
      vertex 8314.14 537.178 0
    endloop
  endfacet
  facet normal 0 0 1
    outer loop
      vertex 6451.96 3209.76 0
      vertex 8108.78 4545.98 0
      vertex 6487.39 3410.66 0
    endloop
  endfacet
  facet normal -0 0 1
    outer loop
      vertex 6445.49 3198.55 0
      vertex 8314.14 537.178 0
      vertex 6449.46 3203.73 0
    endloop
  endfacet
  facet normal 0 0 1
    outer loop
      vertex 8314.14 537.178 0
      vertex 6445.49 3198.55 0
      vertex 8308.11 534.681 0
    endloop
  endfacet
  facet normal 0 0 1
    outer loop
      vertex 8308.11 534.681 0
      vertex 6466.2 676.83 0
      vertex 7138.96 -283.964 0
    endloop
  endfacet
  facet normal 0 0 1
    outer loop
      vertex 8308.11 534.681 0
      vertex 6462.23 682.008 0
      vertex 6466.2 676.83 0
    endloop
  endfacet
  facet normal 0 0 1
    outer loop
      vertex 8308.11 534.681 0
      vertex 6445.49 3198.55 0
      vertex 6462.23 682.008 0
    endloop
  endfacet
  facet normal 0 0 1
    outer loop
      vertex 6462.23 682.008 0
      vertex 6445.49 3198.55 0
      vertex 6457.05 685.981 0
    endloop
  endfacet
  facet normal -0 0 1
    outer loop
      vertex 6440.31 3194.58 0
      vertex 6457.05 685.981 0
      vertex 6445.49 3198.55 0
    endloop
  endfacet
  facet normal 0 0 1
    outer loop
      vertex 6457.05 685.981 0
      vertex 6440.31 3194.58 0
      vertex 6451.02 688.478 0
    endloop
  endfacet
  facet normal 0 0 1
    outer loop
      vertex 6451.02 688.478 0
      vertex 6440.31 3194.58 0
      vertex 6444.55 689.33 0
    endloop
  endfacet
  facet normal -0 0 1
    outer loop
      vertex 5498.28 2534.97 0
      vertex 6444.55 689.33 0
      vertex 6440.31 3194.58 0
    endloop
  endfacet
  facet normal 0 0 1
    outer loop
      vertex 6444.55 689.33 0
      vertex 5498.28 2534.97 0
      vertex 6438.08 688.478 0
    endloop
  endfacet
  facet normal 0 0 1
    outer loop
      vertex 6438.08 688.478 0
      vertex 5498.28 2534.97 0
      vertex 6432.05 685.981 0
    endloop
  endfacet
  facet normal -0 0 1
    outer loop
      vertex 5252.54 2362.9 0
      vertex 6432.05 685.981 0
      vertex 5498.28 2534.97 0
    endloop
  endfacet
  facet normal -0 0 1
    outer loop
      vertex 3368.49 1043.67 0
      vertex 6432.05 685.981 0
      vertex 5252.54 2362.9 0
    endloop
  endfacet
  facet normal 0 0 1
    outer loop
      vertex 6432.05 685.981 0
      vertex 3368.49 1043.67 0
      vertex 4360.15 -764.78 0
    endloop
  endfacet
  facet normal 0 0 1
    outer loop
      vertex 4360.15 -764.78 0
      vertex 3368.49 1043.67 0
      vertex 3434.35 -683.79 0
    endloop
  endfacet
  facet normal -0 0 1
    outer loop
      vertex 3122.74 871.599 0
      vertex 3434.35 -683.79 0
      vertex 3368.49 1043.67 0
    endloop
  endfacet
  facet normal 0 0 1
    outer loop
      vertex 3122.74 871.599 0
      vertex 2238.92 -579.2 0
      vertex 3434.35 -683.79 0
    endloop
  endfacet
  facet normal 0 0 1
    outer loop
      vertex 3122.74 871.599 0
      vertex 2232.45 -580.052 0
      vertex 2238.92 -579.2 0
    endloop
  endfacet
  facet normal -0 0 1
    outer loop
      vertex 1204.38 -471.651 0
      vertex 2232.45 -580.052 0
      vertex 3122.74 871.599 0
    endloop
  endfacet
  facet normal 0 0 1
    outer loop
      vertex 2232.45 -580.052 0
      vertex 1204.38 -471.651 0
      vertex 2226.42 -582.549 0
    endloop
  endfacet
  facet normal 0 0 1
    outer loop
      vertex 2226.42 -582.549 0
      vertex 1204.38 -471.651 0
      vertex 2221.24 -586.522 0
    endloop
  endfacet
  facet normal 0 0 1
    outer loop
      vertex 2213.92 -604.2 0
      vertex 1204.38 -471.651 0
      vertex 2135.48 -1500.78 0
    endloop
  endfacet
  facet normal 0 0 1
    outer loop
      vertex 2214.77 -597.73 0
      vertex 1204.38 -471.651 0
      vertex 2213.92 -604.2 0
    endloop
  endfacet
  facet normal 0 0 1
    outer loop
      vertex 2217.27 -591.7 0
      vertex 1204.38 -471.651 0
      vertex 2214.77 -597.73 0
    endloop
  endfacet
  facet normal 0 0 1
    outer loop
      vertex 2221.24 -586.522 0
      vertex 1204.38 -471.651 0
      vertex 2217.27 -591.7 0
    endloop
  endfacet
  facet normal 0 0 1
    outer loop
      vertex 11552.1 3874.41 0
      vertex 11380 4120.15 0
      vertex 11531.5 3859.95 0
    endloop
  endfacet
  facet normal -0 0 1
    outer loop
      vertex 11359.4 4105.71 0
      vertex 11531.5 3859.95 0
      vertex 11380 4120.15 0
    endloop
  endfacet
  facet normal 0 0 1
    outer loop
      vertex 10876.1 3401.14 0
      vertex 11531.5 3859.95 0
      vertex 11359.4 4105.71 0
    endloop
  endfacet
  facet normal 0 0 1
    outer loop
      vertex 11531.5 3859.95 0
      vertex 10876.1 3401.14 0
      vertex 11548.7 3835.38 0
    endloop
  endfacet
  facet normal 0 0 1
    outer loop
      vertex 10704 3646.89 0
      vertex 11359.4 4105.71 0
      vertex 11330.7 4146.67 0
    endloop
  endfacet
  facet normal 0 0 1
    outer loop
      vertex 11548.7 3835.38 0
      vertex 10876.1 3401.14 0
      vertex 10893.3 3376.56 0
    endloop
  endfacet
  facet normal 0 0 1
    outer loop
      vertex 11359.4 4105.71 0
      vertex 10704 3646.89 0
      vertex 10876.1 3401.14 0
    endloop
  endfacet
  facet normal 0 0 1
    outer loop
      vertex 10876.1 3401.14 0
      vertex 10704 3646.89 0
      vertex 10855.6 3386.81 0
    endloop
  endfacet
  facet normal 0 0 1
    outer loop
      vertex 11330.7 4146.67 0
      vertex 10675.4 3687.85 0
      vertex 10704 3646.89 0
    endloop
  endfacet
  facet normal 0 0 1
    outer loop
      vertex 10633.1 5186.86 0
      vertex 11330.7 4146.67 0
      vertex 11351.4 4161.11 0
    endloop
  endfacet
  facet normal 0 0 1
    outer loop
      vertex 10633.1 5186.86 0
      vertex 10675.4 3687.85 0
      vertex 11330.7 4146.67 0
    endloop
  endfacet
  facet normal -0 0 1
    outer loop
      vertex 9939.18 4695.65 0
      vertex 10675.4 3687.85 0
      vertex 10633.1 5186.86 0
    endloop
  endfacet
  facet normal 0 0 1
    outer loop
      vertex 10675.4 3687.85 0
      vertex 9939.18 4695.65 0
      vertex 10654.9 3673.51 0
    endloop
  endfacet
  facet normal -0 0 1
    outer loop
      vertex 9480.32 5350.97 0
      vertex 10633.1 5186.86 0
      vertex 9673.57 6557.23 0
    endloop
  endfacet
  facet normal 0 0 1
    outer loop
      vertex 10633.1 5186.86 0
      vertex 9480.32 5350.97 0
      vertex 9939.18 4695.65 0
    endloop
  endfacet
  facet normal 0 0 1
    outer loop
      vertex 9673.57 6557.23 0
      vertex 9476.35 5356.15 0
      vertex 9480.32 5350.97 0
    endloop
  endfacet
  facet normal 0 0 1
    outer loop
      vertex 9673.57 6557.23 0
      vertex 9471.17 5360.12 0
      vertex 9476.35 5356.15 0
    endloop
  endfacet
  facet normal 0 0 1
    outer loop
      vertex 9673.57 6557.23 0
      vertex 9465.14 5362.62 0
      vertex 9471.17 5360.12 0
    endloop
  endfacet
  facet normal 0 0 1
    outer loop
      vertex 9673.57 6557.23 0
      vertex 9458.67 5363.47 0
      vertex 9465.14 5362.62 0
    endloop
  endfacet
  facet normal 0 0 1
    outer loop
      vertex 9673.57 6557.23 0
      vertex 9452.2 5362.62 0
      vertex 9458.67 5363.47 0
    endloop
  endfacet
  facet normal 0 0 1
    outer loop
      vertex 9673.57 6557.23 0
      vertex 9446.17 5360.12 0
      vertex 9452.2 5362.62 0
    endloop
  endfacet
  facet normal 0 0 1
    outer loop
      vertex 7818.38 5258.22 0
      vertex 9446.17 5360.12 0
      vertex 9673.57 6557.23 0
    endloop
  endfacet
  facet normal 0 0 1
    outer loop
      vertex 9446.17 5360.12 0
      vertex 7818.38 5258.22 0
      vertex 8306.03 4561.78 0
    endloop
  endfacet
  facet normal 0 0 1
    outer loop
      vertex 8306.03 4561.78 0
      vertex 7818.38 5258.22 0
      vertex 8109.42 4596.45 0
    endloop
  endfacet
  facet normal -0 0 1
    outer loop
      vertex 7782.95 5057.32 0
      vertex 8109.42 4596.45 0
      vertex 7818.38 5258.22 0
    endloop
  endfacet
  facet normal 0 0 1
    outer loop
      vertex 8109.42 4596.45 0
      vertex 7782.95 5057.32 0
      vertex 8102.95 4597.3 0
    endloop
  endfacet
  facet normal -0 0 1
    outer loop
      vertex 7780.45 5051.29 0
      vertex 8102.95 4597.3 0
      vertex 7782.95 5057.32 0
    endloop
  endfacet
  facet normal 0 0 1
    outer loop
      vertex 8102.95 4597.3 0
      vertex 7780.45 5051.29 0
      vertex 8096.48 4596.45 0
    endloop
  endfacet
  facet normal -0 0 1
    outer loop
      vertex 7776.48 5046.11 0
      vertex 8096.48 4596.45 0
      vertex 7780.45 5051.29 0
    endloop
  endfacet
  facet normal 0 0 1
    outer loop
      vertex 8096.48 4596.45 0
      vertex 7776.48 5046.11 0
      vertex 8090.45 4593.95 0
    endloop
  endfacet
  facet normal -0 0 1
    outer loop
      vertex 7771.3 5042.14 0
      vertex 8090.45 4593.95 0
      vertex 7776.48 5046.11 0
    endloop
  endfacet
  facet normal 0 0 1
    outer loop
      vertex 7771.3 5042.14 0
      vertex 6452.15 3446.79 0
      vertex 8090.45 4593.95 0
    endloop
  endfacet
  facet normal -0 0 1
    outer loop
      vertex 6133 3894.98 0
      vertex 6452.15 3446.79 0
      vertex 7771.3 5042.14 0
    endloop
  endfacet
  facet normal 0 0 1
    outer loop
      vertex 6452.15 3446.79 0
      vertex 6133 3894.98 0
      vertex 6446.97 3442.82 0
    endloop
  endfacet
  facet normal -0 0 1
    outer loop
      vertex 6126.97 3892.48 0
      vertex 6446.97 3442.82 0
      vertex 6133 3894.98 0
    endloop
  endfacet
  facet normal 0 0 1
    outer loop
      vertex 6446.97 3442.82 0
      vertex 6126.97 3892.48 0
      vertex 6443 3437.64 0
    endloop
  endfacet
  facet normal -0 0 1
    outer loop
      vertex 6120.5 3891.63 0
      vertex 6443 3437.64 0
      vertex 6126.97 3892.48 0
    endloop
  endfacet
  facet normal 0 0 1
    outer loop
      vertex 6443 3437.64 0
      vertex 6120.5 3891.63 0
      vertex 6440.5 3431.61 0
    endloop
  endfacet
  facet normal 0 0 1
    outer loop
      vertex 6114.03 3892.48 0
      vertex 6440.5 3431.61 0
      vertex 6120.5 3891.63 0
    endloop
  endfacet
  facet normal 0 0 1
    outer loop
      vertex 6440.5 3431.61 0
      vertex 6114.03 3892.48 0
      vertex 6405.08 3230.71 0
    endloop
  endfacet
  facet normal 0 0 1
    outer loop
      vertex 5917.42 3927.15 0
      vertex 6405.08 3230.71 0
      vertex 6114.03 3892.48 0
    endloop
  endfacet
  facet normal 0 0 1
    outer loop
      vertex 5917.42 3927.15 0
      vertex 5473.28 2578.27 0
      vertex 6405.08 3230.71 0
    endloop
  endfacet
  facet normal -0 0 1
    outer loop
      vertex 4992.31 3279.38 0
      vertex 5473.28 2578.27 0
      vertex 5917.42 3927.15 0
    endloop
  endfacet
  facet normal -0 0 1
    outer loop
      vertex 4920.04 2869.57 0
      vertex 5473.28 2578.27 0
      vertex 4992.31 3279.38 0
    endloop
  endfacet
  facet normal -0 0 1
    outer loop
      vertex 4917.54 2863.54 0
      vertex 5473.28 2578.27 0
      vertex 4920.04 2869.57 0
    endloop
  endfacet
  facet normal 0 0 1
    outer loop
      vertex 5473.28 2578.27 0
      vertex 4917.54 2863.54 0
      vertex 5227.54 2406.2 0
    endloop
  endfacet
  facet normal -0 0 1
    outer loop
      vertex 4913.57 2858.36 0
      vertex 5227.54 2406.2 0
      vertex 4917.54 2863.54 0
    endloop
  endfacet
  facet normal -0 0 1
    outer loop
      vertex 4908.39 2854.39 0
      vertex 5227.54 2406.2 0
      vertex 4913.57 2858.36 0
    endloop
  endfacet
  facet normal 0 0 1
    outer loop
      vertex 4908.39 2854.39 0
      vertex 3343.49 1086.97 0
      vertex 5227.54 2406.2 0
    endloop
  endfacet
  facet normal -0 0 1
    outer loop
      vertex 3024.34 1535.16 0
      vertex 3343.49 1086.97 0
      vertex 4908.39 2854.39 0
    endloop
  endfacet
  facet normal -0 0 1
    outer loop
      vertex 3018.31 1532.66 0
      vertex 3343.49 1086.97 0
      vertex 3024.34 1535.16 0
    endloop
  endfacet
  facet normal 0 0 1
    outer loop
      vertex 3343.49 1086.97 0
      vertex 3018.31 1532.66 0
      vertex 3097.74 914.901 0
    endloop
  endfacet
  facet normal -0 0 1
    outer loop
      vertex 3011.84 1531.81 0
      vertex 3097.74 914.901 0
      vertex 3018.31 1532.66 0
    endloop
  endfacet
  facet normal 0 0 1
    outer loop
      vertex 3005.37 1532.66 0
      vertex 3097.74 914.901 0
      vertex 3011.84 1531.81 0
    endloop
  endfacet
  facet normal 0 0 1
    outer loop
      vertex 2599.86 1604.17 0
      vertex 3097.74 914.901 0
      vertex 3005.37 1532.66 0
    endloop
  endfacet
  facet normal 0 0 1
    outer loop
      vertex 920.62 428.349 0
      vertex 3097.74 914.901 0
      vertex 2599.86 1604.17 0
    endloop
  endfacet
  facet normal 0 0 1
    outer loop
      vertex 3097.74 914.901 0
      vertex 920.62 428.349 0
      vertex 1184.16 -425 0
    endloop
  endfacet
  facet normal -0 0 1
    outer loop
      vertex 914.59 425.852 0
      vertex 1184.16 -425 0
      vertex 920.62 428.349 0
    endloop
  endfacet
  facet normal -0 0 1
    outer loop
      vertex 908.12 425 0
      vertex 1184.16 -425 0
      vertex 914.59 425.852 0
    endloop
  endfacet
  facet normal 0 0 1
    outer loop
      vertex 25 -425 0
      vertex 908.12 425 0
      vertex 25 425 0
    endloop
  endfacet
  facet normal 0 0 1
    outer loop
      vertex 908.12 425 0
      vertex 25 -425 0
      vertex 1184.16 -425 0
    endloop
  endfacet
  facet normal 0 0 1
    outer loop
      vertex 10855.6 3386.81 0
      vertex 10704 3646.89 0
      vertex 10683.6 3632.55 0
    endloop
  endfacet
  facet normal 0 0 1
    outer loop
      vertex 12570.2 2420.37 0
      vertex 11375.6 2641.74 0
      vertex 11376.5 2635.27 0
    endloop
  endfacet
  facet normal 0 0 1
    outer loop
      vertex 12570.2 2420.37 0
      vertex 11373.1 2647.77 0
      vertex 11375.6 2641.74 0
    endloop
  endfacet
  facet normal 0 0 1
    outer loop
      vertex 11580.8 3833.45 0
      vertex 10885.6 3344.04 0
      vertex 11373.1 2647.77 0
    endloop
  endfacet
  facet normal 0 -0 1
    outer loop
      vertex 10885.6 3344.04 0
      vertex 11580.8 3833.45 0
      vertex 10884.3 3345.85 0
    endloop
  endfacet
  facet normal -0 0 1
    outer loop
      vertex 11373.1 2647.77 0
      vertex 12570.2 2420.37 0
      vertex 11580.8 3833.45 0
    endloop
  endfacet
  facet normal -0 0 1
    outer loop
      vertex 11375.6 2628.8 0
      vertex 12570.2 2420.37 0
      vertex 11376.5 2635.27 0
    endloop
  endfacet
  facet normal -0 0 1
    outer loop
      vertex 11373.1 2622.77 0
      vertex 12570.2 2420.37 0
      vertex 11375.6 2628.8 0
    endloop
  endfacet
  facet normal -0 0 1
    outer loop
      vertex 11369.1 2617.59 0
      vertex 12570.2 2420.37 0
      vertex 11373.1 2622.77 0
    endloop
  endfacet
  facet normal -0 0 1
    outer loop
      vertex 11364 2613.62 0
      vertex 12570.2 2420.37 0
      vertex 11369.1 2617.59 0
    endloop
  endfacet
  facet normal 0 0 1
    outer loop
      vertex 11364 2613.62 0
      vertex 10421.7 915.921 0
      vertex 12570.2 2420.37 0
    endloop
  endfacet
  facet normal -0 0 1
    outer loop
      vertex 9940.7 1617.03 0
      vertex 10421.7 915.921 0
      vertex 11364 2613.62 0
    endloop
  endfacet
  facet normal -0 0 1
    outer loop
      vertex 9868.44 1207.22 0
      vertex 10421.7 915.921 0
      vertex 9940.7 1617.03 0
    endloop
  endfacet
  facet normal -0 0 1
    outer loop
      vertex 9865.94 1201.19 0
      vertex 10421.7 915.921 0
      vertex 9868.44 1207.22 0
    endloop
  endfacet
  facet normal 0 0 1
    outer loop
      vertex 10421.7 915.921 0
      vertex 9865.94 1201.19 0
      vertex 10175.9 743.851 0
    endloop
  endfacet
  facet normal -0 0 1
    outer loop
      vertex 9861.97 1196.01 0
      vertex 10175.9 743.851 0
      vertex 9865.94 1201.19 0
    endloop
  endfacet
  facet normal -0 0 1
    outer loop
      vertex 9856.79 1192.04 0
      vertex 10175.9 743.851 0
      vertex 9861.97 1196.01 0
    endloop
  endfacet
  facet normal 0 0 1
    outer loop
      vertex 9856.79 1192.04 0
      vertex 9070.08 -30.4794 0
      vertex 10175.9 743.851 0
    endloop
  endfacet
  facet normal -0 0 1
    outer loop
      vertex 8750.93 417.709 0
      vertex 9070.08 -30.4794 0
      vertex 9856.79 1192.04 0
    endloop
  endfacet
  facet normal -0 0 1
    outer loop
      vertex 8744.9 415.212 0
      vertex 9070.08 -30.4794 0
      vertex 8750.93 417.709 0
    endloop
  endfacet
  facet normal 0 0 1
    outer loop
      vertex 9070.08 -30.4794 0
      vertex 8744.9 415.212 0
      vertex 8824.33 -202.549 0
    endloop
  endfacet
  facet normal -0 0 1
    outer loop
      vertex 8738.43 414.36 0
      vertex 8824.33 -202.549 0
      vertex 8744.9 415.212 0
    endloop
  endfacet
  facet normal 0 0 1
    outer loop
      vertex 8731.96 415.212 0
      vertex 8824.33 -202.549 0
      vertex 8738.43 414.36 0
    endloop
  endfacet
  facet normal 0 0 1
    outer loop
      vertex 8326.44 486.712 0
      vertex 8824.33 -202.549 0
      vertex 8731.96 415.212 0
    endloop
  endfacet
  facet normal 0 0 1
    outer loop
      vertex 7145.34 -340.301 0
      vertex 8824.33 -202.549 0
      vertex 8326.44 486.712 0
    endloop
  endfacet
  facet normal 0 0 1
    outer loop
      vertex 6917.94 -1537.42 0
      vertex 7145.34 -340.301 0
      vertex 7139.31 -342.798 0
    endloop
  endfacet
  facet normal 0 0 1
    outer loop
      vertex 6917.94 -1537.42 0
      vertex 7139.31 -342.798 0
      vertex 7132.84 -343.65 0
    endloop
  endfacet
  facet normal -0 0 1
    outer loop
      vertex 7145.34 -340.301 0
      vertex 6917.94 -1537.42 0
      vertex 8824.33 -202.549 0
    endloop
  endfacet
  facet normal 0 0 1
    outer loop
      vertex 7126.37 -342.798 0
      vertex 6917.94 -1537.42 0
      vertex 7132.84 -343.65 0
    endloop
  endfacet
  facet normal 0 0 1
    outer loop
      vertex 7120.34 -340.301 0
      vertex 6917.94 -1537.42 0
      vertex 7126.37 -342.798 0
    endloop
  endfacet
  facet normal 0 0 1
    outer loop
      vertex 6245.18 -576.63 0
      vertex 7120.34 -340.301 0
      vertex 7115.16 -336.328 0
    endloop
  endfacet
  facet normal 0 0 1
    outer loop
      vertex 6245.18 -576.63 0
      vertex 7115.16 -336.328 0
      vertex 7111.19 -331.15 0
    endloop
  endfacet
  facet normal 0 0 1
    outer loop
      vertex 6236.03 -567.479 0
      vertex 7111.19 -331.15 0
      vertex 6438.43 629.644 0
    endloop
  endfacet
  facet normal 0 0 1
    outer loop
      vertex 7120.34 -340.301 0
      vertex 6245.18 -576.63 0
      vertex 6917.94 -1537.42 0
    endloop
  endfacet
  facet normal 0 0 1
    outer loop
      vertex 7111.19 -331.15 0
      vertex 6241.21 -571.452 0
      vertex 6245.18 -576.63 0
    endloop
  endfacet
  facet normal 0 0 1
    outer loop
      vertex 7111.19 -331.15 0
      vertex 6236.03 -567.479 0
      vertex 6241.21 -571.452 0
    endloop
  endfacet
  facet normal 0 0 1
    outer loop
      vertex 6438.43 629.644 0
      vertex 6230 -564.982 0
      vertex 6236.03 -567.479 0
    endloop
  endfacet
  facet normal 0 0 1
    outer loop
      vertex 6438.43 629.644 0
      vertex 6223.53 -564.13 0
      vertex 6230 -564.982 0
    endloop
  endfacet
  facet normal 0 0 1
    outer loop
      vertex 6438.43 629.644 0
      vertex 6217.06 -564.982 0
      vertex 6223.53 -564.13 0
    endloop
  endfacet
  facet normal 0 0 1
    outer loop
      vertex 6438.43 629.644 0
      vertex 6211.03 -567.479 0
      vertex 6217.06 -564.982 0
    endloop
  endfacet
  facet normal 0 0 1
    outer loop
      vertex 4379.51 -812.031 0
      vertex 6211.03 -567.479 0
      vertex 6438.43 629.644 0
    endloop
  endfacet
  facet normal 0 0 1
    outer loop
      vertex 6211.03 -567.479 0
      vertex 4379.51 -812.031 0
      vertex 4608.03 -1689.91 0
    endloop
  endfacet
  facet normal -0 0 1
    outer loop
      vertex 4373.48 -814.528 0
      vertex 4608.03 -1689.91 0
      vertex 4379.51 -812.031 0
    endloop
  endfacet
  facet normal -0 0 1
    outer loop
      vertex 4367.01 -815.38 0
      vertex 4608.03 -1689.91 0
      vertex 4373.48 -814.528 0
    endloop
  endfacet
  facet normal 0 0 1
    outer loop
      vertex 3382.89 -1582.72 0
      vertex 4367.01 -815.38 0
      vertex 3456.99 -735.771 0
    endloop
  endfacet
  facet normal 0 0 1
    outer loop
      vertex 4367.01 -815.38 0
      vertex 3382.89 -1582.72 0
      vertex 4608.03 -1689.91 0
    endloop
  endfacet
  facet normal -0 0 1
    outer loop
      vertex -1175 425 0
      vertex -25 -425 0
      vertex -25 425 0
    endloop
  endfacet
  facet normal 0 0 1
    outer loop
      vertex -25 -425 0
      vertex -1175 425 0
      vertex -1175 -425 0
    endloop
  endfacet
  facet normal 0 0 1
    outer loop
      vertex 2261.56 -631.181 0
      vertex 3333.27 -1578.38 0
      vertex 3407.37 -731.429 0
    endloop
  endfacet
  facet normal 0 0 1
    outer loop
      vertex 3333.27 -1578.38 0
      vertex 2261.56 -631.181 0
      vertex 2187.46 -1478.14 0
    endloop
  endfacet
  facet normal -0.573577 0.819152 0
    outer loop
      vertex 2581.53 1652.14 0
      vertex 900.403 475 2
      vertex 2581.53 1652.14 2
    endloop
  endfacet
  facet normal -0.573577 0.819152 0
    outer loop
      vertex 900.403 475 2
      vertex 2581.53 1652.14 0
      vertex 900.403 475 0
    endloop
  endfacet
  facet normal 0.130256 0.99148 -0
    outer loop
      vertex 2600.5 1654.64 0
      vertex 2594.03 1655.49 2
      vertex 2600.5 1654.64 2
    endloop
  endfacet
  facet normal 0.130256 0.99148 0
    outer loop
      vertex 2594.03 1655.49 2
      vertex 2600.5 1654.64 0
      vertex 2594.03 1655.49 0
    endloop
  endfacet
  facet normal -0.130256 0.99148 0
    outer loop
      vertex 2594.03 1655.49 0
      vertex 2587.56 1654.64 2
      vertex 2594.03 1655.49 2
    endloop
  endfacet
  facet normal -0.130256 0.99148 0
    outer loop
      vertex 2587.56 1654.64 2
      vertex 2594.03 1655.49 0
      vertex 2587.56 1654.64 0
    endloop
  endfacet
  facet normal 0.573578 -0.819151 0
    outer loop
      vertex 920.62 428.349 0
      vertex 2599.86 1604.17 2
      vertex 920.62 428.349 2
    endloop
  endfacet
  facet normal 0.573578 -0.819151 0
    outer loop
      vertex 2599.86 1604.17 2
      vertex 920.62 428.349 0
      vertex 2599.86 1604.17 0
    endloop
  endfacet
  facet normal -0.382983 0.923755 0
    outer loop
      vertex 2587.56 1654.64 0
      vertex 2581.53 1652.14 2
      vertex 2587.56 1654.64 2
    endloop
  endfacet
  facet normal -0.382983 0.923755 0
    outer loop
      vertex 2581.53 1652.14 2
      vertex 2587.56 1654.64 0
      vertex 2581.53 1652.14 0
    endloop
  endfacet
  facet normal 0.173666 0.984805 -0
    outer loop
      vertex 3006.01 1583.13 0
      vertex 2600.5 1654.64 2
      vertex 3006.01 1583.13 2
    endloop
  endfacet
  facet normal 0.173666 0.984805 0
    outer loop
      vertex 2600.5 1654.64 2
      vertex 3006.01 1583.13 0
      vertex 2600.5 1654.64 0
    endloop
  endfacet
  facet normal -0.173666 -0.984805 0
    outer loop
      vertex 2599.86 1604.17 0
      vertex 3005.37 1532.66 2
      vertex 2599.86 1604.17 2
    endloop
  endfacet
  facet normal -0.173666 -0.984805 -0
    outer loop
      vertex 3005.37 1532.66 2
      vertex 2599.86 1604.17 0
      vertex 3005.37 1532.66 0
    endloop
  endfacet
  facet normal 0.130256 -0.99148 0
    outer loop
      vertex 3011.84 1531.81 0
      vertex 3018.31 1532.66 2
      vertex 3011.84 1531.81 2
    endloop
  endfacet
  facet normal 0.130256 -0.99148 0
    outer loop
      vertex 3018.31 1532.66 2
      vertex 3011.84 1531.81 0
      vertex 3018.31 1532.66 0
    endloop
  endfacet
  facet normal 0.382983 -0.923755 0
    outer loop
      vertex 3018.31 1532.66 0
      vertex 3024.34 1535.16 2
      vertex 3018.31 1532.66 2
    endloop
  endfacet
  facet normal 0.382983 -0.923755 0
    outer loop
      vertex 3024.34 1535.16 2
      vertex 3018.31 1532.66 0
      vertex 3024.34 1535.16 0
    endloop
  endfacet
  facet normal -0.130256 -0.99148 0
    outer loop
      vertex 3005.37 1532.66 0
      vertex 3011.84 1531.81 2
      vertex 3005.37 1532.66 2
    endloop
  endfacet
  facet normal -0.130256 -0.99148 -0
    outer loop
      vertex 3011.84 1531.81 2
      vertex 3005.37 1532.66 0
      vertex 3011.84 1531.81 0
    endloop
  endfacet
  facet normal 0.573578 -0.819151 0
    outer loop
      vertex 3024.34 1535.16 0
      vertex 4908.39 2854.39 2
      vertex 3024.34 1535.16 2
    endloop
  endfacet
  facet normal 0.573578 -0.819151 0
    outer loop
      vertex 4908.39 2854.39 2
      vertex 3024.34 1535.16 0
      vertex 4908.39 2854.39 0
    endloop
  endfacet
  facet normal -0.573578 0.819151 0
    outer loop
      vertex 4873.15 2890.52 0
      vertex 3006.01 1583.13 2
      vertex 4873.15 2890.52 2
    endloop
  endfacet
  facet normal -0.573578 0.819151 0
    outer loop
      vertex 3006.01 1583.13 2
      vertex 4873.15 2890.52 0
      vertex 3006.01 1583.13 0
    endloop
  endfacet
  facet normal 0.608303 -0.793705 0
    outer loop
      vertex 4908.39 2854.39 0
      vertex 4913.57 2858.36 2
      vertex 4908.39 2854.39 2
    endloop
  endfacet
  facet normal 0.608303 -0.793705 0
    outer loop
      vertex 4913.57 2858.36 2
      vertex 4908.39 2854.39 0
      vertex 4913.57 2858.36 0
    endloop
  endfacet
  facet normal 0.923755 -0.382983 0
    outer loop
      vertex 4917.54 2863.54 2
      vertex 4920.04 2869.57 0
      vertex 4920.04 2869.57 2
    endloop
  endfacet
  facet normal 0.923755 -0.382983 0
    outer loop
      vertex 4920.04 2869.57 0
      vertex 4917.54 2863.54 2
      vertex 4917.54 2863.54 0
    endloop
  endfacet
  facet normal 0.793705 -0.608303 0
    outer loop
      vertex 4913.57 2858.36 2
      vertex 4917.54 2863.54 0
      vertex 4917.54 2863.54 2
    endloop
  endfacet
  facet normal 0.793705 -0.608303 0
    outer loop
      vertex 4917.54 2863.54 0
      vertex 4913.57 2858.36 2
      vertex 4913.57 2858.36 0
    endloop
  endfacet
  facet normal -0.608303 0.793705 0
    outer loop
      vertex 4957.07 3315.51 0
      vertex 4951.89 3311.54 2
      vertex 4957.07 3315.51 2
    endloop
  endfacet
  facet normal -0.608303 0.793705 0
    outer loop
      vertex 4951.89 3311.54 2
      vertex 4957.07 3315.51 0
      vertex 4951.89 3311.54 0
    endloop
  endfacet
  facet normal -0.923755 0.382983 0
    outer loop
      vertex 4945.42 3300.33 0
      vertex 4947.92 3306.36 2
      vertex 4947.92 3306.36 0
    endloop
  endfacet
  facet normal -0.923755 0.382983 0
    outer loop
      vertex 4947.92 3306.36 2
      vertex 4945.42 3300.33 0
      vertex 4945.42 3300.33 2
    endloop
  endfacet
  facet normal -0.984804 0.17367 0
    outer loop
      vertex 4873.15 2890.52 0
      vertex 4945.42 3300.33 2
      vertex 4945.42 3300.33 0
    endloop
  endfacet
  facet normal -0.984804 0.17367 0
    outer loop
      vertex 4945.42 3300.33 2
      vertex 4873.15 2890.52 0
      vertex 4873.15 2890.52 2
    endloop
  endfacet
  facet normal 0.984804 -0.17367 0
    outer loop
      vertex 4920.04 2869.57 2
      vertex 4992.31 3279.38 0
      vertex 4992.31 3279.38 2
    endloop
  endfacet
  facet normal 0.984804 -0.17367 0
    outer loop
      vertex 4992.31 3279.38 0
      vertex 4920.04 2869.57 2
      vertex 4920.04 2869.57 0
    endloop
  endfacet
  facet normal -0.793705 0.608303 0
    outer loop
      vertex 4947.92 3306.36 0
      vertex 4951.89 3311.54 2
      vertex 4951.89 3311.54 0
    endloop
  endfacet
  facet normal -0.793705 0.608303 0
    outer loop
      vertex 4951.89 3311.54 2
      vertex 4947.92 3306.36 0
      vertex 4947.92 3306.36 2
    endloop
  endfacet
  facet normal -0.573577 0.819152 0
    outer loop
      vertex 5899.09 3975.12 0
      vertex 4957.07 3315.51 2
      vertex 5899.09 3975.12 2
    endloop
  endfacet
  facet normal -0.573577 0.819152 0
    outer loop
      vertex 4957.07 3315.51 2
      vertex 5899.09 3975.12 0
      vertex 4957.07 3315.51 0
    endloop
  endfacet
  facet normal 0.573577 -0.819152 0
    outer loop
      vertex 4992.31 3279.38 0
      vertex 5917.42 3927.15 2
      vertex 4992.31 3279.38 2
    endloop
  endfacet
  facet normal 0.573577 -0.819152 0
    outer loop
      vertex 5917.42 3927.15 2
      vertex 4992.31 3279.38 0
      vertex 5917.42 3927.15 0
    endloop
  endfacet
  facet normal 0.130256 0.99148 -0
    outer loop
      vertex 5918.06 3977.62 0
      vertex 5911.59 3978.47 2
      vertex 5918.06 3977.62 2
    endloop
  endfacet
  facet normal 0.130256 0.99148 0
    outer loop
      vertex 5911.59 3978.47 2
      vertex 5918.06 3977.62 0
      vertex 5911.59 3978.47 0
    endloop
  endfacet
  facet normal -0.130256 0.99148 0
    outer loop
      vertex 5911.59 3978.47 0
      vertex 5905.12 3977.62 2
      vertex 5911.59 3978.47 2
    endloop
  endfacet
  facet normal -0.130256 0.99148 0
    outer loop
      vertex 5905.12 3977.62 2
      vertex 5911.59 3978.47 0
      vertex 5905.12 3977.62 0
    endloop
  endfacet
  facet normal -0.382983 0.923755 0
    outer loop
      vertex 5905.12 3977.62 0
      vertex 5899.09 3975.12 2
      vertex 5905.12 3977.62 2
    endloop
  endfacet
  facet normal -0.382983 0.923755 0
    outer loop
      vertex 5899.09 3975.12 2
      vertex 5905.12 3977.62 0
      vertex 5899.09 3975.12 0
    endloop
  endfacet
  facet normal 0.382983 -0.923755 0
    outer loop
      vertex 6126.97 3892.48 0
      vertex 6133 3894.98 2
      vertex 6126.97 3892.48 2
    endloop
  endfacet
  facet normal 0.382983 -0.923755 0
    outer loop
      vertex 6133 3894.98 2
      vertex 6126.97 3892.48 0
      vertex 6133 3894.98 0
    endloop
  endfacet
  facet normal 0.17366 0.984806 -0
    outer loop
      vertex 6114.67 3942.95 0
      vertex 5918.06 3977.62 2
      vertex 6114.67 3942.95 2
    endloop
  endfacet
  facet normal 0.17366 0.984806 0
    outer loop
      vertex 5918.06 3977.62 2
      vertex 6114.67 3942.95 0
      vertex 5918.06 3977.62 0
    endloop
  endfacet
  facet normal -0.17366 -0.984806 0
    outer loop
      vertex 5917.42 3927.15 0
      vertex 6114.03 3892.48 2
      vertex 5917.42 3927.15 2
    endloop
  endfacet
  facet normal -0.17366 -0.984806 -0
    outer loop
      vertex 6114.03 3892.48 2
      vertex 5917.42 3927.15 0
      vertex 6114.03 3892.48 0
    endloop
  endfacet
  facet normal -0.130256 -0.99148 0
    outer loop
      vertex 6114.03 3892.48 0
      vertex 6120.5 3891.63 2
      vertex 6114.03 3892.48 2
    endloop
  endfacet
  facet normal -0.130256 -0.99148 -0
    outer loop
      vertex 6120.5 3891.63 2
      vertex 6114.03 3892.48 0
      vertex 6120.5 3891.63 0
    endloop
  endfacet
  facet normal 0.130256 -0.99148 0
    outer loop
      vertex 6120.5 3891.63 0
      vertex 6126.97 3892.48 2
      vertex 6120.5 3891.63 2
    endloop
  endfacet
  facet normal 0.130256 -0.99148 0
    outer loop
      vertex 6126.97 3892.48 2
      vertex 6120.5 3891.63 0
      vertex 6126.97 3892.48 0
    endloop
  endfacet
  facet normal 0.793705 -0.608303 0
    outer loop
      vertex 7776.48 5046.11 2
      vertex 7780.45 5051.29 0
      vertex 7780.45 5051.29 2
    endloop
  endfacet
  facet normal 0.793705 -0.608303 0
    outer loop
      vertex 7780.45 5051.29 0
      vertex 7776.48 5046.11 2
      vertex 7776.48 5046.11 0
    endloop
  endfacet
  facet normal 0.57358 -0.81915 0
    outer loop
      vertex 6133 3894.98 0
      vertex 7771.3 5042.14 2
      vertex 6133 3894.98 2
    endloop
  endfacet
  facet normal 0.57358 -0.81915 0
    outer loop
      vertex 7771.3 5042.14 2
      vertex 6133 3894.98 0
      vertex 7771.3 5042.14 0
    endloop
  endfacet
  facet normal -0.57358 0.81915 0
    outer loop
      vertex 7736.06 5078.27 0
      vertex 6114.67 3942.95 2
      vertex 7736.06 5078.27 2
    endloop
  endfacet
  facet normal -0.57358 0.81915 0
    outer loop
      vertex 6114.67 3942.95 2
      vertex 7736.06 5078.27 0
      vertex 6114.67 3942.95 0
    endloop
  endfacet
  facet normal 0.608303 -0.793705 0
    outer loop
      vertex 7771.3 5042.14 0
      vertex 7776.48 5046.11 2
      vertex 7771.3 5042.14 2
    endloop
  endfacet
  facet normal 0.608303 -0.793705 0
    outer loop
      vertex 7776.48 5046.11 2
      vertex 7771.3 5042.14 0
      vertex 7776.48 5046.11 0
    endloop
  endfacet
  facet normal 0.923755 -0.382983 0
    outer loop
      vertex 7780.45 5051.29 2
      vertex 7782.95 5057.32 0
      vertex 7782.95 5057.32 2
    endloop
  endfacet
  facet normal 0.923755 -0.382983 0
    outer loop
      vertex 7782.95 5057.32 0
      vertex 7780.45 5051.29 2
      vertex 7780.45 5051.29 0
    endloop
  endfacet
  facet normal -0.923755 0.382983 0
    outer loop
      vertex 7771.49 5279.17 0
      vertex 7773.99 5285.2 2
      vertex 7773.99 5285.2 0
    endloop
  endfacet
  facet normal -0.923755 0.382983 0
    outer loop
      vertex 7773.99 5285.2 2
      vertex 7771.49 5279.17 0
      vertex 7771.49 5279.17 2
    endloop
  endfacet
  facet normal 0.984803 -0.173676 0
    outer loop
      vertex 7782.95 5057.32 2
      vertex 7818.38 5258.22 0
      vertex 7818.38 5258.22 2
    endloop
  endfacet
  facet normal 0.984803 -0.173676 0
    outer loop
      vertex 7818.38 5258.22 0
      vertex 7782.95 5057.32 2
      vertex 7782.95 5057.32 0
    endloop
  endfacet
  facet normal -0.984803 0.173676 0
    outer loop
      vertex 7736.06 5078.27 0
      vertex 7771.49 5279.17 2
      vertex 7771.49 5279.17 0
    endloop
  endfacet
  facet normal -0.984803 0.173676 0
    outer loop
      vertex 7771.49 5279.17 2
      vertex 7736.06 5078.27 0
      vertex 7736.06 5078.27 2
    endloop
  endfacet
  facet normal -0.793705 0.608303 0
    outer loop
      vertex 7773.99 5285.2 0
      vertex 7777.96 5290.38 2
      vertex 7777.96 5290.38 0
    endloop
  endfacet
  facet normal -0.793705 0.608303 0
    outer loop
      vertex 7777.96 5290.38 2
      vertex 7773.99 5285.2 0
      vertex 7773.99 5285.2 2
    endloop
  endfacet
  facet normal -0.608303 0.793705 0
    outer loop
      vertex 7783.14 5294.35 0
      vertex 7777.96 5290.38 2
      vertex 7783.14 5294.35 2
    endloop
  endfacet
  facet normal -0.608303 0.793705 0
    outer loop
      vertex 7777.96 5290.38 2
      vertex 7783.14 5294.35 0
      vertex 7777.96 5290.38 0
    endloop
  endfacet
  facet normal 0.573574 -0.819154 0
    outer loop
      vertex 7818.38 5258.22 0
      vertex 9673.57 6557.23 2
      vertex 7818.38 5258.22 2
    endloop
  endfacet
  facet normal 0.573574 -0.819154 0
    outer loop
      vertex 9673.57 6557.23 2
      vertex 7818.38 5258.22 0
      vertex 9673.57 6557.23 0
    endloop
  endfacet
  facet normal 0.608303 0.793705 -0
    outer loop
      vertex 9697.37 6609.6 0
      vertex 9692.19 6613.57 2
      vertex 9697.37 6609.6 2
    endloop
  endfacet
  facet normal 0.608303 0.793705 0
    outer loop
      vertex 9692.19 6613.57 2
      vertex 9697.37 6609.6 0
      vertex 9692.19 6613.57 0
    endloop
  endfacet
  facet normal 0.130256 0.99148 -0
    outer loop
      vertex 9686.16 6616.07 0
      vertex 9679.69 6616.92 2
      vertex 9686.16 6616.07 2
    endloop
  endfacet
  facet normal 0.130256 0.99148 0
    outer loop
      vertex 9679.69 6616.92 2
      vertex 9686.16 6616.07 0
      vertex 9679.69 6616.92 0
    endloop
  endfacet
  facet normal -0.573575 0.819153 0
    outer loop
      vertex 9667.19 6613.57 0
      vertex 7783.14 5294.35 2
      vertex 9667.19 6613.57 2
    endloop
  endfacet
  facet normal -0.573575 0.819153 0
    outer loop
      vertex 7783.14 5294.35 2
      vertex 9667.19 6613.57 0
      vertex 7783.14 5294.35 0
    endloop
  endfacet
  facet normal 0.382983 0.923755 -0
    outer loop
      vertex 9692.19 6613.57 0
      vertex 9686.16 6616.07 2
      vertex 9692.19 6613.57 2
    endloop
  endfacet
  facet normal 0.382983 0.923755 0
    outer loop
      vertex 9686.16 6616.07 2
      vertex 9692.19 6613.57 0
      vertex 9686.16 6616.07 0
    endloop
  endfacet
  facet normal 0.793705 0.608303 0
    outer loop
      vertex 9701.34 6604.42 2
      vertex 9697.37 6609.6 0
      vertex 9697.37 6609.6 2
    endloop
  endfacet
  facet normal 0.793705 0.608303 0
    outer loop
      vertex 9697.37 6609.6 0
      vertex 9701.34 6604.42 2
      vertex 9701.34 6604.42 0
    endloop
  endfacet
  facet normal -0.130256 0.99148 0
    outer loop
      vertex 9679.69 6616.92 0
      vertex 9673.22 6616.07 2
      vertex 9679.69 6616.92 2
    endloop
  endfacet
  facet normal -0.130256 0.99148 0
    outer loop
      vertex 9673.22 6616.07 2
      vertex 9679.69 6616.92 0
      vertex 9673.22 6616.07 0
    endloop
  endfacet
  facet normal -0.382983 0.923755 0
    outer loop
      vertex 9673.22 6616.07 0
      vertex 9667.19 6613.57 2
      vertex 9673.22 6616.07 2
    endloop
  endfacet
  facet normal -0.382983 0.923755 0
    outer loop
      vertex 9667.19 6613.57 2
      vertex 9673.22 6616.07 0
      vertex 9667.19 6613.57 0
    endloop
  endfacet
  facet normal 0.819158 0.573568 0
    outer loop
      vertex 10676.4 5211.86 2
      vertex 9701.34 6604.42 0
      vertex 9701.34 6604.42 2
    endloop
  endfacet
  facet normal 0.819158 0.573568 0
    outer loop
      vertex 9701.34 6604.42 0
      vertex 10676.4 5211.86 2
      vertex 10676.4 5211.86 0
    endloop
  endfacet
  facet normal -0.819156 -0.573571 0
    outer loop
      vertex 10633.1 5186.86 0
      vertex 9673.57 6557.23 2
      vertex 9673.57 6557.23 0
    endloop
  endfacet
  facet normal -0.819156 -0.573571 0
    outer loop
      vertex 9673.57 6557.23 2
      vertex 10633.1 5186.86 0
      vertex 10633.1 5186.86 2
    endloop
  endfacet
  facet normal -0.819129 -0.57361 0
    outer loop
      vertex 11351.4 4161.11 0
      vertex 10633.1 5186.86 2
      vertex 10633.1 5186.86 0
    endloop
  endfacet
  facet normal -0.819129 -0.57361 0
    outer loop
      vertex 10633.1 5186.86 2
      vertex 11351.4 4161.11 0
      vertex 11351.4 4161.11 2
    endloop
  endfacet
  facet normal -0.819103 -0.573646 0
    outer loop
      vertex 11552.1 3874.41 0
      vertex 11380 4120.15 2
      vertex 11380 4120.15 0
    endloop
  endfacet
  facet normal -0.819103 -0.573646 0
    outer loop
      vertex 11380 4120.15 2
      vertex 11552.1 3874.41 0
      vertex 11552.1 3874.41 2
    endloop
  endfacet
  facet normal 0.819152 0.573576 0
    outer loop
      vertex 11622.8 3860.26 2
      vertex 10676.4 5211.86 0
      vertex 10676.4 5211.86 2
    endloop
  endfacet
  facet normal 0.819152 0.573576 0
    outer loop
      vertex 10676.4 5211.86 0
      vertex 11622.8 3860.26 2
      vertex 11622.8 3860.26 0
    endloop
  endfacet
  facet normal 0.791487 -0.611187 0
    outer loop
      vertex 12622.6 2396.57 2
      vertex 12626.6 2401.75 0
      vertex 12626.6 2401.75 2
    endloop
  endfacet
  facet normal 0.791487 -0.611187 0
    outer loop
      vertex 12626.6 2401.75 0
      vertex 12622.6 2396.57 2
      vertex 12622.6 2396.57 0
    endloop
  endfacet
  facet normal 0.606826 -0.794835 0
    outer loop
      vertex 12617.4 2392.6 0
      vertex 12622.6 2396.57 2
      vertex 12617.4 2392.6 2
    endloop
  endfacet
  facet normal 0.606826 -0.794835 0
    outer loop
      vertex 12622.6 2396.57 2
      vertex 12617.4 2392.6 0
      vertex 12622.6 2396.57 0
    endloop
  endfacet
  facet normal 0.992442 0.122713 0
    outer loop
      vertex 12629.9 2414.25 2
      vertex 12629.1 2420.72 0
      vertex 12629.1 2420.72 2
    endloop
  endfacet
  facet normal 0.992442 0.122713 0
    outer loop
      vertex 12629.1 2420.72 0
      vertex 12629.9 2414.25 2
      vertex 12629.9 2414.25 0
    endloop
  endfacet
  facet normal 0.992442 -0.122713 0
    outer loop
      vertex 12629.1 2407.78 2
      vertex 12629.9 2414.25 0
      vertex 12629.9 2414.25 2
    endloop
  endfacet
  facet normal 0.992442 -0.122713 0
    outer loop
      vertex 12629.9 2414.25 0
      vertex 12629.1 2407.78 2
      vertex 12629.1 2407.78 0
    endloop
  endfacet
  facet normal 0.923755 0.382983 0
    outer loop
      vertex 12629.1 2420.72 2
      vertex 12626.6 2426.75 0
      vertex 12626.6 2426.75 2
    endloop
  endfacet
  facet normal 0.923755 0.382983 0
    outer loop
      vertex 12626.6 2426.75 0
      vertex 12629.1 2420.72 2
      vertex 12629.1 2420.72 0
    endloop
  endfacet
  facet normal -0.819165 -0.573557 0
    outer loop
      vertex 12570.2 2420.37 0
      vertex 11580.8 3833.45 2
      vertex 11580.8 3833.45 0
    endloop
  endfacet
  facet normal -0.819165 -0.573557 0
    outer loop
      vertex 11580.8 3833.45 2
      vertex 12570.2 2420.37 0
      vertex 12570.2 2420.37 2
    endloop
  endfacet
  facet normal 0.923755 -0.382983 0
    outer loop
      vertex 12626.6 2401.75 2
      vertex 12629.1 2407.78 0
      vertex 12629.1 2407.78 2
    endloop
  endfacet
  facet normal 0.923755 -0.382983 0
    outer loop
      vertex 12629.1 2407.78 0
      vertex 12626.6 2401.75 2
      vertex 12626.6 2401.75 0
    endloop
  endfacet
  facet normal 0.81914 0.573594 0
    outer loop
      vertex 12626.6 2426.75 2
      vertex 11622.8 3860.26 0
      vertex 11622.8 3860.26 2
    endloop
  endfacet
  facet normal 0.81914 0.573594 0
    outer loop
      vertex 11622.8 3860.26 0
      vertex 12626.6 2426.75 2
      vertex 12626.6 2426.75 0
    endloop
  endfacet
  facet normal -0.57359 0.819143 0
    outer loop
      vertex 12570.2 2420.37 0
      vertex 10421.7 915.921 2
      vertex 12570.2 2420.37 2
    endloop
  endfacet
  facet normal -0.57359 0.819143 0
    outer loop
      vertex 10421.7 915.921 2
      vertex 12570.2 2420.37 0
      vertex 10421.7 915.921 0
    endloop
  endfacet
  facet normal 0.573587 -0.819145 0
    outer loop
      vertex 10446.7 872.619 0
      vertex 12617.4 2392.6 2
      vertex 10446.7 872.619 2
    endloop
  endfacet
  facet normal 0.573587 -0.819145 0
    outer loop
      vertex 12617.4 2392.6 2
      vertex 10446.7 872.619 0
      vertex 12617.4 2392.6 0
    endloop
  endfacet
  facet normal 0.573485 -0.819216 0
    outer loop
      vertex 10200.9 700.549 0
      vertex 10446.7 872.619 2
      vertex 10200.9 700.549 2
    endloop
  endfacet
  facet normal 0.573485 -0.819216 0
    outer loop
      vertex 10446.7 872.619 2
      vertex 10200.9 700.549 0
      vertex 10446.7 872.619 0
    endloop
  endfacet
  facet normal -0.573485 0.819216 0
    outer loop
      vertex 10421.7 915.921 0
      vertex 10175.9 743.851 2
      vertex 10421.7 915.921 2
    endloop
  endfacet
  facet normal -0.573485 0.819216 0
    outer loop
      vertex 10175.9 743.851 2
      vertex 10421.7 915.921 0
      vertex 10175.9 743.851 0
    endloop
  endfacet
  facet normal 0.573589 -0.819143 0
    outer loop
      vertex 9095.08 -73.7806 0
      vertex 10200.9 700.549 2
      vertex 9095.08 -73.7806 2
    endloop
  endfacet
  facet normal 0.573589 -0.819143 0
    outer loop
      vertex 10200.9 700.549 2
      vertex 9095.08 -73.7806 0
      vertex 10200.9 700.549 0
    endloop
  endfacet
  facet normal -0.57359 0.819143 0
    outer loop
      vertex 10175.9 743.851 0
      vertex 9070.08 -30.4794 2
      vertex 10175.9 743.851 2
    endloop
  endfacet
  facet normal -0.57359 0.819143 0
    outer loop
      vertex 9070.08 -30.4794 2
      vertex 10175.9 743.851 0
      vertex 9070.08 -30.4794 0
    endloop
  endfacet
  facet normal 0.573564 -0.819161 0
    outer loop
      vertex 8849.33 -245.851 0
      vertex 9095.08 -73.7806 2
      vertex 8849.33 -245.851 2
    endloop
  endfacet
  facet normal 0.573564 -0.819161 0
    outer loop
      vertex 9095.08 -73.7806 2
      vertex 8849.33 -245.851 0
      vertex 9095.08 -73.7806 0
    endloop
  endfacet
  facet normal -0.573562 0.819162 0
    outer loop
      vertex 9070.08 -30.4794 0
      vertex 8824.33 -202.549 2
      vertex 9070.08 -30.4794 2
    endloop
  endfacet
  facet normal -0.573562 0.819162 0
    outer loop
      vertex 8824.33 -202.549 2
      vertex 9070.08 -30.4794 0
      vertex 8824.33 -202.549 0
    endloop
  endfacet
  facet normal -0.382983 -0.923755 0
    outer loop
      vertex 6899.32 -1593.76 0
      vertex 6905.35 -1596.26 2
      vertex 6899.32 -1593.76 2
    endloop
  endfacet
  facet normal -0.382983 -0.923755 -0
    outer loop
      vertex 6905.35 -1596.26 2
      vertex 6899.32 -1593.76 0
      vertex 6905.35 -1596.26 0
    endloop
  endfacet
  facet normal 0.573577 -0.819152 0
    outer loop
      vertex 6924.32 -1593.76 0
      vertex 8849.33 -245.851 2
      vertex 6924.32 -1593.76 2
    endloop
  endfacet
  facet normal 0.573577 -0.819152 0
    outer loop
      vertex 8849.33 -245.851 2
      vertex 6924.32 -1593.76 0
      vertex 8849.33 -245.851 0
    endloop
  endfacet
  facet normal -0.130256 -0.99148 0
    outer loop
      vertex 6905.35 -1596.26 0
      vertex 6911.82 -1597.11 2
      vertex 6905.35 -1596.26 2
    endloop
  endfacet
  facet normal -0.130256 -0.99148 -0
    outer loop
      vertex 6911.82 -1597.11 2
      vertex 6905.35 -1596.26 0
      vertex 6911.82 -1597.11 0
    endloop
  endfacet
  facet normal 0.382983 -0.923755 0
    outer loop
      vertex 6918.29 -1596.26 0
      vertex 6924.32 -1593.76 2
      vertex 6918.29 -1596.26 2
    endloop
  endfacet
  facet normal 0.382983 -0.923755 0
    outer loop
      vertex 6924.32 -1593.76 2
      vertex 6918.29 -1596.26 0
      vertex 6924.32 -1593.76 0
    endloop
  endfacet
  facet normal -0.573577 0.819152 0
    outer loop
      vertex 8824.33 -202.549 0
      vertex 6917.94 -1537.42 2
      vertex 8824.33 -202.549 2
    endloop
  endfacet
  facet normal -0.573577 0.819152 0
    outer loop
      vertex 6917.94 -1537.42 2
      vertex 8824.33 -202.549 0
      vertex 6917.94 -1537.42 0
    endloop
  endfacet
  facet normal -0.608303 -0.793705 0
    outer loop
      vertex 6894.14 -1589.79 0
      vertex 6899.32 -1593.76 2
      vertex 6894.14 -1589.79 2
    endloop
  endfacet
  facet normal -0.608303 -0.793705 -0
    outer loop
      vertex 6899.32 -1593.76 2
      vertex 6894.14 -1589.79 0
      vertex 6899.32 -1593.76 0
    endloop
  endfacet
  facet normal -0.793705 -0.608303 0
    outer loop
      vertex 6894.14 -1589.79 0
      vertex 6890.17 -1584.61 2
      vertex 6890.17 -1584.61 0
    endloop
  endfacet
  facet normal -0.793705 -0.608303 0
    outer loop
      vertex 6890.17 -1584.61 2
      vertex 6894.14 -1589.79 0
      vertex 6894.14 -1589.79 2
    endloop
  endfacet
  facet normal 0.130256 -0.99148 0
    outer loop
      vertex 6911.82 -1597.11 0
      vertex 6918.29 -1596.26 2
      vertex 6911.82 -1597.11 2
    endloop
  endfacet
  facet normal 0.130256 -0.99148 0
    outer loop
      vertex 6918.29 -1596.26 2
      vertex 6911.82 -1597.11 0
      vertex 6918.29 -1596.26 0
    endloop
  endfacet
  facet normal -0.130558 0.991441 0
    outer loop
      vertex 6223.53 -564.13 0
      vertex 6217.06 -564.982 2
      vertex 6223.53 -564.13 2
    endloop
  endfacet
  facet normal -0.130558 0.991441 0
    outer loop
      vertex 6217.06 -564.982 2
      vertex 6223.53 -564.13 0
      vertex 6217.06 -564.982 0
    endloop
  endfacet
  facet normal -0.81915 -0.573579 0
    outer loop
      vertex 6890.17 -1584.61 0
      vertex 6217.41 -623.816 2
      vertex 6217.41 -623.816 0
    endloop
  endfacet
  facet normal -0.81915 -0.573579 0
    outer loop
      vertex 6217.41 -623.816 2
      vertex 6890.17 -1584.61 0
      vertex 6890.17 -1584.61 2
    endloop
  endfacet
  facet normal 0.608592 0.793483 -0
    outer loop
      vertex 6241.21 -571.452 0
      vertex 6236.03 -567.479 2
      vertex 6241.21 -571.452 2
    endloop
  endfacet
  facet normal 0.608592 0.793483 0
    outer loop
      vertex 6236.03 -567.479 2
      vertex 6241.21 -571.452 0
      vertex 6236.03 -567.479 0
    endloop
  endfacet
  facet normal 0.819149 0.573581 0
    outer loop
      vertex 6917.94 -1537.42 2
      vertex 6245.18 -576.63 0
      vertex 6245.18 -576.63 2
    endloop
  endfacet
  facet normal 0.819149 0.573581 0
    outer loop
      vertex 6245.18 -576.63 0
      vertex 6917.94 -1537.42 2
      vertex 6917.94 -1537.42 0
    endloop
  endfacet
  facet normal 0.793592 0.608451 0
    outer loop
      vertex 6245.18 -576.63 2
      vertex 6241.21 -571.452 0
      vertex 6241.21 -571.452 2
    endloop
  endfacet
  facet normal 0.793592 0.608451 0
    outer loop
      vertex 6241.21 -571.452 0
      vertex 6245.18 -576.63 2
      vertex 6245.18 -576.63 0
    endloop
  endfacet
  facet normal 0.130558 0.991441 -0
    outer loop
      vertex 6230 -564.982 0
      vertex 6223.53 -564.13 2
      vertex 6230 -564.982 2
    endloop
  endfacet
  facet normal 0.130558 0.991441 0
    outer loop
      vertex 6223.53 -564.13 2
      vertex 6230 -564.982 0
      vertex 6223.53 -564.13 0
    endloop
  endfacet
  facet normal 0.382591 0.923918 -0
    outer loop
      vertex 6236.03 -567.479 0
      vertex 6230 -564.982 2
      vertex 6236.03 -567.479 2
    endloop
  endfacet
  facet normal 0.382591 0.923918 0
    outer loop
      vertex 6230 -564.982 2
      vertex 6236.03 -567.479 0
      vertex 6230 -564.982 0
    endloop
  endfacet
  facet normal -0.382591 0.923918 0
    outer loop
      vertex 6217.06 -564.982 0
      vertex 6211.03 -567.479 2
      vertex 6217.06 -564.982 2
    endloop
  endfacet
  facet normal -0.382591 0.923918 0
    outer loop
      vertex 6211.03 -567.479 2
      vertex 6217.06 -564.982 0
      vertex 6211.03 -567.479 0
    endloop
  endfacet
  facet normal 0.573576 -0.819152 0
    outer loop
      vertex 4627.39 -1737.16 0
      vertex 6217.41 -623.816 2
      vertex 4627.39 -1737.16 2
    endloop
  endfacet
  facet normal 0.573576 -0.819152 0
    outer loop
      vertex 6217.41 -623.816 2
      vertex 4627.39 -1737.16 0
      vertex 6217.41 -623.816 0
    endloop
  endfacet
  facet normal 0.130256 -0.99148 0
    outer loop
      vertex 4614.89 -1740.51 0
      vertex 4621.36 -1739.66 2
      vertex 4614.89 -1740.51 2
    endloop
  endfacet
  facet normal 0.130256 -0.99148 0
    outer loop
      vertex 4621.36 -1739.66 2
      vertex 4614.89 -1740.51 0
      vertex 4621.36 -1739.66 0
    endloop
  endfacet
  facet normal 0.382983 -0.923755 0
    outer loop
      vertex 4621.36 -1739.66 0
      vertex 4627.39 -1737.16 2
      vertex 4621.36 -1739.66 2
    endloop
  endfacet
  facet normal 0.382983 -0.923755 0
    outer loop
      vertex 4627.39 -1737.16 2
      vertex 4621.36 -1739.66 0
      vertex 4627.39 -1737.16 0
    endloop
  endfacet
  facet normal -0.573576 0.819152 0
    outer loop
      vertex 6211.03 -567.479 0
      vertex 4608.03 -1689.91 2
      vertex 6211.03 -567.479 2
    endloop
  endfacet
  facet normal -0.573576 0.819152 0
    outer loop
      vertex 4608.03 -1689.91 2
      vertex 6211.03 -567.479 0
      vertex 4608.03 -1689.91 0
    endloop
  endfacet
  facet normal 0.0871591 0.996194 -0
    outer loop
      vertex 4608.03 -1689.91 0
      vertex 3382.89 -1582.72 2
      vertex 4608.03 -1689.91 2
    endloop
  endfacet
  facet normal 0.0871591 0.996194 0
    outer loop
      vertex 3382.89 -1582.72 2
      vertex 4608.03 -1689.91 0
      vertex 3382.89 -1582.72 0
    endloop
  endfacet
  facet normal -0.0871585 -0.996194 0
    outer loop
      vertex 3355.91 -1630.36 0
      vertex 4614.89 -1740.51 2
      vertex 3355.91 -1630.36 2
    endloop
  endfacet
  facet normal -0.0871585 -0.996194 -0
    outer loop
      vertex 4614.89 -1740.51 2
      vertex 3355.91 -1630.36 0
      vertex 4614.89 -1740.51 0
    endloop
  endfacet
  facet normal 0 1 -0
    outer loop
      vertex 1184.16 -425 0
      vertex 25 -425 2
      vertex 1184.16 -425 2
    endloop
  endfacet
  facet normal 0 1 0
    outer loop
      vertex 25 -425 2
      vertex 1184.16 -425 0
      vertex 25 -425 0
    endloop
  endfacet
  facet normal 0.382591 -0.923918 0
    outer loop
      vertex 1198.35 -474.148 0
      vertex 1204.38 -471.651 2
      vertex 1198.35 -474.148 2
    endloop
  endfacet
  facet normal 0.382591 -0.923918 0
    outer loop
      vertex 1204.38 -471.651 2
      vertex 1198.35 -474.148 0
      vertex 1204.38 -471.651 0
    endloop
  endfacet
  facet normal 0 -1 0
    outer loop
      vertex -1200 -475 0
      vertex 1191.88 -475 2
      vertex -1200 -475 2
    endloop
  endfacet
  facet normal 0 -1 -0
    outer loop
      vertex 1191.88 -475 2
      vertex -1200 -475 0
      vertex 1191.88 -475 0
    endloop
  endfacet
  facet normal 0.130558 -0.991441 0
    outer loop
      vertex 1191.88 -475 0
      vertex 1198.35 -474.148 2
      vertex 1191.88 -475 2
    endloop
  endfacet
  facet normal 0.130558 -0.991441 0
    outer loop
      vertex 1198.35 -474.148 2
      vertex 1191.88 -475 0
      vertex 1198.35 -474.148 0
    endloop
  endfacet
  facet normal -0.573576 0.819152 0
    outer loop
      vertex 3097.74 914.901 0
      vertex 1184.16 -425 2
      vertex 3097.74 914.901 2
    endloop
  endfacet
  facet normal -0.573576 0.819152 0
    outer loop
      vertex 1184.16 -425 2
      vertex 3097.74 914.901 0
      vertex 1184.16 -425 0
    endloop
  endfacet
  facet normal 0.573576 -0.819152 0
    outer loop
      vertex 1204.38 -471.651 0
      vertex 3122.74 871.599 2
      vertex 1204.38 -471.651 2
    endloop
  endfacet
  facet normal 0.573576 -0.819152 0
    outer loop
      vertex 3122.74 871.599 2
      vertex 1204.38 -471.651 0
      vertex 3122.74 871.599 0
    endloop
  endfacet
  facet normal 0.573565 -0.81916 0
    outer loop
      vertex 3122.74 871.599 0
      vertex 3368.49 1043.67 2
      vertex 3122.74 871.599 2
    endloop
  endfacet
  facet normal 0.573565 -0.81916 0
    outer loop
      vertex 3368.49 1043.67 2
      vertex 3122.74 871.599 0
      vertex 3368.49 1043.67 0
    endloop
  endfacet
  facet normal -0.573561 0.819163 0
    outer loop
      vertex 3343.49 1086.97 0
      vertex 3097.74 914.901 2
      vertex 3343.49 1086.97 2
    endloop
  endfacet
  facet normal -0.573561 0.819163 0
    outer loop
      vertex 3097.74 914.901 2
      vertex 3343.49 1086.97 0
      vertex 3097.74 914.901 0
    endloop
  endfacet
  facet normal 0.573578 -0.819151 0
    outer loop
      vertex 3368.49 1043.67 0
      vertex 5252.54 2362.9 2
      vertex 3368.49 1043.67 2
    endloop
  endfacet
  facet normal 0.573578 -0.819151 0
    outer loop
      vertex 5252.54 2362.9 2
      vertex 3368.49 1043.67 0
      vertex 5252.54 2362.9 0
    endloop
  endfacet
  facet normal -0.573578 0.819151 0
    outer loop
      vertex 5227.54 2406.2 0
      vertex 3343.49 1086.97 2
      vertex 5227.54 2406.2 2
    endloop
  endfacet
  facet normal -0.573578 0.819151 0
    outer loop
      vertex 3343.49 1086.97 2
      vertex 5227.54 2406.2 0
      vertex 3343.49 1086.97 0
    endloop
  endfacet
  facet normal 0.573579 -0.81915 0
    outer loop
      vertex 5252.54 2362.9 0
      vertex 5498.28 2534.97 2
      vertex 5252.54 2362.9 2
    endloop
  endfacet
  facet normal 0.573579 -0.81915 0
    outer loop
      vertex 5498.28 2534.97 2
      vertex 5252.54 2362.9 0
      vertex 5498.28 2534.97 0
    endloop
  endfacet
  facet normal -0.573579 0.81915 0
    outer loop
      vertex 5473.28 2578.27 0
      vertex 5227.54 2406.2 2
      vertex 5473.28 2578.27 2
    endloop
  endfacet
  facet normal -0.573579 0.81915 0
    outer loop
      vertex 5227.54 2406.2 2
      vertex 5473.28 2578.27 0
      vertex 5227.54 2406.2 0
    endloop
  endfacet
  facet normal -0.573569 0.819158 0
    outer loop
      vertex 6405.08 3230.71 0
      vertex 5473.28 2578.27 2
      vertex 6405.08 3230.71 2
    endloop
  endfacet
  facet normal -0.573569 0.819158 0
    outer loop
      vertex 5473.28 2578.27 2
      vertex 6405.08 3230.71 0
      vertex 5473.28 2578.27 0
    endloop
  endfacet
  facet normal 0.573573 -0.819155 0
    outer loop
      vertex 5498.28 2534.97 0
      vertex 6440.31 3194.58 2
      vertex 5498.28 2534.97 2
    endloop
  endfacet
  facet normal 0.573573 -0.819155 0
    outer loop
      vertex 6440.31 3194.58 2
      vertex 5498.28 2534.97 0
      vertex 6440.31 3194.58 0
    endloop
  endfacet
  facet normal 0.608303 -0.793705 0
    outer loop
      vertex 6440.31 3194.58 0
      vertex 6445.49 3198.55 2
      vertex 6440.31 3194.58 2
    endloop
  endfacet
  facet normal 0.608303 -0.793705 0
    outer loop
      vertex 6445.49 3198.55 2
      vertex 6440.31 3194.58 0
      vertex 6445.49 3198.55 0
    endloop
  endfacet
  facet normal 0.923755 -0.382983 0
    outer loop
      vertex 6449.46 3203.73 2
      vertex 6451.96 3209.76 0
      vertex 6451.96 3209.76 2
    endloop
  endfacet
  facet normal 0.923755 -0.382983 0
    outer loop
      vertex 6451.96 3209.76 0
      vertex 6449.46 3203.73 2
      vertex 6449.46 3203.73 0
    endloop
  endfacet
  facet normal 0.793705 -0.608303 0
    outer loop
      vertex 6445.49 3198.55 2
      vertex 6449.46 3203.73 0
      vertex 6449.46 3203.73 2
    endloop
  endfacet
  facet normal 0.793705 -0.608303 0
    outer loop
      vertex 6449.46 3203.73 0
      vertex 6445.49 3198.55 2
      vertex 6445.49 3198.55 0
    endloop
  endfacet
  facet normal -0.608303 0.793705 0
    outer loop
      vertex 6452.15 3446.79 0
      vertex 6446.97 3442.82 2
      vertex 6452.15 3446.79 2
    endloop
  endfacet
  facet normal -0.608303 0.793705 0
    outer loop
      vertex 6446.97 3442.82 2
      vertex 6452.15 3446.79 0
      vertex 6446.97 3442.82 0
    endloop
  endfacet
  facet normal 0.984803 -0.173676 0
    outer loop
      vertex 6451.96 3209.76 2
      vertex 6487.39 3410.66 0
      vertex 6487.39 3410.66 2
    endloop
  endfacet
  facet normal 0.984803 -0.173676 0
    outer loop
      vertex 6487.39 3410.66 0
      vertex 6451.96 3209.76 2
      vertex 6451.96 3209.76 0
    endloop
  endfacet
  facet normal -0.984811 0.173629 0
    outer loop
      vertex 6405.08 3230.71 0
      vertex 6440.5 3431.61 2
      vertex 6440.5 3431.61 0
    endloop
  endfacet
  facet normal -0.984811 0.173629 0
    outer loop
      vertex 6440.5 3431.61 2
      vertex 6405.08 3230.71 0
      vertex 6405.08 3230.71 2
    endloop
  endfacet
  facet normal -0.793705 0.608303 0
    outer loop
      vertex 6443 3437.64 0
      vertex 6446.97 3442.82 2
      vertex 6446.97 3442.82 0
    endloop
  endfacet
  facet normal -0.793705 0.608303 0
    outer loop
      vertex 6446.97 3442.82 2
      vertex 6443 3437.64 0
      vertex 6443 3437.64 2
    endloop
  endfacet
  facet normal -0.923755 0.382983 0
    outer loop
      vertex 6440.5 3431.61 0
      vertex 6443 3437.64 2
      vertex 6443 3437.64 0
    endloop
  endfacet
  facet normal -0.923755 0.382983 0
    outer loop
      vertex 6443 3437.64 2
      vertex 6440.5 3431.61 0
      vertex 6440.5 3431.61 2
    endloop
  endfacet
  facet normal 0.57358 -0.81915 0
    outer loop
      vertex 6487.39 3410.66 0
      vertex 8108.78 4545.98 2
      vertex 6487.39 3410.66 2
    endloop
  endfacet
  facet normal 0.57358 -0.81915 0
    outer loop
      vertex 8108.78 4545.98 2
      vertex 6487.39 3410.66 0
      vertex 8108.78 4545.98 0
    endloop
  endfacet
  facet normal -0.57358 0.81915 0
    outer loop
      vertex 8090.45 4593.95 0
      vertex 6452.15 3446.79 2
      vertex 8090.45 4593.95 2
    endloop
  endfacet
  facet normal -0.57358 0.81915 0
    outer loop
      vertex 6452.15 3446.79 2
      vertex 8090.45 4593.95 0
      vertex 6452.15 3446.79 0
    endloop
  endfacet
  facet normal 0.130256 0.99148 -0
    outer loop
      vertex 8109.42 4596.45 0
      vertex 8102.95 4597.3 2
      vertex 8109.42 4596.45 2
    endloop
  endfacet
  facet normal 0.130256 0.99148 0
    outer loop
      vertex 8102.95 4597.3 2
      vertex 8109.42 4596.45 0
      vertex 8102.95 4597.3 0
    endloop
  endfacet
  facet normal -0.130256 0.99148 0
    outer loop
      vertex 8102.95 4597.3 0
      vertex 8096.48 4596.45 2
      vertex 8102.95 4597.3 2
    endloop
  endfacet
  facet normal -0.130256 0.99148 0
    outer loop
      vertex 8096.48 4596.45 2
      vertex 8102.95 4597.3 0
      vertex 8096.48 4596.45 0
    endloop
  endfacet
  facet normal -0.382983 0.923755 0
    outer loop
      vertex 8096.48 4596.45 0
      vertex 8090.45 4593.95 2
      vertex 8096.48 4596.45 2
    endloop
  endfacet
  facet normal -0.382983 0.923755 0
    outer loop
      vertex 8090.45 4593.95 2
      vertex 8096.48 4596.45 0
      vertex 8090.45 4593.95 0
    endloop
  endfacet
  facet normal 0.17366 0.984806 -0
    outer loop
      vertex 8306.03 4561.78 0
      vertex 8109.42 4596.45 2
      vertex 8306.03 4561.78 2
    endloop
  endfacet
  facet normal 0.17366 0.984806 0
    outer loop
      vertex 8109.42 4596.45 2
      vertex 8306.03 4561.78 0
      vertex 8109.42 4596.45 0
    endloop
  endfacet
  facet normal -0.17366 -0.984806 0
    outer loop
      vertex 8108.78 4545.98 0
      vertex 8305.39 4511.31 2
      vertex 8108.78 4545.98 2
    endloop
  endfacet
  facet normal -0.17366 -0.984806 -0
    outer loop
      vertex 8305.39 4511.31 2
      vertex 8108.78 4545.98 0
      vertex 8305.39 4511.31 0
    endloop
  endfacet
  facet normal 0.130256 -0.99148 0
    outer loop
      vertex 8311.86 4510.46 0
      vertex 8318.33 4511.31 2
      vertex 8311.86 4510.46 2
    endloop
  endfacet
  facet normal 0.130256 -0.99148 0
    outer loop
      vertex 8318.33 4511.31 2
      vertex 8311.86 4510.46 0
      vertex 8318.33 4511.31 0
    endloop
  endfacet
  facet normal -0.130256 -0.99148 0
    outer loop
      vertex 8305.39 4511.31 0
      vertex 8311.86 4510.46 2
      vertex 8305.39 4511.31 2
    endloop
  endfacet
  facet normal -0.130256 -0.99148 -0
    outer loop
      vertex 8311.86 4510.46 2
      vertex 8305.39 4511.31 0
      vertex 8311.86 4510.46 0
    endloop
  endfacet
  facet normal 0.382983 -0.923755 0
    outer loop
      vertex 8318.33 4511.31 0
      vertex 8324.36 4513.81 2
      vertex 8318.33 4511.31 2
    endloop
  endfacet
  facet normal 0.382983 -0.923755 0
    outer loop
      vertex 8324.36 4513.81 2
      vertex 8318.33 4511.31 0
      vertex 8324.36 4513.81 0
    endloop
  endfacet
  facet normal 0.382983 0.923755 -0
    outer loop
      vertex 9471.17 5360.12 0
      vertex 9465.14 5362.62 2
      vertex 9471.17 5360.12 2
    endloop
  endfacet
  facet normal 0.382983 0.923755 0
    outer loop
      vertex 9465.14 5362.62 2
      vertex 9471.17 5360.12 0
      vertex 9465.14 5362.62 0
    endloop
  endfacet
  facet normal 0.573578 -0.819151 0
    outer loop
      vertex 8324.36 4513.81 0
      vertex 9452.55 5303.78 2
      vertex 8324.36 4513.81 2
    endloop
  endfacet
  facet normal 0.573578 -0.819151 0
    outer loop
      vertex 9452.55 5303.78 2
      vertex 8324.36 4513.81 0
      vertex 9452.55 5303.78 0
    endloop
  endfacet
  facet normal 0.793705 0.608303 0
    outer loop
      vertex 9480.32 5350.97 2
      vertex 9476.35 5356.15 0
      vertex 9476.35 5356.15 2
    endloop
  endfacet
  facet normal 0.793705 0.608303 0
    outer loop
      vertex 9476.35 5356.15 0
      vertex 9480.32 5350.97 2
      vertex 9480.32 5350.97 0
    endloop
  endfacet
  facet normal 0.130256 0.99148 -0
    outer loop
      vertex 9465.14 5362.62 0
      vertex 9458.67 5363.47 2
      vertex 9465.14 5362.62 2
    endloop
  endfacet
  facet normal 0.130256 0.99148 0
    outer loop
      vertex 9458.67 5363.47 2
      vertex 9465.14 5362.62 0
      vertex 9458.67 5363.47 0
    endloop
  endfacet
  facet normal 0.608303 0.793705 -0
    outer loop
      vertex 9476.35 5356.15 0
      vertex 9471.17 5360.12 2
      vertex 9476.35 5356.15 2
    endloop
  endfacet
  facet normal 0.608303 0.793705 0
    outer loop
      vertex 9471.17 5360.12 2
      vertex 9476.35 5356.15 0
      vertex 9471.17 5360.12 0
    endloop
  endfacet
  facet normal -0.573579 0.81915 0
    outer loop
      vertex 9446.17 5360.12 0
      vertex 8306.03 4561.78 2
      vertex 9446.17 5360.12 2
    endloop
  endfacet
  facet normal -0.573579 0.81915 0
    outer loop
      vertex 8306.03 4561.78 2
      vertex 9446.17 5360.12 0
      vertex 8306.03 4561.78 0
    endloop
  endfacet
  facet normal -0.130256 0.99148 0
    outer loop
      vertex 9458.67 5363.47 0
      vertex 9452.2 5362.62 2
      vertex 9458.67 5363.47 2
    endloop
  endfacet
  facet normal -0.130256 0.99148 0
    outer loop
      vertex 9452.2 5362.62 2
      vertex 9458.67 5363.47 0
      vertex 9452.2 5362.62 0
    endloop
  endfacet
  facet normal -0.382983 0.923755 0
    outer loop
      vertex 9452.2 5362.62 0
      vertex 9446.17 5360.12 2
      vertex 9452.2 5362.62 2
    endloop
  endfacet
  facet normal -0.382983 0.923755 0
    outer loop
      vertex 9446.17 5360.12 2
      vertex 9452.2 5362.62 0
      vertex 9446.17 5360.12 0
    endloop
  endfacet
  facet normal -0.819147 -0.573583 0
    outer loop
      vertex 9895.88 4670.65 0
      vertex 9452.55 5303.78 2
      vertex 9452.55 5303.78 0
    endloop
  endfacet
  facet normal -0.819147 -0.573583 0
    outer loop
      vertex 9452.55 5303.78 2
      vertex 9895.88 4670.65 0
      vertex 9895.88 4670.65 2
    endloop
  endfacet
  facet normal 0.819152 0.573576 0
    outer loop
      vertex 9939.18 4695.65 2
      vertex 9480.32 5350.97 0
      vertex 9480.32 5350.97 2
    endloop
  endfacet
  facet normal 0.819152 0.573576 0
    outer loop
      vertex 9480.32 5350.97 0
      vertex 9939.18 4695.65 2
      vertex 9939.18 4695.65 0
    endloop
  endfacet
  facet normal 0.812215 0.583359 0
    outer loop
      vertex 10885.6 3344.04 2
      vertex 10884.3 3345.85 0
      vertex 10884.3 3345.85 2
    endloop
  endfacet
  facet normal 0.812215 0.583359 0
    outer loop
      vertex 10884.3 3345.85 0
      vertex 10885.6 3344.04 2
      vertex 10885.6 3344.04 0
    endloop
  endfacet
  facet normal 0.819148 0.573582 0
    outer loop
      vertex 10654.9 3673.51 2
      vertex 9939.18 4695.65 0
      vertex 9939.18 4695.65 2
    endloop
  endfacet
  facet normal 0.819148 0.573582 0
    outer loop
      vertex 9939.18 4695.65 0
      vertex 10654.9 3673.51 2
      vertex 10654.9 3673.51 0
    endloop
  endfacet
  facet normal 0.81926 0.573422 0
    outer loop
      vertex 10855.6 3386.81 2
      vertex 10683.6 3632.55 0
      vertex 10683.6 3632.55 2
    endloop
  endfacet
  facet normal 0.81926 0.573422 0
    outer loop
      vertex 10683.6 3632.55 0
      vertex 10855.6 3386.81 2
      vertex 10855.6 3386.81 0
    endloop
  endfacet
  facet normal -0.819148 -0.573582 0
    outer loop
      vertex 10842.3 3319.04 0
      vertex 9895.88 4670.65 2
      vertex 9895.88 4670.65 0
    endloop
  endfacet
  facet normal -0.819148 -0.573582 0
    outer loop
      vertex 9895.88 4670.65 2
      vertex 10842.3 3319.04 0
      vertex 10842.3 3319.04 2
    endloop
  endfacet
  facet normal -0.81915 -0.57358 0
    outer loop
      vertex 11316.8 2641.39 0
      vertex 10842.3 3319.04 2
      vertex 10842.3 3319.04 0
    endloop
  endfacet
  facet normal -0.81915 -0.57358 0
    outer loop
      vertex 10842.3 3319.04 2
      vertex 11316.8 2641.39 0
      vertex 11316.8 2641.39 2
    endloop
  endfacet
  facet normal 0.791487 -0.611187 0
    outer loop
      vertex 11369.1 2617.59 2
      vertex 11373.1 2622.77 0
      vertex 11373.1 2622.77 2
    endloop
  endfacet
  facet normal 0.791487 -0.611187 0
    outer loop
      vertex 11373.1 2622.77 0
      vertex 11369.1 2617.59 2
      vertex 11369.1 2617.59 0
    endloop
  endfacet
  facet normal 0.990463 0.137777 0
    outer loop
      vertex 11376.5 2635.27 2
      vertex 11375.6 2641.74 0
      vertex 11375.6 2641.74 2
    endloop
  endfacet
  facet normal 0.990463 0.137777 0
    outer loop
      vertex 11375.6 2641.74 0
      vertex 11376.5 2635.27 2
      vertex 11376.5 2635.27 0
    endloop
  endfacet
  facet normal 0.819171 0.57355 0
    outer loop
      vertex 11373.1 2647.77 2
      vertex 10885.6 3344.04 0
      vertex 10885.6 3344.04 2
    endloop
  endfacet
  facet normal 0.819171 0.57355 0
    outer loop
      vertex 10885.6 3344.04 0
      vertex 11373.1 2647.77 2
      vertex 11373.1 2647.77 0
    endloop
  endfacet
  facet normal 0.923755 -0.382983 0
    outer loop
      vertex 11373.1 2622.77 2
      vertex 11375.6 2628.8 0
      vertex 11375.6 2628.8 2
    endloop
  endfacet
  facet normal 0.923755 -0.382983 0
    outer loop
      vertex 11375.6 2628.8 0
      vertex 11373.1 2622.77 2
      vertex 11373.1 2622.77 0
    endloop
  endfacet
  facet normal 0.923755 0.382983 0
    outer loop
      vertex 11375.6 2641.74 2
      vertex 11373.1 2647.77 0
      vertex 11373.1 2647.77 2
    endloop
  endfacet
  facet normal 0.923755 0.382983 0
    outer loop
      vertex 11373.1 2647.77 0
      vertex 11375.6 2641.74 2
      vertex 11375.6 2641.74 0
    endloop
  endfacet
  facet normal 0.614262 -0.789102 0
    outer loop
      vertex 11364 2613.62 0
      vertex 11369.1 2617.59 2
      vertex 11364 2613.62 2
    endloop
  endfacet
  facet normal 0.614262 -0.789102 0
    outer loop
      vertex 11369.1 2617.59 2
      vertex 11364 2613.62 0
      vertex 11369.1 2617.59 0
    endloop
  endfacet
  facet normal 0.990463 -0.137777 0
    outer loop
      vertex 11375.6 2628.8 2
      vertex 11376.5 2635.27 0
      vertex 11376.5 2635.27 2
    endloop
  endfacet
  facet normal 0.990463 -0.137777 0
    outer loop
      vertex 11376.5 2635.27 0
      vertex 11375.6 2628.8 2
      vertex 11375.6 2628.8 0
    endloop
  endfacet
  facet normal -0.573576 0.819152 0
    outer loop
      vertex 11316.8 2641.39 0
      vertex 9905.46 1653.16 2
      vertex 11316.8 2641.39 2
    endloop
  endfacet
  facet normal -0.573576 0.819152 0
    outer loop
      vertex 9905.46 1653.16 2
      vertex 11316.8 2641.39 0
      vertex 9905.46 1653.16 0
    endloop
  endfacet
  facet normal -0.793705 0.608303 0
    outer loop
      vertex 9896.31 1644.01 0
      vertex 9900.28 1649.19 2
      vertex 9900.28 1649.19 0
    endloop
  endfacet
  facet normal -0.793705 0.608303 0
    outer loop
      vertex 9900.28 1649.19 2
      vertex 9896.31 1644.01 0
      vertex 9896.31 1644.01 2
    endloop
  endfacet
  facet normal 0.57357 -0.819156 0
    outer loop
      vertex 9940.7 1617.03 0
      vertex 11364 2613.62 2
      vertex 9940.7 1617.03 2
    endloop
  endfacet
  facet normal 0.57357 -0.819156 0
    outer loop
      vertex 11364 2613.62 2
      vertex 9940.7 1617.03 0
      vertex 11364 2613.62 0
    endloop
  endfacet
  facet normal -0.923755 0.382983 0
    outer loop
      vertex 9893.81 1637.98 0
      vertex 9896.31 1644.01 2
      vertex 9896.31 1644.01 0
    endloop
  endfacet
  facet normal -0.923755 0.382983 0
    outer loop
      vertex 9896.31 1644.01 2
      vertex 9893.81 1637.98 0
      vertex 9893.81 1637.98 2
    endloop
  endfacet
  facet normal -0.608303 0.793705 0
    outer loop
      vertex 9905.46 1653.16 0
      vertex 9900.28 1649.19 2
      vertex 9905.46 1653.16 2
    endloop
  endfacet
  facet normal -0.608303 0.793705 0
    outer loop
      vertex 9900.28 1649.19 2
      vertex 9905.46 1653.16 0
      vertex 9900.28 1649.19 0
    endloop
  endfacet
  facet normal -0.984808 0.173647 0
    outer loop
      vertex 9821.55 1228.17 0
      vertex 9893.81 1637.98 2
      vertex 9893.81 1637.98 0
    endloop
  endfacet
  facet normal -0.984808 0.173647 0
    outer loop
      vertex 9893.81 1637.98 2
      vertex 9821.55 1228.17 0
      vertex 9821.55 1228.17 2
    endloop
  endfacet
  facet normal 0.793705 -0.608303 0
    outer loop
      vertex 9861.97 1196.01 2
      vertex 9865.94 1201.19 0
      vertex 9865.94 1201.19 2
    endloop
  endfacet
  facet normal 0.793705 -0.608303 0
    outer loop
      vertex 9865.94 1201.19 0
      vertex 9861.97 1196.01 2
      vertex 9861.97 1196.01 0
    endloop
  endfacet
  facet normal 0.923755 -0.382983 0
    outer loop
      vertex 9865.94 1201.19 2
      vertex 9868.44 1207.22 0
      vertex 9868.44 1207.22 2
    endloop
  endfacet
  facet normal 0.923755 -0.382983 0
    outer loop
      vertex 9868.44 1207.22 0
      vertex 9865.94 1201.19 2
      vertex 9865.94 1201.19 0
    endloop
  endfacet
  facet normal 0.984808 -0.173647 0
    outer loop
      vertex 9868.44 1207.22 2
      vertex 9940.7 1617.03 0
      vertex 9940.7 1617.03 2
    endloop
  endfacet
  facet normal 0.984808 -0.173647 0
    outer loop
      vertex 9940.7 1617.03 0
      vertex 9868.44 1207.22 2
      vertex 9868.44 1207.22 0
    endloop
  endfacet
  facet normal 0.608303 -0.793705 0
    outer loop
      vertex 9856.79 1192.04 0
      vertex 9861.97 1196.01 2
      vertex 9856.79 1192.04 2
    endloop
  endfacet
  facet normal 0.608303 -0.793705 0
    outer loop
      vertex 9861.97 1196.01 2
      vertex 9856.79 1192.04 0
      vertex 9861.97 1196.01 0
    endloop
  endfacet
  facet normal -0.130558 -0.991441 0
    outer loop
      vertex 8731.96 415.212 0
      vertex 8738.43 414.36 2
      vertex 8731.96 415.212 2
    endloop
  endfacet
  facet normal -0.130558 -0.991441 -0
    outer loop
      vertex 8738.43 414.36 2
      vertex 8731.96 415.212 0
      vertex 8738.43 414.36 0
    endloop
  endfacet
  facet normal 0.573576 -0.819152 0
    outer loop
      vertex 8750.93 417.709 0
      vertex 9856.79 1192.04 2
      vertex 8750.93 417.709 2
    endloop
  endfacet
  facet normal 0.573576 -0.819152 0
    outer loop
      vertex 9856.79 1192.04 2
      vertex 8750.93 417.709 0
      vertex 9856.79 1192.04 0
    endloop
  endfacet
  facet normal -0.573577 0.819152 0
    outer loop
      vertex 9821.55 1228.17 0
      vertex 8732.6 465.678 2
      vertex 9821.55 1228.17 2
    endloop
  endfacet
  facet normal -0.573577 0.819152 0
    outer loop
      vertex 8732.6 465.678 2
      vertex 9821.55 1228.17 0
      vertex 8732.6 465.678 0
    endloop
  endfacet
  facet normal 0.130558 -0.991441 0
    outer loop
      vertex 8738.43 414.36 0
      vertex 8744.9 415.212 2
      vertex 8738.43 414.36 2
    endloop
  endfacet
  facet normal 0.130558 -0.991441 0
    outer loop
      vertex 8744.9 415.212 2
      vertex 8738.43 414.36 0
      vertex 8744.9 415.212 0
    endloop
  endfacet
  facet normal 0.382591 -0.923918 0
    outer loop
      vertex 8744.9 415.212 0
      vertex 8750.93 417.709 2
      vertex 8744.9 415.212 2
    endloop
  endfacet
  facet normal 0.382591 -0.923918 0
    outer loop
      vertex 8750.93 417.709 2
      vertex 8744.9 415.212 0
      vertex 8750.93 417.709 0
    endloop
  endfacet
  facet normal 0.173638 0.984809 -0
    outer loop
      vertex 8732.6 465.678 0
      vertex 8327.08 537.178 2
      vertex 8732.6 465.678 2
    endloop
  endfacet
  facet normal 0.173638 0.984809 0
    outer loop
      vertex 8327.08 537.178 2
      vertex 8732.6 465.678 0
      vertex 8327.08 537.178 0
    endloop
  endfacet
  facet normal -0.173638 -0.984809 0
    outer loop
      vertex 8326.44 486.712 0
      vertex 8731.96 415.212 2
      vertex 8326.44 486.712 2
    endloop
  endfacet
  facet normal -0.173638 -0.984809 -0
    outer loop
      vertex 8731.96 415.212 2
      vertex 8326.44 486.712 0
      vertex 8731.96 415.212 0
    endloop
  endfacet
  facet normal -0.382591 0.923918 0
    outer loop
      vertex 8314.14 537.178 0
      vertex 8308.11 534.681 2
      vertex 8314.14 537.178 2
    endloop
  endfacet
  facet normal -0.382591 0.923918 0
    outer loop
      vertex 8308.11 534.681 2
      vertex 8314.14 537.178 0
      vertex 8308.11 534.681 0
    endloop
  endfacet
  facet normal 0.130558 0.991441 -0
    outer loop
      vertex 8327.08 537.178 0
      vertex 8320.61 538.03 2
      vertex 8327.08 537.178 2
    endloop
  endfacet
  facet normal 0.130558 0.991441 0
    outer loop
      vertex 8320.61 538.03 2
      vertex 8327.08 537.178 0
      vertex 8320.61 538.03 0
    endloop
  endfacet
  facet normal -0.130558 0.991441 0
    outer loop
      vertex 8320.61 538.03 0
      vertex 8314.14 537.178 2
      vertex 8320.61 538.03 2
    endloop
  endfacet
  facet normal -0.130558 0.991441 0
    outer loop
      vertex 8314.14 537.178 2
      vertex 8320.61 538.03 0
      vertex 8314.14 537.178 0
    endloop
  endfacet
  facet normal -0.382591 -0.923918 0
    outer loop
      vertex 7120.34 -340.301 0
      vertex 7126.37 -342.798 2
      vertex 7120.34 -340.301 2
    endloop
  endfacet
  facet normal -0.382591 -0.923918 -0
    outer loop
      vertex 7126.37 -342.798 2
      vertex 7120.34 -340.301 0
      vertex 7126.37 -342.798 0
    endloop
  endfacet
  facet normal -0.608592 -0.793483 0
    outer loop
      vertex 7115.16 -336.328 0
      vertex 7120.34 -340.301 2
      vertex 7115.16 -336.328 2
    endloop
  endfacet
  facet normal -0.608592 -0.793483 -0
    outer loop
      vertex 7120.34 -340.301 2
      vertex 7115.16 -336.328 0
      vertex 7120.34 -340.301 0
    endloop
  endfacet
  facet normal 0.382591 -0.923918 0
    outer loop
      vertex 7139.31 -342.798 0
      vertex 7145.34 -340.301 2
      vertex 7139.31 -342.798 2
    endloop
  endfacet
  facet normal 0.382591 -0.923918 0
    outer loop
      vertex 7145.34 -340.301 2
      vertex 7139.31 -342.798 0
      vertex 7145.34 -340.301 0
    endloop
  endfacet
  facet normal -0.573575 0.819153 0
    outer loop
      vertex 8308.11 534.681 0
      vertex 7138.96 -283.964 2
      vertex 8308.11 534.681 2
    endloop
  endfacet
  facet normal -0.573575 0.819153 0
    outer loop
      vertex 7138.96 -283.964 2
      vertex 8308.11 534.681 0
      vertex 7138.96 -283.964 0
    endloop
  endfacet
  facet normal 0.130558 -0.991441 0
    outer loop
      vertex 7132.84 -343.65 0
      vertex 7139.31 -342.798 2
      vertex 7132.84 -343.65 2
    endloop
  endfacet
  facet normal 0.130558 -0.991441 0
    outer loop
      vertex 7139.31 -342.798 2
      vertex 7132.84 -343.65 0
      vertex 7139.31 -342.798 0
    endloop
  endfacet
  facet normal 0.573575 -0.819153 0
    outer loop
      vertex 7145.34 -340.301 0
      vertex 8326.44 486.712 2
      vertex 7145.34 -340.301 2
    endloop
  endfacet
  facet normal 0.573575 -0.819153 0
    outer loop
      vertex 8326.44 486.712 2
      vertex 7145.34 -340.301 0
      vertex 8326.44 486.712 0
    endloop
  endfacet
  facet normal -0.793592 -0.608451 0
    outer loop
      vertex 7115.16 -336.328 0
      vertex 7111.19 -331.15 2
      vertex 7111.19 -331.15 0
    endloop
  endfacet
  facet normal -0.793592 -0.608451 0
    outer loop
      vertex 7111.19 -331.15 2
      vertex 7115.16 -336.328 0
      vertex 7115.16 -336.328 2
    endloop
  endfacet
  facet normal -0.130558 -0.991441 0
    outer loop
      vertex 7126.37 -342.798 0
      vertex 7132.84 -343.65 2
      vertex 7126.37 -342.798 2
    endloop
  endfacet
  facet normal -0.130558 -0.991441 -0
    outer loop
      vertex 7132.84 -343.65 2
      vertex 7126.37 -342.798 0
      vertex 7132.84 -343.65 0
    endloop
  endfacet
  facet normal 0.130558 0.991441 -0
    outer loop
      vertex 6451.02 688.478 0
      vertex 6444.55 689.33 2
      vertex 6451.02 688.478 2
    endloop
  endfacet
  facet normal 0.130558 0.991441 0
    outer loop
      vertex 6444.55 689.33 2
      vertex 6451.02 688.478 0
      vertex 6444.55 689.33 0
    endloop
  endfacet
  facet normal 0.608592 0.793483 -0
    outer loop
      vertex 6462.23 682.008 0
      vertex 6457.05 685.981 2
      vertex 6462.23 682.008 2
    endloop
  endfacet
  facet normal 0.608592 0.793483 0
    outer loop
      vertex 6457.05 685.981 2
      vertex 6462.23 682.008 0
      vertex 6457.05 685.981 0
    endloop
  endfacet
  facet normal 0.81915 0.573579 0
    outer loop
      vertex 7138.96 -283.964 2
      vertex 6466.2 676.83 0
      vertex 6466.2 676.83 2
    endloop
  endfacet
  facet normal 0.81915 0.573579 0
    outer loop
      vertex 6466.2 676.83 0
      vertex 7138.96 -283.964 2
      vertex 7138.96 -283.964 0
    endloop
  endfacet
  facet normal 0.793592 0.608451 0
    outer loop
      vertex 6466.2 676.83 2
      vertex 6462.23 682.008 0
      vertex 6462.23 682.008 2
    endloop
  endfacet
  facet normal 0.793592 0.608451 0
    outer loop
      vertex 6462.23 682.008 0
      vertex 6466.2 676.83 2
      vertex 6466.2 676.83 0
    endloop
  endfacet
  facet normal -0.81915 -0.573579 0
    outer loop
      vertex 7111.19 -331.15 0
      vertex 6438.43 629.644 2
      vertex 6438.43 629.644 0
    endloop
  endfacet
  facet normal -0.81915 -0.573579 0
    outer loop
      vertex 6438.43 629.644 2
      vertex 7111.19 -331.15 0
      vertex 7111.19 -331.15 2
    endloop
  endfacet
  facet normal -0.130558 0.991441 0
    outer loop
      vertex 6444.55 689.33 0
      vertex 6438.08 688.478 2
      vertex 6444.55 689.33 2
    endloop
  endfacet
  facet normal -0.130558 0.991441 0
    outer loop
      vertex 6438.08 688.478 2
      vertex 6444.55 689.33 0
      vertex 6438.08 688.478 0
    endloop
  endfacet
  facet normal 0.382591 0.923918 -0
    outer loop
      vertex 6457.05 685.981 0
      vertex 6451.02 688.478 2
      vertex 6457.05 685.981 2
    endloop
  endfacet
  facet normal 0.382591 0.923918 0
    outer loop
      vertex 6451.02 688.478 2
      vertex 6457.05 685.981 0
      vertex 6451.02 688.478 0
    endloop
  endfacet
  facet normal -0.382591 0.923918 0
    outer loop
      vertex 6438.08 688.478 0
      vertex 6432.05 685.981 2
      vertex 6438.08 688.478 2
    endloop
  endfacet
  facet normal -0.382591 0.923918 0
    outer loop
      vertex 6432.05 685.981 2
      vertex 6438.08 688.478 0
      vertex 6432.05 685.981 0
    endloop
  endfacet
  facet normal 0.573577 -0.819151 0
    outer loop
      vertex 4379.51 -812.031 0
      vertex 6438.43 629.644 2
      vertex 4379.51 -812.031 2
    endloop
  endfacet
  facet normal 0.573577 -0.819151 0
    outer loop
      vertex 6438.43 629.644 2
      vertex 4379.51 -812.031 0
      vertex 6438.43 629.644 0
    endloop
  endfacet
  facet normal 0.130558 -0.991441 0
    outer loop
      vertex 4367.01 -815.38 0
      vertex 4373.48 -814.528 2
      vertex 4367.01 -815.38 2
    endloop
  endfacet
  facet normal 0.130558 -0.991441 0
    outer loop
      vertex 4373.48 -814.528 2
      vertex 4367.01 -815.38 0
      vertex 4373.48 -814.528 0
    endloop
  endfacet
  facet normal 0.382591 -0.923918 0
    outer loop
      vertex 4373.48 -814.528 0
      vertex 4379.51 -812.031 2
      vertex 4373.48 -814.528 2
    endloop
  endfacet
  facet normal 0.382591 -0.923918 0
    outer loop
      vertex 4379.51 -812.031 2
      vertex 4373.48 -814.528 0
      vertex 4379.51 -812.031 0
    endloop
  endfacet
  facet normal -0.573577 0.819152 0
    outer loop
      vertex 6432.05 685.981 0
      vertex 4360.15 -764.78 2
      vertex 6432.05 685.981 2
    endloop
  endfacet
  facet normal -0.573577 0.819152 0
    outer loop
      vertex 4360.15 -764.78 2
      vertex 6432.05 685.981 0
      vertex 4360.15 -764.78 0
    endloop
  endfacet
  facet normal 0.0871483 0.996195 -0
    outer loop
      vertex 4360.15 -764.78 0
      vertex 3434.35 -683.79 2
      vertex 4360.15 -764.78 2
    endloop
  endfacet
  facet normal 0.0871483 0.996195 0
    outer loop
      vertex 3434.35 -683.79 2
      vertex 4360.15 -764.78 0
      vertex 3434.35 -683.79 0
    endloop
  endfacet
  facet normal -0.0871477 -0.996195 0
    outer loop
      vertex 3456.99 -735.771 0
      vertex 4367.01 -815.38 2
      vertex 3456.99 -735.771 2
    endloop
  endfacet
  facet normal -0.0871477 -0.996195 -0
    outer loop
      vertex 4367.01 -815.38 2
      vertex 3456.99 -735.771 0
      vertex 4367.01 -815.38 0
    endloop
  endfacet
  facet normal 0 -1 0
    outer loop
      vertex -1175 425 0
      vertex -25 425 2
      vertex -1175 425 2
    endloop
  endfacet
  facet normal 0 -1 -0
    outer loop
      vertex -25 425 2
      vertex -1175 425 0
      vertex -25 425 0
    endloop
  endfacet
  facet normal -0.382591 0.923918 0
    outer loop
      vertex -1206.47 474.148 0
      vertex -1212.5 471.651 2
      vertex -1206.47 474.148 2
    endloop
  endfacet
  facet normal -0.382591 0.923918 0
    outer loop
      vertex -1212.5 471.651 2
      vertex -1206.47 474.148 0
      vertex -1212.5 471.651 0
    endloop
  endfacet
  facet normal -0.99148 0.130256 0
    outer loop
      vertex -1225 450 0
      vertex -1224.15 456.47 2
      vertex -1224.15 456.47 0
    endloop
  endfacet
  facet normal -0.99148 0.130256 0
    outer loop
      vertex -1224.15 456.47 2
      vertex -1225 450 0
      vertex -1225 450 2
    endloop
  endfacet
  facet normal -0.130558 0.991441 0
    outer loop
      vertex -1200 475 0
      vertex -1206.47 474.148 2
      vertex -1200 475 2
    endloop
  endfacet
  facet normal -0.130558 0.991441 0
    outer loop
      vertex -1206.47 474.148 2
      vertex -1200 475 0
      vertex -1206.47 474.148 0
    endloop
  endfacet
  facet normal -0.793592 0.608451 0
    outer loop
      vertex -1221.65 462.5 0
      vertex -1217.68 467.678 2
      vertex -1217.68 467.678 0
    endloop
  endfacet
  facet normal -0.793592 0.608451 0
    outer loop
      vertex -1217.68 467.678 2
      vertex -1221.65 462.5 0
      vertex -1221.65 462.5 2
    endloop
  endfacet
  facet normal -0.608592 0.793483 0
    outer loop
      vertex -1212.5 471.651 0
      vertex -1217.68 467.678 2
      vertex -1212.5 471.651 2
    endloop
  endfacet
  facet normal -0.608592 0.793483 0
    outer loop
      vertex -1217.68 467.678 2
      vertex -1212.5 471.651 0
      vertex -1217.68 467.678 0
    endloop
  endfacet
  facet normal -0.923755 0.382983 0
    outer loop
      vertex -1224.15 456.47 0
      vertex -1221.65 462.5 2
      vertex -1221.65 462.5 0
    endloop
  endfacet
  facet normal -0.923755 0.382983 0
    outer loop
      vertex -1221.65 462.5 2
      vertex -1224.15 456.47 0
      vertex -1224.15 456.47 2
    endloop
  endfacet
  facet normal -1 0 0
    outer loop
      vertex -25 -425 0
      vertex -25 425 2
      vertex -25 425 0
    endloop
  endfacet
  facet normal -1 -0 0
    outer loop
      vertex -25 425 2
      vertex -25 -425 0
      vertex -25 -425 2
    endloop
  endfacet
  facet normal 1 -0 0
    outer loop
      vertex 25 -425 2
      vertex 25 425 0
      vertex 25 425 2
    endloop
  endfacet
  facet normal 1 0 0
    outer loop
      vertex 25 425 0
      vertex 25 -425 2
      vertex 25 -425 0
    endloop
  endfacet
  facet normal 0 1 -0
    outer loop
      vertex -25 -425 0
      vertex -1175 -425 2
      vertex -25 -425 2
    endloop
  endfacet
  facet normal 0 1 0
    outer loop
      vertex -1175 -425 2
      vertex -25 -425 0
      vertex -1175 -425 0
    endloop
  endfacet
  facet normal -0.382591 -0.923918 0
    outer loop
      vertex -1212.5 -471.651 0
      vertex -1206.47 -474.148 2
      vertex -1212.5 -471.651 2
    endloop
  endfacet
  facet normal -0.382591 -0.923918 -0
    outer loop
      vertex -1206.47 -474.148 2
      vertex -1212.5 -471.651 0
      vertex -1206.47 -474.148 0
    endloop
  endfacet
  facet normal -0.923755 -0.382983 0
    outer loop
      vertex -1221.65 -462.5 0
      vertex -1224.15 -456.47 2
      vertex -1224.15 -456.47 0
    endloop
  endfacet
  facet normal -0.923755 -0.382983 0
    outer loop
      vertex -1224.15 -456.47 2
      vertex -1221.65 -462.5 0
      vertex -1221.65 -462.5 2
    endloop
  endfacet
  facet normal -0.608592 -0.793483 0
    outer loop
      vertex -1217.68 -467.678 0
      vertex -1212.5 -471.651 2
      vertex -1217.68 -467.678 2
    endloop
  endfacet
  facet normal -0.608592 -0.793483 -0
    outer loop
      vertex -1212.5 -471.651 2
      vertex -1217.68 -467.678 0
      vertex -1212.5 -471.651 0
    endloop
  endfacet
  facet normal -0.793592 -0.608451 0
    outer loop
      vertex -1217.68 -467.678 0
      vertex -1221.65 -462.5 2
      vertex -1221.65 -462.5 0
    endloop
  endfacet
  facet normal -0.793592 -0.608451 0
    outer loop
      vertex -1221.65 -462.5 2
      vertex -1217.68 -467.678 0
      vertex -1217.68 -467.678 2
    endloop
  endfacet
  facet normal -0.99148 -0.130256 0
    outer loop
      vertex -1224.15 -456.47 0
      vertex -1225 -450 2
      vertex -1225 -450 0
    endloop
  endfacet
  facet normal -0.99148 -0.130256 0
    outer loop
      vertex -1225 -450 2
      vertex -1224.15 -456.47 0
      vertex -1224.15 -456.47 2
    endloop
  endfacet
  facet normal -0.130558 -0.991441 0
    outer loop
      vertex -1206.47 -474.148 0
      vertex -1200 -475 2
      vertex -1206.47 -474.148 2
    endloop
  endfacet
  facet normal -0.130558 -0.991441 -0
    outer loop
      vertex -1200 -475 2
      vertex -1206.47 -474.148 0
      vertex -1200 -475 0
    endloop
  endfacet
  facet normal -1 0 0
    outer loop
      vertex -1225 -450 0
      vertex -1225 450 2
      vertex -1225 450 0
    endloop
  endfacet
  facet normal -1 -0 0
    outer loop
      vertex -1225 450 2
      vertex -1225 -450 0
      vertex -1225 -450 2
    endloop
  endfacet
  facet normal 1 -0 0
    outer loop
      vertex -1175 -425 2
      vertex -1175 425 0
      vertex -1175 425 2
    endloop
  endfacet
  facet normal 1 0 0
    outer loop
      vertex -1175 425 0
      vertex -1175 -425 2
      vertex -1175 -425 0
    endloop
  endfacet
  facet normal -0.793705 -0.608303 0
    outer loop
      vertex 2142.8 -1518.46 0
      vertex 2138.83 -1513.28 2
      vertex 2138.83 -1513.28 0
    endloop
  endfacet
  facet normal -0.793705 -0.608303 0
    outer loop
      vertex 2138.83 -1513.28 2
      vertex 2142.8 -1518.46 0
      vertex 2142.8 -1518.46 2
    endloop
  endfacet
  facet normal 0.0871511 0.996195 -0
    outer loop
      vertex 3333.27 -1578.38 0
      vertex 2187.46 -1478.14 2
      vertex 3333.27 -1578.38 2
    endloop
  endfacet
  facet normal 0.0871511 0.996195 0
    outer loop
      vertex 2187.46 -1478.14 2
      vertex 3333.27 -1578.38 0
      vertex 2187.46 -1478.14 0
    endloop
  endfacet
  facet normal -0.0871503 -0.996195 0
    outer loop
      vertex 2160.48 -1525.78 0
      vertex 3355.91 -1630.36 2
      vertex 2160.48 -1525.78 2
    endloop
  endfacet
  facet normal -0.0871503 -0.996195 -0
    outer loop
      vertex 3355.91 -1630.36 2
      vertex 2160.48 -1525.78 0
      vertex 3355.91 -1630.36 0
    endloop
  endfacet
  facet normal -0.608303 -0.793705 0
    outer loop
      vertex 2142.8 -1518.46 0
      vertex 2147.98 -1522.43 2
      vertex 2142.8 -1518.46 2
    endloop
  endfacet
  facet normal -0.608303 -0.793705 -0
    outer loop
      vertex 2147.98 -1522.43 2
      vertex 2142.8 -1518.46 0
      vertex 2147.98 -1522.43 0
    endloop
  endfacet
  facet normal -0.99148 -0.130256 0
    outer loop
      vertex 2136.33 -1507.25 0
      vertex 2135.48 -1500.78 2
      vertex 2135.48 -1500.78 0
    endloop
  endfacet
  facet normal -0.99148 -0.130256 0
    outer loop
      vertex 2135.48 -1500.78 2
      vertex 2136.33 -1507.25 0
      vertex 2136.33 -1507.25 2
    endloop
  endfacet
  facet normal -0.923755 -0.382983 0
    outer loop
      vertex 2138.83 -1513.28 0
      vertex 2136.33 -1507.25 2
      vertex 2136.33 -1507.25 0
    endloop
  endfacet
  facet normal -0.923755 -0.382983 0
    outer loop
      vertex 2136.33 -1507.25 2
      vertex 2138.83 -1513.28 0
      vertex 2138.83 -1513.28 2
    endloop
  endfacet
  facet normal -0.382983 -0.923755 0
    outer loop
      vertex 2147.98 -1522.43 0
      vertex 2154.01 -1524.93 2
      vertex 2147.98 -1522.43 2
    endloop
  endfacet
  facet normal -0.382983 -0.923755 -0
    outer loop
      vertex 2154.01 -1524.93 2
      vertex 2147.98 -1522.43 0
      vertex 2154.01 -1524.93 0
    endloop
  endfacet
  facet normal -0.130256 -0.99148 0
    outer loop
      vertex 2154.01 -1524.93 0
      vertex 2160.48 -1525.78 2
      vertex 2154.01 -1524.93 2
    endloop
  endfacet
  facet normal -0.130256 -0.99148 -0
    outer loop
      vertex 2160.48 -1525.78 2
      vertex 2154.01 -1524.93 0
      vertex 2160.48 -1525.78 0
    endloop
  endfacet
  facet normal -0.996195 0.0871551 0
    outer loop
      vertex 2135.48 -1500.78 0
      vertex 2213.92 -604.2 2
      vertex 2213.92 -604.2 0
    endloop
  endfacet
  facet normal -0.996195 0.0871551 0
    outer loop
      vertex 2213.92 -604.2 2
      vertex 2135.48 -1500.78 0
      vertex 2135.48 -1500.78 2
    endloop
  endfacet
  facet normal -0.382591 0.923918 0
    outer loop
      vertex 2232.45 -580.052 0
      vertex 2226.42 -582.549 2
      vertex 2232.45 -580.052 2
    endloop
  endfacet
  facet normal -0.382591 0.923918 0
    outer loop
      vertex 2226.42 -582.549 2
      vertex 2232.45 -580.052 0
      vertex 2226.42 -582.549 0
    endloop
  endfacet
  facet normal -0.923755 0.382983 0
    outer loop
      vertex 2214.77 -597.73 0
      vertex 2217.27 -591.7 2
      vertex 2217.27 -591.7 0
    endloop
  endfacet
  facet normal -0.923755 0.382983 0
    outer loop
      vertex 2217.27 -591.7 2
      vertex 2214.77 -597.73 0
      vertex 2214.77 -597.73 2
    endloop
  endfacet
  facet normal -0.608592 0.793483 0
    outer loop
      vertex 2226.42 -582.549 0
      vertex 2221.24 -586.522 2
      vertex 2226.42 -582.549 2
    endloop
  endfacet
  facet normal -0.608592 0.793483 0
    outer loop
      vertex 2221.24 -586.522 2
      vertex 2226.42 -582.549 0
      vertex 2221.24 -586.522 0
    endloop
  endfacet
  facet normal 0.996195 -0.0871565 0
    outer loop
      vertex 2187.46 -1478.14 2
      vertex 2261.56 -631.181 0
      vertex 2261.56 -631.181 2
    endloop
  endfacet
  facet normal 0.996195 -0.0871565 0
    outer loop
      vertex 2261.56 -631.181 0
      vertex 2187.46 -1478.14 2
      vertex 2187.46 -1478.14 0
    endloop
  endfacet
  facet normal -0.793592 0.608451 0
    outer loop
      vertex 2217.27 -591.7 0
      vertex 2221.24 -586.522 2
      vertex 2221.24 -586.522 0
    endloop
  endfacet
  facet normal -0.793592 0.608451 0
    outer loop
      vertex 2221.24 -586.522 2
      vertex 2217.27 -591.7 0
      vertex 2217.27 -591.7 2
    endloop
  endfacet
  facet normal -0.99148 0.130256 0
    outer loop
      vertex 2213.92 -604.2 0
      vertex 2214.77 -597.73 2
      vertex 2214.77 -597.73 0
    endloop
  endfacet
  facet normal -0.99148 0.130256 0
    outer loop
      vertex 2214.77 -597.73 2
      vertex 2213.92 -604.2 0
      vertex 2213.92 -604.2 2
    endloop
  endfacet
  facet normal -0.130558 0.991441 0
    outer loop
      vertex 2238.92 -579.2 0
      vertex 2232.45 -580.052 2
      vertex 2238.92 -579.2 2
    endloop
  endfacet
  facet normal -0.130558 0.991441 0
    outer loop
      vertex 2232.45 -580.052 2
      vertex 2238.92 -579.2 0
      vertex 2232.45 -580.052 0
    endloop
  endfacet
  facet normal 0.0871586 0.996194 -0
    outer loop
      vertex 3434.35 -683.79 0
      vertex 2238.92 -579.2 2
      vertex 3434.35 -683.79 2
    endloop
  endfacet
  facet normal 0.0871586 0.996194 0
    outer loop
      vertex 2238.92 -579.2 2
      vertex 3434.35 -683.79 0
      vertex 2238.92 -579.2 0
    endloop
  endfacet
  facet normal -0.087158 -0.996195 0
    outer loop
      vertex 2261.56 -631.181 0
      vertex 3407.37 -731.429 2
      vertex 2261.56 -631.181 2
    endloop
  endfacet
  facet normal -0.087158 -0.996195 -0
    outer loop
      vertex 3407.37 -731.429 2
      vertex 2261.56 -631.181 0
      vertex 3407.37 -731.429 0
    endloop
  endfacet
  facet normal -0.996195 0.0871574 0
    outer loop
      vertex 3333.27 -1578.38 0
      vertex 3407.37 -731.429 2
      vertex 3407.37 -731.429 0
    endloop
  endfacet
  facet normal -0.996195 0.0871574 0
    outer loop
      vertex 3407.37 -731.429 2
      vertex 3333.27 -1578.38 0
      vertex 3333.27 -1578.38 2
    endloop
  endfacet
  facet normal 0.996195 -0.0871576 0
    outer loop
      vertex 3382.89 -1582.72 2
      vertex 3456.99 -735.771 0
      vertex 3456.99 -735.771 2
    endloop
  endfacet
  facet normal 0.996195 -0.0871576 0
    outer loop
      vertex 3456.99 -735.771 0
      vertex 3382.89 -1582.72 2
      vertex 3382.89 -1582.72 0
    endloop
  endfacet
  facet normal 0.406554 -0.580673 -0.70536
    outer loop
      vertex 10235.8 4490.08 957.872
      vertex 10723.3 4839.99 950.8
      vertex 10727.3 4834.2 957.872
    endloop
  endfacet
  facet normal 0.404611 -0.578032 -0.708639
    outer loop
      vertex 10723.3 4839.99 950.8
      vertex 10235.8 4490.08 957.872
      vertex 10231.7 4495.88 950.8
    endloop
  endfacet
  facet normal 0.405559 -0.579252 0.707099
    outer loop
      vertex 10565.1 5065.9 1240.71
      vertex 10235.8 4490.08 957.872
      vertex 10727.3 4834.2 957.872
    endloop
  endfacet
  facet normal 0.405545 -0.579249 0.707109
    outer loop
      vertex 10235.8 4490.08 957.872
      vertex 10565.1 5065.9 1240.71
      vertex 10073.6 4721.79 1240.71
    endloop
  endfacet
  facet normal -0.405493 0.579247 -0.707141
    outer loop
      vertex 10705.7 4838.92 962.821
      vertex 10511.7 4828.28 1065.35
      vertex 10555.6 5053.24 1224.45
    endloop
  endfacet
  facet normal -0.405519 0.579156 -0.7072
    outer loop
      vertex 10705.7 4838.92 962.821
      vertex 10462.1 4689.94 980.499
      vertex 10511.7 4828.28 1065.35
    endloop
  endfacet
  facet normal -0.405609 0.579165 -0.707141
    outer loop
      vertex 10088.7 4726.33 1224.45
      vertex 10315.1 4690.63 1065.35
      vertex 10238.8 4512.01 962.821
    endloop
  endfacet
  facet normal -0.405497 0.579158 -0.707212
    outer loop
      vertex 10462.1 4689.94 980.499
      vertex 10238.8 4512.01 962.821
      vertex 10315.1 4690.63 1065.35
    endloop
  endfacet
  facet normal -0.405554 0.579221 -0.707127
    outer loop
      vertex 10238.8 4512.01 962.821
      vertex 10462.1 4689.94 980.499
      vertex 10705.7 4838.92 962.821
    endloop
  endfacet
  facet normal -0.405623 0.579105 -0.707182
    outer loop
      vertex 10365 4889.59 1199.7
      vertex 10511.7 4828.28 1065.35
      vertex 10442.1 4779.53 1065.35
    endloop
  endfacet
  facet normal -0.405518 0.579243 -0.70713
    outer loop
      vertex 10511.7 4828.28 1065.35
      vertex 10365 4889.59 1199.7
      vertex 10555.6 5053.24 1224.45
    endloop
  endfacet
  facet normal -0.406605 0.580286 -0.705649
    outer loop
      vertex 10307.7 4849.44 1199.7
      vertex 10555.6 5053.24 1224.45
      vertex 10365 4889.59 1199.7
    endloop
  endfacet
  facet normal -0.405473 0.579105 -0.707269
    outer loop
      vertex 10307.7 4849.44 1199.7
      vertex 10088.7 4726.33 1224.45
      vertex 10555.6 5053.24 1224.45
    endloop
  endfacet
  facet normal -0.40555 0.57928 -0.707082
    outer loop
      vertex 10315.1 4690.63 1065.35
      vertex 10088.7 4726.33 1224.45
      vertex 10307.7 4849.44 1199.7
    endloop
  endfacet
  facet normal -0.405233 0.579379 -0.707182
    outer loop
      vertex 10384.8 4739.38 1065.35
      vertex 10315.1 4690.63 1065.35
      vertex 10307.7 4849.44 1199.7
    endloop
  endfacet
  facet normal -0.404843 0.578246 0.708331
    outer loop
      vertex 10561 5071.69 1233.64
      vertex 10073.6 4721.79 1240.71
      vertex 10565.1 5065.9 1240.71
    endloop
  endfacet
  facet normal -0.404843 0.578246 0.708331
    outer loop
      vertex 10073.6 4721.79 1240.71
      vertex 10561 5071.69 1233.64
      vertex 10069.5 4727.58 1233.64
    endloop
  endfacet
  facet normal 0.817659 0.575697 -0.00270377
    outer loop
      vertex 10727.3 4834.2 957.872
      vertex 10561 5071.69 1233.64
      vertex 10565.1 5065.9 1240.71
    endloop
  endfacet
  facet normal 0.820897 0.571067 0.00323651
    outer loop
      vertex 10561 5071.69 1233.64
      vertex 10727.3 4834.2 957.872
      vertex 10723.3 4839.99 950.8
    endloop
  endfacet
  facet normal -0.817894 -0.575365 0.00229725
    outer loop
      vertex 10235.8 4490.08 957.872
      vertex 10069.5 4727.58 1233.64
      vertex 10231.7 4495.88 950.8
    endloop
  endfacet
  facet normal -0.817665 -0.575689 0.00271397
    outer loop
      vertex 10069.5 4727.58 1233.64
      vertex 10235.8 4490.08 957.872
      vertex 10073.6 4721.79 1240.71
    endloop
  endfacet
  facet normal -0.405303 0.579005 -0.707448
    outer loop
      vertex 10723.3 4839.99 950.8
      vertex 10237.9 4513.17 961.407
      vertex 10704.9 4840.07 961.407
    endloop
  endfacet
  facet normal -0.405448 0.579228 -0.707182
    outer loop
      vertex 10231.7 4495.88 950.8
      vertex 10237.9 4513.17 961.407
      vertex 10723.3 4839.99 950.8
    endloop
  endfacet
  facet normal -0.405662 0.579229 -0.707058
    outer loop
      vertex 10231.7 4495.88 950.8
      vertex 10087.9 4727.49 1223.04
      vertex 10237.9 4513.17 961.407
    endloop
  endfacet
  facet normal -0.404512 0.579988 -0.707096
    outer loop
      vertex 10087.9 4727.49 1223.04
      vertex 10231.7 4495.88 950.8
      vertex 10069.5 4727.58 1233.64
    endloop
  endfacet
  facet normal -0.40514 0.579461 -0.707168
    outer loop
      vertex 10704.9 4840.07 961.407
      vertex 10561 5071.69 1233.64
      vertex 10723.3 4839.99 950.8
    endloop
  endfacet
  facet normal -0.405779 0.579039 -0.707147
    outer loop
      vertex 10554.8 5054.4 1223.04
      vertex 10561 5071.69 1233.64
      vertex 10704.9 4840.07 961.407
    endloop
  endfacet
  facet normal -0.405426 0.579038 -0.707351
    outer loop
      vertex 10087.9 4727.49 1223.04
      vertex 10561 5071.69 1233.64
      vertex 10554.8 5054.4 1223.04
    endloop
  endfacet
  facet normal -0.405037 0.578523 -0.707995
    outer loop
      vertex 10561 5071.69 1233.64
      vertex 10087.9 4727.49 1223.04
      vertex 10069.5 4727.58 1233.64
    endloop
  endfacet
  facet normal -0.405669 0.57917 -0.707103
    outer loop
      vertex 10461.3 4691.1 979.085
      vertex 10441.3 4780.69 1063.94
      vertex 10510.9 4829.44 1063.94
    endloop
  endfacet
  facet normal -0.405244 0.579353 -0.707196
    outer loop
      vertex 10461.3 4691.1 979.085
      vertex 10383.9 4740.54 1063.94
      vertex 10441.3 4780.69 1063.94
    endloop
  endfacet
  facet normal -0.405562 0.579017 -0.70729
    outer loop
      vertex 10383.9 4740.54 1063.94
      vertex 10461.3 4691.1 979.085
      vertex 10314.3 4691.79 1063.94
    endloop
  endfacet
  facet normal -0.405253 0.579365 -0.707182
    outer loop
      vertex 10383.9 4740.54 1063.94
      vertex 10364.2 4890.75 1198.29
      vertex 10441.3 4780.69 1063.94
    endloop
  endfacet
  facet normal -0.405814 0.579156 -0.707031
    outer loop
      vertex 10364.2 4890.75 1198.29
      vertex 10383.9 4740.54 1063.94
      vertex 10306.9 4850.6 1198.29
    endloop
  endfacet
  facet normal 0.405698 -0.579427 -0.706875
    outer loop
      vertex 10088.7 4726.33 1224.45
      vertex 10554.8 5054.4 1223.04
      vertex 10555.6 5053.24 1224.45
    endloop
  endfacet
  facet normal 0.405698 -0.579427 -0.706875
    outer loop
      vertex 10554.8 5054.4 1223.04
      vertex 10088.7 4726.33 1224.45
      vertex 10087.9 4727.49 1223.04
    endloop
  endfacet
  facet normal -0.820002 -0.572358 -0.00156277
    outer loop
      vertex 10705.7 4838.92 962.821
      vertex 10554.8 5054.4 1223.04
      vertex 10704.9 4840.07 961.407
    endloop
  endfacet
  facet normal -0.821153 -0.570696 -0.0036063
    outer loop
      vertex 10554.8 5054.4 1223.04
      vertex 10705.7 4838.92 962.821
      vertex 10555.6 5053.24 1224.45
    endloop
  endfacet
  facet normal -0.407451 0.58193 0.703805
    outer loop
      vertex 10704.9 4840.07 961.407
      vertex 10238.8 4512.01 962.821
      vertex 10705.7 4838.92 962.821
    endloop
  endfacet
  facet normal -0.398053 0.568647 0.719857
    outer loop
      vertex 10238.8 4512.01 962.821
      vertex 10704.9 4840.07 961.407
      vertex 10237.9 4513.17 961.407
    endloop
  endfacet
  facet normal 0.821153 0.570696 0.0036063
    outer loop
      vertex 10238.8 4512.01 962.821
      vertex 10087.9 4727.49 1223.04
      vertex 10088.7 4726.33 1224.45
    endloop
  endfacet
  facet normal 0.804396 0.593566 -0.0250492
    outer loop
      vertex 10087.9 4727.49 1223.04
      vertex 10238.8 4512.01 962.821
      vertex 10237.9 4513.17 961.407
    endloop
  endfacet
  facet normal 0.867591 -0.00606593 -0.497241
    outer loop
      vertex 10511.7 4828.28 1065.35
      vertex 10461.3 4691.1 979.085
      vertex 10510.9 4829.44 1063.94
    endloop
  endfacet
  facet normal 0.867988 -0.00665249 -0.49654
    outer loop
      vertex 10461.3 4691.1 979.085
      vertex 10511.7 4828.28 1065.35
      vertex 10462.1 4689.94 980.499
    endloop
  endfacet
  facet normal -0.4058 0.579357 0.706875
    outer loop
      vertex 10510.9 4829.44 1063.94
      vertex 10442.1 4779.53 1065.35
      vertex 10511.7 4828.28 1065.35
    endloop
  endfacet
  facet normal -0.4058 0.579357 0.706875
    outer loop
      vertex 10442.1 4779.53 1065.35
      vertex 10510.9 4829.44 1063.94
      vertex 10441.3 4780.69 1063.94
    endloop
  endfacet
  facet normal 0.82112 0.570744 0.00366432
    outer loop
      vertex 10442.1 4779.53 1065.35
      vertex 10364.2 4890.75 1198.29
      vertex 10365 4889.59 1199.7
    endloop
  endfacet
  facet normal 0.82112 0.570744 0.00366432
    outer loop
      vertex 10364.2 4890.75 1198.29
      vertex 10442.1 4779.53 1065.35
      vertex 10441.3 4780.69 1063.94
    endloop
  endfacet
  facet normal -0.405904 0.579285 0.706875
    outer loop
      vertex 10364.2 4890.75 1198.29
      vertex 10307.7 4849.44 1199.7
      vertex 10365 4889.59 1199.7
    endloop
  endfacet
  facet normal -0.405904 0.579285 0.706875
    outer loop
      vertex 10307.7 4849.44 1199.7
      vertex 10364.2 4890.75 1198.29
      vertex 10306.9 4850.6 1198.29
    endloop
  endfacet
  facet normal -0.804424 -0.593521 0.0251752
    outer loop
      vertex 10384.8 4739.38 1065.35
      vertex 10306.9 4850.6 1198.29
      vertex 10383.9 4740.54 1063.94
    endloop
  endfacet
  facet normal -0.82112 -0.570744 -0.00366432
    outer loop
      vertex 10306.9 4850.6 1198.29
      vertex 10384.8 4739.38 1065.35
      vertex 10307.7 4849.44 1199.7
    endloop
  endfacet
  facet normal -0.397253 0.56797 0.720832
    outer loop
      vertex 10383.9 4740.54 1063.94
      vertex 10315.1 4690.63 1065.35
      vertex 10384.8 4739.38 1065.35
    endloop
  endfacet
  facet normal -0.4058 0.579357 0.706875
    outer loop
      vertex 10315.1 4690.63 1065.35
      vertex 10383.9 4740.54 1063.94
      vertex 10314.3 4691.79 1063.94
    endloop
  endfacet
  facet normal -0.293783 -0.813225 -0.502351
    outer loop
      vertex 10314.3 4691.79 1063.94
      vertex 10462.1 4689.94 980.499
      vertex 10315.1 4690.63 1065.35
    endloop
  endfacet
  facet normal -0.293386 -0.81381 -0.501635
    outer loop
      vertex 10462.1 4689.94 980.499
      vertex 10314.3 4691.79 1063.94
      vertex 10461.3 4691.1 979.085
    endloop
  endfacet
  facet normal 0.40556 -0.579304 -0.707055
    outer loop
      vertex 10155 4343.9 914.142
      vertex 10884.2 4871.66 900
      vertex 10892.3 4860.07 914.142
    endloop
  endfacet
  facet normal 0.40556 -0.579304 -0.707055
    outer loop
      vertex 10884.2 4871.66 900
      vertex 10155 4343.9 914.142
      vertex 10146.9 4355.49 900
    endloop
  endfacet
  facet normal 0.405574 -0.579246 0.707096
    outer loop
      vertex 10662.9 5187.75 1314.14
      vertex 10135.5 4371.87 948.284
      vertex 10872.7 4888.04 948.284
    endloop
  endfacet
  facet normal 0.405519 -0.57923 0.70714
    outer loop
      vertex 10135.5 4371.87 948.284
      vertex 10662.9 5187.75 1314.14
      vertex 9925.62 4671.58 1314.14
    endloop
  endfacet
  facet normal 0.40556 -0.579304 0.707055
    outer loop
      vertex 10884.2 4871.66 928.284
      vertex 10155 4343.9 914.142
      vertex 10892.3 4860.07 914.142
    endloop
  endfacet
  facet normal 0.40556 -0.579304 0.707055
    outer loop
      vertex 10155 4343.9 914.142
      vertex 10884.2 4871.66 928.284
      vertex 10146.9 4355.49 928.284
    endloop
  endfacet
  facet normal -0.40558 0.579255 -0.707085
    outer loop
      vertex 10135.5 4371.87 920
      vertex 10654.8 5199.33 1300
      vertex 10872.7 4888.04 920
    endloop
  endfacet
  facet normal -0.40551 0.579236 -0.70714
    outer loop
      vertex 10654.8 5199.33 1300
      vertex 10135.5 4371.87 920
      vertex 9917.51 4683.17 1300
    endloop
  endfacet
  facet normal -0.405656 0.579426 0.7069
    outer loop
      vertex 10654.8 5199.33 1300
      vertex 9925.62 4671.58 1314.14
      vertex 10662.9 5187.75 1314.14
    endloop
  endfacet
  facet normal -0.405448 0.579147 0.707249
    outer loop
      vertex 9925.62 4671.58 1314.14
      vertex 10654.8 5199.33 1300
      vertex 9917.51 4683.17 1300
    endloop
  endfacet
  facet normal 0.818433 0.574602 0
    outer loop
      vertex 10884.2 4871.66 1450
      vertex 10872.7 4888.04 948.284
      vertex 10872.7 4888.04 1450
    endloop
  endfacet
  facet normal 0.818433 0.574602 0
    outer loop
      vertex 10872.7 4888.04 948.284
      vertex 10884.2 4871.66 928.284
      vertex 10872.7 4888.04 920
    endloop
  endfacet
  facet normal 0.818433 0.574602 0
    outer loop
      vertex 10872.7 4888.04 948.284
      vertex 10884.2 4871.66 1450
      vertex 10884.2 4871.66 928.284
    endloop
  endfacet
  facet normal 0.818433 0.574602 -0
    outer loop
      vertex 10884.2 4871.66 900
      vertex 10872.7 4888.04 920
      vertex 10884.2 4871.66 928.284
    endloop
  endfacet
  facet normal 0.818433 0.574602 0
    outer loop
      vertex 10872.7 4888.04 920
      vertex 10884.2 4871.66 900
      vertex 10872.7 4888.04 900
    endloop
  endfacet
  facet normal 0.819664 0.572845 -0
    outer loop
      vertex 10884.2 4871.66 900
      vertex 10884.2 4871.66 928.284
      vertex 10892.3 4860.07 914.142
    endloop
  endfacet
  facet normal 0.81933 0.573323 0.000177217
    outer loop
      vertex 10872.7 4888.04 948.284
      vertex 10654.8 5199.33 1300
      vertex 10662.9 5187.75 1314.14
    endloop
  endfacet
  facet normal 0.819236 0.573457 0
    outer loop
      vertex 10654.8 5199.33 1300
      vertex 10872.7 4888.04 948.284
      vertex 10872.7 4888.04 920
    endloop
  endfacet
  facet normal -0.819664 -0.572845 0
    outer loop
      vertex 10146.9 4355.49 900
      vertex 10155 4343.9 914.142
      vertex 10146.9 4355.49 928.284
    endloop
  endfacet
  facet normal -0.820783 -0.571241 0
    outer loop
      vertex 10146.9 4355.49 900
      vertex 10135.5 4371.87 920
      vertex 10135.5 4371.87 900
    endloop
  endfacet
  facet normal -0.820783 -0.571241 0
    outer loop
      vertex 10135.5 4371.87 920
      vertex 10146.9 4355.49 928.284
      vertex 10135.5 4371.87 948.284
    endloop
  endfacet
  facet normal -0.820783 -0.571241 0
    outer loop
      vertex 10135.5 4371.87 920
      vertex 10146.9 4355.49 900
      vertex 10146.9 4355.49 928.284
    endloop
  endfacet
  facet normal -0.820783 -0.571241 -0
    outer loop
      vertex 10146.9 4355.49 1450
      vertex 10135.5 4371.87 948.284
      vertex 10146.9 4355.49 928.284
    endloop
  endfacet
  facet normal -0.820783 -0.571241 0
    outer loop
      vertex 10135.5 4371.87 948.284
      vertex 10146.9 4355.49 1450
      vertex 10135.5 4371.87 1450
    endloop
  endfacet
  facet normal -0.819133 -0.573604 -0
    outer loop
      vertex 10135.5 4371.87 948.284
      vertex 9917.51 4683.17 1300
      vertex 10135.5 4371.87 920
    endloop
  endfacet
  facet normal -0.819228 -0.573467 -0.000179834
    outer loop
      vertex 9917.51 4683.17 1300
      vertex 10135.5 4371.87 948.284
      vertex 9925.62 4671.58 1314.14
    endloop
  endfacet
  facet normal 0.573435 -0.819251 0
    outer loop
      vertex 9843.79 4570.52 0
      vertex 9884.75 4599.19 1450
      vertex 9843.79 4570.52 1450
    endloop
  endfacet
  facet normal 0.573435 -0.819251 0
    outer loop
      vertex 9884.75 4599.19 1450
      vertex 9843.79 4570.52 0
      vertex 9884.75 4599.19 0
    endloop
  endfacet
  facet normal 0 0 1
    outer loop
      vertex 10757.2 5271.02 1500
      vertex 10044.5 4283.8 1500
      vertex 10986.6 4943.35 1500
    endloop
  endfacet
  facet normal 0 -0 1
    outer loop
      vertex 10044.5 4283.8 1500
      vertex 10757.2 5271.02 1500
      vertex 9815.12 4611.48 1500
    endloop
  endfacet
  facet normal -0.573511 0.819197 0.000551414
    outer loop
      vertex 10757.2 5271.02 1500
      vertex 10716.2 5242.35 1450
      vertex 9815.12 4611.48 1500
    endloop
  endfacet
  facet normal -0.57306 0.819514 0
    outer loop
      vertex 10757.2 5271.02 0
      vertex 10716.2 5242.35 1450
      vertex 10757.2 5271.02 1500
    endloop
  endfacet
  facet normal -0.57306 0.819514 0
    outer loop
      vertex 10716.2 5242.35 1450
      vertex 10757.2 5271.02 0
      vertex 10716.2 5242.35 0
    endloop
  endfacet
  facet normal -0.573532 0.819183 -3.1029e-06
    outer loop
      vertex 9856.07 4640.15 1450
      vertex 9815.12 4611.48 1500
      vertex 10716.2 5242.35 1450
    endloop
  endfacet
  facet normal -0.573529 0.819185 0
    outer loop
      vertex 9815.12 4611.48 0
      vertex 9856.07 4640.15 1450
      vertex 9856.07 4640.15 0
    endloop
  endfacet
  facet normal -0.573529 0.819185 0
    outer loop
      vertex 9856.07 4640.15 1450
      vertex 9815.12 4611.48 0
      vertex 9815.12 4611.48 1500
    endloop
  endfacet
  facet normal 0.819157 0.57357 0
    outer loop
      vertex 9884.75 4599.19 1450
      vertex 9856.07 4640.15 0
      vertex 9856.07 4640.15 1450
    endloop
  endfacet
  facet normal 0.819157 0.57357 0
    outer loop
      vertex 9856.07 4640.15 0
      vertex 9884.75 4599.19 1450
      vertex 9884.75 4599.19 0
    endloop
  endfacet
  facet normal -0.818969 -0.573838 0
    outer loop
      vertex 10015.8 4324.76 0
      vertex 10044.5 4283.8 0
      vertex 10015.8 4324.76 1450
    endloop
  endfacet
  facet normal -0.819251 -0.573435 -0
    outer loop
      vertex 9843.79 4570.52 1450
      vertex 9815.12 4611.48 0
      vertex 9843.79 4570.52 0
    endloop
  endfacet
  facet normal -0.819251 -0.573435 0
    outer loop
      vertex 9815.12 4611.48 0
      vertex 9843.79 4570.52 1450
      vertex 9815.12 4611.48 1500
    endloop
  endfacet
  facet normal -0.819266 -0.573413 -2.73089e-05
    outer loop
      vertex 10015.8 4324.76 1450
      vertex 9815.12 4611.48 1500
      vertex 9843.79 4570.52 1450
    endloop
  endfacet
  facet normal -0.819227 -0.573469 0.000450575
    outer loop
      vertex 10015.8 4324.76 1450
      vertex 10044.5 4283.8 1500
      vertex 9815.12 4611.48 1500
    endloop
  endfacet
  facet normal -0.818969 -0.573838 -0
    outer loop
      vertex 10044.5 4283.8 1500
      vertex 10015.8 4324.76 1450
      vertex 10044.5 4283.8 0
    endloop
  endfacet
  facet normal 0.573507 -0.819201 0
    outer loop
      vertex 10146.9 4355.49 928.284
      vertex 10884.2 4871.66 1450
      vertex 10146.9 4355.49 1450
    endloop
  endfacet
  facet normal 0.573507 -0.819201 0
    outer loop
      vertex 10884.2 4871.66 1450
      vertex 10146.9 4355.49 928.284
      vertex 10884.2 4871.66 928.284
    endloop
  endfacet
  facet normal 0.573731 -0.819044 0.000655769
    outer loop
      vertex 10146.9 4355.49 1450
      vertex 10044.5 4283.8 1500
      vertex 10085.5 4312.48 1450
    endloop
  endfacet
  facet normal 0.573194 -0.81942 0
    outer loop
      vertex 10044.5 4283.8 0
      vertex 10085.5 4312.48 1450
      vertex 10044.5 4283.8 1500
    endloop
  endfacet
  facet normal 0.573194 -0.81942 0
    outer loop
      vertex 10085.5 4312.48 1450
      vertex 10044.5 4283.8 0
      vertex 10085.5 4312.48 0
    endloop
  endfacet
  facet normal 0.573509 -0.819199 -2.13734e-05
    outer loop
      vertex 10044.5 4283.8 1500
      vertex 10146.9 4355.49 1450
      vertex 10986.6 4943.35 1500
    endloop
  endfacet
  facet normal 0.573507 -0.819201 2.73104e-05
    outer loop
      vertex 10884.2 4871.66 1450
      vertex 10986.6 4943.35 1500
      vertex 10146.9 4355.49 1450
    endloop
  endfacet
  facet normal 0.573731 -0.819044 -0.000655769
    outer loop
      vertex 10945.6 4914.67 1450
      vertex 10986.6 4943.35 1500
      vertex 10884.2 4871.66 1450
    endloop
  endfacet
  facet normal 0.573194 -0.81942 0
    outer loop
      vertex 10986.6 4943.35 0
      vertex 10945.6 4914.67 1450
      vertex 10945.6 4914.67 0
    endloop
  endfacet
  facet normal 0.573194 -0.81942 0
    outer loop
      vertex 10945.6 4914.67 1450
      vertex 10986.6 4943.35 0
      vertex 10986.6 4943.35 1500
    endloop
  endfacet
  facet normal -0.573194 0.81942 0
    outer loop
      vertex 10056.8 4353.44 0
      vertex 10015.8 4324.76 1450
      vertex 10056.8 4353.44 1450
    endloop
  endfacet
  facet normal -0.573194 0.81942 0
    outer loop
      vertex 10015.8 4324.76 1450
      vertex 10056.8 4353.44 0
      vertex 10015.8 4324.76 0
    endloop
  endfacet
  facet normal 0.818969 0.573838 0
    outer loop
      vertex 10085.5 4312.48 1450
      vertex 10056.8 4353.44 0
      vertex 10056.8 4353.44 1450
    endloop
  endfacet
  facet normal 0.818969 0.573838 0
    outer loop
      vertex 10056.8 4353.44 0
      vertex 10085.5 4312.48 1450
      vertex 10085.5 4312.48 0
    endloop
  endfacet
  facet normal 0.57306 -0.819514 0
    outer loop
      vertex 10744.9 5201.39 0
      vertex 10785.9 5230.06 1450
      vertex 10744.9 5201.39 1450
    endloop
  endfacet
  facet normal 0.57306 -0.819514 0
    outer loop
      vertex 10785.9 5230.06 1450
      vertex 10744.9 5201.39 0
      vertex 10785.9 5230.06 0
    endloop
  endfacet
  facet normal 0.818969 0.573838 0
    outer loop
      vertex 10757.2 5271.02 1500
      vertex 10785.9 5230.06 1450
      vertex 10757.2 5271.02 0
    endloop
  endfacet
  facet normal 0.819271 0.573406 0.000527067
    outer loop
      vertex 10757.2 5271.02 1500
      vertex 10957.9 4984.31 1450
      vertex 10785.9 5230.06 1450
    endloop
  endfacet
  facet normal 0.819195 0.573514 -0.00039526
    outer loop
      vertex 10986.6 4943.35 1500
      vertex 10957.9 4984.31 1450
      vertex 10757.2 5271.02 1500
    endloop
  endfacet
  facet normal 0.818969 0.573838 -0
    outer loop
      vertex 10986.6 4943.35 0
      vertex 10957.9 4984.31 1450
      vertex 10986.6 4943.35 1500
    endloop
  endfacet
  facet normal 0.818969 0.573838 0
    outer loop
      vertex 10957.9 4984.31 1450
      vertex 10986.6 4943.35 0
      vertex 10957.9 4984.31 0
    endloop
  endfacet
  facet normal 0.818969 0.573838 0
    outer loop
      vertex 10757.2 5271.02 0
      vertex 10785.9 5230.06 1450
      vertex 10785.9 5230.06 0
    endloop
  endfacet
  facet normal -0.818969 -0.573838 0
    outer loop
      vertex 10744.9 5201.39 0
      vertex 10716.2 5242.35 1450
      vertex 10716.2 5242.35 0
    endloop
  endfacet
  facet normal -0.818969 -0.573838 0
    outer loop
      vertex 10716.2 5242.35 1450
      vertex 10744.9 5201.39 0
      vertex 10744.9 5201.39 1450
    endloop
  endfacet
  facet normal -0.574134 0.818761 0
    outer loop
      vertex 10957.9 4984.31 0
      vertex 10917 4955.63 1450
      vertex 10957.9 4984.31 1450
    endloop
  endfacet
  facet normal -0.574134 0.818761 0
    outer loop
      vertex 10917 4955.63 1450
      vertex 10957.9 4984.31 0
      vertex 10917 4955.63 0
    endloop
  endfacet
  facet normal -0.819908 -0.572495 0
    outer loop
      vertex 10945.6 4914.67 0
      vertex 10917 4955.63 1450
      vertex 10917 4955.63 0
    endloop
  endfacet
  facet normal -0.819908 -0.572495 0
    outer loop
      vertex 10917 4955.63 1450
      vertex 10945.6 4914.67 0
      vertex 10945.6 4914.67 1450
    endloop
  endfacet
  facet normal -0 0 -1
    outer loop
      vertex 10146.9 4355.49 1450
      vertex 10085.5 4312.48 1450
      vertex 10135.5 4371.87 1450
    endloop
  endfacet
  facet normal 0 0 -1
    outer loop
      vertex 10872.7 4888.04 1450
      vertex 10945.6 4914.67 1450
      vertex 10884.2 4871.66 1450
    endloop
  endfacet
  facet normal -0 0 -1
    outer loop
      vertex 10945.6 4914.67 1450
      vertex 10872.7 4888.04 1450
      vertex 10917 4955.63 1450
    endloop
  endfacet
  facet normal 0 0 -1
    outer loop
      vertex 10917 4955.63 1450
      vertex 10785.9 5230.06 1450
      vertex 10957.9 4984.31 1450
    endloop
  endfacet
  facet normal 0 0 -1
    outer loop
      vertex 10744.9 5201.39 1450
      vertex 10917 4955.63 1450
      vertex 10872.7 4888.04 1450
    endloop
  endfacet
  facet normal 0 0 -1
    outer loop
      vertex 10917 4955.63 1450
      vertex 10744.9 5201.39 1450
      vertex 10785.9 5230.06 1450
    endloop
  endfacet
  facet normal 0 0 -1
    outer loop
      vertex 9884.75 4599.19 1450
      vertex 10744.9 5201.39 1450
      vertex 10872.7 4888.04 1450
    endloop
  endfacet
  facet normal 0 0 -1
    outer loop
      vertex 9884.75 4599.19 1450
      vertex 10872.7 4888.04 1450
      vertex 10135.5 4371.87 1450
    endloop
  endfacet
  facet normal 0 0 -1
    outer loop
      vertex 10056.8 4353.44 1450
      vertex 10135.5 4371.87 1450
      vertex 10085.5 4312.48 1450
    endloop
  endfacet
  facet normal 0 0 -1
    outer loop
      vertex 9884.75 4599.19 1450
      vertex 10135.5 4371.87 1450
      vertex 10056.8 4353.44 1450
    endloop
  endfacet
  facet normal 0 0 -1
    outer loop
      vertex 9884.75 4599.19 1450
      vertex 10056.8 4353.44 1450
      vertex 10015.8 4324.76 1450
    endloop
  endfacet
  facet normal -0 0 -1
    outer loop
      vertex 10744.9 5201.39 1450
      vertex 9884.75 4599.19 1450
      vertex 10716.2 5242.35 1450
    endloop
  endfacet
  facet normal 0 0 -1
    outer loop
      vertex 10716.2 5242.35 1450
      vertex 9884.75 4599.19 1450
      vertex 9856.07 4640.15 1450
    endloop
  endfacet
  facet normal 0 0 -1
    outer loop
      vertex 10015.8 4324.76 1450
      vertex 9843.79 4570.52 1450
      vertex 9884.75 4599.19 1450
    endloop
  endfacet
  facet normal 0 0 -1
    outer loop
      vertex 10146.9 4355.49 900
      vertex 10872.7 4888.04 900
      vertex 10884.2 4871.66 900
    endloop
  endfacet
  facet normal 0 0 -1
    outer loop
      vertex 10872.7 4888.04 900
      vertex 10146.9 4355.49 900
      vertex 10135.5 4371.87 900
    endloop
  endfacet
  facet normal -0.573559 0.819164 0
    outer loop
      vertex 10872.7 4888.04 900
      vertex 10135.5 4371.87 920
      vertex 10872.7 4888.04 920
    endloop
  endfacet
  facet normal -0.573559 0.819164 0
    outer loop
      vertex 10135.5 4371.87 920
      vertex 10872.7 4888.04 900
      vertex 10135.5 4371.87 900
    endloop
  endfacet
  facet normal -0.573559 0.819164 0
    outer loop
      vertex 10872.7 4888.04 948.284
      vertex 10135.5 4371.87 1450
      vertex 10872.7 4888.04 1450
    endloop
  endfacet
  facet normal -0.573559 0.819164 0
    outer loop
      vertex 10135.5 4371.87 1450
      vertex 10872.7 4888.04 948.284
      vertex 10135.5 4371.87 948.284
    endloop
  endfacet
  facet normal 0.406554 -0.580673 0.70536
    outer loop
      vertex 11440.2 3816 599.2
      vertex 10952.7 3466.09 592.128
      vertex 11444.2 3810.21 592.128
    endloop
  endfacet
  facet normal 0.404611 -0.578032 0.708639
    outer loop
      vertex 10952.7 3466.09 592.128
      vertex 11440.2 3816 599.2
      vertex 10948.6 3471.89 599.2
    endloop
  endfacet
  facet normal 0.405562 -0.579256 -0.707094
    outer loop
      vertex 10952.7 3466.09 592.128
      vertex 11282 4041.91 309.286
      vertex 11444.2 3810.21 592.128
    endloop
  endfacet
  facet normal 0.405548 -0.579253 -0.707104
    outer loop
      vertex 11282 4041.91 309.286
      vertex 10952.7 3466.09 592.128
      vertex 10790.5 3697.8 309.286
    endloop
  endfacet
  facet normal -0.405233 0.579379 0.707182
    outer loop
      vertex 11101.7 3715.39 484.648
      vertex 11024.6 3825.45 350.298
      vertex 11032 3666.64 484.648
    endloop
  endfacet
  facet normal -0.40552 0.579241 0.707131
    outer loop
      vertex 11081.9 3865.6 350.298
      vertex 11228.6 3804.29 484.648
      vertex 11272.5 4029.25 325.549
    endloop
  endfacet
  facet normal -0.405623 0.579105 0.707182
    outer loop
      vertex 11228.6 3804.29 484.648
      vertex 11081.9 3865.6 350.298
      vertex 11159 3755.54 484.648
    endloop
  endfacet
  facet normal -0.406597 0.580274 0.705664
    outer loop
      vertex 11272.5 4029.25 325.549
      vertex 11024.6 3825.45 350.298
      vertex 11081.9 3865.6 350.298
    endloop
  endfacet
  facet normal -0.405605 0.57917 0.70714
    outer loop
      vertex 11032 3666.64 484.648
      vertex 10805.6 3702.34 325.549
      vertex 10955.7 3488.02 587.179
    endloop
  endfacet
  facet normal -0.405464 0.579093 0.707283
    outer loop
      vertex 10805.6 3702.34 325.549
      vertex 11024.6 3825.45 350.298
      vertex 11272.5 4029.25 325.549
    endloop
  endfacet
  facet normal -0.4055 0.579244 0.70714
    outer loop
      vertex 11228.6 3804.29 484.648
      vertex 11422.6 3814.93 587.179
      vertex 11272.5 4029.25 325.549
    endloop
  endfacet
  facet normal -0.405523 0.579163 0.707193
    outer loop
      vertex 11179 3665.95 569.501
      vertex 11422.6 3814.93 587.179
      vertex 11228.6 3804.29 484.648
    endloop
  endfacet
  facet normal -0.405554 0.579221 0.707127
    outer loop
      vertex 11179 3665.95 569.501
      vertex 10955.7 3488.02 587.179
      vertex 11422.6 3814.93 587.179
    endloop
  endfacet
  facet normal -0.405502 0.579163 0.707204
    outer loop
      vertex 11032 3666.64 484.648
      vertex 10955.7 3488.02 587.179
      vertex 11179 3665.95 569.501
    endloop
  endfacet
  facet normal -0.405547 0.57928 0.707083
    outer loop
      vertex 10805.6 3702.34 325.549
      vertex 11032 3666.64 484.648
      vertex 11024.6 3825.45 350.298
    endloop
  endfacet
  facet normal -0.404872 0.578287 -0.708281
    outer loop
      vertex 10790.5 3697.8 309.286
      vertex 11277.9 4047.7 316.357
      vertex 11282 4041.91 309.286
    endloop
  endfacet
  facet normal -0.404872 0.578287 -0.708281
    outer loop
      vertex 11277.9 4047.7 316.357
      vertex 10790.5 3697.8 309.286
      vertex 10786.4 3703.59 316.357
    endloop
  endfacet
  facet normal 0.820897 0.571067 -0.00323649
    outer loop
      vertex 11444.2 3810.21 592.128
      vertex 11277.9 4047.7 316.357
      vertex 11440.2 3816 599.2
    endloop
  endfacet
  facet normal 0.817659 0.575697 0.00270356
    outer loop
      vertex 11277.9 4047.7 316.357
      vertex 11444.2 3810.21 592.128
      vertex 11282 4041.91 309.286
    endloop
  endfacet
  facet normal -0.817665 -0.575688 -0.00271375
    outer loop
      vertex 10952.7 3466.09 592.128
      vertex 10786.4 3703.59 316.357
      vertex 10790.5 3697.8 309.286
    endloop
  endfacet
  facet normal -0.817894 -0.575365 -0.00229724
    outer loop
      vertex 10786.4 3703.59 316.357
      vertex 10952.7 3466.09 592.128
      vertex 10948.6 3471.89 599.2
    endloop
  endfacet
  facet normal -0.405138 0.579467 0.707164
    outer loop
      vertex 11277.9 4047.7 316.357
      vertex 11421.8 3816.08 588.593
      vertex 11440.2 3816 599.2
    endloop
  endfacet
  facet normal -0.405541 0.579202 0.707151
    outer loop
      vertex 11277.9 4047.7 316.357
      vertex 11271.7 4030.41 326.963
      vertex 11421.8 3816.08 588.593
    endloop
  endfacet
  facet normal -0.40554 0.579202 0.707151
    outer loop
      vertex 11277.9 4047.7 316.357
      vertex 10804.8 3703.5 326.963
      vertex 11271.7 4030.41 326.963
    endloop
  endfacet
  facet normal -0.405152 0.578687 0.707795
    outer loop
      vertex 10804.8 3703.5 326.963
      vertex 11277.9 4047.7 316.357
      vertex 10786.4 3703.59 316.357
    endloop
  endfacet
  facet normal -0.405303 0.579005 0.707448
    outer loop
      vertex 10954.8 3489.18 588.593
      vertex 11440.2 3816 599.2
      vertex 11421.8 3816.08 588.593
    endloop
  endfacet
  facet normal -0.405448 0.579228 0.707182
    outer loop
      vertex 10954.8 3489.18 588.593
      vertex 10948.6 3471.89 599.2
      vertex 11440.2 3816 599.2
    endloop
  endfacet
  facet normal -0.405655 0.579229 0.707062
    outer loop
      vertex 10804.8 3703.5 326.963
      vertex 10948.6 3471.89 599.2
      vertex 10954.8 3489.18 588.593
    endloop
  endfacet
  facet normal -0.404741 0.579832 0.707092
    outer loop
      vertex 10948.6 3471.89 599.2
      vertex 10804.8 3703.5 326.963
      vertex 10786.4 3703.59 316.357
    endloop
  endfacet
  facet normal -0.405253 0.579365 0.707182
    outer loop
      vertex 11081.1 3866.76 351.712
      vertex 11100.8 3716.55 486.062
      vertex 11158.2 3756.7 486.062
    endloop
  endfacet
  facet normal -0.405814 0.579156 0.707031
    outer loop
      vertex 11100.8 3716.55 486.062
      vertex 11081.1 3866.76 351.712
      vertex 11023.8 3826.61 351.712
    endloop
  endfacet
  facet normal -0.405664 0.579163 0.707111
    outer loop
      vertex 11158.2 3756.7 486.062
      vertex 11178.2 3667.11 570.915
      vertex 11227.8 3805.45 486.062
    endloop
  endfacet
  facet normal -0.40524 0.579346 0.707205
    outer loop
      vertex 11100.8 3716.55 486.062
      vertex 11178.2 3667.11 570.915
      vertex 11158.2 3756.7 486.062
    endloop
  endfacet
  facet normal -0.405557 0.57901 0.707298
    outer loop
      vertex 11178.2 3667.11 570.915
      vertex 11100.8 3716.55 486.062
      vertex 11031.2 3667.8 486.062
    endloop
  endfacet
  facet normal 0.406272 -0.580247 0.705873
    outer loop
      vertex 11271.7 4030.41 326.963
      vertex 10805.6 3702.34 325.549
      vertex 11272.5 4029.25 325.549
    endloop
  endfacet
  facet normal 0.406272 -0.580247 0.705873
    outer loop
      vertex 10805.6 3702.34 325.549
      vertex 11271.7 4030.41 326.963
      vertex 10804.8 3703.5 326.963
    endloop
  endfacet
  facet normal -0.82115 -0.5707 0.00360119
    outer loop
      vertex 11422.6 3814.93 587.179
      vertex 11271.7 4030.41 326.963
      vertex 11272.5 4029.25 325.549
    endloop
  endfacet
  facet normal -0.820002 -0.572358 0.00156278
    outer loop
      vertex 11271.7 4030.41 326.963
      vertex 11422.6 3814.93 587.179
      vertex 11421.8 3816.08 588.593
    endloop
  endfacet
  facet normal -0.407451 0.58193 -0.703805
    outer loop
      vertex 10955.7 3488.02 587.179
      vertex 11421.8 3816.08 588.593
      vertex 11422.6 3814.93 587.179
    endloop
  endfacet
  facet normal -0.398053 0.568647 -0.719857
    outer loop
      vertex 11421.8 3816.08 588.593
      vertex 10955.7 3488.02 587.179
      vertex 10954.8 3489.18 588.593
    endloop
  endfacet
  facet normal 0.804396 0.593566 0.0250494
    outer loop
      vertex 10955.7 3488.02 587.179
      vertex 10804.8 3703.5 326.963
      vertex 10954.8 3489.18 588.593
    endloop
  endfacet
  facet normal 0.82115 0.5707 -0.00360119
    outer loop
      vertex 10804.8 3703.5 326.963
      vertex 10955.7 3488.02 587.179
      vertex 10805.6 3702.34 325.549
    endloop
  endfacet
  facet normal 0.86799 -0.00664773 0.496537
    outer loop
      vertex 11178.2 3667.11 570.915
      vertex 11228.6 3804.29 484.648
      vertex 11227.8 3805.45 486.062
    endloop
  endfacet
  facet normal 0.86799 -0.00664773 0.496537
    outer loop
      vertex 11228.6 3804.29 484.648
      vertex 11178.2 3667.11 570.915
      vertex 11179 3665.95 569.501
    endloop
  endfacet
  facet normal -0.406374 0.580176 -0.705872
    outer loop
      vertex 11159 3755.54 484.648
      vertex 11227.8 3805.45 486.062
      vertex 11228.6 3804.29 484.648
    endloop
  endfacet
  facet normal -0.406374 0.580176 -0.705872
    outer loop
      vertex 11227.8 3805.45 486.062
      vertex 11159 3755.54 484.648
      vertex 11158.2 3756.7 486.062
    endloop
  endfacet
  facet normal 0.821117 0.570748 -0.00365912
    outer loop
      vertex 11159 3755.54 484.648
      vertex 11081.1 3866.76 351.712
      vertex 11158.2 3756.7 486.062
    endloop
  endfacet
  facet normal 0.821117 0.570748 -0.00365912
    outer loop
      vertex 11081.1 3866.76 351.712
      vertex 11159 3755.54 484.648
      vertex 11081.9 3865.6 350.298
    endloop
  endfacet
  facet normal -0.406478 0.580104 -0.705872
    outer loop
      vertex 11024.6 3825.45 350.298
      vertex 11081.1 3866.76 351.712
      vertex 11081.9 3865.6 350.298
    endloop
  endfacet
  facet normal -0.406478 0.580104 -0.705872
    outer loop
      vertex 11081.1 3866.76 351.712
      vertex 11024.6 3825.45 350.298
      vertex 11023.8 3826.61 351.712
    endloop
  endfacet
  facet normal -0.821117 -0.570748 0.00365912
    outer loop
      vertex 11101.7 3715.39 484.648
      vertex 11023.8 3826.61 351.712
      vertex 11024.6 3825.45 350.298
    endloop
  endfacet
  facet normal -0.804446 -0.593494 -0.0251403
    outer loop
      vertex 11023.8 3826.61 351.712
      vertex 11101.7 3715.39 484.648
      vertex 11100.8 3716.55 486.062
    endloop
  endfacet
  facet normal -0.397838 0.568806 -0.719851
    outer loop
      vertex 11032 3666.64 484.648
      vertex 11100.8 3716.55 486.062
      vertex 11101.7 3715.39 484.648
    endloop
  endfacet
  facet normal -0.406374 0.580176 -0.705872
    outer loop
      vertex 11100.8 3716.55 486.062
      vertex 11032 3666.64 484.648
      vertex 11031.2 3667.8 486.062
    endloop
  endfacet
  facet normal -0.293381 -0.81381 0.501638
    outer loop
      vertex 11031.2 3667.8 486.062
      vertex 11179 3665.95 569.501
      vertex 11178.2 3667.11 570.915
    endloop
  endfacet
  facet normal -0.293381 -0.81381 0.501638
    outer loop
      vertex 11179 3665.95 569.501
      vertex 11031.2 3667.8 486.062
      vertex 11032 3666.64 484.648
    endloop
  endfacet
  facet normal 0.40556 -0.579304 0.707055
    outer loop
      vertex 11601.1 3847.67 650
      vertex 10871.9 3319.91 635.858
      vertex 11609.2 3836.08 635.858
    endloop
  endfacet
  facet normal 0.40556 -0.579304 0.707055
    outer loop
      vertex 10871.9 3319.91 635.858
      vertex 11601.1 3847.67 650
      vertex 10863.8 3331.5 650
    endloop
  endfacet
  facet normal -0.405988 0.578972 0.707082
    outer loop
      vertex 11572.4 3888.63 600
      vertex 11371.7 4175.34 250
      vertex 11531.5 3859.95 600
    endloop
  endfacet
  facet normal -0.405191 0.579449 0.707149
    outer loop
      vertex 11330.7 4146.67 250
      vertex 11531.5 3859.95 600
      vertex 11371.7 4175.34 250
    endloop
  endfacet
  facet normal -0.405493 0.579238 0.707149
    outer loop
      vertex 10876.1 3401.14 600
      vertex 11531.5 3859.95 600
      vertex 11330.7 4146.67 250
    endloop
  endfacet
  facet normal -0.40557 0.579348 0.707013
    outer loop
      vertex 11531.5 3859.95 600
      vertex 10876.1 3401.14 600
      vertex 11548.7 3835.38 630
    endloop
  endfacet
  facet normal -0.405521 0.579265 0.70711
    outer loop
      vertex 11548.7 3835.38 630
      vertex 10876.1 3401.14 600
      vertex 10893.3 3376.56 630
    endloop
  endfacet
  facet normal -0.405578 0.579259 0.707082
    outer loop
      vertex 10675.4 3687.85 250
      vertex 10876.1 3401.14 600
      vertex 11330.7 4146.67 250
    endloop
  endfacet
  facet normal -0.405323 0.579437 0.707082
    outer loop
      vertex 10876.1 3401.14 600
      vertex 10675.4 3687.85 250
      vertex 10835.1 3372.46 600
    endloop
  endfacet
  facet normal -0.405224 0.579497 0.707091
    outer loop
      vertex 10835.1 3372.46 600
      vertex 10675.4 3687.85 250
      vertex 10634.4 3659.18 250
    endloop
  endfacet
  facet normal 0.40556 -0.579304 -0.707055
    outer loop
      vertex 10871.9 3319.91 635.858
      vertex 11601.1 3847.67 621.716
      vertex 11609.2 3836.08 635.858
    endloop
  endfacet
  facet normal 0.40556 -0.579304 -0.707055
    outer loop
      vertex 11601.1 3847.67 621.716
      vertex 10871.9 3319.91 635.858
      vertex 10863.8 3331.5 621.716
    endloop
  endfacet
  facet normal 0.405217 -0.579487 -0.707103
    outer loop
      vertex 10835.1 3372.46 571.716
      vertex 10650.6 3636.01 250
      vertex 10691.6 3664.68 250
    endloop
  endfacet
  facet normal 0.405181 -0.579435 -0.707166
    outer loop
      vertex 11531.5 3859.95 571.716
      vertex 11346.9 4123.5 250
      vertex 11387.9 4152.17 250
    endloop
  endfacet
  facet normal 0.40557 -0.579348 -0.707013
    outer loop
      vertex 10876.1 3401.14 571.716
      vertex 11531.5 3859.95 571.716
      vertex 11548.7 3835.38 601.716
    endloop
  endfacet
  facet normal 0.405521 -0.579265 -0.70711
    outer loop
      vertex 10876.1 3401.14 571.716
      vertex 11548.7 3835.38 601.716
      vertex 10893.3 3376.56 601.716
    endloop
  endfacet
  facet normal 0.405483 -0.579224 -0.707166
    outer loop
      vertex 11531.5 3859.95 571.716
      vertex 10876.1 3401.14 571.716
      vertex 11346.9 4123.5 250
    endloop
  endfacet
  facet normal 0.405572 -0.579249 -0.707094
    outer loop
      vertex 10691.6 3664.68 250
      vertex 11346.9 4123.5 250
      vertex 10876.1 3401.14 571.716
    endloop
  endfacet
  facet normal 0.405317 -0.579428 -0.707094
    outer loop
      vertex 10691.6 3664.68 250
      vertex 10876.1 3401.14 571.716
      vertex 10835.1 3372.46 571.716
    endloop
  endfacet
  facet normal 0.405711 -0.579449 -0.70685
    outer loop
      vertex 11346.9 4123.5 250
      vertex 10691.6 3664.68 250
      vertex 11338.8 4135.08 235.858
    endloop
  endfacet
  facet normal 0.405588 -0.579285 -0.707055
    outer loop
      vertex 11338.8 4135.08 235.858
      vertex 10691.6 3664.68 250
      vertex 10683.5 3676.27 235.858
    endloop
  endfacet
  facet normal 0.405982 -0.578962 -0.707094
    outer loop
      vertex 11572.4 3888.63 571.716
      vertex 11531.5 3859.95 571.716
      vertex 11387.9 4152.17 250
    endloop
  endfacet
  facet normal -0.405588 0.579285 -0.707055
    outer loop
      vertex 10683.5 3676.27 235.858
      vertex 11330.7 4146.67 250
      vertex 11338.8 4135.08 235.858
    endloop
  endfacet
  facet normal -0.405711 0.579449 -0.70685
    outer loop
      vertex 11330.7 4146.67 250
      vertex 10683.5 3676.27 235.858
      vertex 10675.4 3687.85 250
    endloop
  endfacet
  facet normal 0.819664 0.572845 0
    outer loop
      vertex 11601.1 3847.67 650
      vertex 11609.2 3836.08 635.858
      vertex 11601.1 3847.67 621.716
    endloop
  endfacet
  facet normal 0.818969 0.573838 0
    outer loop
      vertex 11601.1 3847.67 621.716
      vertex 11572.4 3888.63 600
      vertex 11572.4 3888.63 650
    endloop
  endfacet
  facet normal 0.818969 0.573838 0
    outer loop
      vertex 11572.4 3888.63 600
      vertex 11601.1 3847.67 621.716
      vertex 11572.4 3888.63 571.716
    endloop
  endfacet
  facet normal 0.818969 0.573838 -0
    outer loop
      vertex 11601.1 3847.67 621.716
      vertex 11572.4 3888.63 650
      vertex 11601.1 3847.67 650
    endloop
  endfacet
  facet normal 0.818969 0.573838 -0
    outer loop
      vertex 11601.1 3847.67 2
      vertex 11572.4 3888.63 571.716
      vertex 11601.1 3847.67 621.716
    endloop
  endfacet
  facet normal 0.818969 0.573838 0
    outer loop
      vertex 11572.4 3888.63 571.716
      vertex 11601.1 3847.67 2
      vertex 11572.4 3888.63 2
    endloop
  endfacet
  facet normal 0.819548 0.573011 0
    outer loop
      vertex 11371.7 4175.34 250
      vertex 11387.9 4152.17 250
      vertex 11371.7 4175.34 2
    endloop
  endfacet
  facet normal 0.819228 0.573468 -0
    outer loop
      vertex 11572.4 3888.63 571.716
      vertex 11371.7 4175.34 250
      vertex 11572.4 3888.63 600
    endloop
  endfacet
  facet normal 0.819547 0.573011 -0.000606566
    outer loop
      vertex 11371.7 4175.34 250
      vertex 11572.4 3888.63 571.716
      vertex 11387.9 4152.17 250
    endloop
  endfacet
  facet normal 0.818215 0.574912 -0
    outer loop
      vertex 11400.4 4134.38 2
      vertex 11387.9 4152.17 250
      vertex 11400.4 4134.38 250
    endloop
  endfacet
  facet normal 0.818969 0.573838 0.000115048
    outer loop
      vertex 11387.9 4152.17 250
      vertex 11400.4 4134.38 2
      vertex 11371.7 4175.34 2
    endloop
  endfacet
  facet normal -0.818969 -0.573838 0
    outer loop
      vertex 10863.8 3331.5 2
      vertex 10835.1 3372.46 571.716
      vertex 10835.1 3372.46 2
    endloop
  endfacet
  facet normal -0.818969 -0.573838 -0
    outer loop
      vertex 10863.8 3331.5 621.716
      vertex 10835.1 3372.46 571.716
      vertex 10863.8 3331.5 2
    endloop
  endfacet
  facet normal -0.818969 -0.573838 0
    outer loop
      vertex 10835.1 3372.46 571.716
      vertex 10863.8 3331.5 621.716
      vertex 10835.1 3372.46 600
    endloop
  endfacet
  facet normal -0.818969 -0.573838 0
    outer loop
      vertex 10835.1 3372.46 600
      vertex 10863.8 3331.5 621.716
      vertex 10835.1 3372.46 650
    endloop
  endfacet
  facet normal -0.818969 -0.573838 0
    outer loop
      vertex 10863.8 3331.5 621.716
      vertex 10863.8 3331.5 650
      vertex 10835.1 3372.46 650
    endloop
  endfacet
  facet normal -0.819664 -0.572845 -0
    outer loop
      vertex 10863.8 3331.5 650
      vertex 10863.8 3331.5 621.716
      vertex 10871.9 3319.91 635.858
    endloop
  endfacet
  facet normal -0.819548 -0.573011 0
    outer loop
      vertex 10634.4 3659.18 2
      vertex 10650.6 3636.01 250
      vertex 10634.4 3659.18 250
    endloop
  endfacet
  facet normal -0.818969 -0.573838 -0.000115048
    outer loop
      vertex 10663.1 3618.22 2
      vertex 10650.6 3636.01 250
      vertex 10634.4 3659.18 2
    endloop
  endfacet
  facet normal -0.818215 -0.574912 0
    outer loop
      vertex 10650.6 3636.01 250
      vertex 10663.1 3618.22 2
      vertex 10663.1 3618.22 250
    endloop
  endfacet
  facet normal -0.819547 -0.573011 0.000588755
    outer loop
      vertex 10835.1 3372.46 571.716
      vertex 10634.4 3659.18 250
      vertex 10650.6 3636.01 250
    endloop
  endfacet
  facet normal -0.819237 -0.573455 0
    outer loop
      vertex 10634.4 3659.18 250
      vertex 10835.1 3372.46 571.716
      vertex 10835.1 3372.46 600
    endloop
  endfacet
  facet normal 0.572926 -0.819607 0
    outer loop
      vertex 10683.6 3632.55 2
      vertex 10663.1 3618.22 250
      vertex 10663.1 3618.22 2
    endloop
  endfacet
  facet normal 0.574 -0.818856 0.000132235
    outer loop
      vertex 10663.1 3618.22 250
      vertex 10683.6 3632.55 2
      vertex 10704 3646.89 250
    endloop
  endfacet
  facet normal 0.575076 -0.8181 0
    outer loop
      vertex 10704 3646.89 0
      vertex 10683.6 3632.55 2
      vertex 10683.6 3632.55 0
    endloop
  endfacet
  facet normal 0.575076 -0.8181 0
    outer loop
      vertex 10683.6 3632.55 2
      vertex 10704 3646.89 0
      vertex 10704 3646.89 250
    endloop
  endfacet
  facet normal 0 0 1
    outer loop
      vertex 10691.6 3664.68 250
      vertex 10663.1 3618.22 250
      vertex 10704 3646.89 250
    endloop
  endfacet
  facet normal 0 -0 1
    outer loop
      vertex 10663.1 3618.22 250
      vertex 10691.6 3664.68 250
      vertex 10650.6 3636.01 250
    endloop
  endfacet
  facet normal -0.57306 0.819514 -1.65225e-05
    outer loop
      vertex 10675.4 3687.85 250
      vertex 10654.9 3673.51 2
      vertex 10634.4 3659.18 250
    endloop
  endfacet
  facet normal -0.573194 0.81942 0
    outer loop
      vertex 10675.4 3687.85 0
      vertex 10654.9 3673.51 2
      vertex 10675.4 3687.85 250
    endloop
  endfacet
  facet normal -0.573194 0.81942 0
    outer loop
      vertex 10654.9 3673.51 2
      vertex 10675.4 3687.85 0
      vertex 10654.9 3673.51 0
    endloop
  endfacet
  facet normal -0.572926 0.819607 0
    outer loop
      vertex 10634.4 3659.18 250
      vertex 10654.9 3673.51 2
      vertex 10634.4 3659.18 2
    endloop
  endfacet
  facet normal 0.819431 0.573177 0
    outer loop
      vertex 10683.5 3676.27 235.858
      vertex 10675.4 3687.85 0
      vertex 10675.4 3687.85 250
    endloop
  endfacet
  facet normal 0.820378 0.57182 -0.00124889
    outer loop
      vertex 10704 3646.89 250
      vertex 10683.5 3676.27 235.858
      vertex 10691.6 3664.68 250
    endloop
  endfacet
  facet normal 0.820096 0.572225 0
    outer loop
      vertex 10683.5 3676.27 235.858
      vertex 10704 3646.89 250
      vertex 10704 3646.89 0
    endloop
  endfacet
  facet normal 0.819908 0.572495 -4.99036e-05
    outer loop
      vertex 10683.5 3676.27 235.858
      vertex 10704 3646.89 0
      vertex 10675.4 3687.85 0
    endloop
  endfacet
  facet normal 0.573502 -0.819204 0
    outer loop
      vertex 10884.3 3345.85 0
      vertex 11580.8 3833.45 2
      vertex 10884.3 3345.85 2
    endloop
  endfacet
  facet normal 0.573502 -0.819204 0
    outer loop
      vertex 11580.8 3833.45 2
      vertex 10884.3 3345.85 0
      vertex 11580.8 3833.45 0
    endloop
  endfacet
  facet normal 0.573462 -0.819232 0
    outer loop
      vertex 10884.3 3345.85 2
      vertex 10863.8 3331.5 621.716
      vertex 10863.8 3331.5 2
    endloop
  endfacet
  facet normal 0.573507 -0.819201 2.20525e-06
    outer loop
      vertex 10863.8 3331.5 621.716
      vertex 10884.3 3345.85 2
      vertex 11601.1 3847.67 621.716
    endloop
  endfacet
  facet normal 0.573502 -0.819204 1.12926e-05
    outer loop
      vertex 11580.8 3833.45 2
      vertex 11601.1 3847.67 621.716
      vertex 10884.3 3345.85 2
    endloop
  endfacet
  facet normal 0.573733 -0.819042 0
    outer loop
      vertex 11601.1 3847.67 621.716
      vertex 11580.8 3833.45 2
      vertex 11601.1 3847.67 2
    endloop
  endfacet
  facet normal 0 0 1
    outer loop
      vertex 11572.4 3888.63 650
      vertex 11531.5 3859.95 650
      vertex 11548.7 3835.38 650
    endloop
  endfacet
  facet normal 0 0 1
    outer loop
      vertex 11548.7 3835.38 650
      vertex 11601.1 3847.67 650
      vertex 11572.4 3888.63 650
    endloop
  endfacet
  facet normal 0 0 1
    outer loop
      vertex 10893.3 3376.56 650
      vertex 11601.1 3847.67 650
      vertex 11548.7 3835.38 650
    endloop
  endfacet
  facet normal -0 0 1
    outer loop
      vertex 10893.3 3376.56 650
      vertex 10863.8 3331.5 650
      vertex 11601.1 3847.67 650
    endloop
  endfacet
  facet normal 0 0 1
    outer loop
      vertex 10835.1 3372.46 650
      vertex 10893.3 3376.56 650
      vertex 10876.1 3401.14 650
    endloop
  endfacet
  facet normal 0 0 1
    outer loop
      vertex 10893.3 3376.56 650
      vertex 10835.1 3372.46 650
      vertex 10863.8 3331.5 650
    endloop
  endfacet
  facet normal -0.573194 0.81942 0
    outer loop
      vertex 10876.1 3401.14 600
      vertex 10835.1 3372.46 650
      vertex 10876.1 3401.14 650
    endloop
  endfacet
  facet normal -0.573194 0.81942 0
    outer loop
      vertex 10835.1 3372.46 650
      vertex 10876.1 3401.14 600
      vertex 10835.1 3372.46 600
    endloop
  endfacet
  facet normal -0.573194 0.81942 1.43829e-05
    outer loop
      vertex 10876.1 3401.14 571.716
      vertex 10855.6 3386.81 2
      vertex 10835.1 3372.46 571.716
    endloop
  endfacet
  facet normal -0.572926 0.819607 0
    outer loop
      vertex 10876.1 3401.14 0
      vertex 10855.6 3386.81 2
      vertex 10876.1 3401.14 571.716
    endloop
  endfacet
  facet normal -0.572926 0.819607 0
    outer loop
      vertex 10855.6 3386.81 2
      vertex 10876.1 3401.14 0
      vertex 10855.6 3386.81 0
    endloop
  endfacet
  facet normal -0.573462 0.819232 0
    outer loop
      vertex 10835.1 3372.46 571.716
      vertex 10855.6 3386.81 2
      vertex 10835.1 3372.46 2
    endloop
  endfacet
  facet normal 0.819326 0.573328 -0
    outer loop
      vertex 10893.3 3376.56 630
      vertex 10876.1 3401.14 650
      vertex 10893.3 3376.56 650
    endloop
  endfacet
  facet normal 0.819326 0.573328 0
    outer loop
      vertex 10876.1 3401.14 650
      vertex 10893.3 3376.56 630
      vertex 10876.1 3401.14 600
    endloop
  endfacet
  facet normal 0.819326 0.573328 -0
    outer loop
      vertex 10893.3 3376.56 0
      vertex 10876.1 3401.14 571.716
      vertex 10893.3 3376.56 601.716
    endloop
  endfacet
  facet normal 0.819326 0.573328 0
    outer loop
      vertex 10876.1 3401.14 571.716
      vertex 10893.3 3376.56 0
      vertex 10876.1 3401.14 0
    endloop
  endfacet
  facet normal 0.57306 -0.819514 -0.000115899
    outer loop
      vertex 11359.4 4105.71 250
      vertex 11380 4120.15 2
      vertex 11400.4 4134.38 250
    endloop
  endfacet
  facet normal 0.573996 -0.818858 0
    outer loop
      vertex 11359.4 4105.71 0
      vertex 11380 4120.15 2
      vertex 11359.4 4105.71 250
    endloop
  endfacet
  facet normal 0.573996 -0.818858 0
    outer loop
      vertex 11380 4120.15 2
      vertex 11359.4 4105.71 0
      vertex 11380 4120.15 0
    endloop
  endfacet
  facet normal 0.572112 -0.820175 0
    outer loop
      vertex 11400.4 4134.38 250
      vertex 11380 4120.15 2
      vertex 11400.4 4134.38 2
    endloop
  endfacet
  facet normal 0 0 1
    outer loop
      vertex 11387.9 4152.17 250
      vertex 11359.4 4105.71 250
      vertex 11400.4 4134.38 250
    endloop
  endfacet
  facet normal 0 -0 1
    outer loop
      vertex 11359.4 4105.71 250
      vertex 11387.9 4152.17 250
      vertex 11346.9 4123.5 250
    endloop
  endfacet
  facet normal -0.574004 0.818853 0
    outer loop
      vertex 11351.4 4161.11 2
      vertex 11371.7 4175.34 250
      vertex 11371.7 4175.34 2
    endloop
  endfacet
  facet normal -0.57306 0.819514 -0.000115174
    outer loop
      vertex 11371.7 4175.34 250
      vertex 11351.4 4161.11 2
      vertex 11330.7 4146.67 250
    endloop
  endfacet
  facet normal -0.572132 0.820162 0
    outer loop
      vertex 11330.7 4146.67 0
      vertex 11351.4 4161.11 2
      vertex 11351.4 4161.11 0
    endloop
  endfacet
  facet normal -0.572132 0.820162 0
    outer loop
      vertex 11351.4 4161.11 2
      vertex 11330.7 4146.67 0
      vertex 11330.7 4146.67 250
    endloop
  endfacet
  facet normal -0.819664 -0.572845 0
    outer loop
      vertex 11330.7 4146.67 0
      vertex 11338.8 4135.08 235.858
      vertex 11330.7 4146.67 250
    endloop
  endfacet
  facet normal -0.818969 -0.573838 -7.26503e-05
    outer loop
      vertex 11359.4 4105.71 0
      vertex 11338.8 4135.08 235.858
      vertex 11330.7 4146.67 0
    endloop
  endfacet
  facet normal -0.818695 -0.574229 -0
    outer loop
      vertex 11359.4 4105.71 250
      vertex 11338.8 4135.08 235.858
      vertex 11359.4 4105.71 0
    endloop
  endfacet
  facet normal -0.818213 -0.574911 -0.00211719
    outer loop
      vertex 11338.8 4135.08 235.858
      vertex 11359.4 4105.71 250
      vertex 11346.9 4123.5 250
    endloop
  endfacet
  facet normal -0.574134 0.818761 0
    outer loop
      vertex 11572.4 3888.63 600
      vertex 11531.5 3859.95 650
      vertex 11572.4 3888.63 650
    endloop
  endfacet
  facet normal -0.574134 0.818761 0
    outer loop
      vertex 11531.5 3859.95 650
      vertex 11572.4 3888.63 600
      vertex 11531.5 3859.95 600
    endloop
  endfacet
  facet normal -0.573733 0.819042 0
    outer loop
      vertex 11552.1 3874.41 2
      vertex 11572.4 3888.63 571.716
      vertex 11572.4 3888.63 2
    endloop
  endfacet
  facet normal -0.574134 0.818761 2.12936e-05
    outer loop
      vertex 11572.4 3888.63 571.716
      vertex 11552.1 3874.41 2
      vertex 11531.5 3859.95 571.716
    endloop
  endfacet
  facet normal -0.574528 0.818485 0
    outer loop
      vertex 11531.5 3859.95 0
      vertex 11552.1 3874.41 2
      vertex 11552.1 3874.41 0
    endloop
  endfacet
  facet normal -0.574528 0.818485 0
    outer loop
      vertex 11552.1 3874.41 2
      vertex 11531.5 3859.95 0
      vertex 11531.5 3859.95 571.716
    endloop
  endfacet
  facet normal -0.819216 -0.573485 0
    outer loop
      vertex 11548.7 3835.38 630
      vertex 11531.5 3859.95 650
      vertex 11531.5 3859.95 600
    endloop
  endfacet
  facet normal -0.819216 -0.573485 0
    outer loop
      vertex 11531.5 3859.95 650
      vertex 11548.7 3835.38 630
      vertex 11548.7 3835.38 650
    endloop
  endfacet
  facet normal -0.819216 -0.573485 0
    outer loop
      vertex 11548.7 3835.38 0
      vertex 11531.5 3859.95 571.716
      vertex 11531.5 3859.95 0
    endloop
  endfacet
  facet normal -0.819216 -0.573485 0
    outer loop
      vertex 11531.5 3859.95 571.716
      vertex 11548.7 3835.38 0
      vertex 11548.7 3835.38 601.716
    endloop
  endfacet
  facet normal -0.573496 0.819208 0
    outer loop
      vertex 11548.7 3835.38 0
      vertex 10893.3 3376.56 601.716
      vertex 11548.7 3835.38 601.716
    endloop
  endfacet
  facet normal -0.573496 0.819208 0
    outer loop
      vertex 10893.3 3376.56 601.716
      vertex 11548.7 3835.38 0
      vertex 10893.3 3376.56 0
    endloop
  endfacet
  facet normal -0.573496 0.819208 0
    outer loop
      vertex 11548.7 3835.38 630
      vertex 10893.3 3376.56 650
      vertex 11548.7 3835.38 650
    endloop
  endfacet
  facet normal -0.573496 0.819208 0
    outer loop
      vertex 10893.3 3376.56 650
      vertex 11548.7 3835.38 630
      vertex 10893.3 3376.56 630
    endloop
  endfacet
  facet normal 1 -0 0
    outer loop
      vertex 12804.9 -1915.51 0
      vertex 12804.9 6791.92 -10
      vertex 12804.9 6791.92 0
    endloop
  endfacet
  facet normal 1 0 0
    outer loop
      vertex 12804.9 6791.92 -10
      vertex 12804.9 -1915.51 0
      vertex 12804.9 -1915.51 -10
    endloop
  endfacet
  facet normal 0 0 -1
    outer loop
      vertex -1400 -1915.51 -10
      vertex 12804.9 6791.92 -10
      vertex 12804.9 -1915.51 -10
    endloop
  endfacet
  facet normal -0 0 -1
    outer loop
      vertex 12804.9 6791.92 -10
      vertex -1400 -1915.51 -10
      vertex -1400 6791.92 -10
    endloop
  endfacet
  facet normal -1 0 0
    outer loop
      vertex -1400 -1915.51 -10
      vertex -1400 6791.92 0
      vertex -1400 6791.92 -10
    endloop
  endfacet
  facet normal -1 -0 0
    outer loop
      vertex -1400 6791.92 0
      vertex -1400 -1915.51 -10
      vertex -1400 -1915.51 0
    endloop
  endfacet
  facet normal 0 1 -0
    outer loop
      vertex 12804.9 6791.92 -10
      vertex -1400 6791.92 0
      vertex 12804.9 6791.92 0
    endloop
  endfacet
  facet normal 0 1 0
    outer loop
      vertex -1400 6791.92 0
      vertex 12804.9 6791.92 -10
      vertex -1400 6791.92 -10
    endloop
  endfacet
  facet normal 0 -1 0
    outer loop
      vertex -1400 -1915.51 -10
      vertex 12804.9 -1915.51 0
      vertex -1400 -1915.51 0
    endloop
  endfacet
  facet normal 0 -1 -0
    outer loop
      vertex 12804.9 -1915.51 0
      vertex -1400 -1915.51 -10
      vertex 12804.9 -1915.51 -10
    endloop
  endfacet
endsolid OpenSCAD_Model
