solid OpenSCAD_Model
  facet normal 0 0 1
    outer loop
      vertex -50.3289 -57.4 4
      vertex -12.5604 -54.9543 4
      vertex -15.3199 -44.6557 4
    endloop
  endfacet
  facet normal 0 0 1
    outer loop
      vertex -50.3289 -57.4 4
      vertex -15.3199 -44.6557 4
      vertex -20.1603 -35.1559 4
    endloop
  endfacet
  facet normal 0 0 1
    outer loop
      vertex -50.3289 -57.4 4
      vertex -20.1603 -35.1559 4
      vertex -26.8701 -26.8701 4
    endloop
  endfacet
  facet normal 0 0 1
    outer loop
      vertex -58.2322 -48.2322 4
      vertex -26.8701 -26.8701 4
      vertex -35.1559 -20.1603 4
    endloop
  endfacet
  facet normal 0 0 1
    outer loop
      vertex -58.2322 -48.2322 4
      vertex -35.1559 -20.1603 4
      vertex -44.6557 -15.3199 4
    endloop
  endfacet
  facet normal 0 0 1
    outer loop
      vertex -12.5604 -54.9543 4
      vertex -50.3289 -57.4 4
      vertex -12.4322 -57.4 4
    endloop
  endfacet
  facet normal 0 0 1
    outer loop
      vertex -26.8701 -26.8701 4
      vertex -58.2322 -48.2322 4
      vertex -50.3289 -57.4 4
    endloop
  endfacet
  facet normal 0 0 1
    outer loop
      vertex -50.3289 -57.4 4
      vertex -52.1963 -58.8113 4
      vertex -52.0999 -59.171 4
    endloop
  endfacet
  facet normal 0 0 1
    outer loop
      vertex -50.3289 -57.4 4
      vertex -53.2878 -56.6692 4
      vertex -52.1963 -58.8113 4
    endloop
  endfacet
  facet normal -0 -0 1
    outer loop
      vertex -54.8008 -54.8008 4
      vertex -50.3289 -57.4 4
      vertex -57.5 -50 4
    endloop
  endfacet
  facet normal 0 0 1
    outer loop
      vertex -60 -47.5 4
      vertex -44.6557 -15.3199 4
      vertex -54.9543 -12.5604 4
    endloop
  endfacet
  facet normal 0 0 1
    outer loop
      vertex -50.3289 -57.4 4
      vertex -58.2322 -48.2322 4
      vertex -57.5 -50 4
    endloop
  endfacet
  facet normal 0 0 1
    outer loop
      vertex -54.8008 -54.8008 4
      vertex -57.5 -50 4
      vertex -56.6692 -53.2878 4
    endloop
  endfacet
  facet normal 0 0 1
    outer loop
      vertex -50.3289 -57.4 4
      vertex -54.8008 -54.8008 4
      vertex -53.2878 -56.6692 4
    endloop
  endfacet
  facet normal 0 0 1
    outer loop
      vertex -44.6557 -15.3199 4
      vertex -60 -47.5 4
      vertex -58.2322 -48.2322 4
    endloop
  endfacet
  facet normal 0 0 1
    outer loop
      vertex -65.6016 -12.0024 4
      vertex -60 -47.5 4
      vertex -54.9543 -12.5604 4
    endloop
  endfacet
  facet normal -0 0 1
    outer loop
      vertex -68.4 -12.4456 4
      vertex -60 -47.5 4
      vertex -65.6016 -12.0024 4
    endloop
  endfacet
  facet normal 0 0 1
    outer loop
      vertex -60 -47.5 4
      vertex -68.4 -12.4456 4
      vertex -61.7678 -48.2322 4
    endloop
  endfacet
  facet normal 0 -0 1
    outer loop
      vertex -68.1534 -52.6859 4
      vertex -61.7678 -48.2322 4
      vertex -68.4 -12.4456 4
    endloop
  endfacet
  facet normal 0 0 1
    outer loop
      vertex -61.7678 -48.2322 4
      vertex -65.9089 -51.8244 4
      vertex -62.5 -50 4
    endloop
  endfacet
  facet normal 0 0 1
    outer loop
      vertex -62.5 -50 4
      vertex -65.9089 -51.8244 4
      vertex -63.5344 -51.4483 4
    endloop
  endfacet
  facet normal 0 0 1
    outer loop
      vertex -61.7678 -48.2322 4
      vertex -68.1534 -52.6859 4
      vertex -65.9089 -51.8244 4
    endloop
  endfacet
  facet normal 0 0 1
    outer loop
      vertex -68.1534 -52.6859 4
      vertex -68.4 -12.4456 4
      vertex -68.4 -52.8461 4
    endloop
  endfacet
  facet normal -0 0 1
    outer loop
      vertex -58.2322 -51.7678 4
      vertex -56.6692 -53.2878 4
      vertex -57.5 -50 4
    endloop
  endfacet
  facet normal 0 0 1
    outer loop
      vertex -58.2322 -51.7678 4
      vertex -58.8113 -52.1963 4
      vertex -56.6692 -53.2878 4
    endloop
  endfacet
  facet normal 0 -0 1
    outer loop
      vertex -58.8113 -52.1963 4
      vertex -58.2322 -51.7678 4
      vertex -59.0879 -52.1222 4
    endloop
  endfacet
  facet normal 0 0 1
    outer loop
      vertex -61.8638 -51.5358 4
      vertex -62.5 -50 4
      vertex -63.5344 -51.4483 4
    endloop
  endfacet
  facet normal 0 0 1
    outer loop
      vertex 68.4 -12.4456 4
      vertex 68.1534 -52.6859 4
      vertex 68.4 -52.8461 4
    endloop
  endfacet
  facet normal -0 0 1
    outer loop
      vertex 61.7678 -48.2322 4
      vertex 68.1534 -52.6859 4
      vertex 68.4 -12.4456 4
    endloop
  endfacet
  facet normal 0 0 1
    outer loop
      vertex 60 -47.5 4
      vertex 68.4 -12.4456 4
      vertex 65.6016 -12.0024 4
    endloop
  endfacet
  facet normal 0 0 1
    outer loop
      vertex 68.1534 -52.6859 4
      vertex 61.7678 -48.2322 4
      vertex 65.9089 -51.8244 4
    endloop
  endfacet
  facet normal -0 -0 1
    outer loop
      vertex 62.5 -50 4
      vertex 65.9089 -51.8244 4
      vertex 61.7678 -48.2322 4
    endloop
  endfacet
  facet normal 0 0 1
    outer loop
      vertex 65.9089 -51.8244 4
      vertex 62.5 -50 4
      vertex 63.5344 -51.4483 4
    endloop
  endfacet
  facet normal 0 0 1
    outer loop
      vertex 68.4 -12.4456 4
      vertex 60 -47.5 4
      vertex 61.7678 -48.2322 4
    endloop
  endfacet
  facet normal -0 0 1
    outer loop
      vertex 54.9543 -12.5604 4
      vertex 60 -47.5 4
      vertex 65.6016 -12.0024 4
    endloop
  endfacet
  facet normal -0 0 1
    outer loop
      vertex 44.6557 -15.3199 4
      vertex 60 -47.5 4
      vertex 54.9543 -12.5604 4
    endloop
  endfacet
  facet normal 0 0 1
    outer loop
      vertex 60 -47.5 4
      vertex 44.6557 -15.3199 4
      vertex 58.2322 -48.2322 4
    endloop
  endfacet
  facet normal -0 0 1
    outer loop
      vertex 35.1559 -20.1603 4
      vertex 58.2322 -48.2322 4
      vertex 44.6557 -15.3199 4
    endloop
  endfacet
  facet normal -0 0 1
    outer loop
      vertex 26.8701 -26.8701 4
      vertex 58.2322 -48.2322 4
      vertex 35.1559 -20.1603 4
    endloop
  endfacet
  facet normal 0 -0 1
    outer loop
      vertex 50.3289 -57.4 4
      vertex 58.2322 -48.2322 4
      vertex 26.8701 -26.8701 4
    endloop
  endfacet
  facet normal 0 0 1
    outer loop
      vertex 57.5 -50 4
      vertex 54.8008 -54.8008 4
      vertex 56.6692 -53.2878 4
    endloop
  endfacet
  facet normal 0 0 1
    outer loop
      vertex 53.2878 -56.6692 4
      vertex 50.3289 -57.4 4
      vertex 52.1963 -58.8113 4
    endloop
  endfacet
  facet normal 0 0 1
    outer loop
      vertex 52.1963 -58.8113 4
      vertex 50.3289 -57.4 4
      vertex 52.0999 -59.171 4
    endloop
  endfacet
  facet normal 0 0 1
    outer loop
      vertex 58.2322 -48.2322 4
      vertex 50.3289 -57.4 4
      vertex 57.5 -50 4
    endloop
  endfacet
  facet normal 0 0 1
    outer loop
      vertex 54.8008 -54.8008 4
      vertex 50.3289 -57.4 4
      vertex 53.2878 -56.6692 4
    endloop
  endfacet
  facet normal 0 0 1
    outer loop
      vertex 57.5 -50 4
      vertex 50.3289 -57.4 4
      vertex 54.8008 -54.8008 4
    endloop
  endfacet
  facet normal -0 0 1
    outer loop
      vertex 20.1603 -35.1559 4
      vertex 50.3289 -57.4 4
      vertex 26.8701 -26.8701 4
    endloop
  endfacet
  facet normal -0 0 1
    outer loop
      vertex 15.3199 -44.6557 4
      vertex 50.3289 -57.4 4
      vertex 20.1603 -35.1559 4
    endloop
  endfacet
  facet normal -0 0 1
    outer loop
      vertex 12.5604 -54.9543 4
      vertex 50.3289 -57.4 4
      vertex 15.3199 -44.6557 4
    endloop
  endfacet
  facet normal 0 0 1
    outer loop
      vertex 50.3289 -57.4 4
      vertex 12.5604 -54.9543 4
      vertex 12.4322 -57.4 4
    endloop
  endfacet
  facet normal 0 0 1
    outer loop
      vertex 63.5344 -51.4483 4
      vertex 62.5 -50 4
      vertex 61.8638 -51.5358 4
    endloop
  endfacet
  facet normal 0 0 1
    outer loop
      vertex 58.2322 -51.7678 4
      vertex 58.8113 -52.1963 4
      vertex 59.0879 -52.1222 4
    endloop
  endfacet
  facet normal 0 0 1
    outer loop
      vertex 58.2322 -51.7678 4
      vertex 56.6692 -53.2878 4
      vertex 58.8113 -52.1963 4
    endloop
  endfacet
  facet normal 0 0 1
    outer loop
      vertex 56.6692 -53.2878 4
      vertex 58.2322 -51.7678 4
      vertex 57.5 -50 4
    endloop
  endfacet
  facet normal 0 0 1
    outer loop
      vertex -61.8638 51.5358 4
      vertex -63.5344 51.4483 4
      vertex -62.5 50 4
    endloop
  endfacet
  facet normal 0 0 1
    outer loop
      vertex -56.6692 53.2878 4
      vertex -58.2322 51.7678 4
      vertex -57.5 50 4
    endloop
  endfacet
  facet normal -0 0 1
    outer loop
      vertex -58.8113 52.1963 4
      vertex -58.2322 51.7678 4
      vertex -56.6692 53.2878 4
    endloop
  endfacet
  facet normal 0 0 1
    outer loop
      vertex -58.2322 51.7678 4
      vertex -58.8113 52.1963 4
      vertex -59.0879 52.1222 4
    endloop
  endfacet
  facet normal -0 0 1
    outer loop
      vertex -50.3289 57.4 4
      vertex -12.5604 54.9543 4
      vertex -12.4322 57.4 4
    endloop
  endfacet
  facet normal 0 0 1
    outer loop
      vertex -12.5604 54.9543 4
      vertex -50.3289 57.4 4
      vertex -15.3199 44.6557 4
    endloop
  endfacet
  facet normal 0 0 1
    outer loop
      vertex -15.3199 44.6557 4
      vertex -50.3289 57.4 4
      vertex -20.1603 35.1559 4
    endloop
  endfacet
  facet normal 0 0 1
    outer loop
      vertex -20.1603 35.1559 4
      vertex -50.3289 57.4 4
      vertex -26.8701 26.8701 4
    endloop
  endfacet
  facet normal -0 0 1
    outer loop
      vertex -58.2322 48.2322 4
      vertex -26.8701 26.8701 4
      vertex -50.3289 57.4 4
    endloop
  endfacet
  facet normal 0 0 1
    outer loop
      vertex -26.8701 26.8701 4
      vertex -58.2322 48.2322 4
      vertex -35.1559 20.1603 4
    endloop
  endfacet
  facet normal -0 0 1
    outer loop
      vertex -52.1963 58.8113 4
      vertex -50.3289 57.4 4
      vertex -52.0999 59.171 4
    endloop
  endfacet
  facet normal 0 0 1
    outer loop
      vertex -53.2878 56.6692 4
      vertex -50.3289 57.4 4
      vertex -52.1963 58.8113 4
    endloop
  endfacet
  facet normal 0 0 1
    outer loop
      vertex -54.8008 54.8008 4
      vertex -50.3289 57.4 4
      vertex -53.2878 56.6692 4
    endloop
  endfacet
  facet normal 0 0 1
    outer loop
      vertex -50.3289 57.4 4
      vertex -54.8008 54.8008 4
      vertex -57.5 50 4
    endloop
  endfacet
  facet normal 0 0 1
    outer loop
      vertex -58.2322 48.2322 4
      vertex -50.3289 57.4 4
      vertex -57.5 50 4
    endloop
  endfacet
  facet normal 0 0 1
    outer loop
      vertex -57.5 50 4
      vertex -54.8008 54.8008 4
      vertex -56.6692 53.2878 4
    endloop
  endfacet
  facet normal 0 0 1
    outer loop
      vertex -35.1559 20.1603 4
      vertex -58.2322 48.2322 4
      vertex -44.6557 15.3199 4
    endloop
  endfacet
  facet normal -0 0 1
    outer loop
      vertex -60 47.5 4
      vertex -44.6557 15.3199 4
      vertex -58.2322 48.2322 4
    endloop
  endfacet
  facet normal 0 0 1
    outer loop
      vertex -44.6557 15.3199 4
      vertex -60 47.5 4
      vertex -54.9543 12.5604 4
    endloop
  endfacet
  facet normal 0 0 1
    outer loop
      vertex -68.4 12.4456 4
      vertex -60 47.5 4
      vertex -61.7678 48.2322 4
    endloop
  endfacet
  facet normal 0 0 1
    outer loop
      vertex -65.9089 51.8244 4
      vertex -61.7678 48.2322 4
      vertex -62.5 50 4
    endloop
  endfacet
  facet normal 0 0 1
    outer loop
      vertex -65.9089 51.8244 4
      vertex -62.5 50 4
      vertex -63.5344 51.4483 4
    endloop
  endfacet
  facet normal 0 0 1
    outer loop
      vertex -60 47.5 4
      vertex -65.6016 12.0024 4
      vertex -54.9543 12.5604 4
    endloop
  endfacet
  facet normal 0 0 1
    outer loop
      vertex -68.1534 52.6859 4
      vertex -61.7678 48.2322 4
      vertex -65.9089 51.8244 4
    endloop
  endfacet
  facet normal 0 0 1
    outer loop
      vertex -61.7678 48.2322 4
      vertex -68.1534 52.6859 4
      vertex -68.4 12.4456 4
    endloop
  endfacet
  facet normal 0 0 1
    outer loop
      vertex -68.4 12.4456 4
      vertex -68.1534 52.6859 4
      vertex -68.4 52.8461 4
    endloop
  endfacet
  facet normal 0 0 1
    outer loop
      vertex -60 47.5 4
      vertex -68.4 12.4456 4
      vertex -65.6016 12.0024 4
    endloop
  endfacet
  facet normal 0 0 1
    outer loop
      vertex 58.8113 52.1963 4
      vertex 58.2322 51.7678 4
      vertex 59.0879 52.1222 4
    endloop
  endfacet
  facet normal 0 0 1
    outer loop
      vertex 58.2322 51.7678 4
      vertex 56.6692 53.2878 4
      vertex 57.5 50 4
    endloop
  endfacet
  facet normal 0 0 1
    outer loop
      vertex 56.6692 53.2878 4
      vertex 58.2322 51.7678 4
      vertex 58.8113 52.1963 4
    endloop
  endfacet
  facet normal 0 0 1
    outer loop
      vertex 63.5344 51.4483 4
      vertex 61.8638 51.5358 4
      vertex 62.5 50 4
    endloop
  endfacet
  facet normal -0 0 1
    outer loop
      vertex 68.1534 52.6859 4
      vertex 68.4 12.4456 4
      vertex 68.4 52.8461 4
    endloop
  endfacet
  facet normal 0 0 1
    outer loop
      vertex 61.7678 48.2322 4
      vertex 68.1534 52.6859 4
      vertex 65.9089 51.8244 4
    endloop
  endfacet
  facet normal 0 0 1
    outer loop
      vertex 68.1534 52.6859 4
      vertex 61.7678 48.2322 4
      vertex 68.4 12.4456 4
    endloop
  endfacet
  facet normal 0 0 1
    outer loop
      vertex 62.5 50 4
      vertex 65.9089 51.8244 4
      vertex 63.5344 51.4483 4
    endloop
  endfacet
  facet normal 0 0 1
    outer loop
      vertex 65.9089 51.8244 4
      vertex 62.5 50 4
      vertex 61.7678 48.2322 4
    endloop
  endfacet
  facet normal -0 0 1
    outer loop
      vertex 60 47.5 4
      vertex 68.4 12.4456 4
      vertex 61.7678 48.2322 4
    endloop
  endfacet
  facet normal 0 0 1
    outer loop
      vertex 68.4 12.4456 4
      vertex 60 47.5 4
      vertex 65.6016 12.0024 4
    endloop
  endfacet
  facet normal 0 0 1
    outer loop
      vertex 44.6557 15.3199 4
      vertex 60 47.5 4
      vertex 58.2322 48.2322 4
    endloop
  endfacet
  facet normal 0 0 1
    outer loop
      vertex 50.3289 57.4 4
      vertex 58.2322 48.2322 4
      vertex 57.5 50 4
    endloop
  endfacet
  facet normal 0 0 1
    outer loop
      vertex 54.8008 54.8008 4
      vertex 57.5 50 4
      vertex 56.6692 53.2878 4
    endloop
  endfacet
  facet normal 0 0 1
    outer loop
      vertex 60 47.5 4
      vertex 54.9543 12.5604 4
      vertex 65.6016 12.0024 4
    endloop
  endfacet
  facet normal 0 0 1
    outer loop
      vertex 50.3289 57.4 4
      vertex 57.5 50 4
      vertex 54.8008 54.8008 4
    endloop
  endfacet
  facet normal 0 0 1
    outer loop
      vertex 50.3289 57.4 4
      vertex 54.8008 54.8008 4
      vertex 53.2878 56.6692 4
    endloop
  endfacet
  facet normal -0 0 1
    outer loop
      vertex 50.3289 57.4 4
      vertex 53.2878 56.6692 4
      vertex 52.1963 58.8113 4
    endloop
  endfacet
  facet normal 0 0 1
    outer loop
      vertex 50.3289 57.4 4
      vertex 52.1963 58.8113 4
      vertex 52.0999 59.171 4
    endloop
  endfacet
  facet normal 0 0 1
    outer loop
      vertex 58.2322 48.2322 4
      vertex 50.3289 57.4 4
      vertex 26.8701 26.8701 4
    endloop
  endfacet
  facet normal 0 0 1
    outer loop
      vertex 60 47.5 4
      vertex 44.6557 15.3199 4
      vertex 54.9543 12.5604 4
    endloop
  endfacet
  facet normal 0 0 1
    outer loop
      vertex 58.2322 48.2322 4
      vertex 35.1559 20.1603 4
      vertex 44.6557 15.3199 4
    endloop
  endfacet
  facet normal 0 0 1
    outer loop
      vertex 58.2322 48.2322 4
      vertex 26.8701 26.8701 4
      vertex 35.1559 20.1603 4
    endloop
  endfacet
  facet normal 0 0 1
    outer loop
      vertex 50.3289 57.4 4
      vertex 20.1603 35.1559 4
      vertex 26.8701 26.8701 4
    endloop
  endfacet
  facet normal 0 0 1
    outer loop
      vertex 50.3289 57.4 4
      vertex 15.3199 44.6557 4
      vertex 20.1603 35.1559 4
    endloop
  endfacet
  facet normal 0 0 1
    outer loop
      vertex 50.3289 57.4 4
      vertex 12.5604 54.9543 4
      vertex 15.3199 44.6557 4
    endloop
  endfacet
  facet normal 0 -0 1
    outer loop
      vertex 12.5604 54.9543 4
      vertex 50.3289 57.4 4
      vertex 12.4322 57.4 4
    endloop
  endfacet
  facet normal 0 0 -1
    outer loop
      vertex 68.4 55.6721 4
      vertex 74.0406 59.9561 4
      vertex 73.1791 57.7116 4
    endloop
  endfacet
  facet normal 0 0 -1
    outer loop
      vertex 68.4 55.6721 4
      vertex 73.1791 57.7116 4
      vertex 71.8697 55.6953 4
    endloop
  endfacet
  facet normal 0 0 -1
    outer loop
      vertex 68.4 55.6721 4
      vertex 71.8697 55.6953 4
      vertex 70.1697 53.9953 4
    endloop
  endfacet
  facet normal 0 0 -1
    outer loop
      vertex 68.4 55.6721 4
      vertex 70.1697 53.9953 4
      vertex 68.4 52.8461 4
    endloop
  endfacet
  facet normal -0 0 -1
    outer loop
      vertex 74.0406 59.9561 4
      vertex 68.4 55.6721 4
      vertex 74.296 61.568 4
    endloop
  endfacet
  facet normal 0 0 -1
    outer loop
      vertex 51.5741 61.1335 4
      vertex 53.033 60.1041 4
      vertex 52.0999 59.171 4
    endloop
  endfacet
  facet normal 0 0 -1
    outer loop
      vertex 53.033 60.1041 4
      vertex 51.5741 61.1335 4
      vertex 51.5503 61.5868 4
    endloop
  endfacet
  facet normal 0 0 -1
    outer loop
      vertex -70.1697 53.9953 4
      vertex -68.4 55.6721 4
      vertex -68.4 52.8461 4
    endloop
  endfacet
  facet normal 0 0 -1
    outer loop
      vertex -71.8697 55.6953 4
      vertex -68.4 55.6721 4
      vertex -70.1697 53.9953 4
    endloop
  endfacet
  facet normal 0 0 -1
    outer loop
      vertex -73.1791 57.7116 4
      vertex -68.4 55.6721 4
      vertex -71.8697 55.6953 4
    endloop
  endfacet
  facet normal 0 0 -1
    outer loop
      vertex -74.0406 59.9561 4
      vertex -68.4 55.6721 4
      vertex -73.1791 57.7116 4
    endloop
  endfacet
  facet normal 0 0 -1
    outer loop
      vertex -68.4 55.6721 4
      vertex -74.0406 59.9561 4
      vertex -74.296 61.568 4
    endloop
  endfacet
  facet normal 0 0 -1
    outer loop
      vertex -53.033 60.1041 4
      vertex -51.5741 61.1335 4
      vertex -52.0999 59.171 4
    endloop
  endfacet
  facet normal -0 0 -1
    outer loop
      vertex -51.5741 61.1335 4
      vertex -53.033 60.1041 4
      vertex -51.5503 61.5868 4
    endloop
  endfacet
  facet normal 0 0 -1
    outer loop
      vertex 68.4 -55.6721 4
      vertex 74.0406 -59.9561 4
      vertex 74.296 -61.568 4
    endloop
  endfacet
  facet normal 0 0 -1
    outer loop
      vertex 74.0406 -59.9561 4
      vertex 68.4 -55.6721 4
      vertex 73.1791 -57.7116 4
    endloop
  endfacet
  facet normal 0 0 -1
    outer loop
      vertex 73.1791 -57.7116 4
      vertex 68.4 -55.6721 4
      vertex 71.8697 -55.6953 4
    endloop
  endfacet
  facet normal 0 0 -1
    outer loop
      vertex 71.8697 -55.6953 4
      vertex 68.4 -55.6721 4
      vertex 70.1697 -53.9953 4
    endloop
  endfacet
  facet normal -0 0 -1
    outer loop
      vertex 70.1697 -53.9953 4
      vertex 68.4 -55.6721 4
      vertex 68.4 -52.8461 4
    endloop
  endfacet
  facet normal -0 0 -1
    outer loop
      vertex 53.033 -60.1041 4
      vertex 51.5741 -61.1335 4
      vertex 52.0999 -59.171 4
    endloop
  endfacet
  facet normal 0 -0 -1
    outer loop
      vertex 51.5741 -61.1335 4
      vertex 53.033 -60.1041 4
      vertex 51.5503 -61.5868 4
    endloop
  endfacet
  facet normal 0 0 -1
    outer loop
      vertex -68.4 -55.6721 4
      vertex -70.1697 -53.9953 4
      vertex -68.4 -52.8461 4
    endloop
  endfacet
  facet normal -0 0 -1
    outer loop
      vertex -68.4 -55.6721 4
      vertex -71.8697 -55.6953 4
      vertex -70.1697 -53.9953 4
    endloop
  endfacet
  facet normal 0 0 -1
    outer loop
      vertex -68.4 -55.6721 4
      vertex -73.1791 -57.7116 4
      vertex -71.8697 -55.6953 4
    endloop
  endfacet
  facet normal 0 0 -1
    outer loop
      vertex -68.4 -55.6721 4
      vertex -74.0406 -59.9561 4
      vertex -73.1791 -57.7116 4
    endloop
  endfacet
  facet normal 0 -0 -1
    outer loop
      vertex -74.0406 -59.9561 4
      vertex -68.4 -55.6721 4
      vertex -74.296 -61.568 4
    endloop
  endfacet
  facet normal 0 0 -1
    outer loop
      vertex -53.033 -60.1041 4
      vertex -51.5741 -61.1335 4
      vertex -51.5503 -61.5868 4
    endloop
  endfacet
  facet normal 0 0 -1
    outer loop
      vertex -51.5741 -61.1335 4
      vertex -53.033 -60.1041 4
      vertex -52.0999 -59.171 4
    endloop
  endfacet
  facet normal -0 0 1
    outer loop
      vertex 65.8633 7.00925 4
      vertex 68.4 -7.41102 4
      vertex 68.4 7.41102 4
    endloop
  endfacet
  facet normal 0 0 1
    outer loop
      vertex 65.8633 7.00925 4
      vertex 65.8633 -7.00925 4
      vertex 68.4 -7.41102 4
    endloop
  endfacet
  facet normal 0 0 1
    outer loop
      vertex 54.1722 7.62196 4
      vertex 65.8633 -7.00925 4
      vertex 65.8633 7.00925 4
    endloop
  endfacet
  facet normal 0 0 1
    outer loop
      vertex 54.1722 7.62196 4
      vertex 54.1722 -7.62196 4
      vertex 65.8633 -7.00925 4
    endloop
  endfacet
  facet normal 0 0 1
    outer loop
      vertex 42.8639 10.652 4
      vertex 54.1722 -7.62196 4
      vertex 54.1722 7.62196 4
    endloop
  endfacet
  facet normal 0 0 1
    outer loop
      vertex 42.8639 10.652 4
      vertex 42.8639 -10.652 4
      vertex 54.1722 -7.62196 4
    endloop
  endfacet
  facet normal 0 0 1
    outer loop
      vertex 32.4327 15.967 4
      vertex 42.8639 -10.652 4
      vertex 42.8639 10.652 4
    endloop
  endfacet
  facet normal 0 0 1
    outer loop
      vertex 32.4327 15.967 4
      vertex 32.4327 -15.967 4
      vertex 42.8639 -10.652 4
    endloop
  endfacet
  facet normal 0 0 1
    outer loop
      vertex 15.5 15 4
      vertex 32.4327 15.967 4
      vertex 23.3345 23.3345 4
    endloop
  endfacet
  facet normal 0 0 1
    outer loop
      vertex 32.4327 15.967 4
      vertex 15.5 15 4
      vertex 32.4327 -15.967 4
    endloop
  endfacet
  facet normal 0 0 1
    outer loop
      vertex 15.5 15 4
      vertex 23.3345 23.3345 4
      vertex 15.967 32.4327 4
    endloop
  endfacet
  facet normal -0 0 1
    outer loop
      vertex 15.5 -15 4
      vertex 32.4327 -15.967 4
      vertex 15.5 15 4
    endloop
  endfacet
  facet normal 0 0 1
    outer loop
      vertex 32.4327 -15.967 4
      vertex 15.5 -15 4
      vertex 23.3345 -23.3345 4
    endloop
  endfacet
  facet normal 0 0 1
    outer loop
      vertex -15.967 32.4327 4
      vertex 15.967 32.4327 4
      vertex 10.652 42.8639 4
    endloop
  endfacet
  facet normal 0 0 1
    outer loop
      vertex -10.652 42.8639 4
      vertex 10.652 42.8639 4
      vertex 7.62196 54.1722 4
    endloop
  endfacet
  facet normal -0 0 1
    outer loop
      vertex -7.45279 57.4 4
      vertex 7.62196 54.1722 4
      vertex 7.45279 57.4 4
    endloop
  endfacet
  facet normal 0 0 1
    outer loop
      vertex -7.62196 54.1722 4
      vertex 7.62196 54.1722 4
      vertex -7.45279 57.4 4
    endloop
  endfacet
  facet normal 0 0 1
    outer loop
      vertex -10.652 42.8639 4
      vertex 7.62196 54.1722 4
      vertex -7.62196 54.1722 4
    endloop
  endfacet
  facet normal 0 0 1
    outer loop
      vertex -15.967 32.4327 4
      vertex 10.652 42.8639 4
      vertex -10.652 42.8639 4
    endloop
  endfacet
  facet normal 0 0 1
    outer loop
      vertex 15.967 32.4327 4
      vertex -15.967 32.4327 4
      vertex 15.5 15 4
    endloop
  endfacet
  facet normal -0 0 1
    outer loop
      vertex -23.3345 23.3345 4
      vertex -15.5 15 4
      vertex -15.967 32.4327 4
    endloop
  endfacet
  facet normal 0 0 1
    outer loop
      vertex 15.5 15 4
      vertex -15.967 32.4327 4
      vertex -15.5 15 4
    endloop
  endfacet
  facet normal 0 0 1
    outer loop
      vertex 23.3345 -23.3345 4
      vertex 15.5 -15 4
      vertex 15.967 -32.4327 4
    endloop
  endfacet
  facet normal 0 0 1
    outer loop
      vertex -15.967 -32.4327 4
      vertex 15.967 -32.4327 4
      vertex 15.5 -15 4
    endloop
  endfacet
  facet normal 0 0 1
    outer loop
      vertex 15.967 -32.4327 4
      vertex -15.967 -32.4327 4
      vertex 10.652 -42.8639 4
    endloop
  endfacet
  facet normal 0 0 1
    outer loop
      vertex 7.62196 -54.1722 4
      vertex -7.45279 -57.4 4
      vertex 7.45279 -57.4 4
    endloop
  endfacet
  facet normal 0 0 1
    outer loop
      vertex 10.652 -42.8639 4
      vertex -10.652 -42.8639 4
      vertex 7.62196 -54.1722 4
    endloop
  endfacet
  facet normal 0 0 1
    outer loop
      vertex 7.62196 -54.1722 4
      vertex -7.62196 -54.1722 4
      vertex -7.45279 -57.4 4
    endloop
  endfacet
  facet normal 0 0 1
    outer loop
      vertex 7.62196 -54.1722 4
      vertex -10.652 -42.8639 4
      vertex -7.62196 -54.1722 4
    endloop
  endfacet
  facet normal 0 0 1
    outer loop
      vertex -15.967 -32.4327 4
      vertex 15.5 -15 4
      vertex -15.5 -15 4
    endloop
  endfacet
  facet normal 0 0 1
    outer loop
      vertex 10.652 -42.8639 4
      vertex -15.967 -32.4327 4
      vertex -10.652 -42.8639 4
    endloop
  endfacet
  facet normal -0 0 1
    outer loop
      vertex -32.4327 15.967 4
      vertex -15.5 15 4
      vertex -23.3345 23.3345 4
    endloop
  endfacet
  facet normal 0 0 1
    outer loop
      vertex -15.5 15 4
      vertex -32.4327 15.967 4
      vertex -15.5 -15 4
    endloop
  endfacet
  facet normal 0 0 1
    outer loop
      vertex -15.5 -15 4
      vertex -23.3345 -23.3345 4
      vertex -15.967 -32.4327 4
    endloop
  endfacet
  facet normal 0 0 1
    outer loop
      vertex -32.4327 -15.967 4
      vertex -15.5 -15 4
      vertex -32.4327 15.967 4
    endloop
  endfacet
  facet normal 0 0 1
    outer loop
      vertex -15.5 -15 4
      vertex -32.4327 -15.967 4
      vertex -23.3345 -23.3345 4
    endloop
  endfacet
  facet normal -0 0 1
    outer loop
      vertex -42.8639 10.652 4
      vertex -32.4327 -15.967 4
      vertex -32.4327 15.967 4
    endloop
  endfacet
  facet normal 0 0 1
    outer loop
      vertex -42.8639 10.652 4
      vertex -42.8639 -10.652 4
      vertex -32.4327 -15.967 4
    endloop
  endfacet
  facet normal -0 0 1
    outer loop
      vertex -54.1722 7.62196 4
      vertex -42.8639 -10.652 4
      vertex -42.8639 10.652 4
    endloop
  endfacet
  facet normal 0 0 1
    outer loop
      vertex -54.1722 7.62196 4
      vertex -54.1722 -7.62196 4
      vertex -42.8639 -10.652 4
    endloop
  endfacet
  facet normal -0 0 1
    outer loop
      vertex -65.8633 7.00925 4
      vertex -54.1722 -7.62196 4
      vertex -54.1722 7.62196 4
    endloop
  endfacet
  facet normal 0 0 1
    outer loop
      vertex -65.8633 7.00925 4
      vertex -65.8633 -7.00925 4
      vertex -54.1722 -7.62196 4
    endloop
  endfacet
  facet normal 0 0 1
    outer loop
      vertex -68.4 7.41102 4
      vertex -65.8633 -7.00925 4
      vertex -65.8633 7.00925 4
    endloop
  endfacet
  facet normal 0 0 1
    outer loop
      vertex -65.8633 -7.00925 4
      vertex -68.4 7.41102 4
      vertex -68.4 -7.41102 4
    endloop
  endfacet
  facet normal -0.707101 0.707112 0
    outer loop
      vertex 59.397 66.468 1
      vertex 59.397 66.468 0
      vertex 53.033 60.1041 1
    endloop
  endfacet
  facet normal -0.707107 0.707107 0
    outer loop
      vertex 53.033 60.1041 1
      vertex 52.0999 59.171 4
      vertex 53.033 60.1041 4
    endloop
  endfacet
  facet normal -0.707107 0.707107 0
    outer loop
      vertex 52.0999 59.171 4
      vertex 53.033 60.1041 1
      vertex 50.3289 57.4 4
    endloop
  endfacet
  facet normal -0.707107 0.707107 0
    outer loop
      vertex 53.033 60.1041 1
      vertex 50.3289 57.4 0
      vertex 50.3289 57.4 4
    endloop
  endfacet
  facet normal -0.707103 0.707111 -2.1086e-05
    outer loop
      vertex 50.3289 57.4 0
      vertex 53.033 60.1041 1
      vertex 59.397 66.468 0
    endloop
  endfacet
  facet normal 0 0 -1
    outer loop
      vertex 50.3289 -57.4 0
      vertex 64.4711 -57.4 0
      vertex 59.397 -66.468 0
    endloop
  endfacet
  facet normal 0 0 -1
    outer loop
      vertex 59.397 -66.468 0
      vertex 64.4711 -57.4 0
      vertex 66.468 -59.397 0
    endloop
  endfacet
  facet normal 0 0 -1
    outer loop
      vertex 64.4711 -57.4 0
      vertex 68.4 57.4 0
      vertex 68.4 -57.4 0
    endloop
  endfacet
  facet normal -0 0 -1
    outer loop
      vertex 68.4 57.4 0
      vertex 64.4711 -57.4 0
      vertex 64.4711 57.4 0
    endloop
  endfacet
  facet normal 0 0 -1
    outer loop
      vertex 64.4711 57.4 0
      vertex 59.397 66.468 0
      vertex 66.468 59.397 0
    endloop
  endfacet
  facet normal 0 0 -1
    outer loop
      vertex 64.4711 -57.4 0
      vertex 35 -17.5 0
      vertex 64.4711 57.4 0
    endloop
  endfacet
  facet normal 0 0 -1
    outer loop
      vertex 64.4711 -57.4 0
      vertex 50.3289 -57.4 0
      vertex 35 -17.5 0
    endloop
  endfacet
  facet normal 0 0 -1
    outer loop
      vertex 35 17.5 0
      vertex 64.4711 57.4 0
      vertex 35 -17.5 0
    endloop
  endfacet
  facet normal 0 -0 -1
    outer loop
      vertex 50.3289 57.4 0
      vertex 64.4711 57.4 0
      vertex 35 17.5 0
    endloop
  endfacet
  facet normal 0 0 -1
    outer loop
      vertex 50.3289 -57.4 0
      vertex -35 -17.5 0
      vertex 35 -17.5 0
    endloop
  endfacet
  facet normal 0 0 -1
    outer loop
      vertex -64.4711 -57.4 0
      vertex -35 -17.5 0
      vertex -50.3289 -57.4 0
    endloop
  endfacet
  facet normal 0 0 -1
    outer loop
      vertex -50.3289 -57.4 0
      vertex -35 -17.5 0
      vertex 50.3289 -57.4 0
    endloop
  endfacet
  facet normal 0 0 -1
    outer loop
      vertex -68.4 57.4 0
      vertex -35 17.5 0
      vertex -68.4 -57.4 0
    endloop
  endfacet
  facet normal 0 0 -1
    outer loop
      vertex -35 17.5 0
      vertex -68.4 57.4 0
      vertex -64.4711 57.4 0
    endloop
  endfacet
  facet normal 0 0 -1
    outer loop
      vertex -50.3289 57.4 0
      vertex -64.4711 57.4 0
      vertex -59.397 66.468 0
    endloop
  endfacet
  facet normal 0 0 -1
    outer loop
      vertex -59.397 66.468 0
      vertex -64.4711 57.4 0
      vertex -66.468 59.397 0
    endloop
  endfacet
  facet normal 0 0 -1
    outer loop
      vertex 64.4711 57.4 0
      vertex 50.3289 57.4 0
      vertex 59.397 66.468 0
    endloop
  endfacet
  facet normal 0 0 -1
    outer loop
      vertex -35 17.5 0
      vertex 50.3289 57.4 0
      vertex 35 17.5 0
    endloop
  endfacet
  facet normal 0 0 -1
    outer loop
      vertex -35 17.5 0
      vertex -50.3289 57.4 0
      vertex 50.3289 57.4 0
    endloop
  endfacet
  facet normal 0 0 -1
    outer loop
      vertex -68.4 -57.4 0
      vertex -35 -17.5 0
      vertex -64.4711 -57.4 0
    endloop
  endfacet
  facet normal 0 0 -1
    outer loop
      vertex -64.4711 -57.4 0
      vertex -50.3289 -57.4 0
      vertex -59.397 -66.468 0
    endloop
  endfacet
  facet normal -0 0 -1
    outer loop
      vertex -35 -17.5 0
      vertex -68.4 -57.4 0
      vertex -35 17.5 0
    endloop
  endfacet
  facet normal 0 0 -1
    outer loop
      vertex -64.4711 57.4 0
      vertex -50.3289 57.4 0
      vertex -35 17.5 0
    endloop
  endfacet
  facet normal 0 -0 -1
    outer loop
      vertex -64.4711 -57.4 0
      vertex -59.397 -66.468 0
      vertex -66.468 -59.397 0
    endloop
  endfacet
  facet normal 0.707124 -0.707089 0
    outer loop
      vertex 64.4711 57.4 1
      vertex 66.468 59.397 0
      vertex 66.468 59.397 1
    endloop
  endfacet
  facet normal 0.707124 -0.707089 0
    outer loop
      vertex 66.468 59.397 0
      vertex 64.4711 57.4 1
      vertex 64.4711 57.4 0
    endloop
  endfacet
  facet normal 0.707107 0.707107 0
    outer loop
      vertex 66.468 59.397 1
      vertex 59.397 66.468 0
      vertex 59.397 66.468 1
    endloop
  endfacet
  facet normal 0.707107 0.707107 0
    outer loop
      vertex 59.397 66.468 0
      vertex 66.468 59.397 1
      vertex 66.468 59.397 0
    endloop
  endfacet
  facet normal -0.707124 -0.707089 0
    outer loop
      vertex -64.4711 57.4 0
      vertex -66.468 59.397 1
      vertex -66.468 59.397 0
    endloop
  endfacet
  facet normal -0.707124 -0.707089 0
    outer loop
      vertex -66.468 59.397 1
      vertex -64.4711 57.4 0
      vertex -64.4711 57.4 1
    endloop
  endfacet
  facet normal 0.707107 0.707107 0
    outer loop
      vertex -53.033 60.1041 1
      vertex -52.0999 59.171 4
      vertex -50.3289 57.4 4
    endloop
  endfacet
  facet normal 0.707107 0.707107 0
    outer loop
      vertex -52.0999 59.171 4
      vertex -53.033 60.1041 1
      vertex -53.033 60.1041 4
    endloop
  endfacet
  facet normal 0.707107 0.707107 -0
    outer loop
      vertex -50.3289 57.4 0
      vertex -53.033 60.1041 1
      vertex -50.3289 57.4 4
    endloop
  endfacet
  facet normal 0.707103 0.707111 -2.1086e-05
    outer loop
      vertex -59.397 66.468 0
      vertex -53.033 60.1041 1
      vertex -50.3289 57.4 0
    endloop
  endfacet
  facet normal 0.707101 0.707112 0
    outer loop
      vertex -53.033 60.1041 1
      vertex -59.397 66.468 0
      vertex -59.397 66.468 1
    endloop
  endfacet
  facet normal -0.707107 0.707107 0
    outer loop
      vertex -66.468 59.397 0
      vertex -59.397 66.468 1
      vertex -59.397 66.468 0
    endloop
  endfacet
  facet normal -0.707107 0.707107 0
    outer loop
      vertex -59.397 66.468 1
      vertex -66.468 59.397 0
      vertex -66.468 59.397 1
    endloop
  endfacet
  facet normal -0.707107 -0.707107 0
    outer loop
      vertex -59.397 -66.468 0
      vertex -66.468 -59.397 1
      vertex -66.468 -59.397 0
    endloop
  endfacet
  facet normal -0.707107 -0.707107 0
    outer loop
      vertex -66.468 -59.397 1
      vertex -59.397 -66.468 0
      vertex -59.397 -66.468 1
    endloop
  endfacet
  facet normal 0.707101 -0.707112 0
    outer loop
      vertex -59.397 -66.468 1
      vertex -59.397 -66.468 0
      vertex -53.033 -60.1041 1
    endloop
  endfacet
  facet normal 0.707107 -0.707107 0
    outer loop
      vertex -53.033 -60.1041 1
      vertex -52.0999 -59.171 4
      vertex -53.033 -60.1041 4
    endloop
  endfacet
  facet normal 0.707107 -0.707107 0
    outer loop
      vertex -52.0999 -59.171 4
      vertex -53.033 -60.1041 1
      vertex -50.3289 -57.4 4
    endloop
  endfacet
  facet normal 0.707107 -0.707107 0
    outer loop
      vertex -53.033 -60.1041 1
      vertex -50.3289 -57.4 0
      vertex -50.3289 -57.4 4
    endloop
  endfacet
  facet normal 0.707103 -0.707111 -2.1086e-05
    outer loop
      vertex -50.3289 -57.4 0
      vertex -53.033 -60.1041 1
      vertex -59.397 -66.468 0
    endloop
  endfacet
  facet normal -0.707124 0.707089 0
    outer loop
      vertex -66.468 -59.397 0
      vertex -64.4711 -57.4 1
      vertex -64.4711 -57.4 0
    endloop
  endfacet
  facet normal -0.707124 0.707089 0
    outer loop
      vertex -64.4711 -57.4 1
      vertex -66.468 -59.397 0
      vertex -66.468 -59.397 1
    endloop
  endfacet
  facet normal 0.707107 -0.707107 0
    outer loop
      vertex 59.397 -66.468 1
      vertex 66.468 -59.397 0
      vertex 66.468 -59.397 1
    endloop
  endfacet
  facet normal 0.707107 -0.707107 0
    outer loop
      vertex 66.468 -59.397 0
      vertex 59.397 -66.468 1
      vertex 59.397 -66.468 0
    endloop
  endfacet
  facet normal 0.707124 0.707089 0
    outer loop
      vertex 66.468 -59.397 1
      vertex 64.4711 -57.4 0
      vertex 64.4711 -57.4 1
    endloop
  endfacet
  facet normal 0.707124 0.707089 0
    outer loop
      vertex 64.4711 -57.4 0
      vertex 66.468 -59.397 1
      vertex 66.468 -59.397 0
    endloop
  endfacet
  facet normal -0.707107 -0.707107 0
    outer loop
      vertex 53.033 -60.1041 1
      vertex 52.0999 -59.171 4
      vertex 50.3289 -57.4 4
    endloop
  endfacet
  facet normal -0.707107 -0.707107 0
    outer loop
      vertex 52.0999 -59.171 4
      vertex 53.033 -60.1041 1
      vertex 53.033 -60.1041 4
    endloop
  endfacet
  facet normal -0.707107 -0.707107 0
    outer loop
      vertex 50.3289 -57.4 0
      vertex 53.033 -60.1041 1
      vertex 50.3289 -57.4 4
    endloop
  endfacet
  facet normal -0.707103 -0.707111 -2.1086e-05
    outer loop
      vertex 59.397 -66.468 0
      vertex 53.033 -60.1041 1
      vertex 50.3289 -57.4 0
    endloop
  endfacet
  facet normal -0.707101 -0.707112 0
    outer loop
      vertex 53.033 -60.1041 1
      vertex 59.397 -66.468 0
      vertex 59.397 -66.468 1
    endloop
  endfacet
  facet normal 0.382663 0.923888 -0
    outer loop
      vertex -58.2322 -48.2322 4
      vertex -60 -47.5 28
      vertex -58.2322 -48.2322 28
    endloop
  endfacet
  facet normal 0.382663 0.923888 0
    outer loop
      vertex -60 -47.5 28
      vertex -58.2322 -48.2322 4
      vertex -60 -47.5 4
    endloop
  endfacet
  facet normal 0.923888 0.382663 0
    outer loop
      vertex -57.5 -50 28
      vertex -58.2322 -48.2322 4
      vertex -58.2322 -48.2322 28
    endloop
  endfacet
  facet normal 0.923888 0.382663 0
    outer loop
      vertex -58.2322 -48.2322 4
      vertex -57.5 -50 28
      vertex -57.5 -50 4
    endloop
  endfacet
  facet normal -0.382663 0.923888 0
    outer loop
      vertex -60 -47.5 4
      vertex -61.7678 -48.2322 28
      vertex -60 -47.5 28
    endloop
  endfacet
  facet normal -0.382663 0.923888 0
    outer loop
      vertex -61.7678 -48.2322 28
      vertex -60 -47.5 4
      vertex -61.7678 -48.2322 4
    endloop
  endfacet
  facet normal -0.923888 0.382663 0
    outer loop
      vertex -62.5 -50 4
      vertex -61.7678 -48.2322 28
      vertex -61.7678 -48.2322 4
    endloop
  endfacet
  facet normal -0.923888 0.382663 0
    outer loop
      vertex -61.7678 -48.2322 28
      vertex -62.5 -50 4
      vertex -62.5 -50 28
    endloop
  endfacet
  facet normal 0 0 -1
    outer loop
      vertex -58.2322 48.2322 28
      vertex 58.2322 48.2322 28
      vertex -58.2322 -48.2322 28
    endloop
  endfacet
  facet normal 0 0 -1
    outer loop
      vertex 58.2322 48.2322 28
      vertex -58.2322 48.2322 28
      vertex -57.5 50 28
    endloop
  endfacet
  facet normal 0 0 -1
    outer loop
      vertex -60 -47.5 28
      vertex -58.2322 48.2322 28
      vertex -58.2322 -48.2322 28
    endloop
  endfacet
  facet normal 0 0 -1
    outer loop
      vertex -60 -47.5 28
      vertex -60 47.5 28
      vertex -58.2322 48.2322 28
    endloop
  endfacet
  facet normal 0 0 -1
    outer loop
      vertex -61.7678 -48.2322 28
      vertex -60 47.5 28
      vertex -60 -47.5 28
    endloop
  endfacet
  facet normal 0 0 -1
    outer loop
      vertex -61.7678 -48.2322 28
      vertex -61.7678 48.2322 28
      vertex -60 47.5 28
    endloop
  endfacet
  facet normal 0 0 -1
    outer loop
      vertex -68.4 -57.4 28
      vertex -61.7678 -48.2322 28
      vertex -62.5 -50 28
    endloop
  endfacet
  facet normal -0 0 -1
    outer loop
      vertex -61.7678 -48.2322 28
      vertex -68.4 -57.4 28
      vertex -61.7678 48.2322 28
    endloop
  endfacet
  facet normal 0 0 -1
    outer loop
      vertex 61.7678 48.2322 28
      vertex 68.4 57.4 28
      vertex 61.7678 -48.2322 28
    endloop
  endfacet
  facet normal 0 0 -1
    outer loop
      vertex 68.4 57.4 28
      vertex 61.7678 48.2322 28
      vertex 62.5 50 28
    endloop
  endfacet
  facet normal 0 0 -1
    outer loop
      vertex 60 -47.5 28
      vertex 61.7678 48.2322 28
      vertex 61.7678 -48.2322 28
    endloop
  endfacet
  facet normal 0 0 -1
    outer loop
      vertex 60 -47.5 28
      vertex 60 47.5 28
      vertex 61.7678 48.2322 28
    endloop
  endfacet
  facet normal 0 0 -1
    outer loop
      vertex 58.2322 -48.2322 28
      vertex 60 47.5 28
      vertex 60 -47.5 28
    endloop
  endfacet
  facet normal 0 0 -1
    outer loop
      vertex 58.2322 -48.2322 28
      vertex 58.2322 48.2322 28
      vertex 60 47.5 28
    endloop
  endfacet
  facet normal 0 0 -1
    outer loop
      vertex -57.5 -50 28
      vertex 58.2322 -48.2322 28
      vertex 57.5 -50 28
    endloop
  endfacet
  facet normal 0 0 -1
    outer loop
      vertex -58.2322 -48.2322 28
      vertex 58.2322 -48.2322 28
      vertex -57.5 -50 28
    endloop
  endfacet
  facet normal 0 0 -1
    outer loop
      vertex 61.7678 -48.2322 28
      vertex 68.4 -57.4 28
      vertex 62.5 -50 28
    endloop
  endfacet
  facet normal 0 0 -1
    outer loop
      vertex 68.4 -57.4 28
      vertex 61.7678 -51.7678 28
      vertex 62.5 -50 28
    endloop
  endfacet
  facet normal 0 0 -1
    outer loop
      vertex 68.4 -57.4 28
      vertex 60 -52.5 28
      vertex 61.7678 -51.7678 28
    endloop
  endfacet
  facet normal 0 0 -1
    outer loop
      vertex 68.4 -57.4 28
      vertex 58.2322 -51.7678 28
      vertex 60 -52.5 28
    endloop
  endfacet
  facet normal 0 0 -1
    outer loop
      vertex 58.2322 -48.2322 28
      vertex -58.2322 -48.2322 28
      vertex 58.2322 48.2322 28
    endloop
  endfacet
  facet normal 0 0 -1
    outer loop
      vertex 58.2322 -51.7678 28
      vertex -57.5 -50 28
      vertex 57.5 -50 28
    endloop
  endfacet
  facet normal 0 0 -1
    outer loop
      vertex -58.2322 -51.7678 28
      vertex 58.2322 -51.7678 28
      vertex 68.4 -57.4 28
    endloop
  endfacet
  facet normal 0 0 -1
    outer loop
      vertex 58.2322 -51.7678 28
      vertex -58.2322 -51.7678 28
      vertex -57.5 -50 28
    endloop
  endfacet
  facet normal 0 0 -1
    outer loop
      vertex -68.4 -57.4 28
      vertex -58.2322 -51.7678 28
      vertex 68.4 -57.4 28
    endloop
  endfacet
  facet normal 0 0 -1
    outer loop
      vertex -68.4 57.4 28
      vertex -61.7678 48.2322 28
      vertex -68.4 -57.4 28
    endloop
  endfacet
  facet normal -0 0 -1
    outer loop
      vertex -61.7678 -51.7678 28
      vertex -68.4 -57.4 28
      vertex -62.5 -50 28
    endloop
  endfacet
  facet normal -0 0 -1
    outer loop
      vertex -60 -52.5 28
      vertex -68.4 -57.4 28
      vertex -61.7678 -51.7678 28
    endloop
  endfacet
  facet normal 0 0 -1
    outer loop
      vertex -58.2322 -51.7678 28
      vertex -68.4 -57.4 28
      vertex -60 -52.5 28
    endloop
  endfacet
  facet normal 0 0 -1
    outer loop
      vertex 68.4 -57.4 28
      vertex 61.7678 -48.2322 28
      vertex 68.4 57.4 28
    endloop
  endfacet
  facet normal 0 0 -1
    outer loop
      vertex 61.7678 51.7678 28
      vertex 68.4 57.4 28
      vertex 62.5 50 28
    endloop
  endfacet
  facet normal 0 0 -1
    outer loop
      vertex 60 52.5 28
      vertex 68.4 57.4 28
      vertex 61.7678 51.7678 28
    endloop
  endfacet
  facet normal 0 0 -1
    outer loop
      vertex 58.2322 51.7678 28
      vertex 68.4 57.4 28
      vertex 60 52.5 28
    endloop
  endfacet
  facet normal 0 0 -1
    outer loop
      vertex 58.2322 48.2322 28
      vertex -57.5 50 28
      vertex 57.5 50 28
    endloop
  endfacet
  facet normal 0 0 -1
    outer loop
      vertex 57.5 50 28
      vertex -57.5 50 28
      vertex 58.2322 51.7678 28
    endloop
  endfacet
  facet normal 0 0 -1
    outer loop
      vertex -58.2322 51.7678 28
      vertex 58.2322 51.7678 28
      vertex -57.5 50 28
    endloop
  endfacet
  facet normal 0 0 -1
    outer loop
      vertex 58.2322 51.7678 28
      vertex -58.2322 51.7678 28
      vertex 68.4 57.4 28
    endloop
  endfacet
  facet normal 0 0 -1
    outer loop
      vertex -68.4 57.4 28
      vertex -58.2322 51.7678 28
      vertex -60 52.5 28
    endloop
  endfacet
  facet normal 0 0 -1
    outer loop
      vertex -58.2322 51.7678 28
      vertex -68.4 57.4 28
      vertex 68.4 57.4 28
    endloop
  endfacet
  facet normal 0 0 -1
    outer loop
      vertex -61.7678 51.7678 28
      vertex -68.4 57.4 28
      vertex -60 52.5 28
    endloop
  endfacet
  facet normal 0 0 -1
    outer loop
      vertex -62.5 50 28
      vertex -68.4 57.4 28
      vertex -61.7678 51.7678 28
    endloop
  endfacet
  facet normal 0 0 -1
    outer loop
      vertex -61.7678 48.2322 28
      vertex -68.4 57.4 28
      vertex -62.5 50 28
    endloop
  endfacet
  facet normal 0.38268 -0.923881 0
    outer loop
      vertex -59.0879 -52.1222 21
      vertex -60 -52.5 28
      vertex -60 -52.5 21
    endloop
  endfacet
  facet normal 0.382663 -0.923888 -2.62953e-06
    outer loop
      vertex -60 -52.5 28
      vertex -59.0879 -52.1222 21
      vertex -58.2322 -51.7678 28
    endloop
  endfacet
  facet normal 0.382644 -0.923896 0
    outer loop
      vertex -58.2322 -51.7678 4
      vertex -59.0879 -52.1222 21
      vertex -59.0879 -52.1222 4
    endloop
  endfacet
  facet normal 0.382644 -0.923896 0
    outer loop
      vertex -59.0879 -52.1222 21
      vertex -58.2322 -51.7678 4
      vertex -58.2322 -51.7678 28
    endloop
  endfacet
  facet normal -0.923869 -0.38271 -0
    outer loop
      vertex -61.8638 -51.5358 21
      vertex -62.5 -50 4
      vertex -61.8638 -51.5358 4
    endloop
  endfacet
  facet normal -0.923869 -0.38271 0
    outer loop
      vertex -62.5 -50 4
      vertex -61.8638 -51.5358 21
      vertex -62.5 -50 28
    endloop
  endfacet
  facet normal -0.924017 -0.382352 -0
    outer loop
      vertex -61.7678 -51.7678 28
      vertex -61.8638 -51.5358 21
      vertex -61.7678 -51.7678 21
    endloop
  endfacet
  facet normal -0.923888 -0.382663 -1.20651e-05
    outer loop
      vertex -61.8638 -51.5358 21
      vertex -61.7678 -51.7678 28
      vertex -62.5 -50 28
    endloop
  endfacet
  facet normal 0.923888 -0.382663 0
    outer loop
      vertex -58.2322 -51.7678 28
      vertex -57.5 -50 4
      vertex -57.5 -50 28
    endloop
  endfacet
  facet normal 0.923888 -0.382663 0
    outer loop
      vertex -57.5 -50 4
      vertex -58.2322 -51.7678 28
      vertex -58.2322 -51.7678 4
    endloop
  endfacet
  facet normal -0.382663 -0.923888 0
    outer loop
      vertex -61.7678 -51.7678 21
      vertex -60 -52.5 28
      vertex -61.7678 -51.7678 28
    endloop
  endfacet
  facet normal -0.382663 -0.923888 -0
    outer loop
      vertex -60 -52.5 28
      vertex -61.7678 -51.7678 21
      vertex -60 -52.5 21
    endloop
  endfacet
  facet normal -0.923888 -0.382663 0
    outer loop
      vertex -61.7678 48.2322 4
      vertex -62.5 50 28
      vertex -62.5 50 4
    endloop
  endfacet
  facet normal -0.923888 -0.382663 0
    outer loop
      vertex -62.5 50 28
      vertex -61.7678 48.2322 4
      vertex -61.7678 48.2322 28
    endloop
  endfacet
  facet normal 0.382663 0.923888 -2.62953e-06
    outer loop
      vertex -58.2322 51.7678 28
      vertex -59.0879 52.1222 21
      vertex -60 52.5 28
    endloop
  endfacet
  facet normal 0.382644 0.923896 -0
    outer loop
      vertex -58.2322 51.7678 4
      vertex -59.0879 52.1222 21
      vertex -58.2322 51.7678 28
    endloop
  endfacet
  facet normal 0.382644 0.923896 0
    outer loop
      vertex -59.0879 52.1222 21
      vertex -58.2322 51.7678 4
      vertex -59.0879 52.1222 4
    endloop
  endfacet
  facet normal 0.38268 0.923881 0
    outer loop
      vertex -60 52.5 28
      vertex -59.0879 52.1222 21
      vertex -60 52.5 21
    endloop
  endfacet
  facet normal 0.923888 0.382663 0
    outer loop
      vertex -57.5 50 28
      vertex -58.2322 51.7678 4
      vertex -58.2322 51.7678 28
    endloop
  endfacet
  facet normal 0.923888 0.382663 0
    outer loop
      vertex -58.2322 51.7678 4
      vertex -57.5 50 28
      vertex -57.5 50 4
    endloop
  endfacet
  facet normal -0.382663 0.923888 0
    outer loop
      vertex -60 52.5 21
      vertex -61.7678 51.7678 28
      vertex -60 52.5 28
    endloop
  endfacet
  facet normal -0.382663 0.923888 0
    outer loop
      vertex -61.7678 51.7678 28
      vertex -60 52.5 21
      vertex -61.7678 51.7678 21
    endloop
  endfacet
  facet normal -0.923869 0.38271 0
    outer loop
      vertex -61.8638 51.5358 4
      vertex -62.5 50 4
      vertex -61.8638 51.5358 21
    endloop
  endfacet
  facet normal -0.924017 0.382352 0
    outer loop
      vertex -61.8638 51.5358 21
      vertex -61.7678 51.7678 28
      vertex -61.7678 51.7678 21
    endloop
  endfacet
  facet normal -0.923869 0.38271 0
    outer loop
      vertex -62.5 50 28
      vertex -61.8638 51.5358 21
      vertex -62.5 50 4
    endloop
  endfacet
  facet normal -0.923888 0.382663 -1.20651e-05
    outer loop
      vertex -61.8638 51.5358 21
      vertex -62.5 50 28
      vertex -61.7678 51.7678 28
    endloop
  endfacet
  facet normal 0.923888 -0.382663 0
    outer loop
      vertex -58.2322 48.2322 28
      vertex -57.5 50 4
      vertex -57.5 50 28
    endloop
  endfacet
  facet normal 0.923888 -0.382663 0
    outer loop
      vertex -57.5 50 4
      vertex -58.2322 48.2322 28
      vertex -58.2322 48.2322 4
    endloop
  endfacet
  facet normal 0.382663 -0.923888 0
    outer loop
      vertex -60 47.5 4
      vertex -58.2322 48.2322 28
      vertex -60 47.5 28
    endloop
  endfacet
  facet normal 0.382663 -0.923888 0
    outer loop
      vertex -58.2322 48.2322 28
      vertex -60 47.5 4
      vertex -58.2322 48.2322 4
    endloop
  endfacet
  facet normal -0.382663 -0.923888 0
    outer loop
      vertex -61.7678 48.2322 4
      vertex -60 47.5 28
      vertex -61.7678 48.2322 28
    endloop
  endfacet
  facet normal -0.382663 -0.923888 -0
    outer loop
      vertex -60 47.5 28
      vertex -61.7678 48.2322 4
      vertex -60 47.5 4
    endloop
  endfacet
  facet normal 0.382663 0.923888 -0
    outer loop
      vertex 61.7678 -48.2322 4
      vertex 60 -47.5 28
      vertex 61.7678 -48.2322 28
    endloop
  endfacet
  facet normal 0.382663 0.923888 0
    outer loop
      vertex 60 -47.5 28
      vertex 61.7678 -48.2322 4
      vertex 60 -47.5 4
    endloop
  endfacet
  facet normal 0.923888 0.382663 0
    outer loop
      vertex 62.5 -50 28
      vertex 61.7678 -48.2322 4
      vertex 61.7678 -48.2322 28
    endloop
  endfacet
  facet normal 0.923888 0.382663 0
    outer loop
      vertex 61.7678 -48.2322 4
      vertex 62.5 -50 28
      vertex 62.5 -50 4
    endloop
  endfacet
  facet normal -0.382663 0.923888 0
    outer loop
      vertex 60 -47.5 4
      vertex 58.2322 -48.2322 28
      vertex 60 -47.5 28
    endloop
  endfacet
  facet normal -0.382663 0.923888 0
    outer loop
      vertex 58.2322 -48.2322 28
      vertex 60 -47.5 4
      vertex 58.2322 -48.2322 4
    endloop
  endfacet
  facet normal 0.923869 -0.38271 0
    outer loop
      vertex 62.5 -50 28
      vertex 61.8638 -51.5358 21
      vertex 62.5 -50 4
    endloop
  endfacet
  facet normal 0.923888 -0.382663 -1.20651e-05
    outer loop
      vertex 61.7678 -51.7678 28
      vertex 61.8638 -51.5358 21
      vertex 62.5 -50 28
    endloop
  endfacet
  facet normal 0.924017 -0.382352 0
    outer loop
      vertex 61.8638 -51.5358 21
      vertex 61.7678 -51.7678 28
      vertex 61.7678 -51.7678 21
    endloop
  endfacet
  facet normal 0.923869 -0.38271 0
    outer loop
      vertex 62.5 -50 4
      vertex 61.8638 -51.5358 21
      vertex 61.8638 -51.5358 4
    endloop
  endfacet
  facet normal -0.923888 0.382663 0
    outer loop
      vertex 57.5 -50 4
      vertex 58.2322 -48.2322 28
      vertex 58.2322 -48.2322 4
    endloop
  endfacet
  facet normal -0.923888 0.382663 0
    outer loop
      vertex 58.2322 -48.2322 28
      vertex 57.5 -50 4
      vertex 57.5 -50 28
    endloop
  endfacet
  facet normal -0.382663 -0.923888 -2.62953e-06
    outer loop
      vertex 58.2322 -51.7678 28
      vertex 59.0879 -52.1222 21
      vertex 60 -52.5 28
    endloop
  endfacet
  facet normal -0.382644 -0.923896 0
    outer loop
      vertex 58.2322 -51.7678 4
      vertex 59.0879 -52.1222 21
      vertex 58.2322 -51.7678 28
    endloop
  endfacet
  facet normal -0.382644 -0.923896 -0
    outer loop
      vertex 59.0879 -52.1222 21
      vertex 58.2322 -51.7678 4
      vertex 59.0879 -52.1222 4
    endloop
  endfacet
  facet normal -0.38268 -0.923881 -0
    outer loop
      vertex 60 -52.5 28
      vertex 59.0879 -52.1222 21
      vertex 60 -52.5 21
    endloop
  endfacet
  facet normal 0.382663 -0.923888 0
    outer loop
      vertex 60 -52.5 21
      vertex 61.7678 -51.7678 28
      vertex 60 -52.5 28
    endloop
  endfacet
  facet normal 0.382663 -0.923888 0
    outer loop
      vertex 61.7678 -51.7678 28
      vertex 60 -52.5 21
      vertex 61.7678 -51.7678 21
    endloop
  endfacet
  facet normal -0.923888 -0.382663 0
    outer loop
      vertex 58.2322 -51.7678 4
      vertex 57.5 -50 28
      vertex 57.5 -50 4
    endloop
  endfacet
  facet normal -0.923888 -0.382663 0
    outer loop
      vertex 57.5 -50 28
      vertex 58.2322 -51.7678 4
      vertex 58.2322 -51.7678 28
    endloop
  endfacet
  facet normal 0.382663 0.923888 -0
    outer loop
      vertex 61.7678 51.7678 21
      vertex 60 52.5 28
      vertex 61.7678 51.7678 28
    endloop
  endfacet
  facet normal 0.382663 0.923888 0
    outer loop
      vertex 60 52.5 28
      vertex 61.7678 51.7678 21
      vertex 60 52.5 21
    endloop
  endfacet
  facet normal 0.924017 0.382352 0
    outer loop
      vertex 61.7678 51.7678 28
      vertex 61.8638 51.5358 21
      vertex 61.7678 51.7678 21
    endloop
  endfacet
  facet normal 0.923888 0.382663 -1.20651e-05
    outer loop
      vertex 62.5 50 28
      vertex 61.8638 51.5358 21
      vertex 61.7678 51.7678 28
    endloop
  endfacet
  facet normal 0.923869 0.38271 -0
    outer loop
      vertex 62.5 50 4
      vertex 61.8638 51.5358 21
      vertex 62.5 50 28
    endloop
  endfacet
  facet normal 0.923869 0.38271 0
    outer loop
      vertex 61.8638 51.5358 21
      vertex 62.5 50 4
      vertex 61.8638 51.5358 4
    endloop
  endfacet
  facet normal -0.38268 0.923881 0
    outer loop
      vertex 59.0879 52.1222 21
      vertex 60 52.5 28
      vertex 60 52.5 21
    endloop
  endfacet
  facet normal -0.382663 0.923888 -2.62953e-06
    outer loop
      vertex 60 52.5 28
      vertex 59.0879 52.1222 21
      vertex 58.2322 51.7678 28
    endloop
  endfacet
  facet normal -0.382644 0.923896 0
    outer loop
      vertex 58.2322 51.7678 4
      vertex 59.0879 52.1222 21
      vertex 59.0879 52.1222 4
    endloop
  endfacet
  facet normal -0.382644 0.923896 0
    outer loop
      vertex 59.0879 52.1222 21
      vertex 58.2322 51.7678 4
      vertex 58.2322 51.7678 28
    endloop
  endfacet
  facet normal 0.923888 -0.382663 0
    outer loop
      vertex 61.7678 48.2322 28
      vertex 62.5 50 4
      vertex 62.5 50 28
    endloop
  endfacet
  facet normal 0.923888 -0.382663 0
    outer loop
      vertex 62.5 50 4
      vertex 61.7678 48.2322 28
      vertex 61.7678 48.2322 4
    endloop
  endfacet
  facet normal -0.923888 -0.382663 0
    outer loop
      vertex 58.2322 48.2322 4
      vertex 57.5 50 28
      vertex 57.5 50 4
    endloop
  endfacet
  facet normal -0.923888 -0.382663 0
    outer loop
      vertex 57.5 50 28
      vertex 58.2322 48.2322 4
      vertex 58.2322 48.2322 28
    endloop
  endfacet
  facet normal -0.923888 0.382663 0
    outer loop
      vertex 57.5 50 4
      vertex 58.2322 51.7678 28
      vertex 58.2322 51.7678 4
    endloop
  endfacet
  facet normal -0.923888 0.382663 0
    outer loop
      vertex 58.2322 51.7678 28
      vertex 57.5 50 4
      vertex 57.5 50 28
    endloop
  endfacet
  facet normal 0.382663 -0.923888 0
    outer loop
      vertex 60 47.5 4
      vertex 61.7678 48.2322 28
      vertex 60 47.5 28
    endloop
  endfacet
  facet normal 0.382663 -0.923888 0
    outer loop
      vertex 61.7678 48.2322 28
      vertex 60 47.5 4
      vertex 61.7678 48.2322 4
    endloop
  endfacet
  facet normal -0.382663 -0.923888 0
    outer loop
      vertex 58.2322 48.2322 4
      vertex 60 47.5 28
      vertex 58.2322 48.2322 28
    endloop
  endfacet
  facet normal -0.382663 -0.923888 -0
    outer loop
      vertex 60 47.5 28
      vertex 58.2322 48.2322 4
      vertex 60 47.5 4
    endloop
  endfacet
  facet normal -1 0 0
    outer loop
      vertex -68.4 57.4 0
      vertex -68.4 55.6721 1
      vertex -68.4 57.4 1
    endloop
  endfacet
  facet normal -1 0 0
    outer loop
      vertex -68.4 55.6721 1
      vertex -68.4 52.8461 4
      vertex -68.4 55.6721 4
    endloop
  endfacet
  facet normal -1 0 0
    outer loop
      vertex -68.4 55.6721 1
      vertex -68.4 12.4456 2
      vertex -68.4 52.8461 4
    endloop
  endfacet
  facet normal -1 0 0
    outer loop
      vertex -68.4 57.4 0
      vertex -68.4 12.4456 2
      vertex -68.4 55.6721 1
    endloop
  endfacet
  facet normal -1 0 0
    outer loop
      vertex -68.4 57.4 0
      vertex -68.4 7.41102 2
      vertex -68.4 12.4456 2
    endloop
  endfacet
  facet normal -1 0 0
    outer loop
      vertex -68.4 7.41102 2
      vertex -68.4 -7.41102 2
      vertex -68.4 7.41102 4
    endloop
  endfacet
  facet normal -1 0 0
    outer loop
      vertex -68.4 57.4 0
      vertex -68.4 -7.41102 2
      vertex -68.4 7.41102 2
    endloop
  endfacet
  facet normal -1 0 0
    outer loop
      vertex -68.4 -57.4 0
      vertex -68.4 -7.41102 2
      vertex -68.4 57.4 0
    endloop
  endfacet
  facet normal -1 0 0
    outer loop
      vertex -68.4 -12.4456 2
      vertex -68.4 -52.8461 4
      vertex -68.4 -12.4456 4
    endloop
  endfacet
  facet normal -1 -0 0
    outer loop
      vertex -68.4 -12.4456 2
      vertex -68.4 -55.6721 1
      vertex -68.4 -52.8461 4
    endloop
  endfacet
  facet normal -1 -0 0
    outer loop
      vertex -68.4 -7.41102 2
      vertex -68.4 -57.4 0
      vertex -68.4 -12.4456 2
    endloop
  endfacet
  facet normal -1 0 0
    outer loop
      vertex -68.4 -12.4456 2
      vertex -68.4 -57.4 0
      vertex -68.4 -55.6721 1
    endloop
  endfacet
  facet normal -1 -0 0
    outer loop
      vertex -68.4 -55.6721 1
      vertex -68.4 -57.4 0
      vertex -68.4 -57.4 1
    endloop
  endfacet
  facet normal -1 -0 0
    outer loop
      vertex -68.4 52.8461 4
      vertex -68.4 12.4456 2
      vertex -68.4 12.4456 4
    endloop
  endfacet
  facet normal -1 -0 0
    outer loop
      vertex -68.4 7.41102 4
      vertex -68.4 -7.41102 2
      vertex -68.4 -7.41102 4
    endloop
  endfacet
  facet normal -1 -0 0
    outer loop
      vertex -68.4 -52.8461 4
      vertex -68.4 -55.6721 1
      vertex -68.4 -55.6721 4
    endloop
  endfacet
  facet normal 1 0 0
    outer loop
      vertex 68.4 -12.4456 4
      vertex 68.4 -52.8461 4
      vertex 68.4 -12.4456 2
    endloop
  endfacet
  facet normal 1 0 0
    outer loop
      vertex 68.4 7.41102 4
      vertex 68.4 -7.41102 4
      vertex 68.4 7.41102 2
    endloop
  endfacet
  facet normal 1 0 0
    outer loop
      vertex 68.4 55.6721 4
      vertex 68.4 52.8461 4
      vertex 68.4 55.6721 1
    endloop
  endfacet
  facet normal 1 -0 0
    outer loop
      vertex 68.4 55.6721 1
      vertex 68.4 57.4 0
      vertex 68.4 57.4 1
    endloop
  endfacet
  facet normal 1 0 0
    outer loop
      vertex 68.4 12.4456 2
      vertex 68.4 52.8461 4
      vertex 68.4 12.4456 4
    endloop
  endfacet
  facet normal 1 0 0
    outer loop
      vertex 68.4 52.8461 4
      vertex 68.4 12.4456 2
      vertex 68.4 55.6721 1
    endloop
  endfacet
  facet normal 1 0 0
    outer loop
      vertex 68.4 55.6721 1
      vertex 68.4 12.4456 2
      vertex 68.4 57.4 0
    endloop
  endfacet
  facet normal 1 -0 0
    outer loop
      vertex 68.4 7.41102 2
      vertex 68.4 57.4 0
      vertex 68.4 12.4456 2
    endloop
  endfacet
  facet normal 1 0 0
    outer loop
      vertex 68.4 -7.41102 2
      vertex 68.4 7.41102 2
      vertex 68.4 -7.41102 4
    endloop
  endfacet
  facet normal 1 -0 0
    outer loop
      vertex 68.4 -7.41102 2
      vertex 68.4 57.4 0
      vertex 68.4 7.41102 2
    endloop
  endfacet
  facet normal 1 0 0
    outer loop
      vertex 68.4 -57.4 0
      vertex 68.4 -7.41102 2
      vertex 68.4 -12.4456 2
    endloop
  endfacet
  facet normal 1 0 0
    outer loop
      vertex 68.4 -55.6721 1
      vertex 68.4 -52.8461 4
      vertex 68.4 -55.6721 4
    endloop
  endfacet
  facet normal 1 0 0
    outer loop
      vertex 68.4 -52.8461 4
      vertex 68.4 -55.6721 1
      vertex 68.4 -12.4456 2
    endloop
  endfacet
  facet normal 1 0 0
    outer loop
      vertex 68.4 -57.4 0
      vertex 68.4 -12.4456 2
      vertex 68.4 -55.6721 1
    endloop
  endfacet
  facet normal 1 0 0
    outer loop
      vertex 68.4 -57.4 0
      vertex 68.4 -55.6721 1
      vertex 68.4 -57.4 1
    endloop
  endfacet
  facet normal 1 0 0
    outer loop
      vertex 68.4 -7.41102 2
      vertex 68.4 -57.4 0
      vertex 68.4 57.4 0
    endloop
  endfacet
  facet normal 0 -1 0
    outer loop
      vertex -68.4 -57.4 0
      vertex -64.4711 -57.4 1
      vertex -68.4 -57.4 1
    endloop
  endfacet
  facet normal 0 -1 -0
    outer loop
      vertex -64.4711 -57.4 1
      vertex -68.4 -57.4 0
      vertex -64.4711 -57.4 0
    endloop
  endfacet
  facet normal 0 -1 0
    outer loop
      vertex 64.4711 -57.4 0
      vertex 68.4 -57.4 1
      vertex 64.4711 -57.4 1
    endloop
  endfacet
  facet normal 0 -1 -0
    outer loop
      vertex 68.4 -57.4 1
      vertex 64.4711 -57.4 0
      vertex 68.4 -57.4 0
    endloop
  endfacet
  facet normal 0 -1 0
    outer loop
      vertex -50.3289 -57.4 4
      vertex -12.4322 -57.4 2
      vertex -12.4322 -57.4 4
    endloop
  endfacet
  facet normal 0 -1 0
    outer loop
      vertex -50.3289 -57.4 0
      vertex -7.45279 -57.4 2
      vertex -12.4322 -57.4 2
    endloop
  endfacet
  facet normal 0 -1 -0
    outer loop
      vertex -7.45279 -57.4 2
      vertex -50.3289 -57.4 0
      vertex 7.45279 -57.4 2
    endloop
  endfacet
  facet normal 0 -1 0
    outer loop
      vertex 50.3289 -57.4 0
      vertex 7.45279 -57.4 2
      vertex -50.3289 -57.4 0
    endloop
  endfacet
  facet normal 0 -1 0
    outer loop
      vertex -50.3289 -57.4 0
      vertex -12.4322 -57.4 2
      vertex -50.3289 -57.4 4
    endloop
  endfacet
  facet normal 0 -1 0
    outer loop
      vertex -7.45279 -57.4 2
      vertex 7.45279 -57.4 4
      vertex -7.45279 -57.4 4
    endloop
  endfacet
  facet normal 0 -1 -0
    outer loop
      vertex 7.45279 -57.4 4
      vertex -7.45279 -57.4 2
      vertex 7.45279 -57.4 2
    endloop
  endfacet
  facet normal 0 -1 0
    outer loop
      vertex 12.4322 -57.4 2
      vertex 50.3289 -57.4 4
      vertex 12.4322 -57.4 4
    endloop
  endfacet
  facet normal 0 -1 0
    outer loop
      vertex 12.4322 -57.4 2
      vertex 50.3289 -57.4 0
      vertex 50.3289 -57.4 4
    endloop
  endfacet
  facet normal 0 -1 0
    outer loop
      vertex 7.45279 -57.4 2
      vertex 50.3289 -57.4 0
      vertex 12.4322 -57.4 2
    endloop
  endfacet
  facet normal 0 1 -0
    outer loop
      vertex -64.4711 57.4 0
      vertex -68.4 57.4 1
      vertex -64.4711 57.4 1
    endloop
  endfacet
  facet normal 0 1 0
    outer loop
      vertex -68.4 57.4 1
      vertex -64.4711 57.4 0
      vertex -68.4 57.4 0
    endloop
  endfacet
  facet normal 0 1 -0
    outer loop
      vertex 68.4 57.4 0
      vertex 64.4711 57.4 1
      vertex 68.4 57.4 1
    endloop
  endfacet
  facet normal 0 1 0
    outer loop
      vertex 64.4711 57.4 1
      vertex 68.4 57.4 0
      vertex 64.4711 57.4 0
    endloop
  endfacet
  facet normal 0 1 0
    outer loop
      vertex 50.3289 57.4 4
      vertex 12.4322 57.4 2
      vertex 12.4322 57.4 4
    endloop
  endfacet
  facet normal 0 1 0
    outer loop
      vertex 50.3289 57.4 0
      vertex 7.45279 57.4 2
      vertex 12.4322 57.4 2
    endloop
  endfacet
  facet normal 0 1 0
    outer loop
      vertex 7.45279 57.4 2
      vertex 50.3289 57.4 0
      vertex -7.45279 57.4 2
    endloop
  endfacet
  facet normal 0 1 0
    outer loop
      vertex -50.3289 57.4 0
      vertex -7.45279 57.4 2
      vertex 50.3289 57.4 0
    endloop
  endfacet
  facet normal 0 1 -0
    outer loop
      vertex 50.3289 57.4 0
      vertex 12.4322 57.4 2
      vertex 50.3289 57.4 4
    endloop
  endfacet
  facet normal 0 1 -0
    outer loop
      vertex 7.45279 57.4 2
      vertex -7.45279 57.4 4
      vertex 7.45279 57.4 4
    endloop
  endfacet
  facet normal 0 1 0
    outer loop
      vertex -7.45279 57.4 4
      vertex 7.45279 57.4 2
      vertex -7.45279 57.4 2
    endloop
  endfacet
  facet normal 0 1 -0
    outer loop
      vertex -12.4322 57.4 2
      vertex -50.3289 57.4 4
      vertex -12.4322 57.4 4
    endloop
  endfacet
  facet normal 0 1 0
    outer loop
      vertex -12.4322 57.4 2
      vertex -50.3289 57.4 0
      vertex -50.3289 57.4 4
    endloop
  endfacet
  facet normal 0 1 0
    outer loop
      vertex -7.45279 57.4 2
      vertex -50.3289 57.4 0
      vertex -12.4322 57.4 2
    endloop
  endfacet
  facet normal -1 0 0
    outer loop
      vertex -68.4 -57.4 28
      vertex -68.4 57.4 30
      vertex -68.4 57.4 28
    endloop
  endfacet
  facet normal -1 -0 0
    outer loop
      vertex -68.4 57.4 30
      vertex -68.4 -57.4 28
      vertex -68.4 -57.4 30
    endloop
  endfacet
  facet normal 0 0 1
    outer loop
      vertex 68.4 57.4 30
      vertex 7 19.5 30
      vertex 68.4 -57.4 30
    endloop
  endfacet
  facet normal -0 0 1
    outer loop
      vertex -68.4 57.4 30
      vertex 7 19.5 30
      vertex 68.4 57.4 30
    endloop
  endfacet
  facet normal 0 0 1
    outer loop
      vertex -47 19.5 30
      vertex -68.4 57.4 30
      vertex -47 -19.5 30
    endloop
  endfacet
  facet normal 0 0 1
    outer loop
      vertex 7 19.5 30
      vertex -68.4 57.4 30
      vertex -47 19.5 30
    endloop
  endfacet
  facet normal -0 0 1
    outer loop
      vertex 7 -19.5 30
      vertex 68.4 -57.4 30
      vertex 7 19.5 30
    endloop
  endfacet
  facet normal 0 0 1
    outer loop
      vertex -68.4 -57.4 30
      vertex 7 -19.5 30
      vertex -47 -19.5 30
    endloop
  endfacet
  facet normal 0 0 1
    outer loop
      vertex 7 -19.5 30
      vertex -68.4 -57.4 30
      vertex 68.4 -57.4 30
    endloop
  endfacet
  facet normal 0 0 1
    outer loop
      vertex -68.4 -57.4 30
      vertex -47 -19.5 30
      vertex -68.4 57.4 30
    endloop
  endfacet
  facet normal 1 -0 0
    outer loop
      vertex 68.4 -57.4 30
      vertex 68.4 57.4 28
      vertex 68.4 57.4 30
    endloop
  endfacet
  facet normal 1 0 0
    outer loop
      vertex 68.4 57.4 28
      vertex 68.4 -57.4 30
      vertex 68.4 -57.4 28
    endloop
  endfacet
  facet normal 0 -1 0
    outer loop
      vertex -68.4 -57.4 28
      vertex 68.4 -57.4 30
      vertex -68.4 -57.4 30
    endloop
  endfacet
  facet normal 0 -1 -0
    outer loop
      vertex 68.4 -57.4 30
      vertex -68.4 -57.4 28
      vertex 68.4 -57.4 28
    endloop
  endfacet
  facet normal 0 1 -0
    outer loop
      vertex 68.4 57.4 28
      vertex -68.4 57.4 30
      vertex 68.4 57.4 30
    endloop
  endfacet
  facet normal 0 1 0
    outer loop
      vertex -68.4 57.4 30
      vertex 68.4 57.4 28
      vertex -68.4 57.4 28
    endloop
  endfacet
  facet normal 1 0 0
    outer loop
      vertex 62.5 20 53.3
      vertex 62.5 -20 53.3
      vertex 62.5 20 48.6
    endloop
  endfacet
  facet normal 1 -0 0
    outer loop
      vertex 62.5 20 48.6
      vertex 62.5 20.5 47
      vertex 62.5 20.5 48.6
    endloop
  endfacet
  facet normal 1 0 0
    outer loop
      vertex 62.5 -20 48.6
      vertex 62.5 20 48.6
      vertex 62.5 -20 53.3
    endloop
  endfacet
  facet normal 1 0 0
    outer loop
      vertex 62.5 20 48.6
      vertex 62.5 -20 48.6
      vertex 62.5 20.5 47
    endloop
  endfacet
  facet normal 1 0 0
    outer loop
      vertex 62.5 -20.5 47
      vertex 62.5 -20 48.6
      vertex 62.5 -20.5 48.6
    endloop
  endfacet
  facet normal 1 0 0
    outer loop
      vertex 62.5 -20 48.6
      vertex 62.5 -20.5 47
      vertex 62.5 20.5 47
    endloop
  endfacet
  facet normal -0 0 1
    outer loop
      vertex 22.5 20.5 48.6
      vertex 62.5 20 48.6
      vertex 62.5 20.5 48.6
    endloop
  endfacet
  facet normal 0 0 1
    outer loop
      vertex 7.5 20 48.6
      vertex 22.5 20.5 48.6
      vertex 7.5 20.5 48.6
    endloop
  endfacet
  facet normal 0 0 1
    outer loop
      vertex 22.5 20.5 48.6
      vertex 7.5 20 48.6
      vertex 62.5 20 48.6
    endloop
  endfacet
  facet normal -0 0 1
    outer loop
      vertex 7.5 -20 48.6
      vertex 62.5 -20.5 48.6
      vertex 62.5 -20 48.6
    endloop
  endfacet
  facet normal 0 0 1
    outer loop
      vertex 62.5 -20.5 48.6
      vertex 7.5 -20 48.6
      vertex 7.5 -20.5 48.6
    endloop
  endfacet
  facet normal 0 0 -1
    outer loop
      vertex 62.5 -20.5 47
      vertex 22.5 20.5 47
      vertex 62.5 20.5 47
    endloop
  endfacet
  facet normal 0 0 -1
    outer loop
      vertex 7.5 -20.5 47
      vertex 22.5 20.5 47
      vertex 62.5 -20.5 47
    endloop
  endfacet
  facet normal 0 0 -1
    outer loop
      vertex 7.5 32.5 47
      vertex 22.5 20.5 47
      vertex 7.5 -20.5 47
    endloop
  endfacet
  facet normal 0 0 -1
    outer loop
      vertex 22.5 20.5 47
      vertex 7.5 32.5 47
      vertex 22.5 32.5 47
    endloop
  endfacet
  facet normal -1 0 0
    outer loop
      vertex 7.5 32.5 47
      vertex 7.5 20.5 48.6
      vertex 7.5 32.5 55
    endloop
  endfacet
  facet normal -1 0 0
    outer loop
      vertex 7.5 32.5 47
      vertex 7.5 20 48.6
      vertex 7.5 20.5 48.6
    endloop
  endfacet
  facet normal -1 0 0
    outer loop
      vertex 7.5 20 48.6
      vertex 7.5 -20 48.6
      vertex 7.5 20 53.3
    endloop
  endfacet
  facet normal -1 0 0
    outer loop
      vertex 7.5 -20.5 47
      vertex 7.5 20 48.6
      vertex 7.5 32.5 47
    endloop
  endfacet
  facet normal -1 -0 0
    outer loop
      vertex 7.5 20 48.6
      vertex 7.5 -20.5 47
      vertex 7.5 -20 48.6
    endloop
  endfacet
  facet normal -1 -0 0
    outer loop
      vertex 7.5 -20 48.6
      vertex 7.5 -20.5 47
      vertex 7.5 -20.5 48.6
    endloop
  endfacet
  facet normal -1 -0 0
    outer loop
      vertex 7.5 32.5 55
      vertex 7.5 20.5 48.6
      vertex 7.5 20.5 55
    endloop
  endfacet
  facet normal -1 -0 0
    outer loop
      vertex 7.5 20 53.3
      vertex 7.5 -20 48.6
      vertex 7.5 -20 53.3
    endloop
  endfacet
  facet normal 0 -1 0
    outer loop
      vertex 7.5 20.5 48.6
      vertex 22.5 20.5 55
      vertex 7.5 20.5 55
    endloop
  endfacet
  facet normal 0 -1 -0
    outer loop
      vertex 22.5 20.5 55
      vertex 7.5 20.5 48.6
      vertex 22.5 20.5 48.6
    endloop
  endfacet
  facet normal 0 1 -0
    outer loop
      vertex 62.5 20.5 47
      vertex 22.5 20.5 48.6
      vertex 62.5 20.5 48.6
    endloop
  endfacet
  facet normal 0 1 0
    outer loop
      vertex 22.5 20.5 48.6
      vertex 62.5 20.5 47
      vertex 22.5 20.5 47
    endloop
  endfacet
  facet normal 0 -1 0
    outer loop
      vertex 7.5 -20.5 47
      vertex 62.5 -20.5 48.6
      vertex 7.5 -20.5 48.6
    endloop
  endfacet
  facet normal 0 -1 -0
    outer loop
      vertex 62.5 -20.5 48.6
      vertex 7.5 -20.5 47
      vertex 62.5 -20.5 47
    endloop
  endfacet
  facet normal -0 0 1
    outer loop
      vertex 7.5 20 53.3
      vertex 62.5 -20 53.3
      vertex 62.5 20 53.3
    endloop
  endfacet
  facet normal 0 0 1
    outer loop
      vertex 62.5 -20 53.3
      vertex 7.5 20 53.3
      vertex 7.5 -20 53.3
    endloop
  endfacet
  facet normal 0 1 -0
    outer loop
      vertex 62.5 20 48.6
      vertex 7.5 20 53.3
      vertex 62.5 20 53.3
    endloop
  endfacet
  facet normal 0 1 0
    outer loop
      vertex 7.5 20 53.3
      vertex 62.5 20 48.6
      vertex 7.5 20 48.6
    endloop
  endfacet
  facet normal 0 -1 0
    outer loop
      vertex 7.5 -20 48.6
      vertex 62.5 -20 53.3
      vertex 7.5 -20 53.3
    endloop
  endfacet
  facet normal 0 -1 -0
    outer loop
      vertex 62.5 -20 53.3
      vertex 7.5 -20 48.6
      vertex 62.5 -20 48.6
    endloop
  endfacet
  facet normal 1 0 0
    outer loop
      vertex 22.5 20.5 48.6
      vertex 22.5 32.5 55
      vertex 22.5 20.5 55
    endloop
  endfacet
  facet normal 1 0 0
    outer loop
      vertex 22.5 32.5 55
      vertex 22.5 20.5 48.6
      vertex 22.5 32.5 47
    endloop
  endfacet
  facet normal 1 0 0
    outer loop
      vertex 22.5 32.5 47
      vertex 22.5 20.5 48.6
      vertex 22.5 20.5 47
    endloop
  endfacet
  facet normal -0 0 1
    outer loop
      vertex 7.5 32.5 55
      vertex 22.5 20.5 55
      vertex 22.5 32.5 55
    endloop
  endfacet
  facet normal 0 0 1
    outer loop
      vertex 22.5 20.5 55
      vertex 7.5 32.5 55
      vertex 7.5 20.5 55
    endloop
  endfacet
  facet normal 0 1 -0
    outer loop
      vertex 22.5 32.5 47
      vertex 7.5 32.5 55
      vertex 22.5 32.5 55
    endloop
  endfacet
  facet normal 0 1 0
    outer loop
      vertex 7.5 32.5 55
      vertex 22.5 32.5 47
      vertex 7.5 32.5 47
    endloop
  endfacet
  facet normal 1 -0 0
    outer loop
      vertex 47.5 -55 56.9
      vertex 47.5 -35 55.3
      vertex 47.5 -35 56.9
    endloop
  endfacet
  facet normal 1 0 0
    outer loop
      vertex 47.5 -35 55.3
      vertex 47.5 -55 56.9
      vertex 47.5 -55 55.3
    endloop
  endfacet
  facet normal 0 0 -1
    outer loop
      vertex 50 -56 56.9
      vertex 47.5 -55 56.9
      vertex 50 -34 56.9
    endloop
  endfacet
  facet normal 0 0 -1
    outer loop
      vertex 50 -56 56.9
      vertex 22.5 -55 56.9
      vertex 47.5 -55 56.9
    endloop
  endfacet
  facet normal -0 0 -1
    outer loop
      vertex 22.5 -55 56.9
      vertex 20 -56 56.9
      vertex 22.5 -35 56.9
    endloop
  endfacet
  facet normal 0 0 -1
    outer loop
      vertex 20 -56 56.9
      vertex 22.5 -55 56.9
      vertex 50 -56 56.9
    endloop
  endfacet
  facet normal 0 0 -1
    outer loop
      vertex 47.5 -35 56.9
      vertex 50 -34 56.9
      vertex 47.5 -55 56.9
    endloop
  endfacet
  facet normal 0 0 -1
    outer loop
      vertex 22.5 -35 56.9
      vertex 50 -34 56.9
      vertex 47.5 -35 56.9
    endloop
  endfacet
  facet normal 0 0 -1
    outer loop
      vertex 22.5 -35 56.9
      vertex 20 -34 56.9
      vertex 50 -34 56.9
    endloop
  endfacet
  facet normal 0 0 -1
    outer loop
      vertex 20 -34 56.9
      vertex 22.5 -35 56.9
      vertex 20 -56 56.9
    endloop
  endfacet
  facet normal 0 0 -1
    outer loop
      vertex 22.5 -55 55.3
      vertex 47.5 -35 55.3
      vertex 47.5 -55 55.3
    endloop
  endfacet
  facet normal -0 0 -1
    outer loop
      vertex 47.5 -35 55.3
      vertex 22.5 -55 55.3
      vertex 22.5 -35 55.3
    endloop
  endfacet
  facet normal -1 0 0
    outer loop
      vertex 22.5 -55 55.3
      vertex 22.5 -35 56.9
      vertex 22.5 -35 55.3
    endloop
  endfacet
  facet normal -1 -0 0
    outer loop
      vertex 22.5 -35 56.9
      vertex 22.5 -55 55.3
      vertex 22.5 -55 56.9
    endloop
  endfacet
  facet normal 0 1 -0
    outer loop
      vertex 47.5 -35 55.3
      vertex 22.5 -35 56.9
      vertex 47.5 -35 56.9
    endloop
  endfacet
  facet normal 0 1 0
    outer loop
      vertex 22.5 -35 56.9
      vertex 47.5 -35 55.3
      vertex 22.5 -35 55.3
    endloop
  endfacet
  facet normal 0 -1 0
    outer loop
      vertex 22.5 -55 55.3
      vertex 47.5 -55 56.9
      vertex 22.5 -55 56.9
    endloop
  endfacet
  facet normal 0 -1 -0
    outer loop
      vertex 47.5 -55 56.9
      vertex 22.5 -55 55.3
      vertex 47.5 -55 55.3
    endloop
  endfacet
  facet normal 1 -0 0
    outer loop
      vertex 50 -56 59.4
      vertex 50 -34 56.9
      vertex 50 -34 59.4
    endloop
  endfacet
  facet normal 1 0 0
    outer loop
      vertex 50 -34 56.9
      vertex 50 -56 59.4
      vertex 50 -56 56.9
    endloop
  endfacet
  facet normal -0 0 1
    outer loop
      vertex 20 -34 59.4
      vertex 50 -56 59.4
      vertex 50 -34 59.4
    endloop
  endfacet
  facet normal 0 0 1
    outer loop
      vertex 50 -56 59.4
      vertex 20 -34 59.4
      vertex 20 -56 59.4
    endloop
  endfacet
  facet normal -1 0 0
    outer loop
      vertex 20 -56 56.9
      vertex 20 -34 59.4
      vertex 20 -34 56.9
    endloop
  endfacet
  facet normal -1 -0 0
    outer loop
      vertex 20 -34 59.4
      vertex 20 -56 56.9
      vertex 20 -56 59.4
    endloop
  endfacet
  facet normal 0 1 -0
    outer loop
      vertex 50 -34 56.9
      vertex 20 -34 59.4
      vertex 50 -34 59.4
    endloop
  endfacet
  facet normal 0 1 0
    outer loop
      vertex 20 -34 59.4
      vertex 50 -34 56.9
      vertex 20 -34 56.9
    endloop
  endfacet
  facet normal 0 -1 0
    outer loop
      vertex 20 -56 56.9
      vertex 50 -56 59.4
      vertex 20 -56 59.4
    endloop
  endfacet
  facet normal 0 -1 -0
    outer loop
      vertex 50 -56 59.4
      vertex 20 -56 56.9
      vertex 50 -56 56.9
    endloop
  endfacet
  facet normal 1 -0 0
    outer loop
      vertex -51.5 -15 61
      vertex -51.5 15 59
      vertex -51.5 15 61
    endloop
  endfacet
  facet normal 1 0 0
    outer loop
      vertex -51.5 15 59
      vertex -51.5 -15 61
      vertex -51.5 -15 59
    endloop
  endfacet
  facet normal 0 0 1
    outer loop
      vertex -51.5 15 61
      vertex -62 0 61
      vertex -51.5 -15 61
    endloop
  endfacet
  facet normal 0 0 1
    outer loop
      vertex -51.5 15 61
      vertex -62.3251 1.9482 61
      vertex -62 0 61
    endloop
  endfacet
  facet normal 0 0 1
    outer loop
      vertex -51.5 15 61
      vertex -63.2652 3.68528 61
      vertex -62.3251 1.9482 61
    endloop
  endfacet
  facet normal 0 0 1
    outer loop
      vertex -51.5 15 61
      vertex -64.7183 5.023 61
      vertex -63.2652 3.68528 61
    endloop
  endfacet
  facet normal 0 0 1
    outer loop
      vertex -51.5 15 61
      vertex -66.5271 5.8164 61
      vertex -64.7183 5.023 61
    endloop
  endfacet
  facet normal 0 0 1
    outer loop
      vertex -51.5 15 61
      vertex -68.4955 5.97951 61
      vertex -66.5271 5.8164 61
    endloop
  endfacet
  facet normal -0 0 1
    outer loop
      vertex -84.5 15 61
      vertex -68.4955 5.97951 61
      vertex -51.5 15 61
    endloop
  endfacet
  facet normal 0 0 1
    outer loop
      vertex -73.9182 0.987567 61
      vertex -84.5 15 61
      vertex -73.9182 -0.987567 61
    endloop
  endfacet
  facet normal 0 0 1
    outer loop
      vertex -73.2768 2.85568 61
      vertex -84.5 15 61
      vertex -73.9182 0.987567 61
    endloop
  endfacet
  facet normal 0 0 1
    outer loop
      vertex -72.0637 4.41434 61
      vertex -84.5 15 61
      vertex -73.2768 2.85568 61
    endloop
  endfacet
  facet normal 0 0 1
    outer loop
      vertex -70.4102 5.49464 61
      vertex -84.5 15 61
      vertex -72.0637 4.41434 61
    endloop
  endfacet
  facet normal 0 0 1
    outer loop
      vertex -68.4955 5.97951 61
      vertex -84.5 15 61
      vertex -70.4102 5.49464 61
    endloop
  endfacet
  facet normal -0 0 1
    outer loop
      vertex -62.3251 -1.9482 61
      vertex -51.5 -15 61
      vertex -62 0 61
    endloop
  endfacet
  facet normal -0 0 1
    outer loop
      vertex -63.2652 -3.68528 61
      vertex -51.5 -15 61
      vertex -62.3251 -1.9482 61
    endloop
  endfacet
  facet normal -0 0 1
    outer loop
      vertex -64.7183 -5.023 61
      vertex -51.5 -15 61
      vertex -63.2652 -3.68528 61
    endloop
  endfacet
  facet normal -0 0 1
    outer loop
      vertex -66.5271 -5.8164 61
      vertex -51.5 -15 61
      vertex -64.7183 -5.023 61
    endloop
  endfacet
  facet normal -0 0 1
    outer loop
      vertex -68.4955 -5.97951 61
      vertex -51.5 -15 61
      vertex -66.5271 -5.8164 61
    endloop
  endfacet
  facet normal 0 0 1
    outer loop
      vertex -84.5 -15 61
      vertex -68.4955 -5.97951 61
      vertex -70.4102 -5.49464 61
    endloop
  endfacet
  facet normal 0 0 1
    outer loop
      vertex -84.5 -15 61
      vertex -73.9182 -0.987567 61
      vertex -84.5 15 61
    endloop
  endfacet
  facet normal 0 0 1
    outer loop
      vertex -68.4955 -5.97951 61
      vertex -84.5 -15 61
      vertex -51.5 -15 61
    endloop
  endfacet
  facet normal 0 0 1
    outer loop
      vertex -72.0637 -4.41434 61
      vertex -84.5 -15 61
      vertex -70.4102 -5.49464 61
    endloop
  endfacet
  facet normal 0 0 1
    outer loop
      vertex -73.2768 -2.85568 61
      vertex -84.5 -15 61
      vertex -72.0637 -4.41434 61
    endloop
  endfacet
  facet normal 0 0 1
    outer loop
      vertex -73.9182 -0.987567 61
      vertex -84.5 -15 61
      vertex -73.2768 -2.85568 61
    endloop
  endfacet
  facet normal 0 0 -1
    outer loop
      vertex -84.5 -15 59
      vertex -51.5 15 59
      vertex -51.5 -15 59
    endloop
  endfacet
  facet normal -0 0 -1
    outer loop
      vertex -51.5 15 59
      vertex -84.5 -15 59
      vertex -84.5 15 59
    endloop
  endfacet
  facet normal -1 0 0
    outer loop
      vertex -84.5 -15 59
      vertex -84.5 15 61
      vertex -84.5 15 59
    endloop
  endfacet
  facet normal -1 -0 0
    outer loop
      vertex -84.5 15 61
      vertex -84.5 -15 59
      vertex -84.5 -15 61
    endloop
  endfacet
  facet normal 0 1 -0
    outer loop
      vertex -51.5 15 59
      vertex -84.5 15 61
      vertex -51.5 15 61
    endloop
  endfacet
  facet normal 0 1 0
    outer loop
      vertex -84.5 15 61
      vertex -51.5 15 59
      vertex -84.5 15 59
    endloop
  endfacet
  facet normal 0 -1 0
    outer loop
      vertex -84.5 -15 59
      vertex -51.5 -15 61
      vertex -84.5 -15 61
    endloop
  endfacet
  facet normal 0 -1 -0
    outer loop
      vertex -51.5 -15 61
      vertex -84.5 -15 59
      vertex -51.5 -15 59
    endloop
  endfacet
  facet normal 0.879465 0.475963 0
    outer loop
      vertex -62.3251 1.9482 69
      vertex -63.2652 3.68528 61
      vertex -63.2652 3.68528 69
    endloop
  endfacet
  facet normal 0.879465 0.475963 0
    outer loop
      vertex -63.2652 3.68528 61
      vertex -62.3251 1.9482 69
      vertex -62.3251 1.9482 61
    endloop
  endfacet
  facet normal 0.986361 0.164596 0
    outer loop
      vertex -62 0 69
      vertex -62.3251 1.9482 61
      vertex -62.3251 1.9482 69
    endloop
  endfacet
  facet normal 0.986361 0.164596 0
    outer loop
      vertex -62.3251 1.9482 61
      vertex -62 0 69
      vertex -62 0 61
    endloop
  endfacet
  facet normal 0.677295 0.735712 -0
    outer loop
      vertex -63.2652 3.68528 61
      vertex -64.7183 5.023 69
      vertex -63.2652 3.68528 69
    endloop
  endfacet
  facet normal 0.677295 0.735712 0
    outer loop
      vertex -64.7183 5.023 69
      vertex -63.2652 3.68528 61
      vertex -64.7183 5.023 61
    endloop
  endfacet
  facet normal -0.945805 0.324734 0
    outer loop
      vertex -73.9182 0.987567 61
      vertex -73.2768 2.85568 69
      vertex -73.2768 2.85568 61
    endloop
  endfacet
  facet normal -0.945805 0.324734 0
    outer loop
      vertex -73.2768 2.85568 69
      vertex -73.9182 0.987567 61
      vertex -73.9182 0.987567 69
    endloop
  endfacet
  facet normal 0.40169 -0.915776 0
    outer loop
      vertex -66.5271 -5.8164 61
      vertex -64.7183 -5.023 69
      vertex -66.5271 -5.8164 69
    endloop
  endfacet
  facet normal 0.40169 -0.915776 0
    outer loop
      vertex -64.7183 -5.023 69
      vertex -66.5271 -5.8164 61
      vertex -64.7183 -5.023 61
    endloop
  endfacet
  facet normal -0.245486 -0.9694 0
    outer loop
      vertex -70.4102 -5.49464 61
      vertex -68.4955 -5.97951 69
      vertex -70.4102 -5.49464 69
    endloop
  endfacet
  facet normal -0.245486 -0.9694 -0
    outer loop
      vertex -68.4955 -5.97951 69
      vertex -70.4102 -5.49464 61
      vertex -68.4955 -5.97951 61
    endloop
  endfacet
  facet normal -0.546953 -0.837163 0
    outer loop
      vertex -72.0637 -4.41434 61
      vertex -70.4102 -5.49464 69
      vertex -72.0637 -4.41434 69
    endloop
  endfacet
  facet normal -0.546953 -0.837163 -0
    outer loop
      vertex -70.4102 -5.49464 69
      vertex -72.0637 -4.41434 61
      vertex -70.4102 -5.49464 61
    endloop
  endfacet
  facet normal -0.546953 0.837163 0
    outer loop
      vertex -70.4102 5.49464 61
      vertex -72.0637 4.41434 69
      vertex -70.4102 5.49464 69
    endloop
  endfacet
  facet normal -0.546953 0.837163 0
    outer loop
      vertex -72.0637 4.41434 69
      vertex -70.4102 5.49464 61
      vertex -72.0637 4.41434 61
    endloop
  endfacet
  facet normal 0.40169 0.915776 -0
    outer loop
      vertex -64.7183 5.023 61
      vertex -66.5271 5.8164 69
      vertex -64.7183 5.023 69
    endloop
  endfacet
  facet normal 0.40169 0.915776 0
    outer loop
      vertex -66.5271 5.8164 69
      vertex -64.7183 5.023 61
      vertex -66.5271 5.8164 61
    endloop
  endfacet
  facet normal 0.0825812 0.996584 -0
    outer loop
      vertex -66.5271 5.8164 61
      vertex -68.4955 5.97951 69
      vertex -66.5271 5.8164 69
    endloop
  endfacet
  facet normal 0.0825812 0.996584 0
    outer loop
      vertex -68.4955 5.97951 69
      vertex -66.5271 5.8164 61
      vertex -68.4955 5.97951 61
    endloop
  endfacet
  facet normal -0.245486 0.9694 0
    outer loop
      vertex -68.4955 5.97951 61
      vertex -70.4102 5.49464 69
      vertex -68.4955 5.97951 69
    endloop
  endfacet
  facet normal -0.245486 0.9694 0
    outer loop
      vertex -70.4102 5.49464 69
      vertex -68.4955 5.97951 61
      vertex -70.4102 5.49464 61
    endloop
  endfacet
  facet normal -1 0 0
    outer loop
      vertex -73.9182 -0.987567 61
      vertex -73.9182 0.987567 69
      vertex -73.9182 0.987567 61
    endloop
  endfacet
  facet normal -1 -0 0
    outer loop
      vertex -73.9182 0.987567 69
      vertex -73.9182 -0.987567 61
      vertex -73.9182 -0.987567 69
    endloop
  endfacet
  facet normal 0.677295 -0.735712 0
    outer loop
      vertex -64.7183 -5.023 61
      vertex -63.2652 -3.68528 69
      vertex -64.7183 -5.023 69
    endloop
  endfacet
  facet normal 0.677295 -0.735712 0
    outer loop
      vertex -63.2652 -3.68528 69
      vertex -64.7183 -5.023 61
      vertex -63.2652 -3.68528 61
    endloop
  endfacet
  facet normal 0.986361 -0.164596 0
    outer loop
      vertex -62.3251 -1.9482 69
      vertex -62 0 61
      vertex -62 0 69
    endloop
  endfacet
  facet normal 0.986361 -0.164596 0
    outer loop
      vertex -62 0 61
      vertex -62.3251 -1.9482 69
      vertex -62.3251 -1.9482 61
    endloop
  endfacet
  facet normal -0.945805 -0.324734 0
    outer loop
      vertex -73.2768 -2.85568 61
      vertex -73.9182 -0.987567 69
      vertex -73.9182 -0.987567 61
    endloop
  endfacet
  facet normal -0.945805 -0.324734 0
    outer loop
      vertex -73.9182 -0.987567 69
      vertex -73.2768 -2.85568 61
      vertex -73.2768 -2.85568 69
    endloop
  endfacet
  facet normal 0 0 1
    outer loop
      vertex -62.3251 1.9482 69
      vertex -62.3251 -1.9482 69
      vertex -62 0 69
    endloop
  endfacet
  facet normal 0 0 1
    outer loop
      vertex -63.2652 3.68528 69
      vertex -62.3251 -1.9482 69
      vertex -62.3251 1.9482 69
    endloop
  endfacet
  facet normal 0 0 1
    outer loop
      vertex -63.2652 3.68528 69
      vertex -63.2652 -3.68528 69
      vertex -62.3251 -1.9482 69
    endloop
  endfacet
  facet normal 0 0 1
    outer loop
      vertex -64.7183 5.023 69
      vertex -63.2652 -3.68528 69
      vertex -63.2652 3.68528 69
    endloop
  endfacet
  facet normal 0 0 1
    outer loop
      vertex -64.7183 5.023 69
      vertex -64.7183 -5.023 69
      vertex -63.2652 -3.68528 69
    endloop
  endfacet
  facet normal 0 0 1
    outer loop
      vertex -66.5271 5.8164 69
      vertex -64.7183 -5.023 69
      vertex -64.7183 5.023 69
    endloop
  endfacet
  facet normal 0 0 1
    outer loop
      vertex -66.5271 5.8164 69
      vertex -66.5271 -5.8164 69
      vertex -64.7183 -5.023 69
    endloop
  endfacet
  facet normal 0 0 1
    outer loop
      vertex -68.4955 5.97951 69
      vertex -66.5271 -5.8164 69
      vertex -66.5271 5.8164 69
    endloop
  endfacet
  facet normal 0 0 1
    outer loop
      vertex -68.4955 5.97951 69
      vertex -68.4955 -5.97951 69
      vertex -66.5271 -5.8164 69
    endloop
  endfacet
  facet normal -0 0 1
    outer loop
      vertex -70.4102 5.49464 69
      vertex -68.4955 -5.97951 69
      vertex -68.4955 5.97951 69
    endloop
  endfacet
  facet normal 0 0 1
    outer loop
      vertex -70.4102 5.49464 69
      vertex -70.4102 -5.49464 69
      vertex -68.4955 -5.97951 69
    endloop
  endfacet
  facet normal -0 0 1
    outer loop
      vertex -72.0637 4.41434 69
      vertex -70.4102 -5.49464 69
      vertex -70.4102 5.49464 69
    endloop
  endfacet
  facet normal 0 0 1
    outer loop
      vertex -72.0637 4.41434 69
      vertex -72.0637 -4.41434 69
      vertex -70.4102 -5.49464 69
    endloop
  endfacet
  facet normal -0 0 1
    outer loop
      vertex -73.2768 2.85568 69
      vertex -72.0637 -4.41434 69
      vertex -72.0637 4.41434 69
    endloop
  endfacet
  facet normal 0 0 1
    outer loop
      vertex -73.2768 2.85568 69
      vertex -73.2768 -2.85568 69
      vertex -72.0637 -4.41434 69
    endloop
  endfacet
  facet normal -0 0 1
    outer loop
      vertex -73.9182 0.987567 69
      vertex -73.2768 -2.85568 69
      vertex -73.2768 2.85568 69
    endloop
  endfacet
  facet normal 0 0 1
    outer loop
      vertex -73.2768 -2.85568 69
      vertex -73.9182 0.987567 69
      vertex -73.9182 -0.987567 69
    endloop
  endfacet
  facet normal -0.789154 -0.614196 0
    outer loop
      vertex -72.0637 -4.41434 61
      vertex -73.2768 -2.85568 69
      vertex -73.2768 -2.85568 61
    endloop
  endfacet
  facet normal -0.789154 -0.614196 0
    outer loop
      vertex -73.2768 -2.85568 69
      vertex -72.0637 -4.41434 61
      vertex -72.0637 -4.41434 69
    endloop
  endfacet
  facet normal 0.879465 -0.475963 0
    outer loop
      vertex -63.2652 -3.68528 69
      vertex -62.3251 -1.9482 61
      vertex -62.3251 -1.9482 69
    endloop
  endfacet
  facet normal 0.879465 -0.475963 0
    outer loop
      vertex -62.3251 -1.9482 61
      vertex -63.2652 -3.68528 69
      vertex -63.2652 -3.68528 61
    endloop
  endfacet
  facet normal -0.789154 0.614196 0
    outer loop
      vertex -73.2768 2.85568 61
      vertex -72.0637 4.41434 69
      vertex -72.0637 4.41434 61
    endloop
  endfacet
  facet normal -0.789154 0.614196 0
    outer loop
      vertex -72.0637 4.41434 69
      vertex -73.2768 2.85568 61
      vertex -73.2768 2.85568 69
    endloop
  endfacet
  facet normal 0.0825812 -0.996584 0
    outer loop
      vertex -68.4955 -5.97951 61
      vertex -66.5271 -5.8164 69
      vertex -68.4955 -5.97951 69
    endloop
  endfacet
  facet normal 0.0825812 -0.996584 0
    outer loop
      vertex -66.5271 -5.8164 69
      vertex -68.4955 -5.97951 61
      vertex -66.5271 -5.8164 61
    endloop
  endfacet
  facet normal 1 0 0
    outer loop
      vertex 35 17.5 0
      vertex 35 4 -8.5
      vertex 35 17.5 -25
    endloop
  endfacet
  facet normal 1 0 0
    outer loop
      vertex 35 17.5 0
      vertex 35 -4 -8.5
      vertex 35 4 -8.5
    endloop
  endfacet
  facet normal 1 0 0
    outer loop
      vertex 35 -4 -8.5
      vertex 35 -17.5 0
      vertex 35 -4 -16.5
    endloop
  endfacet
  facet normal 1 -0 0
    outer loop
      vertex 35 -17.5 0
      vertex 35 -4 -8.5
      vertex 35 17.5 0
    endloop
  endfacet
  facet normal 1 -0 0
    outer loop
      vertex 35 4 -16.5
      vertex 35 17.5 -25
      vertex 35 4 -8.5
    endloop
  endfacet
  facet normal 1 -0 0
    outer loop
      vertex 35 -4 -16.5
      vertex 35 17.5 -25
      vertex 35 4 -16.5
    endloop
  endfacet
  facet normal 1 0 0
    outer loop
      vertex 35 -4 -16.5
      vertex 35 -17.5 -25
      vertex 35 17.5 -25
    endloop
  endfacet
  facet normal 1 0 0
    outer loop
      vertex 35 -17.5 -25
      vertex 35 -4 -16.5
      vertex 35 -17.5 0
    endloop
  endfacet
  facet normal 0 0 -1
    outer loop
      vertex -35 -17.5 -25
      vertex 35 17.5 -25
      vertex 35 -17.5 -25
    endloop
  endfacet
  facet normal -0 0 -1
    outer loop
      vertex 35 17.5 -25
      vertex -35 -17.5 -25
      vertex -35 17.5 -25
    endloop
  endfacet
  facet normal -1 0 0
    outer loop
      vertex -35 -17.5 -25
      vertex -35 17.5 0
      vertex -35 17.5 -25
    endloop
  endfacet
  facet normal -1 -0 0
    outer loop
      vertex -35 17.5 0
      vertex -35 -17.5 -25
      vertex -35 -17.5 0
    endloop
  endfacet
  facet normal 0 1 -0
    outer loop
      vertex 35 17.5 -25
      vertex -35 17.5 0
      vertex 35 17.5 0
    endloop
  endfacet
  facet normal 0 1 0
    outer loop
      vertex -35 17.5 0
      vertex 35 17.5 -25
      vertex -35 17.5 -25
    endloop
  endfacet
  facet normal 0 -1 0
    outer loop
      vertex -35 -17.5 -25
      vertex 35 -17.5 0
      vertex -35 -17.5 0
    endloop
  endfacet
  facet normal 0 -1 -0
    outer loop
      vertex 35 -17.5 0
      vertex -35 -17.5 -25
      vertex 35 -17.5 -25
    endloop
  endfacet
  facet normal 1 -0 0
    outer loop
      vertex 45 -4 -8.5
      vertex 45 4 -16.5
      vertex 45 4 -8.5
    endloop
  endfacet
  facet normal 1 0 0
    outer loop
      vertex 45 4 -16.5
      vertex 45 -4 -8.5
      vertex 45 -4 -16.5
    endloop
  endfacet
  facet normal -0 0 1
    outer loop
      vertex 35 4 -8.5
      vertex 45 -4 -8.5
      vertex 45 4 -8.5
    endloop
  endfacet
  facet normal 0 0 1
    outer loop
      vertex 45 -4 -8.5
      vertex 35 4 -8.5
      vertex 35 -4 -8.5
    endloop
  endfacet
  facet normal 0 0 -1
    outer loop
      vertex 35 -4 -16.5
      vertex 45 4 -16.5
      vertex 45 -4 -16.5
    endloop
  endfacet
  facet normal -0 0 -1
    outer loop
      vertex 45 4 -16.5
      vertex 35 -4 -16.5
      vertex 35 4 -16.5
    endloop
  endfacet
  facet normal 0 1 -0
    outer loop
      vertex 45 4 -16.5
      vertex 35 4 -8.5
      vertex 45 4 -8.5
    endloop
  endfacet
  facet normal 0 1 0
    outer loop
      vertex 35 4 -8.5
      vertex 45 4 -16.5
      vertex 35 4 -16.5
    endloop
  endfacet
  facet normal 0 -1 0
    outer loop
      vertex 35 -4 -16.5
      vertex 45 -4 -8.5
      vertex 35 -4 -8.5
    endloop
  endfacet
  facet normal 0 -1 -0
    outer loop
      vertex 45 -4 -8.5
      vertex 35 -4 -16.5
      vertex 45 -4 -16.5
    endloop
  endfacet
  facet normal -0.777146 -0.62932 0
    outer loop
      vertex 54.8008 54.8008 4
      vertex 53.2878 56.6692 21
      vertex 53.2878 56.6692 4
    endloop
  endfacet
  facet normal -0.777146 -0.62932 0
    outer loop
      vertex 53.2878 56.6692 21
      vertex 54.8008 54.8008 4
      vertex 54.8008 54.8008 21
    endloop
  endfacet
  facet normal 0.453989 0.891007 -0
    outer loop
      vertex 69.1959 72.5772 4
      vertex 67.0537 73.6687 21
      vertex 69.1959 72.5772 21
    endloop
  endfacet
  facet normal 0.453989 0.891007 0
    outer loop
      vertex 67.0537 73.6687 21
      vertex 69.1959 72.5772 4
      vertex 67.0537 73.6687 4
    endloop
  endfacet
  facet normal -0.544639 0.838671 0
    outer loop
      vertex 57.7116 73.1791 4
      vertex 55.6953 71.8697 21
      vertex 57.7116 73.1791 21
    endloop
  endfacet
  facet normal -0.544639 0.838671 0
    outer loop
      vertex 55.6953 71.8697 21
      vertex 57.7116 73.1791 4
      vertex 55.6953 71.8697 4
    endloop
  endfacet
  facet normal -0.998631 -0.0523005 0
    outer loop
      vertex 51.5503 61.5868 4
      vertex 51.4483 63.5344 21
      vertex 51.4483 63.5344 4
    endloop
  endfacet
  facet normal -0.998625 -0.0524316 -0
    outer loop
      vertex 51.5741 61.1335 21
      vertex 51.5503 61.5868 4
      vertex 51.5741 61.1335 4
    endloop
  endfacet
  facet normal -0.99863 -0.0523252 2.84503e-06
    outer loop
      vertex 51.5503 61.5868 4
      vertex 51.5741 61.1335 21
      vertex 51.4483 63.5344 21
    endloop
  endfacet
  facet normal 0 0 1
    outer loop
      vertex 51.569 64.297 4
      vertex 50.2046 62.9325 4
      vertex 51.4483 63.5344 4
    endloop
  endfacet
  facet normal 0 0 1
    outer loop
      vertex 51.5503 61.5868 4
      vertex 51.4483 63.5344 4
      vertex 50.2046 62.9325 4
    endloop
  endfacet
  facet normal 0 0 1
    outer loop
      vertex 62.9325 75.6604 4
      vertex 62.3306 74.4167 4
      vertex 64.2783 74.3147 4
    endloop
  endfacet
  facet normal 0 -0 1
    outer loop
      vertex 62.3306 74.4167 4
      vertex 62.9325 75.6604 4
      vertex 61.568 74.296 4
    endloop
  endfacet
  facet normal 0 0 1
    outer loop
      vertex 75.6604 62.9325 4
      vertex 74.3147 64.2783 4
      vertex 74.4167 62.3306 4
    endloop
  endfacet
  facet normal 0 0 1
    outer loop
      vertex 75.6604 62.9325 4
      vertex 74.4167 62.3306 4
      vertex 74.296 61.568 4
    endloop
  endfacet
  facet normal 0 0 -1
    outer loop
      vertex 61.568 74.296 4
      vertex 57.7116 73.1791 4
      vertex 59.9561 74.0406 4
    endloop
  endfacet
  facet normal 0 0 -1
    outer loop
      vertex 61.568 74.296 4
      vertex 55.6953 71.8697 4
      vertex 57.7116 73.1791 4
    endloop
  endfacet
  facet normal 0 0 -1
    outer loop
      vertex 61.568 74.296 4
      vertex 53.9953 70.1697 4
      vertex 55.6953 71.8697 4
    endloop
  endfacet
  facet normal 0 0 -1
    outer loop
      vertex 61.568 74.296 4
      vertex 52.6859 68.1534 4
      vertex 53.9953 70.1697 4
    endloop
  endfacet
  facet normal 0 0 -1
    outer loop
      vertex 51.569 64.297 4
      vertex 52.6859 68.1534 4
      vertex 61.568 74.296 4
    endloop
  endfacet
  facet normal 0 0 -1
    outer loop
      vertex 52.6859 68.1534 4
      vertex 51.569 64.297 4
      vertex 51.8244 65.9089 4
    endloop
  endfacet
  facet normal 0 0 -1
    outer loop
      vertex 74.3147 64.2783 4
      vertex 73.6687 67.0537 4
      vertex 74.2909 64.7315 4
    endloop
  endfacet
  facet normal 0 0 -1
    outer loop
      vertex 74.3147 64.2783 4
      vertex 72.5772 69.1959 4
      vertex 73.6687 67.0537 4
    endloop
  endfacet
  facet normal 0 0 -1
    outer loop
      vertex 74.3147 64.2783 4
      vertex 71.0642 71.0642 4
      vertex 72.5772 69.1959 4
    endloop
  endfacet
  facet normal 0 0 -1
    outer loop
      vertex 74.3147 64.2783 4
      vertex 69.1959 72.5772 4
      vertex 71.0642 71.0642 4
    endloop
  endfacet
  facet normal 0 0 -1
    outer loop
      vertex 74.3147 64.2783 4
      vertex 67.0537 73.6687 4
      vertex 69.1959 72.5772 4
    endloop
  endfacet
  facet normal 0 0 -1
    outer loop
      vertex 64.2783 74.3147 4
      vertex 67.0537 73.6687 4
      vertex 74.3147 64.2783 4
    endloop
  endfacet
  facet normal 0 0 -1
    outer loop
      vertex 67.0537 73.6687 4
      vertex 64.2783 74.3147 4
      vertex 64.7315 74.2909 4
    endloop
  endfacet
  facet normal -0.358338 0.933592 0
    outer loop
      vertex 59.9561 74.0406 4
      vertex 57.7116 73.1791 21
      vertex 59.9561 74.0406 21
    endloop
  endfacet
  facet normal -0.358338 0.933592 0
    outer loop
      vertex 57.7116 73.1791 21
      vertex 59.9561 74.0406 4
      vertex 57.7116 73.1791 4
    endloop
  endfacet
  facet normal 0.77713 0.629341 0
    outer loop
      vertex 72.5772 69.1959 21
      vertex 71.0642 71.0642 4
      vertex 71.0642 71.0642 21
    endloop
  endfacet
  facet normal 0.77713 0.629341 0
    outer loop
      vertex 71.0642 71.0642 4
      vertex 72.5772 69.1959 21
      vertex 72.5772 69.1959 4
    endloop
  endfacet
  facet normal 0.629341 0.77713 -0
    outer loop
      vertex 71.0642 71.0642 4
      vertex 69.1959 72.5772 21
      vertex 71.0642 71.0642 21
    endloop
  endfacet
  facet normal 0.629341 0.77713 0
    outer loop
      vertex 69.1959 72.5772 21
      vertex 71.0642 71.0642 4
      vertex 69.1959 72.5772 4
    endloop
  endfacet
  facet normal -0.890999 -0.454006 0
    outer loop
      vertex 53.2878 56.6692 4
      vertex 52.1963 58.8113 21
      vertex 52.1963 58.8113 4
    endloop
  endfacet
  facet normal -0.890999 -0.454006 0
    outer loop
      vertex 52.1963 58.8113 21
      vertex 53.2878 56.6692 4
      vertex 53.2878 56.6692 21
    endloop
  endfacet
  facet normal 0.156441 -0.987687 0
    outer loop
      vertex 63.5344 51.4483 4
      vertex 65.9089 51.8244 21
      vertex 63.5344 51.4483 21
    endloop
  endfacet
  facet normal 0.156441 -0.987687 0
    outer loop
      vertex 65.9089 51.8244 21
      vertex 63.5344 51.4483 4
      vertex 65.9089 51.8244 4
    endloop
  endfacet
  facet normal -0.454006 -0.890999 0
    outer loop
      vertex 56.6692 53.2878 4
      vertex 58.8113 52.1963 21
      vertex 56.6692 53.2878 21
    endloop
  endfacet
  facet normal -0.454006 -0.890999 -0
    outer loop
      vertex 58.8113 52.1963 21
      vertex 56.6692 53.2878 4
      vertex 58.8113 52.1963 4
    endloop
  endfacet
  facet normal 0.998624 0.0524432 0
    outer loop
      vertex 74.2909 64.7315 21
      vertex 74.3147 64.2783 4
      vertex 74.2909 64.7315 4
    endloop
  endfacet
  facet normal 0.99863 0.0523252 3.15282e-06
    outer loop
      vertex 74.4167 62.3306 21
      vertex 74.3147 64.2783 4
      vertex 74.2909 64.7315 21
    endloop
  endfacet
  facet normal 0.998632 0.0522978 0
    outer loop
      vertex 74.3147 64.2783 4
      vertex 74.4167 62.3306 21
      vertex 74.4167 62.3306 4
    endloop
  endfacet
  facet normal -0.838671 0.544639 0
    outer loop
      vertex 52.6859 68.1534 4
      vertex 53.9953 70.1697 21
      vertex 53.9953 70.1697 4
    endloop
  endfacet
  facet normal -0.838671 0.544639 0
    outer loop
      vertex 53.9953 70.1697 21
      vertex 52.6859 68.1534 4
      vertex 52.6859 68.1534 21
    endloop
  endfacet
  facet normal -0 0 1
    outer loop
      vertex 65.4325 62.9325 21
      vertex 74.4167 62.3306 21
      vertex 74.2909 64.7315 21
    endloop
  endfacet
  facet normal 0 0 1
    outer loop
      vertex 65.4325 62.9325 21
      vertex 74.2909 64.7315 21
      vertex 73.6687 67.0537 21
    endloop
  endfacet
  facet normal 0 0 1
    outer loop
      vertex 74.4167 62.3306 21
      vertex 65.4325 62.9325 21
      vertex 74.0406 59.9561 21
    endloop
  endfacet
  facet normal 0 0 1
    outer loop
      vertex 64.7003 64.7003 21
      vertex 73.6687 67.0537 21
      vertex 72.5772 69.1959 21
    endloop
  endfacet
  facet normal 0 0 1
    outer loop
      vertex 74.0406 59.9561 21
      vertex 65.4325 62.9325 21
      vertex 73.1791 57.7116 21
    endloop
  endfacet
  facet normal 0 0 1
    outer loop
      vertex 64.7003 64.7003 21
      vertex 72.5772 69.1959 21
      vertex 71.0642 71.0642 21
    endloop
  endfacet
  facet normal -0 0 1
    outer loop
      vertex 64.7003 61.1647 21
      vertex 73.1791 57.7116 21
      vertex 65.4325 62.9325 21
    endloop
  endfacet
  facet normal 0 0 1
    outer loop
      vertex 64.7003 64.7003 21
      vertex 71.0642 71.0642 21
      vertex 69.1959 72.5772 21
    endloop
  endfacet
  facet normal 0 0 1
    outer loop
      vertex 73.1791 57.7116 21
      vertex 64.7003 61.1647 21
      vertex 71.8697 55.6953 21
    endloop
  endfacet
  facet normal 0 0 1
    outer loop
      vertex 64.7003 64.7003 21
      vertex 69.1959 72.5772 21
      vertex 67.0537 73.6687 21
    endloop
  endfacet
  facet normal 0 0 1
    outer loop
      vertex 71.8697 55.6953 21
      vertex 64.7003 61.1647 21
      vertex 70.1697 53.9953 21
    endloop
  endfacet
  facet normal 0 0 1
    outer loop
      vertex 70.1697 53.9953 21
      vertex 64.7003 61.1647 21
      vertex 68.1534 52.6859 21
    endloop
  endfacet
  facet normal 0 0 1
    outer loop
      vertex 62.9325 65.4325 21
      vertex 67.0537 73.6687 21
      vertex 64.7315 74.2909 21
    endloop
  endfacet
  facet normal 0 0 1
    outer loop
      vertex 73.6687 67.0537 21
      vertex 64.7003 64.7003 21
      vertex 65.4325 62.9325 21
    endloop
  endfacet
  facet normal 0 0 1
    outer loop
      vertex 67.0537 73.6687 21
      vertex 62.9325 65.4325 21
      vertex 64.7003 64.7003 21
    endloop
  endfacet
  facet normal 0 0 1
    outer loop
      vertex 62.3306 74.4167 21
      vertex 62.9325 65.4325 21
      vertex 64.7315 74.2909 21
    endloop
  endfacet
  facet normal -0 0 1
    outer loop
      vertex 59.9561 74.0406 21
      vertex 62.9325 65.4325 21
      vertex 62.3306 74.4167 21
    endloop
  endfacet
  facet normal -0 0 1
    outer loop
      vertex 57.7116 73.1791 21
      vertex 62.9325 65.4325 21
      vertex 59.9561 74.0406 21
    endloop
  endfacet
  facet normal 0 0 1
    outer loop
      vertex 62.9325 65.4325 21
      vertex 57.7116 73.1791 21
      vertex 61.1647 64.7003 21
    endloop
  endfacet
  facet normal -0 0 1
    outer loop
      vertex 55.6953 71.8697 21
      vertex 61.1647 64.7003 21
      vertex 57.7116 73.1791 21
    endloop
  endfacet
  facet normal -0 0 1
    outer loop
      vertex 53.9953 70.1697 21
      vertex 61.1647 64.7003 21
      vertex 55.6953 71.8697 21
    endloop
  endfacet
  facet normal -0 0 1
    outer loop
      vertex 52.6859 68.1534 21
      vertex 61.1647 64.7003 21
      vertex 53.9953 70.1697 21
    endloop
  endfacet
  facet normal 0 -0 1
    outer loop
      vertex 58.8113 52.1963 21
      vertex 60 52.5 21
      vertex 56.6692 53.2878 21
    endloop
  endfacet
  facet normal 0 0 1
    outer loop
      vertex 60 52.5 21
      vertex 58.8113 52.1963 21
      vertex 59.0879 52.1222 21
    endloop
  endfacet
  facet normal 0 0 1
    outer loop
      vertex 61.1647 64.7003 21
      vertex 52.6859 68.1534 21
      vertex 60.4325 62.9325 21
    endloop
  endfacet
  facet normal 0 0 1
    outer loop
      vertex 60.4325 62.9325 21
      vertex 56.6692 53.2878 21
      vertex 60 52.5 21
    endloop
  endfacet
  facet normal -0 0 1
    outer loop
      vertex 51.8244 65.9089 21
      vertex 60.4325 62.9325 21
      vertex 52.6859 68.1534 21
    endloop
  endfacet
  facet normal 0 -0 1
    outer loop
      vertex 56.6692 53.2878 21
      vertex 60.4325 62.9325 21
      vertex 54.8008 54.8008 21
    endloop
  endfacet
  facet normal -0 0 1
    outer loop
      vertex 51.4483 63.5344 21
      vertex 60.4325 62.9325 21
      vertex 51.8244 65.9089 21
    endloop
  endfacet
  facet normal 0 -0 1
    outer loop
      vertex 54.8008 54.8008 21
      vertex 60.4325 62.9325 21
      vertex 53.2878 56.6692 21
    endloop
  endfacet
  facet normal 0 -0 1
    outer loop
      vertex 51.5741 61.1335 21
      vertex 60.4325 62.9325 21
      vertex 51.4483 63.5344 21
    endloop
  endfacet
  facet normal 0 -0 1
    outer loop
      vertex 53.2878 56.6692 21
      vertex 60.4325 62.9325 21
      vertex 52.1963 58.8113 21
    endloop
  endfacet
  facet normal 0 -0 1
    outer loop
      vertex 52.1963 58.8113 21
      vertex 60.4325 62.9325 21
      vertex 51.5741 61.1335 21
    endloop
  endfacet
  facet normal -0 0 1
    outer loop
      vertex 62.9325 60.4325 21
      vertex 68.1534 52.6859 21
      vertex 64.7003 61.1647 21
    endloop
  endfacet
  facet normal 0 0 1
    outer loop
      vertex 68.1534 52.6859 21
      vertex 62.9325 60.4325 21
      vertex 65.9089 51.8244 21
    endloop
  endfacet
  facet normal 0 0 1
    outer loop
      vertex 65.9089 51.8244 21
      vertex 62.9325 60.4325 21
      vertex 63.5344 51.4483 21
    endloop
  endfacet
  facet normal -0 0 1
    outer loop
      vertex 61.7678 51.7678 21
      vertex 63.5344 51.4483 21
      vertex 62.9325 60.4325 21
    endloop
  endfacet
  facet normal 0 0 1
    outer loop
      vertex 63.5344 51.4483 21
      vertex 61.7678 51.7678 21
      vertex 61.8638 51.5358 21
    endloop
  endfacet
  facet normal 0 0 1
    outer loop
      vertex 60 52.5 21
      vertex 62.9325 60.4325 21
      vertex 61.1647 61.1647 21
    endloop
  endfacet
  facet normal 0 0 1
    outer loop
      vertex 60 52.5 21
      vertex 61.1647 61.1647 21
      vertex 60.4325 62.9325 21
    endloop
  endfacet
  facet normal 0 0 1
    outer loop
      vertex 62.9325 60.4325 21
      vertex 60 52.5 21
      vertex 61.7678 51.7678 21
    endloop
  endfacet
  facet normal 0.358338 -0.933592 0
    outer loop
      vertex 65.9089 51.8244 4
      vertex 68.1534 52.6859 21
      vertex 65.9089 51.8244 21
    endloop
  endfacet
  facet normal 0.358338 -0.933592 0
    outer loop
      vertex 68.1534 52.6859 21
      vertex 65.9089 51.8244 4
      vertex 68.1534 52.6859 4
    endloop
  endfacet
  facet normal 0.258807 0.965929 -0
    outer loop
      vertex 67.0537 73.6687 4
      vertex 64.7315 74.2909 21
      vertex 67.0537 73.6687 21
    endloop
  endfacet
  facet normal 0.258807 0.965929 0
    outer loop
      vertex 64.7315 74.2909 21
      vertex 67.0537 73.6687 4
      vertex 64.7315 74.2909 4
    endloop
  endfacet
  facet normal 0.987705 -0.156328 0
    outer loop
      vertex 74.4167 62.3306 21
      vertex 74.296 61.568 4
      vertex 74.4167 62.3306 4
    endloop
  endfacet
  facet normal 0.987687 -0.156441 5.18012e-06
    outer loop
      vertex 74.0406 59.9561 21
      vertex 74.296 61.568 4
      vertex 74.4167 62.3306 21
    endloop
  endfacet
  facet normal 0.987679 -0.156494 0
    outer loop
      vertex 74.296 61.568 4
      vertex 74.0406 59.9561 21
      vertex 74.0406 59.9561 4
    endloop
  endfacet
  facet normal -0.987679 0.156494 0
    outer loop
      vertex 51.569 64.297 4
      vertex 51.8244 65.9089 21
      vertex 51.8244 65.9089 4
    endloop
  endfacet
  facet normal -0.987705 0.156328 0
    outer loop
      vertex 51.4483 63.5344 21
      vertex 51.569 64.297 4
      vertex 51.4483 63.5344 4
    endloop
  endfacet
  facet normal -0.987687 0.156441 5.18012e-06
    outer loop
      vertex 51.569 64.297 4
      vertex 51.4483 63.5344 21
      vertex 51.8244 65.9089 21
    endloop
  endfacet
  facet normal 0.965929 0.258807 0
    outer loop
      vertex 74.2909 64.7315 21
      vertex 73.6687 67.0537 4
      vertex 73.6687 67.0537 21
    endloop
  endfacet
  facet normal 0.965929 0.258807 0
    outer loop
      vertex 73.6687 67.0537 4
      vertex 74.2909 64.7315 21
      vertex 74.2909 64.7315 4
    endloop
  endfacet
  facet normal 0.933592 -0.358338 0
    outer loop
      vertex 73.1791 57.7116 21
      vertex 74.0406 59.9561 4
      vertex 74.0406 59.9561 21
    endloop
  endfacet
  facet normal 0.933592 -0.358338 0
    outer loop
      vertex 74.0406 59.9561 4
      vertex 73.1791 57.7116 21
      vertex 73.1791 57.7116 4
    endloop
  endfacet
  facet normal 0.0524432 0.998624 0
    outer loop
      vertex 64.2783 74.3147 4
      vertex 64.7315 74.2909 21
      vertex 64.7315 74.2909 4
    endloop
  endfacet
  facet normal 0.0523252 0.99863 3.15282e-06
    outer loop
      vertex 64.7315 74.2909 21
      vertex 64.2783 74.3147 4
      vertex 62.3306 74.4167 21
    endloop
  endfacet
  facet normal 0.0522978 0.998632 0
    outer loop
      vertex 62.3306 74.4167 21
      vertex 64.2783 74.3147 4
      vertex 62.3306 74.4167 4
    endloop
  endfacet
  facet normal -0.707107 0.707107 0
    outer loop
      vertex 53.9953 70.1697 4
      vertex 55.6953 71.8697 21
      vertex 55.6953 71.8697 4
    endloop
  endfacet
  facet normal -0.707107 0.707107 0
    outer loop
      vertex 55.6953 71.8697 21
      vertex 53.9953 70.1697 4
      vertex 53.9953 70.1697 21
    endloop
  endfacet
  facet normal 0.891007 0.453989 0
    outer loop
      vertex 73.6687 67.0537 21
      vertex 72.5772 69.1959 4
      vertex 72.5772 69.1959 21
    endloop
  endfacet
  facet normal 0.891007 0.453989 0
    outer loop
      vertex 72.5772 69.1959 4
      vertex 73.6687 67.0537 21
      vertex 73.6687 67.0537 4
    endloop
  endfacet
  facet normal -0.0523047 -0.998631 0
    outer loop
      vertex 61.8638 51.5358 4
      vertex 63.5344 51.4483 21
      vertex 61.8638 51.5358 21
    endloop
  endfacet
  facet normal -0.0523047 -0.998631 -0
    outer loop
      vertex 63.5344 51.4483 21
      vertex 61.8638 51.5358 4
      vertex 63.5344 51.4483 4
    endloop
  endfacet
  facet normal -0.156328 0.987705 0
    outer loop
      vertex 61.568 74.296 4
      vertex 62.3306 74.4167 21
      vertex 62.3306 74.4167 4
    endloop
  endfacet
  facet normal -0.156441 0.987687 5.18012e-06
    outer loop
      vertex 62.3306 74.4167 21
      vertex 61.568 74.296 4
      vertex 59.9561 74.0406 21
    endloop
  endfacet
  facet normal -0.156494 0.987679 0
    outer loop
      vertex 59.9561 74.0406 21
      vertex 61.568 74.296 4
      vertex 59.9561 74.0406 4
    endloop
  endfacet
  facet normal -0.258771 -0.965939 0
    outer loop
      vertex 58.8113 52.1963 4
      vertex 59.0879 52.1222 21
      vertex 58.8113 52.1963 21
    endloop
  endfacet
  facet normal -0.258771 -0.965939 -0
    outer loop
      vertex 59.0879 52.1222 21
      vertex 58.8113 52.1963 4
      vertex 59.0879 52.1222 4
    endloop
  endfacet
  facet normal 0.544773 -0.838583 0
    outer loop
      vertex 68.4 52.8461 4
      vertex 68.1534 52.6859 21
      vertex 68.1534 52.6859 4
    endloop
  endfacet
  facet normal 0.544639 -0.838671 -2.7702e-06
    outer loop
      vertex 68.1534 52.6859 21
      vertex 68.4 52.8461 4
      vertex 70.1697 53.9953 21
    endloop
  endfacet
  facet normal 0.54462 -0.838683 0
    outer loop
      vertex 70.1697 53.9953 21
      vertex 68.4 52.8461 4
      vertex 70.1697 53.9953 4
    endloop
  endfacet
  facet normal -0.933592 0.358338 0
    outer loop
      vertex 51.8244 65.9089 4
      vertex 52.6859 68.1534 21
      vertex 52.6859 68.1534 4
    endloop
  endfacet
  facet normal -0.933592 0.358338 0
    outer loop
      vertex 52.6859 68.1534 21
      vertex 51.8244 65.9089 4
      vertex 51.8244 65.9089 21
    endloop
  endfacet
  facet normal 0.707107 -0.707107 0
    outer loop
      vertex 70.1697 53.9953 4
      vertex 71.8697 55.6953 21
      vertex 70.1697 53.9953 21
    endloop
  endfacet
  facet normal 0.707107 -0.707107 0
    outer loop
      vertex 71.8697 55.6953 21
      vertex 70.1697 53.9953 4
      vertex 71.8697 55.6953 4
    endloop
  endfacet
  facet normal -0.62932 -0.777146 0
    outer loop
      vertex 54.8008 54.8008 4
      vertex 56.6692 53.2878 21
      vertex 54.8008 54.8008 21
    endloop
  endfacet
  facet normal -0.62932 -0.777146 -0
    outer loop
      vertex 56.6692 53.2878 21
      vertex 54.8008 54.8008 4
      vertex 56.6692 53.2878 4
    endloop
  endfacet
  facet normal 0.838671 -0.544639 0
    outer loop
      vertex 71.8697 55.6953 21
      vertex 73.1791 57.7116 4
      vertex 73.1791 57.7116 21
    endloop
  endfacet
  facet normal 0.838671 -0.544639 0
    outer loop
      vertex 73.1791 57.7116 4
      vertex 71.8697 55.6953 21
      vertex 71.8697 55.6953 4
    endloop
  endfacet
  facet normal -0.965932 -0.258796 0
    outer loop
      vertex 52.0999 59.171 4
      vertex 51.5741 61.1335 21
      vertex 51.5741 61.1335 4
    endloop
  endfacet
  facet normal -0.965913 -0.258866 -0
    outer loop
      vertex 52.1963 58.8113 21
      vertex 52.0999 59.171 4
      vertex 52.1963 58.8113 4
    endloop
  endfacet
  facet normal -0.965929 -0.258807 1.33937e-06
    outer loop
      vertex 52.0999 59.171 4
      vertex 52.1963 58.8113 21
      vertex 51.5741 61.1335 21
    endloop
  endfacet
  facet normal -0.382663 -0.923888 0
    outer loop
      vertex 61.1647 61.1647 21
      vertex 62.9325 60.4325 31
      vertex 61.1647 61.1647 31
    endloop
  endfacet
  facet normal -0.382663 -0.923888 -0
    outer loop
      vertex 62.9325 60.4325 31
      vertex 61.1647 61.1647 21
      vertex 62.9325 60.4325 21
    endloop
  endfacet
  facet normal -0.382663 0.923888 0
    outer loop
      vertex 62.9325 65.4325 21
      vertex 61.1647 64.7003 31
      vertex 62.9325 65.4325 31
    endloop
  endfacet
  facet normal -0.382663 0.923888 0
    outer loop
      vertex 61.1647 64.7003 31
      vertex 62.9325 65.4325 21
      vertex 61.1647 64.7003 21
    endloop
  endfacet
  facet normal 0.382663 0.923888 -0
    outer loop
      vertex 64.7003 64.7003 21
      vertex 62.9325 65.4325 31
      vertex 64.7003 64.7003 31
    endloop
  endfacet
  facet normal 0.382663 0.923888 0
    outer loop
      vertex 62.9325 65.4325 31
      vertex 64.7003 64.7003 21
      vertex 62.9325 65.4325 21
    endloop
  endfacet
  facet normal 0.382663 -0.923888 0
    outer loop
      vertex 62.9325 60.4325 21
      vertex 64.7003 61.1647 31
      vertex 62.9325 60.4325 31
    endloop
  endfacet
  facet normal 0.382663 -0.923888 0
    outer loop
      vertex 64.7003 61.1647 31
      vertex 62.9325 60.4325 21
      vertex 64.7003 61.1647 21
    endloop
  endfacet
  facet normal -0.923888 -0.382663 0
    outer loop
      vertex 61.1647 61.1647 21
      vertex 60.4325 62.9325 31
      vertex 60.4325 62.9325 21
    endloop
  endfacet
  facet normal -0.923888 -0.382663 0
    outer loop
      vertex 60.4325 62.9325 31
      vertex 61.1647 61.1647 21
      vertex 61.1647 61.1647 31
    endloop
  endfacet
  facet normal 0 0 1
    outer loop
      vertex 64.7003 64.7003 31
      vertex 64.7003 61.1647 31
      vertex 65.4325 62.9325 31
    endloop
  endfacet
  facet normal 0 0 1
    outer loop
      vertex 62.9325 65.4325 31
      vertex 64.7003 61.1647 31
      vertex 64.7003 64.7003 31
    endloop
  endfacet
  facet normal 0 0 1
    outer loop
      vertex 62.9325 65.4325 31
      vertex 62.9325 60.4325 31
      vertex 64.7003 61.1647 31
    endloop
  endfacet
  facet normal -0 0 1
    outer loop
      vertex 61.1647 64.7003 31
      vertex 62.9325 60.4325 31
      vertex 62.9325 65.4325 31
    endloop
  endfacet
  facet normal 0 0 1
    outer loop
      vertex 61.1647 64.7003 31
      vertex 61.1647 61.1647 31
      vertex 62.9325 60.4325 31
    endloop
  endfacet
  facet normal 0 -0 1
    outer loop
      vertex 61.1647 61.1647 31
      vertex 61.1647 64.7003 31
      vertex 60.4325 62.9325 31
    endloop
  endfacet
  facet normal -0.923888 0.382663 0
    outer loop
      vertex 60.4325 62.9325 21
      vertex 61.1647 64.7003 31
      vertex 61.1647 64.7003 21
    endloop
  endfacet
  facet normal -0.923888 0.382663 0
    outer loop
      vertex 61.1647 64.7003 31
      vertex 60.4325 62.9325 21
      vertex 60.4325 62.9325 31
    endloop
  endfacet
  facet normal 0.923888 0.382663 0
    outer loop
      vertex 65.4325 62.9325 31
      vertex 64.7003 64.7003 21
      vertex 64.7003 64.7003 31
    endloop
  endfacet
  facet normal 0.923888 0.382663 0
    outer loop
      vertex 64.7003 64.7003 21
      vertex 65.4325 62.9325 31
      vertex 65.4325 62.9325 21
    endloop
  endfacet
  facet normal 0.923888 -0.382663 0
    outer loop
      vertex 64.7003 61.1647 31
      vertex 65.4325 62.9325 21
      vertex 65.4325 62.9325 31
    endloop
  endfacet
  facet normal 0.923888 -0.382663 0
    outer loop
      vertex 65.4325 62.9325 21
      vertex 64.7003 61.1647 31
      vertex 64.7003 61.1647 21
    endloop
  endfacet
  facet normal 0.707081 0.707133 0
    outer loop
      vertex 64.2783 74.3147 4
      vertex 62.9325 75.6604 1
      vertex 62.9325 75.6604 4
    endloop
  endfacet
  facet normal 0.707107 0.707107 -2.35702e-05
    outer loop
      vertex 74.3147 64.2783 4
      vertex 62.9325 75.6604 1
      vertex 64.2783 74.3147 4
    endloop
  endfacet
  facet normal 0.707133 0.707081 -0
    outer loop
      vertex 75.6604 62.9325 1
      vertex 74.3147 64.2783 4
      vertex 75.6604 62.9325 4
    endloop
  endfacet
  facet normal 0.707107 0.707107 -2.35702e-05
    outer loop
      vertex 74.3147 64.2783 4
      vertex 75.6604 62.9325 1
      vertex 62.9325 75.6604 1
    endloop
  endfacet
  facet normal 0 0 -1
    outer loop
      vertex 68.4 57.4 1
      vertex 64.4711 57.4 1
      vertex 66.468 59.397 1
    endloop
  endfacet
  facet normal 0 0 -1
    outer loop
      vertex 68.4 57.4 1
      vertex 75.6604 62.9325 1
      vertex 68.4 55.6721 1
    endloop
  endfacet
  facet normal 0 0 -1
    outer loop
      vertex 66.468 59.397 1
      vertex 75.6604 62.9325 1
      vertex 68.4 57.4 1
    endloop
  endfacet
  facet normal 0 0 -1
    outer loop
      vertex 66.468 59.397 1
      vertex 62.9325 75.6604 1
      vertex 75.6604 62.9325 1
    endloop
  endfacet
  facet normal 0 0 -1
    outer loop
      vertex 59.397 66.468 1
      vertex 62.9325 75.6604 1
      vertex 66.468 59.397 1
    endloop
  endfacet
  facet normal 0 0 -1
    outer loop
      vertex 50.2046 62.9325 1
      vertex 59.397 66.468 1
      vertex 53.033 60.1041 1
    endloop
  endfacet
  facet normal -0 0 -1
    outer loop
      vertex 59.397 66.468 1
      vertex 50.2046 62.9325 1
      vertex 62.9325 75.6604 1
    endloop
  endfacet
  facet normal -0.707107 -0.707107 0
    outer loop
      vertex 50.2046 62.9325 1
      vertex 51.5503 61.5868 4
      vertex 50.2046 62.9325 4
    endloop
  endfacet
  facet normal -0.707107 -0.707107 -7.40156e-16
    outer loop
      vertex 53.033 60.1041 1
      vertex 51.5503 61.5868 4
      vertex 50.2046 62.9325 1
    endloop
  endfacet
  facet normal -0.707107 -0.707107 0
    outer loop
      vertex 51.5503 61.5868 4
      vertex 53.033 60.1041 1
      vertex 53.033 60.1041 4
    endloop
  endfacet
  facet normal -0.707081 0.707133 0
    outer loop
      vertex 62.9325 75.6604 1
      vertex 61.568 74.296 4
      vertex 62.9325 75.6604 4
    endloop
  endfacet
  facet normal -0.707107 0.707107 -2.35702e-05
    outer loop
      vertex 62.9325 75.6604 1
      vertex 51.569 64.297 4
      vertex 61.568 74.296 4
    endloop
  endfacet
  facet normal -0.707107 0.707107 -2.35702e-05
    outer loop
      vertex 50.2046 62.9325 1
      vertex 51.569 64.297 4
      vertex 62.9325 75.6604 1
    endloop
  endfacet
  facet normal -0.707133 0.707081 0
    outer loop
      vertex 51.569 64.297 4
      vertex 50.2046 62.9325 1
      vertex 50.2046 62.9325 4
    endloop
  endfacet
  facet normal 0.707133 -0.707081 0
    outer loop
      vertex 74.296 61.568 4
      vertex 75.6604 62.9325 1
      vertex 75.6604 62.9325 4
    endloop
  endfacet
  facet normal 0.707101 -0.707113 0
    outer loop
      vertex 68.4 55.6721 1
      vertex 74.296 61.568 4
      vertex 68.4 55.6721 4
    endloop
  endfacet
  facet normal 0.707107 -0.707107 -2.35702e-05
    outer loop
      vertex 74.296 61.568 4
      vertex 68.4 55.6721 1
      vertex 75.6604 62.9325 1
    endloop
  endfacet
  facet normal -0.777141 -0.629327 0
    outer loop
      vertex 27.0115 27.0115 34
      vertex 20.328 35.2648 35
      vertex 20.328 35.2648 34
    endloop
  endfacet
  facet normal -0.777141 -0.629327 0
    outer loop
      vertex 20.328 35.2648 35
      vertex 27.0115 27.0115 34
      vertex 27.0115 27.0115 35
    endloop
  endfacet
  facet normal 0.453958 0.891023 -0
    outer loop
      vertex 90.6002 105.537 34
      vertex 81.1376 110.358 35
      vertex 90.6002 105.537 35
    endloop
  endfacet
  facet normal 0.453958 0.891023 0
    outer loop
      vertex 81.1376 110.358 35
      vertex 90.6002 105.537 34
      vertex 81.1376 110.358 34
    endloop
  endfacet
  facet normal -0.54463 0.838677 0
    outer loop
      vertex 39.8698 108.196 34
      vertex 30.963 102.412 35
      vertex 39.8698 108.196 35
    endloop
  endfacet
  facet normal -0.54463 0.838677 0
    outer loop
      vertex 30.963 102.412 35
      vertex 39.8698 108.196 34
      vertex 30.963 102.412 34
    endloop
  endfacet
  facet normal -0.358376 0.933577 0
    outer loop
      vertex 49.7845 112.002 34
      vertex 39.8698 108.196 35
      vertex 49.7845 112.002 35
    endloop
  endfacet
  facet normal -0.358376 0.933577 0
    outer loop
      vertex 39.8698 108.196 35
      vertex 49.7845 112.002 34
      vertex 39.8698 108.196 34
    endloop
  endfacet
  facet normal -0.99863 -0.0523345 0
    outer loop
      vertex 12.7579 54.9856 34
      vertex 12.2021 65.5912 35
      vertex 12.2021 65.5912 34
    endloop
  endfacet
  facet normal -0.99863 -0.0523345 0
    outer loop
      vertex 12.2021 65.5912 35
      vertex 12.7579 54.9856 34
      vertex 12.7579 54.9856 35
    endloop
  endfacet
  facet normal 0 0 -1
    outer loop
      vertex 112.002 49.7845 34
      vertex 113.107 70.8794 34
      vertex 113.663 60.2738 34
    endloop
  endfacet
  facet normal 0 0 -1
    outer loop
      vertex 112.002 49.7845 34
      vertex 110.358 81.1376 34
      vertex 113.107 70.8794 34
    endloop
  endfacet
  facet normal 0 0 -1
    outer loop
      vertex 108.196 39.8698 34
      vertex 110.358 81.1376 34
      vertex 112.002 49.7845 34
    endloop
  endfacet
  facet normal 0 0 -1
    outer loop
      vertex 108.196 39.8698 34
      vertex 105.537 90.6002 34
      vertex 110.358 81.1376 34
    endloop
  endfacet
  facet normal 0 0 -1
    outer loop
      vertex 102.412 30.963 34
      vertex 105.537 90.6002 34
      vertex 108.196 39.8698 34
    endloop
  endfacet
  facet normal 0 0 -1
    outer loop
      vertex 102.412 30.963 34
      vertex 98.8535 98.8535 34
      vertex 105.537 90.6002 34
    endloop
  endfacet
  facet normal 0 0 -1
    outer loop
      vertex 94.902 23.4535 34
      vertex 98.8535 98.8535 34
      vertex 102.412 30.963 34
    endloop
  endfacet
  facet normal 0 0 -1
    outer loop
      vertex 94.902 23.4535 34
      vertex 90.6002 105.537 34
      vertex 98.8535 98.8535 34
    endloop
  endfacet
  facet normal 0 0 -1
    outer loop
      vertex 85.9952 17.6694 34
      vertex 90.6002 105.537 34
      vertex 94.902 23.4535 34
    endloop
  endfacet
  facet normal 0 0 -1
    outer loop
      vertex 85.9952 17.6694 34
      vertex 81.1376 110.358 34
      vertex 90.6002 105.537 34
    endloop
  endfacet
  facet normal 0 0 -1
    outer loop
      vertex 76.0805 13.8635 34
      vertex 81.1376 110.358 34
      vertex 85.9952 17.6694 34
    endloop
  endfacet
  facet normal 0 0 -1
    outer loop
      vertex 76.0805 13.8635 34
      vertex 70.8794 113.107 34
      vertex 81.1376 110.358 34
    endloop
  endfacet
  facet normal 0 0 -1
    outer loop
      vertex 65.5912 12.2021 34
      vertex 70.8794 113.107 34
      vertex 76.0805 13.8635 34
    endloop
  endfacet
  facet normal 0 0 -1
    outer loop
      vertex 65.5912 12.2021 34
      vertex 60.2738 113.663 34
      vertex 70.8794 113.107 34
    endloop
  endfacet
  facet normal 0 0 -1
    outer loop
      vertex 54.9856 12.7579 34
      vertex 60.2738 113.663 34
      vertex 65.5912 12.2021 34
    endloop
  endfacet
  facet normal 0 0 -1
    outer loop
      vertex 54.9856 12.7579 34
      vertex 49.7845 112.002 34
      vertex 60.2738 113.663 34
    endloop
  endfacet
  facet normal 0 0 -1
    outer loop
      vertex 44.7274 15.5066 34
      vertex 49.7845 112.002 34
      vertex 54.9856 12.7579 34
    endloop
  endfacet
  facet normal 0 0 -1
    outer loop
      vertex 44.7274 15.5066 34
      vertex 39.8698 108.196 34
      vertex 49.7845 112.002 34
    endloop
  endfacet
  facet normal 0 0 -1
    outer loop
      vertex 35.2648 20.328 34
      vertex 39.8698 108.196 34
      vertex 44.7274 15.5066 34
    endloop
  endfacet
  facet normal 0 0 -1
    outer loop
      vertex 35.2648 20.328 34
      vertex 30.963 102.412 34
      vertex 39.8698 108.196 34
    endloop
  endfacet
  facet normal 0 0 -1
    outer loop
      vertex 27.0115 27.0115 34
      vertex 30.963 102.412 34
      vertex 35.2648 20.328 34
    endloop
  endfacet
  facet normal 0 0 -1
    outer loop
      vertex 27.0115 27.0115 34
      vertex 23.4535 94.902 34
      vertex 30.963 102.412 34
    endloop
  endfacet
  facet normal 0 0 -1
    outer loop
      vertex 20.328 35.2648 34
      vertex 23.4535 94.902 34
      vertex 27.0115 27.0115 34
    endloop
  endfacet
  facet normal 0 0 -1
    outer loop
      vertex 20.328 35.2648 34
      vertex 17.6694 85.9952 34
      vertex 23.4535 94.902 34
    endloop
  endfacet
  facet normal 0 0 -1
    outer loop
      vertex 15.5066 44.7274 34
      vertex 17.6694 85.9952 34
      vertex 20.328 35.2648 34
    endloop
  endfacet
  facet normal 0 0 -1
    outer loop
      vertex 15.5066 44.7274 34
      vertex 13.8635 76.0805 34
      vertex 17.6694 85.9952 34
    endloop
  endfacet
  facet normal 0 0 -1
    outer loop
      vertex 12.7579 54.9856 34
      vertex 13.8635 76.0805 34
      vertex 15.5066 44.7274 34
    endloop
  endfacet
  facet normal 0 0 -1
    outer loop
      vertex 13.8635 76.0805 34
      vertex 12.7579 54.9856 34
      vertex 12.2021 65.5912 34
    endloop
  endfacet
  facet normal 0.777141 0.629327 0
    outer loop
      vertex 105.537 90.6002 35
      vertex 98.8535 98.8535 34
      vertex 98.8535 98.8535 35
    endloop
  endfacet
  facet normal 0.777141 0.629327 0
    outer loop
      vertex 98.8535 98.8535 34
      vertex 105.537 90.6002 35
      vertex 105.537 90.6002 34
    endloop
  endfacet
  facet normal 0.629327 0.777141 -0
    outer loop
      vertex 98.8535 98.8535 34
      vertex 90.6002 105.537 35
      vertex 98.8535 98.8535 35
    endloop
  endfacet
  facet normal 0.629327 0.777141 0
    outer loop
      vertex 90.6002 105.537 35
      vertex 98.8535 98.8535 34
      vertex 90.6002 105.537 34
    endloop
  endfacet
  facet normal 0.15644 -0.987687 0
    outer loop
      vertex 65.5912 12.2021 34
      vertex 76.0805 13.8635 35
      vertex 65.5912 12.2021 35
    endloop
  endfacet
  facet normal 0.15644 -0.987687 0
    outer loop
      vertex 76.0805 13.8635 35
      vertex 65.5912 12.2021 34
      vertex 76.0805 13.8635 34
    endloop
  endfacet
  facet normal 0.965918 0.258847 0
    outer loop
      vertex 113.107 70.8794 35
      vertex 110.358 81.1376 34
      vertex 110.358 81.1376 35
    endloop
  endfacet
  facet normal 0.965918 0.258847 0
    outer loop
      vertex 110.358 81.1376 34
      vertex 113.107 70.8794 35
      vertex 113.107 70.8794 34
    endloop
  endfacet
  facet normal -0.453988 -0.891008 0
    outer loop
      vertex 35.2648 20.328 34
      vertex 44.7274 15.5066 35
      vertex 35.2648 20.328 35
    endloop
  endfacet
  facet normal -0.453988 -0.891008 -0
    outer loop
      vertex 44.7274 15.5066 35
      vertex 35.2648 20.328 34
      vertex 44.7274 15.5066 34
    endloop
  endfacet
  facet normal -0.838672 0.544636 0
    outer loop
      vertex 17.6694 85.9952 34
      vertex 23.4535 94.902 35
      vertex 23.4535 94.902 34
    endloop
  endfacet
  facet normal -0.838672 0.544636 0
    outer loop
      vertex 23.4535 94.902 35
      vertex 17.6694 85.9952 34
      vertex 17.6694 85.9952 35
    endloop
  endfacet
  facet normal 0 0 1
    outer loop
      vertex 113.107 70.8794 35
      vertex 67.5519 64.8459 35
      vertex 67.9325 62.9325 35
    endloop
  endfacet
  facet normal 0 0 1
    outer loop
      vertex 81.1376 110.358 35
      vertex 66.468 66.468 35
      vertex 67.5519 64.8459 35
    endloop
  endfacet
  facet normal 0 0 1
    outer loop
      vertex 81.1376 110.358 35
      vertex 64.8459 67.5519 35
      vertex 66.468 66.468 35
    endloop
  endfacet
  facet normal 0 0 1
    outer loop
      vertex 70.8794 113.107 35
      vertex 62.9325 67.9325 35
      vertex 64.8459 67.5519 35
    endloop
  endfacet
  facet normal 0 0 1
    outer loop
      vertex 60.2738 113.663 35
      vertex 62.9325 67.9325 35
      vertex 70.8794 113.107 35
    endloop
  endfacet
  facet normal -0 0 1
    outer loop
      vertex 49.7845 112.002 35
      vertex 62.9325 67.9325 35
      vertex 60.2738 113.663 35
    endloop
  endfacet
  facet normal 0 0 1
    outer loop
      vertex 62.9325 67.9325 35
      vertex 49.7845 112.002 35
      vertex 61.0191 67.5519 35
    endloop
  endfacet
  facet normal -0 0 1
    outer loop
      vertex 39.8698 108.196 35
      vertex 61.0191 67.5519 35
      vertex 49.7845 112.002 35
    endloop
  endfacet
  facet normal -0 0 1
    outer loop
      vertex 30.963 102.412 35
      vertex 61.0191 67.5519 35
      vertex 39.8698 108.196 35
    endloop
  endfacet
  facet normal 0 0 1
    outer loop
      vertex 61.0191 67.5519 35
      vertex 30.963 102.412 35
      vertex 59.397 66.468 35
    endloop
  endfacet
  facet normal -0 0 1
    outer loop
      vertex 23.4535 94.902 35
      vertex 59.397 66.468 35
      vertex 30.963 102.412 35
    endloop
  endfacet
  facet normal 0 0 1
    outer loop
      vertex 57.9325 62.9325 35
      vertex 44.7274 15.5066 35
      vertex 54.9856 12.7579 35
    endloop
  endfacet
  facet normal 0 0 1
    outer loop
      vertex 59.397 66.468 35
      vertex 23.4535 94.902 35
      vertex 58.3131 64.8459 35
    endloop
  endfacet
  facet normal 0 0 1
    outer loop
      vertex 57.9325 62.9325 35
      vertex 35.2648 20.328 35
      vertex 44.7274 15.5066 35
    endloop
  endfacet
  facet normal -0 0 1
    outer loop
      vertex 17.6694 85.9952 35
      vertex 58.3131 64.8459 35
      vertex 23.4535 94.902 35
    endloop
  endfacet
  facet normal 0 0 1
    outer loop
      vertex 57.9325 62.9325 35
      vertex 27.0115 27.0115 35
      vertex 35.2648 20.328 35
    endloop
  endfacet
  facet normal -0 0 1
    outer loop
      vertex 13.8635 76.0805 35
      vertex 58.3131 64.8459 35
      vertex 17.6694 85.9952 35
    endloop
  endfacet
  facet normal 0 0 1
    outer loop
      vertex 57.9325 62.9325 35
      vertex 20.328 35.2648 35
      vertex 27.0115 27.0115 35
    endloop
  endfacet
  facet normal 0 0 1
    outer loop
      vertex 58.3131 64.8459 35
      vertex 13.8635 76.0805 35
      vertex 57.9325 62.9325 35
    endloop
  endfacet
  facet normal 0 0 1
    outer loop
      vertex 57.9325 62.9325 35
      vertex 15.5066 44.7274 35
      vertex 20.328 35.2648 35
    endloop
  endfacet
  facet normal -0 0 1
    outer loop
      vertex 12.2021 65.5912 35
      vertex 57.9325 62.9325 35
      vertex 13.8635 76.0805 35
    endloop
  endfacet
  facet normal 0 0 1
    outer loop
      vertex 57.9325 62.9325 35
      vertex 12.7579 54.9856 35
      vertex 15.5066 44.7274 35
    endloop
  endfacet
  facet normal 0 0 1
    outer loop
      vertex 57.9325 62.9325 35
      vertex 12.2021 65.5912 35
      vertex 12.7579 54.9856 35
    endloop
  endfacet
  facet normal -0 0 1
    outer loop
      vertex 67.9325 62.9325 35
      vertex 113.663 60.2738 35
      vertex 113.107 70.8794 35
    endloop
  endfacet
  facet normal 0 0 1
    outer loop
      vertex 67.5519 64.8459 35
      vertex 113.107 70.8794 35
      vertex 110.358 81.1376 35
    endloop
  endfacet
  facet normal 0 0 1
    outer loop
      vertex 113.663 60.2738 35
      vertex 67.9325 62.9325 35
      vertex 112.002 49.7845 35
    endloop
  endfacet
  facet normal 0 0 1
    outer loop
      vertex 67.5519 64.8459 35
      vertex 110.358 81.1376 35
      vertex 105.537 90.6002 35
    endloop
  endfacet
  facet normal -0 0 1
    outer loop
      vertex 67.5519 61.0191 35
      vertex 112.002 49.7845 35
      vertex 67.9325 62.9325 35
    endloop
  endfacet
  facet normal 0 0 1
    outer loop
      vertex 67.5519 64.8459 35
      vertex 105.537 90.6002 35
      vertex 98.8535 98.8535 35
    endloop
  endfacet
  facet normal 0 0 1
    outer loop
      vertex 112.002 49.7845 35
      vertex 67.5519 61.0191 35
      vertex 108.196 39.8698 35
    endloop
  endfacet
  facet normal 0 0 1
    outer loop
      vertex 67.5519 64.8459 35
      vertex 98.8535 98.8535 35
      vertex 90.6002 105.537 35
    endloop
  endfacet
  facet normal 0 0 1
    outer loop
      vertex 108.196 39.8698 35
      vertex 67.5519 61.0191 35
      vertex 102.412 30.963 35
    endloop
  endfacet
  facet normal 0 0 1
    outer loop
      vertex 67.5519 64.8459 35
      vertex 90.6002 105.537 35
      vertex 81.1376 110.358 35
    endloop
  endfacet
  facet normal -0 0 1
    outer loop
      vertex 66.468 59.397 35
      vertex 102.412 30.963 35
      vertex 67.5519 61.0191 35
    endloop
  endfacet
  facet normal 0 0 1
    outer loop
      vertex 64.8459 67.5519 35
      vertex 81.1376 110.358 35
      vertex 70.8794 113.107 35
    endloop
  endfacet
  facet normal 0 0 1
    outer loop
      vertex 102.412 30.963 35
      vertex 66.468 59.397 35
      vertex 94.902 23.4535 35
    endloop
  endfacet
  facet normal -0 0 1
    outer loop
      vertex 64.8459 58.3131 35
      vertex 94.902 23.4535 35
      vertex 66.468 59.397 35
    endloop
  endfacet
  facet normal 0 0 1
    outer loop
      vertex 94.902 23.4535 35
      vertex 64.8459 58.3131 35
      vertex 85.9952 17.6694 35
    endloop
  endfacet
  facet normal 0 0 1
    outer loop
      vertex 85.9952 17.6694 35
      vertex 64.8459 58.3131 35
      vertex 76.0805 13.8635 35
    endloop
  endfacet
  facet normal -0 0 1
    outer loop
      vertex 62.9325 57.9325 35
      vertex 76.0805 13.8635 35
      vertex 64.8459 58.3131 35
    endloop
  endfacet
  facet normal 0 0 1
    outer loop
      vertex 76.0805 13.8635 35
      vertex 62.9325 57.9325 35
      vertex 65.5912 12.2021 35
    endloop
  endfacet
  facet normal 0 0 1
    outer loop
      vertex 54.9856 12.7579 35
      vertex 62.9325 57.9325 35
      vertex 61.0191 58.3131 35
    endloop
  endfacet
  facet normal 0 0 1
    outer loop
      vertex 54.9856 12.7579 35
      vertex 61.0191 58.3131 35
      vertex 59.397 59.397 35
    endloop
  endfacet
  facet normal 0 0 1
    outer loop
      vertex 54.9856 12.7579 35
      vertex 59.397 59.397 35
      vertex 58.3131 61.0191 35
    endloop
  endfacet
  facet normal 0 0 1
    outer loop
      vertex 54.9856 12.7579 35
      vertex 58.3131 61.0191 35
      vertex 57.9325 62.9325 35
    endloop
  endfacet
  facet normal 0 0 1
    outer loop
      vertex 62.9325 57.9325 35
      vertex 54.9856 12.7579 35
      vertex 65.5912 12.2021 35
    endloop
  endfacet
  facet normal 0.838677 -0.54463 0
    outer loop
      vertex 102.412 30.963 35
      vertex 108.196 39.8698 34
      vertex 108.196 39.8698 35
    endloop
  endfacet
  facet normal 0.838677 -0.54463 0
    outer loop
      vertex 108.196 39.8698 34
      vertex 102.412 30.963 35
      vertex 102.412 30.963 34
    endloop
  endfacet
  facet normal 0.258847 0.965918 -0
    outer loop
      vertex 81.1376 110.358 34
      vertex 70.8794 113.107 35
      vertex 81.1376 110.358 35
    endloop
  endfacet
  facet normal 0.258847 0.965918 0
    outer loop
      vertex 70.8794 113.107 35
      vertex 81.1376 110.358 34
      vertex 70.8794 113.107 34
    endloop
  endfacet
  facet normal 0.987693 -0.156403 0
    outer loop
      vertex 112.002 49.7845 35
      vertex 113.663 60.2738 34
      vertex 113.663 60.2738 35
    endloop
  endfacet
  facet normal 0.987693 -0.156403 0
    outer loop
      vertex 113.663 60.2738 34
      vertex 112.002 49.7845 35
      vertex 112.002 49.7845 34
    endloop
  endfacet
  facet normal -0.987687 0.15644 0
    outer loop
      vertex 12.2021 65.5912 34
      vertex 13.8635 76.0805 35
      vertex 13.8635 76.0805 34
    endloop
  endfacet
  facet normal -0.987687 0.15644 0
    outer loop
      vertex 13.8635 76.0805 35
      vertex 12.2021 65.5912 34
      vertex 12.2021 65.5912 35
    endloop
  endfacet
  facet normal -0.70713 0.707083 0
    outer loop
      vertex 30.963 102.412 34
      vertex 23.4535 94.902 35
      vertex 30.963 102.412 35
    endloop
  endfacet
  facet normal -0.70713 0.707083 0
    outer loop
      vertex 23.4535 94.902 35
      vertex 30.963 102.412 34
      vertex 23.4535 94.902 34
    endloop
  endfacet
  facet normal 0.933577 -0.358376 0
    outer loop
      vertex 108.196 39.8698 35
      vertex 112.002 49.7845 34
      vertex 112.002 49.7845 35
    endloop
  endfacet
  facet normal 0.933577 -0.358376 0
    outer loop
      vertex 112.002 49.7845 34
      vertex 108.196 39.8698 35
      vertex 108.196 39.8698 34
    endloop
  endfacet
  facet normal 0.998629 0.0523532 0
    outer loop
      vertex 113.663 60.2738 35
      vertex 113.107 70.8794 34
      vertex 113.107 70.8794 35
    endloop
  endfacet
  facet normal 0.998629 0.0523532 0
    outer loop
      vertex 113.107 70.8794 34
      vertex 113.663 60.2738 35
      vertex 113.663 60.2738 34
    endloop
  endfacet
  facet normal 0.0523532 0.998629 -0
    outer loop
      vertex 70.8794 113.107 34
      vertex 60.2738 113.663 35
      vertex 70.8794 113.107 35
    endloop
  endfacet
  facet normal 0.0523532 0.998629 0
    outer loop
      vertex 60.2738 113.663 35
      vertex 70.8794 113.107 34
      vertex 60.2738 113.663 34
    endloop
  endfacet
  facet normal 0.891023 0.453958 0
    outer loop
      vertex 110.358 81.1376 35
      vertex 105.537 90.6002 34
      vertex 105.537 90.6002 35
    endloop
  endfacet
  facet normal 0.891023 0.453958 0
    outer loop
      vertex 105.537 90.6002 34
      vertex 110.358 81.1376 35
      vertex 110.358 81.1376 34
    endloop
  endfacet
  facet normal 0.358368 -0.93358 0
    outer loop
      vertex 76.0805 13.8635 34
      vertex 85.9952 17.6694 35
      vertex 76.0805 13.8635 35
    endloop
  endfacet
  facet normal 0.358368 -0.93358 0
    outer loop
      vertex 85.9952 17.6694 35
      vertex 76.0805 13.8635 34
      vertex 85.9952 17.6694 34
    endloop
  endfacet
  facet normal -0.0523345 -0.99863 0
    outer loop
      vertex 54.9856 12.7579 34
      vertex 65.5912 12.2021 35
      vertex 54.9856 12.7579 35
    endloop
  endfacet
  facet normal -0.0523345 -0.99863 -0
    outer loop
      vertex 65.5912 12.2021 35
      vertex 54.9856 12.7579 34
      vertex 65.5912 12.2021 34
    endloop
  endfacet
  facet normal -0.156403 0.987693 0
    outer loop
      vertex 60.2738 113.663 34
      vertex 49.7845 112.002 35
      vertex 60.2738 113.663 35
    endloop
  endfacet
  facet normal -0.156403 0.987693 0
    outer loop
      vertex 49.7845 112.002 35
      vertex 60.2738 113.663 34
      vertex 49.7845 112.002 34
    endloop
  endfacet
  facet normal -0.258821 -0.965925 0
    outer loop
      vertex 44.7274 15.5066 34
      vertex 54.9856 12.7579 35
      vertex 44.7274 15.5066 35
    endloop
  endfacet
  facet normal -0.258821 -0.965925 -0
    outer loop
      vertex 54.9856 12.7579 35
      vertex 44.7274 15.5066 34
      vertex 54.9856 12.7579 34
    endloop
  endfacet
  facet normal 0.544636 -0.838672 0
    outer loop
      vertex 85.9952 17.6694 34
      vertex 94.902 23.4535 35
      vertex 85.9952 17.6694 35
    endloop
  endfacet
  facet normal 0.544636 -0.838672 0
    outer loop
      vertex 94.902 23.4535 35
      vertex 85.9952 17.6694 34
      vertex 94.902 23.4535 34
    endloop
  endfacet
  facet normal -0.93358 0.358368 0
    outer loop
      vertex 13.8635 76.0805 34
      vertex 17.6694 85.9952 35
      vertex 17.6694 85.9952 34
    endloop
  endfacet
  facet normal -0.93358 0.358368 0
    outer loop
      vertex 17.6694 85.9952 35
      vertex 13.8635 76.0805 34
      vertex 13.8635 76.0805 35
    endloop
  endfacet
  facet normal -0.891008 -0.453988 0
    outer loop
      vertex 20.328 35.2648 34
      vertex 15.5066 44.7274 35
      vertex 15.5066 44.7274 34
    endloop
  endfacet
  facet normal -0.891008 -0.453988 0
    outer loop
      vertex 15.5066 44.7274 35
      vertex 20.328 35.2648 34
      vertex 20.328 35.2648 35
    endloop
  endfacet
  facet normal 0.707083 -0.70713 0
    outer loop
      vertex 94.902 23.4535 35
      vertex 102.412 30.963 34
      vertex 102.412 30.963 35
    endloop
  endfacet
  facet normal 0.707083 -0.70713 0
    outer loop
      vertex 102.412 30.963 34
      vertex 94.902 23.4535 35
      vertex 94.902 23.4535 34
    endloop
  endfacet
  facet normal -0.629327 -0.777141 0
    outer loop
      vertex 27.0115 27.0115 34
      vertex 35.2648 20.328 35
      vertex 27.0115 27.0115 35
    endloop
  endfacet
  facet normal -0.629327 -0.777141 -0
    outer loop
      vertex 35.2648 20.328 35
      vertex 27.0115 27.0115 34
      vertex 35.2648 20.328 34
    endloop
  endfacet
  facet normal -0.965925 -0.258821 0
    outer loop
      vertex 15.5066 44.7274 34
      vertex 12.7579 54.9856 35
      vertex 12.7579 54.9856 34
    endloop
  endfacet
  facet normal -0.965925 -0.258821 0
    outer loop
      vertex 12.7579 54.9856 35
      vertex 15.5066 44.7274 34
      vertex 15.5066 44.7274 35
    endloop
  endfacet
  facet normal 0.195091 0.980785 -0
    outer loop
      vertex 64.8459 67.5519 35
      vertex 62.9325 67.9325 39
      vertex 64.8459 67.5519 39
    endloop
  endfacet
  facet normal 0.195091 0.980785 0
    outer loop
      vertex 62.9325 67.9325 39
      vertex 64.8459 67.5519 35
      vertex 62.9325 67.9325 35
    endloop
  endfacet
  facet normal 0.555587 0.831458 -0
    outer loop
      vertex 66.468 66.468 35
      vertex 64.8459 67.5519 39
      vertex 66.468 66.468 39
    endloop
  endfacet
  facet normal 0.555587 0.831458 0
    outer loop
      vertex 64.8459 67.5519 39
      vertex 66.468 66.468 35
      vertex 64.8459 67.5519 35
    endloop
  endfacet
  facet normal -0.831458 -0.555587 0
    outer loop
      vertex 59.397 59.397 35
      vertex 58.3131 61.0191 39
      vertex 58.3131 61.0191 35
    endloop
  endfacet
  facet normal -0.831458 -0.555587 0
    outer loop
      vertex 58.3131 61.0191 39
      vertex 59.397 59.397 35
      vertex 59.397 59.397 39
    endloop
  endfacet
  facet normal -0.555587 -0.831458 0
    outer loop
      vertex 59.397 59.397 35
      vertex 61.0191 58.3131 39
      vertex 59.397 59.397 39
    endloop
  endfacet
  facet normal -0.555587 -0.831458 -0
    outer loop
      vertex 61.0191 58.3131 39
      vertex 59.397 59.397 35
      vertex 61.0191 58.3131 35
    endloop
  endfacet
  facet normal -0.831458 0.555587 0
    outer loop
      vertex 58.3131 64.8459 35
      vertex 59.397 66.468 39
      vertex 59.397 66.468 35
    endloop
  endfacet
  facet normal -0.831458 0.555587 0
    outer loop
      vertex 59.397 66.468 39
      vertex 58.3131 64.8459 35
      vertex 58.3131 64.8459 39
    endloop
  endfacet
  facet normal -0.195091 -0.980785 0
    outer loop
      vertex 61.0191 58.3131 35
      vertex 62.9325 57.9325 39
      vertex 61.0191 58.3131 39
    endloop
  endfacet
  facet normal -0.195091 -0.980785 -0
    outer loop
      vertex 62.9325 57.9325 39
      vertex 61.0191 58.3131 35
      vertex 62.9325 57.9325 35
    endloop
  endfacet
  facet normal 0 0 1
    outer loop
      vertex 67.5519 64.8459 39
      vertex 67.5519 61.0191 39
      vertex 67.9325 62.9325 39
    endloop
  endfacet
  facet normal 0 0 1
    outer loop
      vertex 66.468 66.468 39
      vertex 67.5519 61.0191 39
      vertex 67.5519 64.8459 39
    endloop
  endfacet
  facet normal 0 0 1
    outer loop
      vertex 66.468 66.468 39
      vertex 66.468 59.397 39
      vertex 67.5519 61.0191 39
    endloop
  endfacet
  facet normal 0 0 1
    outer loop
      vertex 64.8459 67.5519 39
      vertex 66.468 59.397 39
      vertex 66.468 66.468 39
    endloop
  endfacet
  facet normal 0 0 1
    outer loop
      vertex 64.8459 67.5519 39
      vertex 64.8459 58.3131 39
      vertex 66.468 59.397 39
    endloop
  endfacet
  facet normal 0 0 1
    outer loop
      vertex 62.9325 67.9325 39
      vertex 64.8459 58.3131 39
      vertex 64.8459 67.5519 39
    endloop
  endfacet
  facet normal 0 0 1
    outer loop
      vertex 62.9325 67.9325 39
      vertex 62.9325 57.9325 39
      vertex 64.8459 58.3131 39
    endloop
  endfacet
  facet normal -0 0 1
    outer loop
      vertex 61.0191 67.5519 39
      vertex 62.9325 57.9325 39
      vertex 62.9325 67.9325 39
    endloop
  endfacet
  facet normal 0 0 1
    outer loop
      vertex 61.0191 67.5519 39
      vertex 61.0191 58.3131 39
      vertex 62.9325 57.9325 39
    endloop
  endfacet
  facet normal -0 0 1
    outer loop
      vertex 59.397 66.468 39
      vertex 61.0191 58.3131 39
      vertex 61.0191 67.5519 39
    endloop
  endfacet
  facet normal 0 0 1
    outer loop
      vertex 59.397 66.468 39
      vertex 59.397 59.397 39
      vertex 61.0191 58.3131 39
    endloop
  endfacet
  facet normal -0 0 1
    outer loop
      vertex 58.3131 64.8459 39
      vertex 59.397 59.397 39
      vertex 59.397 66.468 39
    endloop
  endfacet
  facet normal 0 0 1
    outer loop
      vertex 58.3131 64.8459 39
      vertex 58.3131 61.0191 39
      vertex 59.397 59.397 39
    endloop
  endfacet
  facet normal 0 -0 1
    outer loop
      vertex 58.3131 61.0191 39
      vertex 58.3131 64.8459 39
      vertex 57.9325 62.9325 39
    endloop
  endfacet
  facet normal 0.831458 -0.555587 0
    outer loop
      vertex 66.468 59.397 39
      vertex 67.5519 61.0191 35
      vertex 67.5519 61.0191 39
    endloop
  endfacet
  facet normal 0.831458 -0.555587 0
    outer loop
      vertex 67.5519 61.0191 35
      vertex 66.468 59.397 39
      vertex 66.468 59.397 35
    endloop
  endfacet
  facet normal 0.980785 0.195091 0
    outer loop
      vertex 67.9325 62.9325 39
      vertex 67.5519 64.8459 35
      vertex 67.5519 64.8459 39
    endloop
  endfacet
  facet normal 0.980785 0.195091 0
    outer loop
      vertex 67.5519 64.8459 35
      vertex 67.9325 62.9325 39
      vertex 67.9325 62.9325 35
    endloop
  endfacet
  facet normal -0.195091 0.980785 0
    outer loop
      vertex 62.9325 67.9325 35
      vertex 61.0191 67.5519 39
      vertex 62.9325 67.9325 39
    endloop
  endfacet
  facet normal -0.195091 0.980785 0
    outer loop
      vertex 61.0191 67.5519 39
      vertex 62.9325 67.9325 35
      vertex 61.0191 67.5519 35
    endloop
  endfacet
  facet normal 0.831458 0.555587 0
    outer loop
      vertex 67.5519 64.8459 39
      vertex 66.468 66.468 35
      vertex 66.468 66.468 39
    endloop
  endfacet
  facet normal 0.831458 0.555587 0
    outer loop
      vertex 66.468 66.468 35
      vertex 67.5519 64.8459 39
      vertex 67.5519 64.8459 35
    endloop
  endfacet
  facet normal -0.980785 -0.195091 0
    outer loop
      vertex 58.3131 61.0191 35
      vertex 57.9325 62.9325 39
      vertex 57.9325 62.9325 35
    endloop
  endfacet
  facet normal -0.980785 -0.195091 0
    outer loop
      vertex 57.9325 62.9325 39
      vertex 58.3131 61.0191 35
      vertex 58.3131 61.0191 39
    endloop
  endfacet
  facet normal 0.980785 -0.195091 0
    outer loop
      vertex 67.5519 61.0191 39
      vertex 67.9325 62.9325 35
      vertex 67.9325 62.9325 39
    endloop
  endfacet
  facet normal 0.980785 -0.195091 0
    outer loop
      vertex 67.9325 62.9325 35
      vertex 67.5519 61.0191 39
      vertex 67.5519 61.0191 35
    endloop
  endfacet
  facet normal -0.555587 0.831458 0
    outer loop
      vertex 61.0191 67.5519 35
      vertex 59.397 66.468 39
      vertex 61.0191 67.5519 39
    endloop
  endfacet
  facet normal -0.555587 0.831458 0
    outer loop
      vertex 59.397 66.468 39
      vertex 61.0191 67.5519 35
      vertex 59.397 66.468 35
    endloop
  endfacet
  facet normal -0.980785 0.195091 0
    outer loop
      vertex 57.9325 62.9325 35
      vertex 58.3131 64.8459 39
      vertex 58.3131 64.8459 35
    endloop
  endfacet
  facet normal -0.980785 0.195091 0
    outer loop
      vertex 58.3131 64.8459 39
      vertex 57.9325 62.9325 35
      vertex 57.9325 62.9325 39
    endloop
  endfacet
  facet normal 0.555587 -0.831458 0
    outer loop
      vertex 64.8459 58.3131 35
      vertex 66.468 59.397 39
      vertex 64.8459 58.3131 39
    endloop
  endfacet
  facet normal 0.555587 -0.831458 0
    outer loop
      vertex 66.468 59.397 39
      vertex 64.8459 58.3131 35
      vertex 66.468 59.397 35
    endloop
  endfacet
  facet normal 0.195091 -0.980785 0
    outer loop
      vertex 62.9325 57.9325 35
      vertex 64.8459 58.3131 39
      vertex 62.9325 57.9325 39
    endloop
  endfacet
  facet normal 0.195091 -0.980785 0
    outer loop
      vertex 64.8459 58.3131 39
      vertex 62.9325 57.9325 35
      vertex 64.8459 58.3131 35
    endloop
  endfacet
  facet normal -0.0523364 -0.99863 0
    outer loop
      vertex 54.1722 7.62196 4
      vertex 65.8633 7.00925 12
      vertex 54.1722 7.62196 12
    endloop
  endfacet
  facet normal -0.0523364 -0.99863 -0
    outer loop
      vertex 65.8633 7.00925 12
      vertex 54.1722 7.62196 4
      vertex 65.8633 7.00925 4
    endloop
  endfacet
  facet normal 0.453993 0.891005 -0
    outer loop
      vertex 93.4323 109.898 2
      vertex 83.0011 115.213 12
      vertex 93.4323 109.898 12
    endloop
  endfacet
  facet normal 0.453993 0.891005 0
    outer loop
      vertex 83.0011 115.213 12
      vertex 93.4323 109.898 2
      vertex 83.0011 115.213 2
    endloop
  endfacet
  facet normal 0.629363 0.777111 -0
    outer loop
      vertex 102.53 102.53 2
      vertex 93.4323 109.898 12
      vertex 102.53 102.53 12
    endloop
  endfacet
  facet normal 0.629363 0.777111 0
    outer loop
      vertex 93.4323 109.898 12
      vertex 102.53 102.53 2
      vertex 93.4323 109.898 2
    endloop
  endfacet
  facet normal 0.258815 0.965927 -0
    outer loop
      vertex 83.0011 115.213 2
      vertex 71.6928 118.243 12
      vertex 83.0011 115.213 12
    endloop
  endfacet
  facet normal 0.258815 0.965927 0
    outer loop
      vertex 71.6928 118.243 12
      vertex 83.0011 115.213 2
      vertex 71.6928 118.243 2
    endloop
  endfacet
  facet normal 0.891005 0.453993 0
    outer loop
      vertex 115.213 83.0011 12
      vertex 109.898 93.4323 2
      vertex 109.898 93.4323 12
    endloop
  endfacet
  facet normal 0.891005 0.453993 0
    outer loop
      vertex 109.898 93.4323 2
      vertex 115.213 83.0011 12
      vertex 115.213 83.0011 2
    endloop
  endfacet
  facet normal 0.987681 -0.156483 0
    outer loop
      vertex 117.024 48.4386 12
      vertex 118.856 60.0017 2
      vertex 118.856 60.0017 12
    endloop
  endfacet
  facet normal 0.987681 -0.156483 0
    outer loop
      vertex 118.856 60.0017 2
      vertex 117.024 48.4386 12
      vertex 117.024 48.4386 2
    endloop
  endfacet
  facet normal 0.998628 0.0523611 0
    outer loop
      vertex 118.856 60.0017 12
      vertex 118.243 71.6928 2
      vertex 118.243 71.6928 12
    endloop
  endfacet
  facet normal 0.998628 0.0523611 0
    outer loop
      vertex 118.243 71.6928 2
      vertex 118.856 60.0017 12
      vertex 118.856 60.0017 2
    endloop
  endfacet
  facet normal 0.777111 0.629363 0
    outer loop
      vertex 109.898 93.4323 12
      vertex 102.53 102.53 2
      vertex 102.53 102.53 12
    endloop
  endfacet
  facet normal 0.777111 0.629363 0
    outer loop
      vertex 102.53 102.53 2
      vertex 109.898 93.4323 12
      vertex 109.898 93.4323 2
    endloop
  endfacet
  facet normal 0.358365 -0.933582 0
    outer loop
      vertex 77.4264 8.84066 2
      vertex 88.356 13.0361 12
      vertex 77.4264 8.84066 12
    endloop
  endfacet
  facet normal 0.358365 -0.933582 0
    outer loop
      vertex 88.356 13.0361 12
      vertex 77.4264 8.84066 2
      vertex 88.356 13.0361 2
    endloop
  endfacet
  facet normal -0.358332 0.933594 0
    outer loop
      vertex 48.4386 117.024 2
      vertex 37.509 112.829 12
      vertex 48.4386 117.024 12
    endloop
  endfacet
  facet normal -0.358332 0.933594 0
    outer loop
      vertex 37.509 112.829 12
      vertex 48.4386 117.024 2
      vertex 37.509 112.829 2
    endloop
  endfacet
  facet normal 0.0523611 0.998628 -0
    outer loop
      vertex 71.6928 118.243 2
      vertex 60.0017 118.856 12
      vertex 71.6928 118.243 12
    endloop
  endfacet
  facet normal 0.0523611 0.998628 0
    outer loop
      vertex 60.0017 118.856 12
      vertex 71.6928 118.243 2
      vertex 60.0017 118.856 2
    endloop
  endfacet
  facet normal 0.156433 -0.987689 0
    outer loop
      vertex 68.4 7.41102 4
      vertex 65.8633 7.00925 12
      vertex 65.8633 7.00925 4
    endloop
  endfacet
  facet normal 0.156434 -0.987688 3.31633e-07
    outer loop
      vertex 65.8633 7.00925 12
      vertex 68.4 7.41102 4
      vertex 77.4264 8.84066 12
    endloop
  endfacet
  facet normal 0.156434 -0.987688 0
    outer loop
      vertex 77.4264 8.84066 2
      vertex 68.4 7.41102 4
      vertex 68.4 7.41102 2
    endloop
  endfacet
  facet normal 0.156434 -0.987688 0
    outer loop
      vertex 68.4 7.41102 4
      vertex 77.4264 8.84066 2
      vertex 77.4264 8.84066 12
    endloop
  endfacet
  facet normal -0.99863 -0.0523356 -0
    outer loop
      vertex 7.45279 57.4 4
      vertex 7.00925 65.8633 2
      vertex 7.45279 57.4 2
    endloop
  endfacet
  facet normal -0.99863 -0.0523356 0
    outer loop
      vertex 7.00925 65.8633 2
      vertex 7.45279 57.4 4
      vertex 7.00925 65.8633 12
    endloop
  endfacet
  facet normal -0.998629 -0.0523385 -0
    outer loop
      vertex 7.62196 54.1722 12
      vertex 7.45279 57.4 4
      vertex 7.62196 54.1722 4
    endloop
  endfacet
  facet normal -0.99863 -0.0523364 8.33348e-07
    outer loop
      vertex 7.45279 57.4 4
      vertex 7.62196 54.1722 12
      vertex 7.00925 65.8633 12
    endloop
  endfacet
  facet normal -0.70712 0.707094 0
    outer loop
      vertex 27.6906 106.453 2
      vertex 19.4123 98.1744 12
      vertex 27.6906 106.453 12
    endloop
  endfacet
  facet normal -0.70712 0.707094 0
    outer loop
      vertex 19.4123 98.1744 12
      vertex 27.6906 106.453 2
      vertex 19.4123 98.1744 2
    endloop
  endfacet
  facet normal 0.933594 -0.358332 0
    outer loop
      vertex 112.829 37.509 12
      vertex 117.024 48.4386 2
      vertex 117.024 48.4386 12
    endloop
  endfacet
  facet normal 0.933594 -0.358332 0
    outer loop
      vertex 117.024 48.4386 2
      vertex 112.829 37.509 12
      vertex 112.829 37.509 2
    endloop
  endfacet
  facet normal 0.838676 -0.54463 0
    outer loop
      vertex 106.453 27.6906 12
      vertex 112.829 37.509 2
      vertex 112.829 37.509 12
    endloop
  endfacet
  facet normal 0.838676 -0.54463 0
    outer loop
      vertex 112.829 37.509 2
      vertex 106.453 27.6906 12
      vertex 106.453 27.6906 2
    endloop
  endfacet
  facet normal -0.891005 -0.453993 0
    outer loop
      vertex 15.967 32.4327 4
      vertex 10.652 42.8639 12
      vertex 10.652 42.8639 4
    endloop
  endfacet
  facet normal -0.891005 -0.453993 0
    outer loop
      vertex 10.652 42.8639 12
      vertex 15.967 32.4327 4
      vertex 15.967 32.4327 12
    endloop
  endfacet
  facet normal 0 0 -1
    outer loop
      vertex 7.45279 57.4 2
      vertex 12.0024 65.6016 2
      vertex 12.4322 57.4 2
    endloop
  endfacet
  facet normal -0 0 -1
    outer loop
      vertex 12.0024 65.6016 2
      vertex 7.45279 57.4 2
      vertex 7.00925 65.8633 2
    endloop
  endfacet
  facet normal 0 0 -1
    outer loop
      vertex 12.0024 65.6016 2
      vertex 7.00925 65.8633 2
      vertex 8.84066 77.4264 2
    endloop
  endfacet
  facet normal 0 0 -1
    outer loop
      vertex 113.863 60.2634 2
      vertex 118.856 60.0017 2
      vertex 117.024 48.4386 2
    endloop
  endfacet
  facet normal 0 0 -1
    outer loop
      vertex 118.856 60.0017 2
      vertex 113.863 60.2634 2
      vertex 118.243 71.6928 2
    endloop
  endfacet
  facet normal 0 0 -1
    outer loop
      vertex 113.305 70.9107 2
      vertex 118.243 71.6928 2
      vertex 113.863 60.2634 2
    endloop
  endfacet
  facet normal 0 0 -1
    outer loop
      vertex 112.195 49.7327 2
      vertex 117.024 48.4386 2
      vertex 112.829 37.509 2
    endloop
  endfacet
  facet normal 0 0 -1
    outer loop
      vertex 117.024 48.4386 2
      vertex 112.195 49.7327 2
      vertex 113.863 60.2634 2
    endloop
  endfacet
  facet normal 0 0 -1
    outer loop
      vertex 112.829 37.509 2
      vertex 108.374 39.779 2
      vertex 112.195 49.7327 2
    endloop
  endfacet
  facet normal 0 0 -1
    outer loop
      vertex 106.453 27.6906 2
      vertex 108.374 39.779 2
      vertex 112.829 37.509 2
    endloop
  endfacet
  facet normal 0 0 -1
    outer loop
      vertex 106.453 27.6906 2
      vertex 102.567 30.8372 2
      vertex 108.374 39.779 2
    endloop
  endfacet
  facet normal 0 0 -1
    outer loop
      vertex 98.1744 19.4123 2
      vertex 102.567 30.8372 2
      vertex 106.453 27.6906 2
    endloop
  endfacet
  facet normal 0 0 -1
    outer loop
      vertex 98.1744 19.4123 2
      vertex 95.0278 23.2981 2
      vertex 102.567 30.8372 2
    endloop
  endfacet
  facet normal 0 0 -1
    outer loop
      vertex 88.356 13.0361 2
      vertex 95.0278 23.2981 2
      vertex 98.1744 19.4123 2
    endloop
  endfacet
  facet normal 0 0 -1
    outer loop
      vertex 88.356 13.0361 2
      vertex 86.086 17.4912 2
      vertex 95.0278 23.2981 2
    endloop
  endfacet
  facet normal 0 0 -1
    outer loop
      vertex 77.4264 8.84066 2
      vertex 86.086 17.4912 2
      vertex 88.356 13.0361 2
    endloop
  endfacet
  facet normal 0 0 -1
    outer loop
      vertex 77.4264 8.84066 2
      vertex 76.1323 13.6703 2
      vertex 86.086 17.4912 2
    endloop
  endfacet
  facet normal 0 0 -1
    outer loop
      vertex 68.4 12.4456 2
      vertex 77.4264 8.84066 2
      vertex 68.4 7.41102 2
    endloop
  endfacet
  facet normal 0 0 -1
    outer loop
      vertex 77.4264 8.84066 2
      vertex 68.4 12.4456 2
      vertex 76.1323 13.6703 2
    endloop
  endfacet
  facet normal -0 0 -1
    outer loop
      vertex 118.243 71.6928 2
      vertex 113.305 70.9107 2
      vertex 115.213 83.0011 2
    endloop
  endfacet
  facet normal 0 0 -1
    outer loop
      vertex 110.545 81.2093 2
      vertex 115.213 83.0011 2
      vertex 113.305 70.9107 2
    endloop
  endfacet
  facet normal 0 0 -1
    outer loop
      vertex 110.545 81.2093 2
      vertex 109.898 93.4323 2
      vertex 115.213 83.0011 2
    endloop
  endfacet
  facet normal 0 0 -1
    outer loop
      vertex 105.705 90.7091 2
      vertex 109.898 93.4323 2
      vertex 110.545 81.2093 2
    endloop
  endfacet
  facet normal 0 0 -1
    outer loop
      vertex 105.705 90.7091 2
      vertex 102.53 102.53 2
      vertex 109.898 93.4323 2
    endloop
  endfacet
  facet normal 0 0 -1
    outer loop
      vertex 98.9949 98.9949 2
      vertex 102.53 102.53 2
      vertex 105.705 90.7091 2
    endloop
  endfacet
  facet normal 0 0 -1
    outer loop
      vertex 98.9949 98.9949 2
      vertex 93.4323 109.898 2
      vertex 102.53 102.53 2
    endloop
  endfacet
  facet normal 0 0 -1
    outer loop
      vertex 90.7091 105.705 2
      vertex 93.4323 109.898 2
      vertex 98.9949 98.9949 2
    endloop
  endfacet
  facet normal 0 0 -1
    outer loop
      vertex 90.7091 105.705 2
      vertex 83.0011 115.213 2
      vertex 93.4323 109.898 2
    endloop
  endfacet
  facet normal 0 0 -1
    outer loop
      vertex 81.2093 110.545 2
      vertex 83.0011 115.213 2
      vertex 90.7091 105.705 2
    endloop
  endfacet
  facet normal 0 0 -1
    outer loop
      vertex 81.2093 110.545 2
      vertex 71.6928 118.243 2
      vertex 83.0011 115.213 2
    endloop
  endfacet
  facet normal 0 0 -1
    outer loop
      vertex 70.9107 113.305 2
      vertex 71.6928 118.243 2
      vertex 81.2093 110.545 2
    endloop
  endfacet
  facet normal 0 0 -1
    outer loop
      vertex 60.2634 113.863 2
      vertex 71.6928 118.243 2
      vertex 70.9107 113.305 2
    endloop
  endfacet
  facet normal 0 0 -1
    outer loop
      vertex 60.2634 113.863 2
      vertex 60.0017 118.856 2
      vertex 71.6928 118.243 2
    endloop
  endfacet
  facet normal 0 0 -1
    outer loop
      vertex 49.7327 112.195 2
      vertex 60.0017 118.856 2
      vertex 60.2634 113.863 2
    endloop
  endfacet
  facet normal 0 0 -1
    outer loop
      vertex 49.7327 112.195 2
      vertex 48.4386 117.024 2
      vertex 60.0017 118.856 2
    endloop
  endfacet
  facet normal 0 0 -1
    outer loop
      vertex 39.779 108.374 2
      vertex 48.4386 117.024 2
      vertex 49.7327 112.195 2
    endloop
  endfacet
  facet normal 0 0 -1
    outer loop
      vertex 39.779 108.374 2
      vertex 37.509 112.829 2
      vertex 48.4386 117.024 2
    endloop
  endfacet
  facet normal 0 0 -1
    outer loop
      vertex 30.8372 102.567 2
      vertex 37.509 112.829 2
      vertex 39.779 108.374 2
    endloop
  endfacet
  facet normal 0 0 -1
    outer loop
      vertex 30.8372 102.567 2
      vertex 27.6906 106.453 2
      vertex 37.509 112.829 2
    endloop
  endfacet
  facet normal 0 0 -1
    outer loop
      vertex 23.2981 95.0278 2
      vertex 27.6906 106.453 2
      vertex 30.8372 102.567 2
    endloop
  endfacet
  facet normal 0 0 -1
    outer loop
      vertex 23.2981 95.0278 2
      vertex 19.4123 98.1744 2
      vertex 27.6906 106.453 2
    endloop
  endfacet
  facet normal 0 0 -1
    outer loop
      vertex 17.4912 86.086 2
      vertex 19.4123 98.1744 2
      vertex 23.2981 95.0278 2
    endloop
  endfacet
  facet normal 0 0 -1
    outer loop
      vertex 13.0361 88.356 2
      vertex 17.4912 86.086 2
      vertex 13.6703 76.1323 2
    endloop
  endfacet
  facet normal 0 0 -1
    outer loop
      vertex 17.4912 86.086 2
      vertex 13.0361 88.356 2
      vertex 19.4123 98.1744 2
    endloop
  endfacet
  facet normal 0 0 -1
    outer loop
      vertex 8.84066 77.4264 2
      vertex 13.6703 76.1323 2
      vertex 12.0024 65.6016 2
    endloop
  endfacet
  facet normal 0 0 -1
    outer loop
      vertex 13.6703 76.1323 2
      vertex 8.84066 77.4264 2
      vertex 13.0361 88.356 2
    endloop
  endfacet
  facet normal -0.453993 -0.891005 0
    outer loop
      vertex 32.4327 15.967 4
      vertex 42.8639 10.652 12
      vertex 32.4327 15.967 12
    endloop
  endfacet
  facet normal -0.453993 -0.891005 -0
    outer loop
      vertex 42.8639 10.652 12
      vertex 32.4327 15.967 4
      vertex 42.8639 10.652 4
    endloop
  endfacet
  facet normal -0.933582 0.358365 0
    outer loop
      vertex 8.84066 77.4264 2
      vertex 13.0361 88.356 12
      vertex 13.0361 88.356 2
    endloop
  endfacet
  facet normal -0.933582 0.358365 0
    outer loop
      vertex 13.0361 88.356 12
      vertex 8.84066 77.4264 2
      vertex 8.84066 77.4264 12
    endloop
  endfacet
  facet normal 0 0 1
    outer loop
      vertex 118.243 71.6928 12
      vertex 113.305 70.9107 12
      vertex 113.863 60.2634 12
    endloop
  endfacet
  facet normal 0 0 1
    outer loop
      vertex 115.213 83.0011 12
      vertex 110.545 81.2093 12
      vertex 113.305 70.9107 12
    endloop
  endfacet
  facet normal 0 0 1
    outer loop
      vertex 109.898 93.4323 12
      vertex 110.545 81.2093 12
      vertex 115.213 83.0011 12
    endloop
  endfacet
  facet normal 0 0 1
    outer loop
      vertex 109.898 93.4323 12
      vertex 105.705 90.7091 12
      vertex 110.545 81.2093 12
    endloop
  endfacet
  facet normal 0 0 1
    outer loop
      vertex 102.53 102.53 12
      vertex 105.705 90.7091 12
      vertex 109.898 93.4323 12
    endloop
  endfacet
  facet normal 0 0 1
    outer loop
      vertex 102.53 102.53 12
      vertex 98.9949 98.9949 12
      vertex 105.705 90.7091 12
    endloop
  endfacet
  facet normal 0 0 1
    outer loop
      vertex 93.4323 109.898 12
      vertex 98.9949 98.9949 12
      vertex 102.53 102.53 12
    endloop
  endfacet
  facet normal 0 0 1
    outer loop
      vertex 93.4323 109.898 12
      vertex 90.7091 105.705 12
      vertex 98.9949 98.9949 12
    endloop
  endfacet
  facet normal 0 0 1
    outer loop
      vertex 83.0011 115.213 12
      vertex 90.7091 105.705 12
      vertex 93.4323 109.898 12
    endloop
  endfacet
  facet normal 0 0 1
    outer loop
      vertex 83.0011 115.213 12
      vertex 81.2093 110.545 12
      vertex 90.7091 105.705 12
    endloop
  endfacet
  facet normal 0 0 1
    outer loop
      vertex 71.6928 118.243 12
      vertex 81.2093 110.545 12
      vertex 83.0011 115.213 12
    endloop
  endfacet
  facet normal 0 0 1
    outer loop
      vertex 71.6928 118.243 12
      vertex 70.9107 113.305 12
      vertex 81.2093 110.545 12
    endloop
  endfacet
  facet normal 0 0 1
    outer loop
      vertex 71.6928 118.243 12
      vertex 60.2634 113.863 12
      vertex 70.9107 113.305 12
    endloop
  endfacet
  facet normal 0 0 1
    outer loop
      vertex 60.0017 118.856 12
      vertex 60.2634 113.863 12
      vertex 71.6928 118.243 12
    endloop
  endfacet
  facet normal 0 0 1
    outer loop
      vertex 60.0017 118.856 12
      vertex 49.7327 112.195 12
      vertex 60.2634 113.863 12
    endloop
  endfacet
  facet normal -0 0 1
    outer loop
      vertex 48.4386 117.024 12
      vertex 49.7327 112.195 12
      vertex 60.0017 118.856 12
    endloop
  endfacet
  facet normal 0 0 1
    outer loop
      vertex 48.4386 117.024 12
      vertex 39.779 108.374 12
      vertex 49.7327 112.195 12
    endloop
  endfacet
  facet normal -0 0 1
    outer loop
      vertex 37.509 112.829 12
      vertex 39.779 108.374 12
      vertex 48.4386 117.024 12
    endloop
  endfacet
  facet normal 0 0 1
    outer loop
      vertex 37.509 112.829 12
      vertex 30.8372 102.567 12
      vertex 39.779 108.374 12
    endloop
  endfacet
  facet normal -0 0 1
    outer loop
      vertex 27.6906 106.453 12
      vertex 30.8372 102.567 12
      vertex 37.509 112.829 12
    endloop
  endfacet
  facet normal 0 0 1
    outer loop
      vertex 27.6906 106.453 12
      vertex 23.2981 95.0278 12
      vertex 30.8372 102.567 12
    endloop
  endfacet
  facet normal -0 0 1
    outer loop
      vertex 19.4123 98.1744 12
      vertex 23.2981 95.0278 12
      vertex 27.6906 106.453 12
    endloop
  endfacet
  facet normal 0 0 1
    outer loop
      vertex 19.4123 98.1744 12
      vertex 17.4912 86.086 12
      vertex 23.2981 95.0278 12
    endloop
  endfacet
  facet normal -0 0 1
    outer loop
      vertex 13.0361 88.356 12
      vertex 17.4912 86.086 12
      vertex 19.4123 98.1744 12
    endloop
  endfacet
  facet normal 0 0 1
    outer loop
      vertex 17.4912 86.086 12
      vertex 13.0361 88.356 12
      vertex 13.6703 76.1323 12
    endloop
  endfacet
  facet normal -0 0 1
    outer loop
      vertex 8.84066 77.4264 12
      vertex 13.6703 76.1323 12
      vertex 13.0361 88.356 12
    endloop
  endfacet
  facet normal 0 0 1
    outer loop
      vertex 13.6703 76.1323 12
      vertex 8.84066 77.4264 12
      vertex 12.0024 65.6016 12
    endloop
  endfacet
  facet normal -0 0 1
    outer loop
      vertex 7.00925 65.8633 12
      vertex 12.0024 65.6016 12
      vertex 8.84066 77.4264 12
    endloop
  endfacet
  facet normal 0 0 1
    outer loop
      vertex 12.0024 65.6016 12
      vertex 7.62196 54.1722 12
      vertex 10.652 42.8639 12
    endloop
  endfacet
  facet normal 0 0 1
    outer loop
      vertex 12.0024 65.6016 12
      vertex 7.00925 65.8633 12
      vertex 7.62196 54.1722 12
    endloop
  endfacet
  facet normal -0 0 1
    outer loop
      vertex 113.863 60.2634 12
      vertex 118.856 60.0017 12
      vertex 118.243 71.6928 12
    endloop
  endfacet
  facet normal 0 0 1
    outer loop
      vertex 113.305 70.9107 12
      vertex 118.243 71.6928 12
      vertex 115.213 83.0011 12
    endloop
  endfacet
  facet normal 0 0 1
    outer loop
      vertex 118.856 60.0017 12
      vertex 113.863 60.2634 12
      vertex 117.024 48.4386 12
    endloop
  endfacet
  facet normal -0 0 1
    outer loop
      vertex 112.195 49.7327 12
      vertex 117.024 48.4386 12
      vertex 113.863 60.2634 12
    endloop
  endfacet
  facet normal 0 0 1
    outer loop
      vertex 117.024 48.4386 12
      vertex 112.195 49.7327 12
      vertex 112.829 37.509 12
    endloop
  endfacet
  facet normal -0 0 1
    outer loop
      vertex 108.374 39.779 12
      vertex 112.829 37.509 12
      vertex 112.195 49.7327 12
    endloop
  endfacet
  facet normal 0 0 1
    outer loop
      vertex 108.374 39.779 12
      vertex 106.453 27.6906 12
      vertex 112.829 37.509 12
    endloop
  endfacet
  facet normal -0 0 1
    outer loop
      vertex 102.567 30.8372 12
      vertex 106.453 27.6906 12
      vertex 108.374 39.779 12
    endloop
  endfacet
  facet normal 0 0 1
    outer loop
      vertex 102.567 30.8372 12
      vertex 98.1744 19.4123 12
      vertex 106.453 27.6906 12
    endloop
  endfacet
  facet normal -0 0 1
    outer loop
      vertex 95.0278 23.2981 12
      vertex 98.1744 19.4123 12
      vertex 102.567 30.8372 12
    endloop
  endfacet
  facet normal 0 0 1
    outer loop
      vertex 95.0278 23.2981 12
      vertex 88.356 13.0361 12
      vertex 98.1744 19.4123 12
    endloop
  endfacet
  facet normal -0 0 1
    outer loop
      vertex 86.086 17.4912 12
      vertex 88.356 13.0361 12
      vertex 95.0278 23.2981 12
    endloop
  endfacet
  facet normal 0 0 1
    outer loop
      vertex 86.086 17.4912 12
      vertex 77.4264 8.84066 12
      vertex 88.356 13.0361 12
    endloop
  endfacet
  facet normal -0 0 1
    outer loop
      vertex 76.1323 13.6703 12
      vertex 77.4264 8.84066 12
      vertex 86.086 17.4912 12
    endloop
  endfacet
  facet normal 0 0 1
    outer loop
      vertex 76.1323 13.6703 12
      vertex 65.8633 7.00925 12
      vertex 77.4264 8.84066 12
    endloop
  endfacet
  facet normal -0 0 1
    outer loop
      vertex 65.6016 12.0024 12
      vertex 65.8633 7.00925 12
      vertex 76.1323 13.6703 12
    endloop
  endfacet
  facet normal 0 0 1
    outer loop
      vertex 54.9543 12.5604 12
      vertex 65.8633 7.00925 12
      vertex 65.6016 12.0024 12
    endloop
  endfacet
  facet normal 0 0 1
    outer loop
      vertex 54.9543 12.5604 12
      vertex 54.1722 7.62196 12
      vertex 65.8633 7.00925 12
    endloop
  endfacet
  facet normal 0 0 1
    outer loop
      vertex 44.6557 15.3199 12
      vertex 54.1722 7.62196 12
      vertex 54.9543 12.5604 12
    endloop
  endfacet
  facet normal 0 0 1
    outer loop
      vertex 44.6557 15.3199 12
      vertex 42.8639 10.652 12
      vertex 54.1722 7.62196 12
    endloop
  endfacet
  facet normal 0 0 1
    outer loop
      vertex 35.1559 20.1603 12
      vertex 42.8639 10.652 12
      vertex 44.6557 15.3199 12
    endloop
  endfacet
  facet normal 0 0 1
    outer loop
      vertex 35.1559 20.1603 12
      vertex 32.4327 15.967 12
      vertex 42.8639 10.652 12
    endloop
  endfacet
  facet normal 0 0 1
    outer loop
      vertex 26.8701 26.8701 12
      vertex 32.4327 15.967 12
      vertex 35.1559 20.1603 12
    endloop
  endfacet
  facet normal 0 0 1
    outer loop
      vertex 26.8701 26.8701 12
      vertex 23.3345 23.3345 12
      vertex 32.4327 15.967 12
    endloop
  endfacet
  facet normal 0 0 1
    outer loop
      vertex 20.1603 35.1559 12
      vertex 23.3345 23.3345 12
      vertex 26.8701 26.8701 12
    endloop
  endfacet
  facet normal 0 0 1
    outer loop
      vertex 20.1603 35.1559 12
      vertex 15.967 32.4327 12
      vertex 23.3345 23.3345 12
    endloop
  endfacet
  facet normal 0 0 1
    outer loop
      vertex 15.3199 44.6557 12
      vertex 15.967 32.4327 12
      vertex 20.1603 35.1559 12
    endloop
  endfacet
  facet normal 0 0 1
    outer loop
      vertex 10.652 42.8639 12
      vertex 15.3199 44.6557 12
      vertex 12.5604 54.9543 12
    endloop
  endfacet
  facet normal 0 0 1
    outer loop
      vertex 15.3199 44.6557 12
      vertex 10.652 42.8639 12
      vertex 15.967 32.4327 12
    endloop
  endfacet
  facet normal 0 0 1
    outer loop
      vertex 10.652 42.8639 12
      vertex 12.5604 54.9543 12
      vertex 12.0024 65.6016 12
    endloop
  endfacet
  facet normal 0.544642 -0.838668 0
    outer loop
      vertex 88.356 13.0361 2
      vertex 98.1744 19.4123 12
      vertex 88.356 13.0361 12
    endloop
  endfacet
  facet normal 0.544642 -0.838668 0
    outer loop
      vertex 98.1744 19.4123 12
      vertex 88.356 13.0361 2
      vertex 98.1744 19.4123 2
    endloop
  endfacet
  facet normal -0.54463 0.838676 0
    outer loop
      vertex 37.509 112.829 2
      vertex 27.6906 106.453 12
      vertex 37.509 112.829 12
    endloop
  endfacet
  facet normal -0.54463 0.838676 0
    outer loop
      vertex 27.6906 106.453 12
      vertex 37.509 112.829 2
      vertex 27.6906 106.453 2
    endloop
  endfacet
  facet normal -0.629316 -0.777149 0
    outer loop
      vertex 23.3345 23.3345 4
      vertex 32.4327 15.967 12
      vertex 23.3345 23.3345 12
    endloop
  endfacet
  facet normal -0.629316 -0.777149 -0
    outer loop
      vertex 32.4327 15.967 12
      vertex 23.3345 23.3345 4
      vertex 32.4327 15.967 4
    endloop
  endfacet
  facet normal -0.258818 -0.965926 0
    outer loop
      vertex 42.8639 10.652 4
      vertex 54.1722 7.62196 12
      vertex 42.8639 10.652 12
    endloop
  endfacet
  facet normal -0.258818 -0.965926 -0
    outer loop
      vertex 54.1722 7.62196 12
      vertex 42.8639 10.652 4
      vertex 54.1722 7.62196 4
    endloop
  endfacet
  facet normal -0.965926 -0.258818 0
    outer loop
      vertex 10.652 42.8639 4
      vertex 7.62196 54.1722 12
      vertex 7.62196 54.1722 4
    endloop
  endfacet
  facet normal -0.965926 -0.258818 0
    outer loop
      vertex 7.62196 54.1722 12
      vertex 10.652 42.8639 4
      vertex 10.652 42.8639 12
    endloop
  endfacet
  facet normal 0.965927 0.258815 0
    outer loop
      vertex 118.243 71.6928 12
      vertex 115.213 83.0011 2
      vertex 115.213 83.0011 12
    endloop
  endfacet
  facet normal 0.965927 0.258815 0
    outer loop
      vertex 115.213 83.0011 2
      vertex 118.243 71.6928 12
      vertex 118.243 71.6928 2
    endloop
  endfacet
  facet normal -0.156483 0.987681 0
    outer loop
      vertex 60.0017 118.856 2
      vertex 48.4386 117.024 12
      vertex 60.0017 118.856 12
    endloop
  endfacet
  facet normal -0.156483 0.987681 0
    outer loop
      vertex 48.4386 117.024 12
      vertex 60.0017 118.856 2
      vertex 48.4386 117.024 2
    endloop
  endfacet
  facet normal -0.987688 0.156434 0
    outer loop
      vertex 7.00925 65.8633 2
      vertex 8.84066 77.4264 12
      vertex 8.84066 77.4264 2
    endloop
  endfacet
  facet normal -0.987688 0.156434 0
    outer loop
      vertex 8.84066 77.4264 12
      vertex 7.00925 65.8633 2
      vertex 7.00925 65.8633 12
    endloop
  endfacet
  facet normal -0.838668 0.544642 0
    outer loop
      vertex 13.0361 88.356 2
      vertex 19.4123 98.1744 12
      vertex 19.4123 98.1744 2
    endloop
  endfacet
  facet normal -0.838668 0.544642 0
    outer loop
      vertex 19.4123 98.1744 12
      vertex 13.0361 88.356 2
      vertex 13.0361 88.356 12
    endloop
  endfacet
  facet normal 0.707094 -0.70712 0
    outer loop
      vertex 98.1744 19.4123 12
      vertex 106.453 27.6906 2
      vertex 106.453 27.6906 12
    endloop
  endfacet
  facet normal 0.707094 -0.70712 0
    outer loop
      vertex 106.453 27.6906 2
      vertex 98.1744 19.4123 12
      vertex 98.1744 19.4123 2
    endloop
  endfacet
  facet normal -0.777149 -0.629316 0
    outer loop
      vertex 23.3345 23.3345 4
      vertex 15.967 32.4327 12
      vertex 15.967 32.4327 4
    endloop
  endfacet
  facet normal -0.777149 -0.629316 0
    outer loop
      vertex 15.967 32.4327 12
      vertex 23.3345 23.3345 4
      vertex 23.3345 23.3345 12
    endloop
  endfacet
  facet normal -0.453961 -0.891021 0
    outer loop
      vertex 81.2093 110.545 2
      vertex 90.7091 105.705 12
      vertex 81.2093 110.545 12
    endloop
  endfacet
  facet normal -0.453961 -0.891021 -0
    outer loop
      vertex 90.7091 105.705 12
      vertex 81.2093 110.545 2
      vertex 90.7091 105.705 2
    endloop
  endfacet
  facet normal -0.629343 -0.777128 0
    outer loop
      vertex 90.7091 105.705 2
      vertex 98.9949 98.9949 12
      vertex 90.7091 105.705 12
    endloop
  endfacet
  facet normal -0.629343 -0.777128 -0
    outer loop
      vertex 98.9949 98.9949 12
      vertex 90.7091 105.705 2
      vertex 98.9949 98.9949 2
    endloop
  endfacet
  facet normal -0.777128 -0.629343 0
    outer loop
      vertex 105.705 90.7091 2
      vertex 98.9949 98.9949 12
      vertex 98.9949 98.9949 2
    endloop
  endfacet
  facet normal -0.777128 -0.629343 0
    outer loop
      vertex 98.9949 98.9949 12
      vertex 105.705 90.7091 2
      vertex 105.705 90.7091 12
    endloop
  endfacet
  facet normal 0.358379 -0.933576 0
    outer loop
      vertex 39.779 108.374 2
      vertex 49.7327 112.195 12
      vertex 39.779 108.374 12
    endloop
  endfacet
  facet normal 0.358379 -0.933576 0
    outer loop
      vertex 49.7327 112.195 12
      vertex 39.779 108.374 2
      vertex 49.7327 112.195 2
    endloop
  endfacet
  facet normal -0.933576 0.358379 0
    outer loop
      vertex 108.374 39.779 2
      vertex 112.195 49.7327 12
      vertex 112.195 49.7327 2
    endloop
  endfacet
  facet normal -0.933576 0.358379 0
    outer loop
      vertex 112.195 49.7327 12
      vertex 108.374 39.779 2
      vertex 108.374 39.779 12
    endloop
  endfacet
  facet normal 0.987688 -0.156435 0
    outer loop
      vertex 12.0024 65.6016 12
      vertex 13.6703 76.1323 2
      vertex 13.6703 76.1323 12
    endloop
  endfacet
  facet normal 0.987688 -0.156435 0
    outer loop
      vertex 13.6703 76.1323 2
      vertex 12.0024 65.6016 12
      vertex 12.0024 65.6016 2
    endloop
  endfacet
  facet normal 0.838669 -0.544641 0
    outer loop
      vertex 17.4912 86.086 12
      vertex 23.2981 95.0278 2
      vertex 23.2981 95.0278 12
    endloop
  endfacet
  facet normal 0.838669 -0.544641 0
    outer loop
      vertex 23.2981 95.0278 2
      vertex 17.4912 86.086 12
      vertex 17.4912 86.086 2
    endloop
  endfacet
  facet normal 0.99863 0.0523326 0
    outer loop
      vertex 12.0024 65.6016 12
      vertex 12.4322 57.4 4
      vertex 12.0024 65.6016 2
    endloop
  endfacet
  facet normal 0.99863 0.0523358 -3.32093e-06
    outer loop
      vertex 12.5604 54.9543 12
      vertex 12.4322 57.4 4
      vertex 12.0024 65.6016 12
    endloop
  endfacet
  facet normal 0.998629 0.0523467 0
    outer loop
      vertex 12.4322 57.4 4
      vertex 12.5604 54.9543 12
      vertex 12.5604 54.9543 4
    endloop
  endfacet
  facet normal 0.99863 0.0523326 0
    outer loop
      vertex 12.0024 65.6016 2
      vertex 12.4322 57.4 4
      vertex 12.4322 57.4 2
    endloop
  endfacet
  facet normal -0.358371 0.933579 0
    outer loop
      vertex 86.086 17.4912 2
      vertex 76.1323 13.6703 12
      vertex 86.086 17.4912 12
    endloop
  endfacet
  facet normal -0.358371 0.933579 0
    outer loop
      vertex 76.1323 13.6703 12
      vertex 86.086 17.4912 2
      vertex 76.1323 13.6703 2
    endloop
  endfacet
  facet normal -0.544641 0.838669 0
    outer loop
      vertex 95.0278 23.2981 2
      vertex 86.086 17.4912 12
      vertex 95.0278 23.2981 12
    endloop
  endfacet
  facet normal -0.544641 0.838669 0
    outer loop
      vertex 86.086 17.4912 12
      vertex 95.0278 23.2981 2
      vertex 86.086 17.4912 2
    endloop
  endfacet
  facet normal 0.891006 0.453991 0
    outer loop
      vertex 20.1603 35.1559 12
      vertex 15.3199 44.6557 4
      vertex 15.3199 44.6557 12
    endloop
  endfacet
  facet normal 0.891006 0.453991 0
    outer loop
      vertex 15.3199 44.6557 4
      vertex 20.1603 35.1559 12
      vertex 20.1603 35.1559 4
    endloop
  endfacet
  facet normal -0.99863 -0.0523358 0
    outer loop
      vertex 113.863 60.2634 2
      vertex 113.305 70.9107 12
      vertex 113.305 70.9107 2
    endloop
  endfacet
  facet normal -0.99863 -0.0523358 0
    outer loop
      vertex 113.305 70.9107 12
      vertex 113.863 60.2634 2
      vertex 113.863 60.2634 12
    endloop
  endfacet
  facet normal -0.965914 -0.258863 0
    outer loop
      vertex 113.305 70.9107 2
      vertex 110.545 81.2093 12
      vertex 110.545 81.2093 2
    endloop
  endfacet
  facet normal -0.965914 -0.258863 0
    outer loop
      vertex 110.545 81.2093 12
      vertex 113.305 70.9107 2
      vertex 113.305 70.9107 12
    endloop
  endfacet
  facet normal -0.987687 0.156444 0
    outer loop
      vertex 112.195 49.7327 2
      vertex 113.863 60.2634 12
      vertex 113.863 60.2634 2
    endloop
  endfacet
  facet normal -0.987687 0.156444 0
    outer loop
      vertex 113.863 60.2634 12
      vertex 112.195 49.7327 2
      vertex 112.195 49.7327 12
    endloop
  endfacet
  facet normal 0.707111 -0.707102 0
    outer loop
      vertex 23.2981 95.0278 2
      vertex 30.8372 102.567 12
      vertex 23.2981 95.0278 12
    endloop
  endfacet
  facet normal 0.707111 -0.707102 0
    outer loop
      vertex 30.8372 102.567 12
      vertex 23.2981 95.0278 2
      vertex 30.8372 102.567 2
    endloop
  endfacet
  facet normal -0.891021 -0.453961 0
    outer loop
      vertex 110.545 81.2093 2
      vertex 105.705 90.7091 12
      vertex 105.705 90.7091 2
    endloop
  endfacet
  facet normal -0.891021 -0.453961 0
    outer loop
      vertex 105.705 90.7091 12
      vertex 110.545 81.2093 2
      vertex 110.545 81.2093 12
    endloop
  endfacet
  facet normal 0.156444 -0.987687 0
    outer loop
      vertex 49.7327 112.195 2
      vertex 60.2634 113.863 12
      vertex 49.7327 112.195 12
    endloop
  endfacet
  facet normal 0.156444 -0.987687 0
    outer loop
      vertex 60.2634 113.863 12
      vertex 49.7327 112.195 2
      vertex 60.2634 113.863 2
    endloop
  endfacet
  facet normal 0.933579 -0.358371 0
    outer loop
      vertex 13.6703 76.1323 12
      vertex 17.4912 86.086 2
      vertex 17.4912 86.086 12
    endloop
  endfacet
  facet normal 0.933579 -0.358371 0
    outer loop
      vertex 17.4912 86.086 2
      vertex 13.6703 76.1323 12
      vertex 13.6703 76.1323 2
    endloop
  endfacet
  facet normal -0.0523358 -0.99863 0
    outer loop
      vertex 60.2634 113.863 2
      vertex 70.9107 113.305 12
      vertex 60.2634 113.863 12
    endloop
  endfacet
  facet normal -0.0523358 -0.99863 -0
    outer loop
      vertex 70.9107 113.305 12
      vertex 60.2634 113.863 2
      vertex 70.9107 113.305 2
    endloop
  endfacet
  facet normal 0.777142 0.629326 0
    outer loop
      vertex 26.8701 26.8701 12
      vertex 20.1603 35.1559 4
      vertex 20.1603 35.1559 12
    endloop
  endfacet
  facet normal 0.777142 0.629326 0
    outer loop
      vertex 20.1603 35.1559 4
      vertex 26.8701 26.8701 12
      vertex 26.8701 26.8701 4
    endloop
  endfacet
  facet normal -0.258863 -0.965914 0
    outer loop
      vertex 70.9107 113.305 2
      vertex 81.2093 110.545 12
      vertex 70.9107 113.305 12
    endloop
  endfacet
  facet normal -0.258863 -0.965914 -0
    outer loop
      vertex 81.2093 110.545 12
      vertex 70.9107 113.305 2
      vertex 81.2093 110.545 2
    endloop
  endfacet
  facet normal 0.453991 0.891006 -0
    outer loop
      vertex 44.6557 15.3199 4
      vertex 35.1559 20.1603 12
      vertex 44.6557 15.3199 12
    endloop
  endfacet
  facet normal 0.453991 0.891006 0
    outer loop
      vertex 35.1559 20.1603 12
      vertex 44.6557 15.3199 4
      vertex 35.1559 20.1603 4
    endloop
  endfacet
  facet normal -0.838665 0.544647 0
    outer loop
      vertex 102.567 30.8372 2
      vertex 108.374 39.779 12
      vertex 108.374 39.779 2
    endloop
  endfacet
  facet normal -0.838665 0.544647 0
    outer loop
      vertex 108.374 39.779 12
      vertex 102.567 30.8372 2
      vertex 102.567 30.8372 12
    endloop
  endfacet
  facet normal 0.258819 0.965926 -0
    outer loop
      vertex 54.9543 12.5604 4
      vertex 44.6557 15.3199 12
      vertex 54.9543 12.5604 12
    endloop
  endfacet
  facet normal 0.258819 0.965926 0
    outer loop
      vertex 44.6557 15.3199 12
      vertex 54.9543 12.5604 4
      vertex 44.6557 15.3199 4
    endloop
  endfacet
  facet normal -0.707102 0.707111 0
    outer loop
      vertex 95.0278 23.2981 2
      vertex 102.567 30.8372 12
      vertex 102.567 30.8372 2
    endloop
  endfacet
  facet normal -0.707102 0.707111 0
    outer loop
      vertex 102.567 30.8372 12
      vertex 95.0278 23.2981 2
      vertex 95.0278 23.2981 12
    endloop
  endfacet
  facet normal 0.629326 0.777142 -0
    outer loop
      vertex 35.1559 20.1603 4
      vertex 26.8701 26.8701 12
      vertex 35.1559 20.1603 12
    endloop
  endfacet
  facet normal 0.629326 0.777142 0
    outer loop
      vertex 26.8701 26.8701 12
      vertex 35.1559 20.1603 4
      vertex 26.8701 26.8701 4
    endloop
  endfacet
  facet normal 0.0523358 0.99863 -0
    outer loop
      vertex 65.6016 12.0024 4
      vertex 54.9543 12.5604 12
      vertex 65.6016 12.0024 12
    endloop
  endfacet
  facet normal 0.0523358 0.99863 0
    outer loop
      vertex 54.9543 12.5604 12
      vertex 65.6016 12.0024 4
      vertex 54.9543 12.5604 4
    endloop
  endfacet
  facet normal 0.544647 -0.838665 0
    outer loop
      vertex 30.8372 102.567 2
      vertex 39.779 108.374 12
      vertex 30.8372 102.567 12
    endloop
  endfacet
  facet normal 0.544647 -0.838665 0
    outer loop
      vertex 39.779 108.374 12
      vertex 30.8372 102.567 2
      vertex 39.779 108.374 2
    endloop
  endfacet
  facet normal -0.156435 0.987688 -2.87377e-06
    outer loop
      vertex 76.1323 13.6703 12
      vertex 68.4 12.4456 4
      vertex 65.6016 12.0024 12
    endloop
  endfacet
  facet normal -0.156437 0.987688 0
    outer loop
      vertex 76.1323 13.6703 2
      vertex 68.4 12.4456 4
      vertex 76.1323 13.6703 12
    endloop
  endfacet
  facet normal -0.156437 0.987688 0
    outer loop
      vertex 68.4 12.4456 4
      vertex 76.1323 13.6703 2
      vertex 68.4 12.4456 2
    endloop
  endfacet
  facet normal -0.156427 0.98769 0
    outer loop
      vertex 65.6016 12.0024 12
      vertex 68.4 12.4456 4
      vertex 65.6016 12.0024 4
    endloop
  endfacet
  facet normal 0.965926 0.258819 0
    outer loop
      vertex 15.3199 44.6557 12
      vertex 12.5604 54.9543 4
      vertex 12.5604 54.9543 12
    endloop
  endfacet
  facet normal 0.965926 0.258819 0
    outer loop
      vertex 12.5604 54.9543 4
      vertex 15.3199 44.6557 12
      vertex 15.3199 44.6557 4
    endloop
  endfacet
  facet normal 0.62932 -0.777146 0
    outer loop
      vertex -56.6692 53.2878 4
      vertex -54.8008 54.8008 21
      vertex -56.6692 53.2878 21
    endloop
  endfacet
  facet normal 0.62932 -0.777146 0
    outer loop
      vertex -54.8008 54.8008 21
      vertex -56.6692 53.2878 4
      vertex -54.8008 54.8008 4
    endloop
  endfacet
  facet normal -0.891007 0.453989 0
    outer loop
      vertex -73.6687 67.0537 4
      vertex -72.5772 69.1959 21
      vertex -72.5772 69.1959 4
    endloop
  endfacet
  facet normal -0.891007 0.453989 0
    outer loop
      vertex -72.5772 69.1959 21
      vertex -73.6687 67.0537 4
      vertex -73.6687 67.0537 21
    endloop
  endfacet
  facet normal -0.838671 -0.544639 0
    outer loop
      vertex -71.8697 55.6953 4
      vertex -73.1791 57.7116 21
      vertex -73.1791 57.7116 4
    endloop
  endfacet
  facet normal -0.838671 -0.544639 0
    outer loop
      vertex -73.1791 57.7116 21
      vertex -71.8697 55.6953 4
      vertex -71.8697 55.6953 21
    endloop
  endfacet
  facet normal 0.0523047 -0.998631 0
    outer loop
      vertex -63.5344 51.4483 4
      vertex -61.8638 51.5358 21
      vertex -63.5344 51.4483 21
    endloop
  endfacet
  facet normal 0.0523047 -0.998631 0
    outer loop
      vertex -61.8638 51.5358 21
      vertex -63.5344 51.4483 4
      vertex -61.8638 51.5358 4
    endloop
  endfacet
  facet normal 0 0 1
    outer loop
      vertex -74.3147 64.2783 4
      vertex -75.6604 62.9325 4
      vertex -74.4167 62.3306 4
    endloop
  endfacet
  facet normal 0 0 1
    outer loop
      vertex -74.296 61.568 4
      vertex -74.4167 62.3306 4
      vertex -75.6604 62.9325 4
    endloop
  endfacet
  facet normal 0 0 1
    outer loop
      vertex -50.2046 62.9325 4
      vertex -51.569 64.297 4
      vertex -51.4483 63.5344 4
    endloop
  endfacet
  facet normal 0 0 1
    outer loop
      vertex -50.2046 62.9325 4
      vertex -51.4483 63.5344 4
      vertex -51.5503 61.5868 4
    endloop
  endfacet
  facet normal 0 0 1
    outer loop
      vertex -62.9325 75.6604 4
      vertex -62.3306 74.4167 4
      vertex -61.568 74.296 4
    endloop
  endfacet
  facet normal 0 0 1
    outer loop
      vertex -62.3306 74.4167 4
      vertex -62.9325 75.6604 4
      vertex -64.2783 74.3147 4
    endloop
  endfacet
  facet normal 0 0 -1
    outer loop
      vertex -51.569 64.297 4
      vertex -52.6859 68.1534 4
      vertex -51.8244 65.9089 4
    endloop
  endfacet
  facet normal 0 0 -1
    outer loop
      vertex -51.569 64.297 4
      vertex -53.9953 70.1697 4
      vertex -52.6859 68.1534 4
    endloop
  endfacet
  facet normal 0 0 -1
    outer loop
      vertex -51.569 64.297 4
      vertex -55.6953 71.8697 4
      vertex -53.9953 70.1697 4
    endloop
  endfacet
  facet normal 0 0 -1
    outer loop
      vertex -51.569 64.297 4
      vertex -57.7116 73.1791 4
      vertex -55.6953 71.8697 4
    endloop
  endfacet
  facet normal 0 0 -1
    outer loop
      vertex -61.568 74.296 4
      vertex -57.7116 73.1791 4
      vertex -51.569 64.297 4
    endloop
  endfacet
  facet normal 0 0 -1
    outer loop
      vertex -57.7116 73.1791 4
      vertex -61.568 74.296 4
      vertex -59.9561 74.0406 4
    endloop
  endfacet
  facet normal 0 0 -1
    outer loop
      vertex -64.2783 74.3147 4
      vertex -67.0537 73.6687 4
      vertex -64.7315 74.2909 4
    endloop
  endfacet
  facet normal 0 0 -1
    outer loop
      vertex -64.2783 74.3147 4
      vertex -69.1959 72.5772 4
      vertex -67.0537 73.6687 4
    endloop
  endfacet
  facet normal 0 0 -1
    outer loop
      vertex -64.2783 74.3147 4
      vertex -71.0642 71.0642 4
      vertex -69.1959 72.5772 4
    endloop
  endfacet
  facet normal 0 0 -1
    outer loop
      vertex -64.2783 74.3147 4
      vertex -72.5772 69.1959 4
      vertex -71.0642 71.0642 4
    endloop
  endfacet
  facet normal 0 0 -1
    outer loop
      vertex -64.2783 74.3147 4
      vertex -73.6687 67.0537 4
      vertex -72.5772 69.1959 4
    endloop
  endfacet
  facet normal 0 0 -1
    outer loop
      vertex -74.3147 64.2783 4
      vertex -73.6687 67.0537 4
      vertex -64.2783 74.3147 4
    endloop
  endfacet
  facet normal 0 0 -1
    outer loop
      vertex -73.6687 67.0537 4
      vertex -74.3147 64.2783 4
      vertex -74.2909 64.7315 4
    endloop
  endfacet
  facet normal -0.933592 -0.358338 0
    outer loop
      vertex -73.1791 57.7116 4
      vertex -74.0406 59.9561 21
      vertex -74.0406 59.9561 4
    endloop
  endfacet
  facet normal -0.933592 -0.358338 0
    outer loop
      vertex -74.0406 59.9561 21
      vertex -73.1791 57.7116 4
      vertex -73.1791 57.7116 21
    endloop
  endfacet
  facet normal -0.629341 0.77713 0
    outer loop
      vertex -69.1959 72.5772 4
      vertex -71.0642 71.0642 21
      vertex -69.1959 72.5772 21
    endloop
  endfacet
  facet normal -0.629341 0.77713 0
    outer loop
      vertex -71.0642 71.0642 21
      vertex -69.1959 72.5772 4
      vertex -71.0642 71.0642 4
    endloop
  endfacet
  facet normal -0.77713 0.629341 0
    outer loop
      vertex -72.5772 69.1959 4
      vertex -71.0642 71.0642 21
      vertex -71.0642 71.0642 4
    endloop
  endfacet
  facet normal -0.77713 0.629341 0
    outer loop
      vertex -71.0642 71.0642 21
      vertex -72.5772 69.1959 4
      vertex -72.5772 69.1959 21
    endloop
  endfacet
  facet normal 0.454006 -0.890999 0
    outer loop
      vertex -58.8113 52.1963 4
      vertex -56.6692 53.2878 21
      vertex -58.8113 52.1963 21
    endloop
  endfacet
  facet normal 0.454006 -0.890999 0
    outer loop
      vertex -56.6692 53.2878 21
      vertex -58.8113 52.1963 4
      vertex -56.6692 53.2878 4
    endloop
  endfacet
  facet normal 0.987679 0.156494 0
    outer loop
      vertex -51.8244 65.9089 21
      vertex -51.569 64.297 4
      vertex -51.8244 65.9089 4
    endloop
  endfacet
  facet normal 0.987687 0.156441 5.18012e-06
    outer loop
      vertex -51.4483 63.5344 21
      vertex -51.569 64.297 4
      vertex -51.8244 65.9089 21
    endloop
  endfacet
  facet normal 0.987705 0.156328 0
    outer loop
      vertex -51.569 64.297 4
      vertex -51.4483 63.5344 21
      vertex -51.4483 63.5344 4
    endloop
  endfacet
  facet normal 0.890999 -0.454006 0
    outer loop
      vertex -53.2878 56.6692 21
      vertex -52.1963 58.8113 4
      vertex -52.1963 58.8113 21
    endloop
  endfacet
  facet normal 0.890999 -0.454006 0
    outer loop
      vertex -52.1963 58.8113 4
      vertex -53.2878 56.6692 21
      vertex -53.2878 56.6692 4
    endloop
  endfacet
  facet normal -0.0522978 0.998632 0
    outer loop
      vertex -64.2783 74.3147 4
      vertex -62.3306 74.4167 21
      vertex -62.3306 74.4167 4
    endloop
  endfacet
  facet normal -0.0523252 0.99863 3.15282e-06
    outer loop
      vertex -62.3306 74.4167 21
      vertex -64.2783 74.3147 4
      vertex -64.7315 74.2909 21
    endloop
  endfacet
  facet normal -0.0524432 0.998624 0
    outer loop
      vertex -64.7315 74.2909 21
      vertex -64.2783 74.3147 4
      vertex -64.7315 74.2909 4
    endloop
  endfacet
  facet normal -0.54462 -0.838683 0
    outer loop
      vertex -68.4 52.8461 4
      vertex -70.1697 53.9953 21
      vertex -70.1697 53.9953 4
    endloop
  endfacet
  facet normal -0.544639 -0.838671 -2.7702e-06
    outer loop
      vertex -70.1697 53.9953 21
      vertex -68.4 52.8461 4
      vertex -68.1534 52.6859 21
    endloop
  endfacet
  facet normal -0.544773 -0.838583 -0
    outer loop
      vertex -68.1534 52.6859 21
      vertex -68.4 52.8461 4
      vertex -68.1534 52.6859 4
    endloop
  endfacet
  facet normal 0 0 1
    outer loop
      vertex -60.4325 62.9325 21
      vertex -51.4483 63.5344 21
      vertex -51.8244 65.9089 21
    endloop
  endfacet
  facet normal 0 0 1
    outer loop
      vertex -51.4483 63.5344 21
      vertex -60.4325 62.9325 21
      vertex -51.5741 61.1335 21
    endloop
  endfacet
  facet normal 0 0 1
    outer loop
      vertex -60.4325 62.9325 21
      vertex -51.8244 65.9089 21
      vertex -52.6859 68.1534 21
    endloop
  endfacet
  facet normal 0 0 1
    outer loop
      vertex -51.5741 61.1335 21
      vertex -60.4325 62.9325 21
      vertex -52.1963 58.8113 21
    endloop
  endfacet
  facet normal 0 0 1
    outer loop
      vertex -61.1647 64.7003 21
      vertex -52.6859 68.1534 21
      vertex -53.9953 70.1697 21
    endloop
  endfacet
  facet normal -0 0 1
    outer loop
      vertex -61.1647 61.1647 21
      vertex -52.1963 58.8113 21
      vertex -60.4325 62.9325 21
    endloop
  endfacet
  facet normal 0 0 1
    outer loop
      vertex -61.1647 64.7003 21
      vertex -53.9953 70.1697 21
      vertex -55.6953 71.8697 21
    endloop
  endfacet
  facet normal 0 0 1
    outer loop
      vertex -52.1963 58.8113 21
      vertex -61.1647 61.1647 21
      vertex -53.2878 56.6692 21
    endloop
  endfacet
  facet normal 0 0 1
    outer loop
      vertex -61.1647 64.7003 21
      vertex -55.6953 71.8697 21
      vertex -57.7116 73.1791 21
    endloop
  endfacet
  facet normal 0 0 1
    outer loop
      vertex -53.2878 56.6692 21
      vertex -61.1647 61.1647 21
      vertex -54.8008 54.8008 21
    endloop
  endfacet
  facet normal 0 0 1
    outer loop
      vertex -54.8008 54.8008 21
      vertex -61.1647 61.1647 21
      vertex -56.6692 53.2878 21
    endloop
  endfacet
  facet normal 0 0 1
    outer loop
      vertex -62.9325 65.4325 21
      vertex -57.7116 73.1791 21
      vertex -59.9561 74.0406 21
    endloop
  endfacet
  facet normal 0 -0 1
    outer loop
      vertex -60 52.5 21
      vertex -56.6692 53.2878 21
      vertex -61.1647 61.1647 21
    endloop
  endfacet
  facet normal 0 0 1
    outer loop
      vertex -56.6692 53.2878 21
      vertex -60 52.5 21
      vertex -58.8113 52.1963 21
    endloop
  endfacet
  facet normal 0 0 1
    outer loop
      vertex -52.6859 68.1534 21
      vertex -61.1647 64.7003 21
      vertex -60.4325 62.9325 21
    endloop
  endfacet
  facet normal 0 0 1
    outer loop
      vertex -62.9325 65.4325 21
      vertex -59.9561 74.0406 21
      vertex -62.3306 74.4167 21
    endloop
  endfacet
  facet normal 0 0 1
    outer loop
      vertex -57.7116 73.1791 21
      vertex -62.9325 65.4325 21
      vertex -61.1647 64.7003 21
    endloop
  endfacet
  facet normal -0 0 1
    outer loop
      vertex -64.7315 74.2909 21
      vertex -62.9325 65.4325 21
      vertex -62.3306 74.4167 21
    endloop
  endfacet
  facet normal -0 0 1
    outer loop
      vertex -67.0537 73.6687 21
      vertex -62.9325 65.4325 21
      vertex -64.7315 74.2909 21
    endloop
  endfacet
  facet normal 0 0 1
    outer loop
      vertex -62.9325 65.4325 21
      vertex -67.0537 73.6687 21
      vertex -64.7003 64.7003 21
    endloop
  endfacet
  facet normal -0 0 1
    outer loop
      vertex -69.1959 72.5772 21
      vertex -64.7003 64.7003 21
      vertex -67.0537 73.6687 21
    endloop
  endfacet
  facet normal -0 0 1
    outer loop
      vertex -71.0642 71.0642 21
      vertex -64.7003 64.7003 21
      vertex -69.1959 72.5772 21
    endloop
  endfacet
  facet normal 0 0 1
    outer loop
      vertex -65.4325 62.9325 21
      vertex -68.1534 52.6859 21
      vertex -65.9089 51.8244 21
    endloop
  endfacet
  facet normal -0 0 1
    outer loop
      vertex -72.5772 69.1959 21
      vertex -64.7003 64.7003 21
      vertex -71.0642 71.0642 21
    endloop
  endfacet
  facet normal 0 0 1
    outer loop
      vertex -65.4325 62.9325 21
      vertex -70.1697 53.9953 21
      vertex -68.1534 52.6859 21
    endloop
  endfacet
  facet normal -0 0 1
    outer loop
      vertex -73.6687 67.0537 21
      vertex -64.7003 64.7003 21
      vertex -72.5772 69.1959 21
    endloop
  endfacet
  facet normal 0 0 1
    outer loop
      vertex -65.4325 62.9325 21
      vertex -71.8697 55.6953 21
      vertex -70.1697 53.9953 21
    endloop
  endfacet
  facet normal 0 0 1
    outer loop
      vertex -64.7003 64.7003 21
      vertex -73.6687 67.0537 21
      vertex -65.4325 62.9325 21
    endloop
  endfacet
  facet normal 0 0 1
    outer loop
      vertex -65.4325 62.9325 21
      vertex -73.1791 57.7116 21
      vertex -71.8697 55.6953 21
    endloop
  endfacet
  facet normal -0 0 1
    outer loop
      vertex -74.2909 64.7315 21
      vertex -65.4325 62.9325 21
      vertex -73.6687 67.0537 21
    endloop
  endfacet
  facet normal 0 0 1
    outer loop
      vertex -65.4325 62.9325 21
      vertex -74.0406 59.9561 21
      vertex -73.1791 57.7116 21
    endloop
  endfacet
  facet normal 0 0 1
    outer loop
      vertex -74.4167 62.3306 21
      vertex -65.4325 62.9325 21
      vertex -74.2909 64.7315 21
    endloop
  endfacet
  facet normal 0 0 1
    outer loop
      vertex -65.4325 62.9325 21
      vertex -74.4167 62.3306 21
      vertex -74.0406 59.9561 21
    endloop
  endfacet
  facet normal 0 0 1
    outer loop
      vertex -58.8113 52.1963 21
      vertex -60 52.5 21
      vertex -59.0879 52.1222 21
    endloop
  endfacet
  facet normal -0 0 1
    outer loop
      vertex -62.9325 60.4325 21
      vertex -60 52.5 21
      vertex -61.1647 61.1647 21
    endloop
  endfacet
  facet normal 0 0 1
    outer loop
      vertex -60 52.5 21
      vertex -62.9325 60.4325 21
      vertex -61.7678 51.7678 21
    endloop
  endfacet
  facet normal 0 0 1
    outer loop
      vertex -63.5344 51.4483 21
      vertex -61.7678 51.7678 21
      vertex -62.9325 60.4325 21
    endloop
  endfacet
  facet normal 0 0 1
    outer loop
      vertex -61.7678 51.7678 21
      vertex -63.5344 51.4483 21
      vertex -61.8638 51.5358 21
    endloop
  endfacet
  facet normal 0 0 1
    outer loop
      vertex -65.9089 51.8244 21
      vertex -62.9325 60.4325 21
      vertex -64.7003 61.1647 21
    endloop
  endfacet
  facet normal 0 0 1
    outer loop
      vertex -65.9089 51.8244 21
      vertex -64.7003 61.1647 21
      vertex -65.4325 62.9325 21
    endloop
  endfacet
  facet normal 0 0 1
    outer loop
      vertex -62.9325 60.4325 21
      vertex -65.9089 51.8244 21
      vertex -63.5344 51.4483 21
    endloop
  endfacet
  facet normal 0.933592 0.358338 0
    outer loop
      vertex -51.8244 65.9089 21
      vertex -52.6859 68.1534 4
      vertex -52.6859 68.1534 21
    endloop
  endfacet
  facet normal 0.933592 0.358338 0
    outer loop
      vertex -52.6859 68.1534 4
      vertex -51.8244 65.9089 21
      vertex -51.8244 65.9089 4
    endloop
  endfacet
  facet normal -0.965929 0.258807 0
    outer loop
      vertex -74.2909 64.7315 4
      vertex -73.6687 67.0537 21
      vertex -73.6687 67.0537 4
    endloop
  endfacet
  facet normal -0.965929 0.258807 0
    outer loop
      vertex -73.6687 67.0537 21
      vertex -74.2909 64.7315 4
      vertex -74.2909 64.7315 21
    endloop
  endfacet
  facet normal 0.156494 0.987679 0
    outer loop
      vertex -61.568 74.296 4
      vertex -59.9561 74.0406 21
      vertex -59.9561 74.0406 4
    endloop
  endfacet
  facet normal 0.156441 0.987687 5.18012e-06
    outer loop
      vertex -59.9561 74.0406 21
      vertex -61.568 74.296 4
      vertex -62.3306 74.4167 21
    endloop
  endfacet
  facet normal 0.156328 0.987705 0
    outer loop
      vertex -62.3306 74.4167 21
      vertex -61.568 74.296 4
      vertex -62.3306 74.4167 4
    endloop
  endfacet
  facet normal -0.156441 -0.987687 0
    outer loop
      vertex -65.9089 51.8244 4
      vertex -63.5344 51.4483 21
      vertex -65.9089 51.8244 21
    endloop
  endfacet
  facet normal -0.156441 -0.987687 -0
    outer loop
      vertex -63.5344 51.4483 21
      vertex -65.9089 51.8244 4
      vertex -63.5344 51.4483 4
    endloop
  endfacet
  facet normal -0.258807 0.965929 0
    outer loop
      vertex -64.7315 74.2909 4
      vertex -67.0537 73.6687 21
      vertex -64.7315 74.2909 21
    endloop
  endfacet
  facet normal -0.258807 0.965929 0
    outer loop
      vertex -67.0537 73.6687 21
      vertex -64.7315 74.2909 4
      vertex -67.0537 73.6687 4
    endloop
  endfacet
  facet normal 0.358338 0.933592 -0
    outer loop
      vertex -57.7116 73.1791 4
      vertex -59.9561 74.0406 21
      vertex -57.7116 73.1791 21
    endloop
  endfacet
  facet normal 0.358338 0.933592 0
    outer loop
      vertex -59.9561 74.0406 21
      vertex -57.7116 73.1791 4
      vertex -59.9561 74.0406 4
    endloop
  endfacet
  facet normal -0.998624 0.0524432 0
    outer loop
      vertex -74.3147 64.2783 4
      vertex -74.2909 64.7315 21
      vertex -74.2909 64.7315 4
    endloop
  endfacet
  facet normal -0.998632 0.0522978 0
    outer loop
      vertex -74.4167 62.3306 21
      vertex -74.3147 64.2783 4
      vertex -74.4167 62.3306 4
    endloop
  endfacet
  facet normal -0.99863 0.0523252 3.15282e-06
    outer loop
      vertex -74.3147 64.2783 4
      vertex -74.4167 62.3306 21
      vertex -74.2909 64.7315 21
    endloop
  endfacet
  facet normal -0.707107 -0.707107 0
    outer loop
      vertex -71.8697 55.6953 4
      vertex -70.1697 53.9953 21
      vertex -71.8697 55.6953 21
    endloop
  endfacet
  facet normal -0.707107 -0.707107 -0
    outer loop
      vertex -70.1697 53.9953 21
      vertex -71.8697 55.6953 4
      vertex -70.1697 53.9953 4
    endloop
  endfacet
  facet normal -0.453989 0.891007 0
    outer loop
      vertex -67.0537 73.6687 4
      vertex -69.1959 72.5772 21
      vertex -67.0537 73.6687 21
    endloop
  endfacet
  facet normal -0.453989 0.891007 0
    outer loop
      vertex -69.1959 72.5772 21
      vertex -67.0537 73.6687 4
      vertex -69.1959 72.5772 4
    endloop
  endfacet
  facet normal 0.998631 -0.0523005 0
    outer loop
      vertex -51.4483 63.5344 21
      vertex -51.5503 61.5868 4
      vertex -51.4483 63.5344 4
    endloop
  endfacet
  facet normal 0.99863 -0.0523252 2.84503e-06
    outer loop
      vertex -51.5741 61.1335 21
      vertex -51.5503 61.5868 4
      vertex -51.4483 63.5344 21
    endloop
  endfacet
  facet normal 0.998625 -0.0524316 0
    outer loop
      vertex -51.5503 61.5868 4
      vertex -51.5741 61.1335 21
      vertex -51.5741 61.1335 4
    endloop
  endfacet
  facet normal -0.987705 -0.156328 0
    outer loop
      vertex -74.296 61.568 4
      vertex -74.4167 62.3306 21
      vertex -74.4167 62.3306 4
    endloop
  endfacet
  facet normal -0.987679 -0.156494 -0
    outer loop
      vertex -74.0406 59.9561 21
      vertex -74.296 61.568 4
      vertex -74.0406 59.9561 4
    endloop
  endfacet
  facet normal -0.987687 -0.156441 5.18012e-06
    outer loop
      vertex -74.296 61.568 4
      vertex -74.0406 59.9561 21
      vertex -74.4167 62.3306 21
    endloop
  endfacet
  facet normal 0.965932 -0.258796 0
    outer loop
      vertex -51.5741 61.1335 21
      vertex -52.0999 59.171 4
      vertex -51.5741 61.1335 4
    endloop
  endfacet
  facet normal 0.965929 -0.258807 1.33937e-06
    outer loop
      vertex -52.1963 58.8113 21
      vertex -52.0999 59.171 4
      vertex -51.5741 61.1335 21
    endloop
  endfacet
  facet normal 0.965913 -0.258866 0
    outer loop
      vertex -52.0999 59.171 4
      vertex -52.1963 58.8113 21
      vertex -52.1963 58.8113 4
    endloop
  endfacet
  facet normal 0.838671 0.544639 0
    outer loop
      vertex -52.6859 68.1534 21
      vertex -53.9953 70.1697 4
      vertex -53.9953 70.1697 21
    endloop
  endfacet
  facet normal 0.838671 0.544639 0
    outer loop
      vertex -53.9953 70.1697 4
      vertex -52.6859 68.1534 21
      vertex -52.6859 68.1534 4
    endloop
  endfacet
  facet normal -0.358338 -0.933592 0
    outer loop
      vertex -68.1534 52.6859 4
      vertex -65.9089 51.8244 21
      vertex -68.1534 52.6859 21
    endloop
  endfacet
  facet normal -0.358338 -0.933592 -0
    outer loop
      vertex -65.9089 51.8244 21
      vertex -68.1534 52.6859 4
      vertex -65.9089 51.8244 4
    endloop
  endfacet
  facet normal 0.707107 0.707107 0
    outer loop
      vertex -53.9953 70.1697 21
      vertex -55.6953 71.8697 4
      vertex -55.6953 71.8697 21
    endloop
  endfacet
  facet normal 0.707107 0.707107 0
    outer loop
      vertex -55.6953 71.8697 4
      vertex -53.9953 70.1697 21
      vertex -53.9953 70.1697 4
    endloop
  endfacet
  facet normal 0.777146 -0.62932 0
    outer loop
      vertex -54.8008 54.8008 21
      vertex -53.2878 56.6692 4
      vertex -53.2878 56.6692 21
    endloop
  endfacet
  facet normal 0.777146 -0.62932 0
    outer loop
      vertex -53.2878 56.6692 4
      vertex -54.8008 54.8008 21
      vertex -54.8008 54.8008 4
    endloop
  endfacet
  facet normal 0.544639 0.838671 -0
    outer loop
      vertex -55.6953 71.8697 4
      vertex -57.7116 73.1791 21
      vertex -55.6953 71.8697 21
    endloop
  endfacet
  facet normal 0.544639 0.838671 0
    outer loop
      vertex -57.7116 73.1791 21
      vertex -55.6953 71.8697 4
      vertex -57.7116 73.1791 4
    endloop
  endfacet
  facet normal 0.258771 -0.965939 0
    outer loop
      vertex -59.0879 52.1222 4
      vertex -58.8113 52.1963 21
      vertex -59.0879 52.1222 21
    endloop
  endfacet
  facet normal 0.258771 -0.965939 0
    outer loop
      vertex -58.8113 52.1963 21
      vertex -59.0879 52.1222 4
      vertex -58.8113 52.1963 4
    endloop
  endfacet
  facet normal 0.923888 -0.382663 0
    outer loop
      vertex -61.1647 61.1647 31
      vertex -60.4325 62.9325 21
      vertex -60.4325 62.9325 31
    endloop
  endfacet
  facet normal 0.923888 -0.382663 0
    outer loop
      vertex -60.4325 62.9325 21
      vertex -61.1647 61.1647 31
      vertex -61.1647 61.1647 21
    endloop
  endfacet
  facet normal -0.923888 -0.382663 0
    outer loop
      vertex -64.7003 61.1647 21
      vertex -65.4325 62.9325 31
      vertex -65.4325 62.9325 21
    endloop
  endfacet
  facet normal -0.923888 -0.382663 0
    outer loop
      vertex -65.4325 62.9325 31
      vertex -64.7003 61.1647 21
      vertex -64.7003 61.1647 31
    endloop
  endfacet
  facet normal -0.923888 0.382663 0
    outer loop
      vertex -65.4325 62.9325 21
      vertex -64.7003 64.7003 31
      vertex -64.7003 64.7003 21
    endloop
  endfacet
  facet normal -0.923888 0.382663 0
    outer loop
      vertex -64.7003 64.7003 31
      vertex -65.4325 62.9325 21
      vertex -65.4325 62.9325 31
    endloop
  endfacet
  facet normal 0.923888 0.382663 0
    outer loop
      vertex -60.4325 62.9325 31
      vertex -61.1647 64.7003 21
      vertex -61.1647 64.7003 31
    endloop
  endfacet
  facet normal 0.923888 0.382663 0
    outer loop
      vertex -61.1647 64.7003 21
      vertex -60.4325 62.9325 31
      vertex -60.4325 62.9325 21
    endloop
  endfacet
  facet normal 0.382663 -0.923888 0
    outer loop
      vertex -62.9325 60.4325 21
      vertex -61.1647 61.1647 31
      vertex -62.9325 60.4325 31
    endloop
  endfacet
  facet normal 0.382663 -0.923888 0
    outer loop
      vertex -61.1647 61.1647 31
      vertex -62.9325 60.4325 21
      vertex -61.1647 61.1647 21
    endloop
  endfacet
  facet normal 0 0 1
    outer loop
      vertex -61.1647 64.7003 31
      vertex -61.1647 61.1647 31
      vertex -60.4325 62.9325 31
    endloop
  endfacet
  facet normal 0 0 1
    outer loop
      vertex -62.9325 65.4325 31
      vertex -61.1647 61.1647 31
      vertex -61.1647 64.7003 31
    endloop
  endfacet
  facet normal 0 0 1
    outer loop
      vertex -62.9325 65.4325 31
      vertex -62.9325 60.4325 31
      vertex -61.1647 61.1647 31
    endloop
  endfacet
  facet normal -0 0 1
    outer loop
      vertex -64.7003 64.7003 31
      vertex -62.9325 60.4325 31
      vertex -62.9325 65.4325 31
    endloop
  endfacet
  facet normal 0 0 1
    outer loop
      vertex -64.7003 64.7003 31
      vertex -64.7003 61.1647 31
      vertex -62.9325 60.4325 31
    endloop
  endfacet
  facet normal 0 -0 1
    outer loop
      vertex -64.7003 61.1647 31
      vertex -64.7003 64.7003 31
      vertex -65.4325 62.9325 31
    endloop
  endfacet
  facet normal -0.382663 -0.923888 0
    outer loop
      vertex -64.7003 61.1647 21
      vertex -62.9325 60.4325 31
      vertex -64.7003 61.1647 31
    endloop
  endfacet
  facet normal -0.382663 -0.923888 -0
    outer loop
      vertex -62.9325 60.4325 31
      vertex -64.7003 61.1647 21
      vertex -62.9325 60.4325 21
    endloop
  endfacet
  facet normal -0.382663 0.923888 0
    outer loop
      vertex -62.9325 65.4325 21
      vertex -64.7003 64.7003 31
      vertex -62.9325 65.4325 31
    endloop
  endfacet
  facet normal -0.382663 0.923888 0
    outer loop
      vertex -64.7003 64.7003 31
      vertex -62.9325 65.4325 21
      vertex -64.7003 64.7003 21
    endloop
  endfacet
  facet normal 0.382663 0.923888 -0
    outer loop
      vertex -61.1647 64.7003 21
      vertex -62.9325 65.4325 31
      vertex -61.1647 64.7003 31
    endloop
  endfacet
  facet normal 0.382663 0.923888 0
    outer loop
      vertex -62.9325 65.4325 31
      vertex -61.1647 64.7003 21
      vertex -62.9325 65.4325 21
    endloop
  endfacet
  facet normal -0.707081 0.707133 0
    outer loop
      vertex -62.9325 75.6604 1
      vertex -64.2783 74.3147 4
      vertex -62.9325 75.6604 4
    endloop
  endfacet
  facet normal -0.707107 0.707107 -2.35702e-05
    outer loop
      vertex -62.9325 75.6604 1
      vertex -74.3147 64.2783 4
      vertex -64.2783 74.3147 4
    endloop
  endfacet
  facet normal -0.707107 0.707107 -2.35702e-05
    outer loop
      vertex -75.6604 62.9325 1
      vertex -74.3147 64.2783 4
      vertex -62.9325 75.6604 1
    endloop
  endfacet
  facet normal -0.707133 0.707081 0
    outer loop
      vertex -74.3147 64.2783 4
      vertex -75.6604 62.9325 1
      vertex -75.6604 62.9325 4
    endloop
  endfacet
  facet normal 0 0 -1
    outer loop
      vertex -68.4 55.6721 1
      vertex -75.6604 62.9325 1
      vertex -68.4 57.4 1
    endloop
  endfacet
  facet normal 0 0 -1
    outer loop
      vertex -64.4711 57.4 1
      vertex -68.4 57.4 1
      vertex -66.468 59.397 1
    endloop
  endfacet
  facet normal 0 0 -1
    outer loop
      vertex -59.397 66.468 1
      vertex -50.2046 62.9325 1
      vertex -53.033 60.1041 1
    endloop
  endfacet
  facet normal 0 0 -1
    outer loop
      vertex -59.397 66.468 1
      vertex -62.9325 75.6604 1
      vertex -50.2046 62.9325 1
    endloop
  endfacet
  facet normal 0 0 -1
    outer loop
      vertex -66.468 59.397 1
      vertex -62.9325 75.6604 1
      vertex -59.397 66.468 1
    endloop
  endfacet
  facet normal 0 0 -1
    outer loop
      vertex -75.6604 62.9325 1
      vertex -66.468 59.397 1
      vertex -68.4 57.4 1
    endloop
  endfacet
  facet normal 0 0 -1
    outer loop
      vertex -66.468 59.397 1
      vertex -75.6604 62.9325 1
      vertex -62.9325 75.6604 1
    endloop
  endfacet
  facet normal 0.707107 -0.707107 0
    outer loop
      vertex -51.5503 61.5868 4
      vertex -50.2046 62.9325 1
      vertex -50.2046 62.9325 4
    endloop
  endfacet
  facet normal 0.707107 -0.707107 0
    outer loop
      vertex -53.033 60.1041 1
      vertex -51.5503 61.5868 4
      vertex -53.033 60.1041 4
    endloop
  endfacet
  facet normal 0.707107 -0.707107 -7.95667e-16
    outer loop
      vertex -51.5503 61.5868 4
      vertex -53.033 60.1041 1
      vertex -50.2046 62.9325 1
    endloop
  endfacet
  facet normal -0.707133 -0.707081 0
    outer loop
      vertex -75.6604 62.9325 1
      vertex -74.296 61.568 4
      vertex -75.6604 62.9325 4
    endloop
  endfacet
  facet normal -0.707107 -0.707107 -2.35702e-05
    outer loop
      vertex -68.4 55.6721 1
      vertex -74.296 61.568 4
      vertex -75.6604 62.9325 1
    endloop
  endfacet
  facet normal -0.707101 -0.707113 0
    outer loop
      vertex -74.296 61.568 4
      vertex -68.4 55.6721 1
      vertex -68.4 55.6721 4
    endloop
  endfacet
  facet normal 0.707081 0.707133 0
    outer loop
      vertex -61.568 74.296 4
      vertex -62.9325 75.6604 1
      vertex -62.9325 75.6604 4
    endloop
  endfacet
  facet normal 0.707107 0.707107 -2.35702e-05
    outer loop
      vertex -51.569 64.297 4
      vertex -62.9325 75.6604 1
      vertex -61.568 74.296 4
    endloop
  endfacet
  facet normal 0.707133 0.707081 -0
    outer loop
      vertex -50.2046 62.9325 1
      vertex -51.569 64.297 4
      vertex -50.2046 62.9325 4
    endloop
  endfacet
  facet normal 0.707107 0.707107 -2.35702e-05
    outer loop
      vertex -51.569 64.297 4
      vertex -50.2046 62.9325 1
      vertex -62.9325 75.6604 1
    endloop
  endfacet
  facet normal 0.629327 -0.777141 0
    outer loop
      vertex -35.2648 20.328 34
      vertex -27.0115 27.0115 35
      vertex -35.2648 20.328 35
    endloop
  endfacet
  facet normal 0.629327 -0.777141 0
    outer loop
      vertex -27.0115 27.0115 35
      vertex -35.2648 20.328 34
      vertex -27.0115 27.0115 34
    endloop
  endfacet
  facet normal -0.891023 0.453958 0
    outer loop
      vertex -110.358 81.1376 34
      vertex -105.537 90.6002 35
      vertex -105.537 90.6002 34
    endloop
  endfacet
  facet normal -0.891023 0.453958 0
    outer loop
      vertex -105.537 90.6002 35
      vertex -110.358 81.1376 34
      vertex -110.358 81.1376 35
    endloop
  endfacet
  facet normal -0.838677 -0.54463 0
    outer loop
      vertex -102.412 30.963 34
      vertex -108.196 39.8698 35
      vertex -108.196 39.8698 34
    endloop
  endfacet
  facet normal -0.838677 -0.54463 0
    outer loop
      vertex -108.196 39.8698 35
      vertex -102.412 30.963 34
      vertex -102.412 30.963 35
    endloop
  endfacet
  facet normal -0.933577 -0.358376 0
    outer loop
      vertex -108.196 39.8698 34
      vertex -112.002 49.7845 35
      vertex -112.002 49.7845 34
    endloop
  endfacet
  facet normal -0.933577 -0.358376 0
    outer loop
      vertex -112.002 49.7845 35
      vertex -108.196 39.8698 34
      vertex -108.196 39.8698 35
    endloop
  endfacet
  facet normal 0.0523345 -0.99863 0
    outer loop
      vertex -65.5912 12.2021 34
      vertex -54.9856 12.7579 35
      vertex -65.5912 12.2021 35
    endloop
  endfacet
  facet normal 0.0523345 -0.99863 0
    outer loop
      vertex -54.9856 12.7579 35
      vertex -65.5912 12.2021 34
      vertex -54.9856 12.7579 34
    endloop
  endfacet
  facet normal 0 0 -1
    outer loop
      vertex -54.9856 12.7579 34
      vertex -47 19.5 34
      vertex -47 14.8977 34
    endloop
  endfacet
  facet normal 0 0 -1
    outer loop
      vertex -47 19.5 34
      vertex -54.9856 12.7579 34
      vertex -65.5912 12.2021 34
    endloop
  endfacet
  facet normal 0 0 -1
    outer loop
      vertex -47 19.5 34
      vertex -60.2738 113.663 34
      vertex -49.7845 112.002 34
    endloop
  endfacet
  facet normal 0 0 -1
    outer loop
      vertex -47 19.5 34
      vertex -65.5912 12.2021 34
      vertex -76.0805 13.8635 34
    endloop
  endfacet
  facet normal 0 0 -1
    outer loop
      vertex -47 19.5 34
      vertex -70.8794 113.107 34
      vertex -60.2738 113.663 34
    endloop
  endfacet
  facet normal 0 0 -1
    outer loop
      vertex -85.9952 17.6694 34
      vertex -47 19.5 34
      vertex -76.0805 13.8635 34
    endloop
  endfacet
  facet normal 0 0 -1
    outer loop
      vertex -47 19.5 34
      vertex -81.1376 110.358 34
      vertex -70.8794 113.107 34
    endloop
  endfacet
  facet normal 0 0 -1
    outer loop
      vertex -94.902 23.4535 34
      vertex -47 19.5 34
      vertex -85.9952 17.6694 34
    endloop
  endfacet
  facet normal 0 0 -1
    outer loop
      vertex -47 19.5 34
      vertex -90.6002 105.537 34
      vertex -81.1376 110.358 34
    endloop
  endfacet
  facet normal 0 0 -1
    outer loop
      vertex -102.412 30.963 34
      vertex -47 19.5 34
      vertex -94.902 23.4535 34
    endloop
  endfacet
  facet normal 0 0 -1
    outer loop
      vertex -47 19.5 34
      vertex -98.8535 98.8535 34
      vertex -90.6002 105.537 34
    endloop
  endfacet
  facet normal 0 0 -1
    outer loop
      vertex -108.196 39.8698 34
      vertex -47 19.5 34
      vertex -102.412 30.963 34
    endloop
  endfacet
  facet normal 0 0 -1
    outer loop
      vertex -47 19.5 34
      vertex -105.537 90.6002 34
      vertex -98.8535 98.8535 34
    endloop
  endfacet
  facet normal 0 0 -1
    outer loop
      vertex -112.002 49.7845 34
      vertex -47 19.5 34
      vertex -108.196 39.8698 34
    endloop
  endfacet
  facet normal 0 0 -1
    outer loop
      vertex -47 19.5 34
      vertex -110.358 81.1376 34
      vertex -105.537 90.6002 34
    endloop
  endfacet
  facet normal 0 0 -1
    outer loop
      vertex -113.663 60.2738 34
      vertex -47 19.5 34
      vertex -112.002 49.7845 34
    endloop
  endfacet
  facet normal 0 0 -1
    outer loop
      vertex -47 19.5 34
      vertex -113.107 70.8794 34
      vertex -110.358 81.1376 34
    endloop
  endfacet
  facet normal 0 0 -1
    outer loop
      vertex -47 19.5 34
      vertex -113.663 60.2738 34
      vertex -113.107 70.8794 34
    endloop
  endfacet
  facet normal 0 0 -1
    outer loop
      vertex -47 19.5 34
      vertex -12.2021 65.5912 34
      vertex -12.7579 54.9856 34
    endloop
  endfacet
  facet normal 0 0 -1
    outer loop
      vertex -47 19.5 34
      vertex -12.7579 54.9856 34
      vertex -15.5066 44.7274 34
    endloop
  endfacet
  facet normal -0 0 -1
    outer loop
      vertex -12.2021 65.5912 34
      vertex -47 19.5 34
      vertex -13.8635 76.0805 34
    endloop
  endfacet
  facet normal 0 0 -1
    outer loop
      vertex -47 19.5 34
      vertex -15.5066 44.7274 34
      vertex -20.328 35.2648 34
    endloop
  endfacet
  facet normal -0 0 -1
    outer loop
      vertex -13.8635 76.0805 34
      vertex -47 19.5 34
      vertex -17.6694 85.9952 34
    endloop
  endfacet
  facet normal 0 0 -1
    outer loop
      vertex -47 19.5 34
      vertex -20.328 35.2648 34
      vertex -27.0115 27.0115 34
    endloop
  endfacet
  facet normal -0 0 -1
    outer loop
      vertex -17.6694 85.9952 34
      vertex -47 19.5 34
      vertex -23.4535 94.902 34
    endloop
  endfacet
  facet normal 0 0 -1
    outer loop
      vertex -47 19.5 34
      vertex -27.0115 27.0115 34
      vertex -35.2648 20.328 34
    endloop
  endfacet
  facet normal 0 0 -1
    outer loop
      vertex -47 19.5 34
      vertex -35.2648 20.328 34
      vertex -36.89 19.5 34
    endloop
  endfacet
  facet normal -0 0 -1
    outer loop
      vertex -23.4535 94.902 34
      vertex -47 19.5 34
      vertex -30.963 102.412 34
    endloop
  endfacet
  facet normal -0 0 -1
    outer loop
      vertex -30.963 102.412 34
      vertex -47 19.5 34
      vertex -39.8698 108.196 34
    endloop
  endfacet
  facet normal -0 0 -1
    outer loop
      vertex -39.8698 108.196 34
      vertex -47 19.5 34
      vertex -49.7845 112.002 34
    endloop
  endfacet
  facet normal -0.629327 0.777141 0
    outer loop
      vertex -90.6002 105.537 34
      vertex -98.8535 98.8535 35
      vertex -90.6002 105.537 35
    endloop
  endfacet
  facet normal -0.629327 0.777141 0
    outer loop
      vertex -98.8535 98.8535 35
      vertex -90.6002 105.537 34
      vertex -98.8535 98.8535 34
    endloop
  endfacet
  facet normal -0.777141 0.629327 0
    outer loop
      vertex -105.537 90.6002 34
      vertex -98.8535 98.8535 35
      vertex -98.8535 98.8535 34
    endloop
  endfacet
  facet normal -0.777141 0.629327 0
    outer loop
      vertex -98.8535 98.8535 35
      vertex -105.537 90.6002 34
      vertex -105.537 90.6002 35
    endloop
  endfacet
  facet normal 0.987687 0.15644 0
    outer loop
      vertex -12.2021 65.5912 35
      vertex -13.8635 76.0805 34
      vertex -13.8635 76.0805 35
    endloop
  endfacet
  facet normal 0.987687 0.15644 0
    outer loop
      vertex -13.8635 76.0805 34
      vertex -12.2021 65.5912 35
      vertex -12.2021 65.5912 34
    endloop
  endfacet
  facet normal -0.258847 0.965918 0
    outer loop
      vertex -70.8794 113.107 34
      vertex -81.1376 110.358 35
      vertex -70.8794 113.107 35
    endloop
  endfacet
  facet normal -0.258847 0.965918 0
    outer loop
      vertex -81.1376 110.358 35
      vertex -70.8794 113.107 34
      vertex -81.1376 110.358 34
    endloop
  endfacet
  facet normal 0.891008 -0.453988 0
    outer loop
      vertex -20.328 35.2648 35
      vertex -15.5066 44.7274 34
      vertex -15.5066 44.7274 35
    endloop
  endfacet
  facet normal 0.891008 -0.453988 0
    outer loop
      vertex -15.5066 44.7274 34
      vertex -20.328 35.2648 35
      vertex -20.328 35.2648 34
    endloop
  endfacet
  facet normal -0.544636 -0.838672 0
    outer loop
      vertex -94.902 23.4535 34
      vertex -85.9952 17.6694 35
      vertex -94.902 23.4535 35
    endloop
  endfacet
  facet normal -0.544636 -0.838672 -0
    outer loop
      vertex -85.9952 17.6694 35
      vertex -94.902 23.4535 34
      vertex -85.9952 17.6694 34
    endloop
  endfacet
  facet normal 0 0 1
    outer loop
      vertex -57.9325 62.9325 35
      vertex -12.2021 65.5912 35
      vertex -13.8635 76.0805 35
    endloop
  endfacet
  facet normal 0 0 1
    outer loop
      vertex -12.2021 65.5912 35
      vertex -57.9325 62.9325 35
      vertex -12.7579 54.9856 35
    endloop
  endfacet
  facet normal 0 0 1
    outer loop
      vertex -58.3131 64.8459 35
      vertex -13.8635 76.0805 35
      vertex -17.6694 85.9952 35
    endloop
  endfacet
  facet normal -0 0 1
    outer loop
      vertex -58.3131 61.0191 35
      vertex -12.7579 54.9856 35
      vertex -57.9325 62.9325 35
    endloop
  endfacet
  facet normal 0 0 1
    outer loop
      vertex -58.3131 64.8459 35
      vertex -17.6694 85.9952 35
      vertex -23.4535 94.902 35
    endloop
  endfacet
  facet normal 0 0 1
    outer loop
      vertex -12.7579 54.9856 35
      vertex -58.3131 61.0191 35
      vertex -15.5066 44.7274 35
    endloop
  endfacet
  facet normal 0 0 1
    outer loop
      vertex -59.397 66.468 35
      vertex -23.4535 94.902 35
      vertex -30.963 102.412 35
    endloop
  endfacet
  facet normal 0 0 1
    outer loop
      vertex -15.5066 44.7274 35
      vertex -58.3131 61.0191 35
      vertex -20.328 35.2648 35
    endloop
  endfacet
  facet normal -0 0 1
    outer loop
      vertex -59.397 59.397 35
      vertex -20.328 35.2648 35
      vertex -58.3131 61.0191 35
    endloop
  endfacet
  facet normal 0 0 1
    outer loop
      vertex -61.0191 67.5519 35
      vertex -30.963 102.412 35
      vertex -39.8698 108.196 35
    endloop
  endfacet
  facet normal 0 0 1
    outer loop
      vertex -20.328 35.2648 35
      vertex -59.397 59.397 35
      vertex -27.0115 27.0115 35
    endloop
  endfacet
  facet normal 0 0 1
    outer loop
      vertex -61.0191 67.5519 35
      vertex -39.8698 108.196 35
      vertex -49.7845 112.002 35
    endloop
  endfacet
  facet normal 0 -0 1
    outer loop
      vertex -47 19.5 35
      vertex -27.0115 27.0115 35
      vertex -59.397 59.397 35
    endloop
  endfacet
  facet normal 0 0 1
    outer loop
      vertex -27.0115 27.0115 35
      vertex -47 19.5 35
      vertex -35.2648 20.328 35
    endloop
  endfacet
  facet normal 0 0 1
    outer loop
      vertex -35.2648 20.328 35
      vertex -47 19.5 35
      vertex -36.89 19.5 35
    endloop
  endfacet
  facet normal 0 0 1
    outer loop
      vertex -13.8635 76.0805 35
      vertex -58.3131 64.8459 35
      vertex -57.9325 62.9325 35
    endloop
  endfacet
  facet normal 0 0 1
    outer loop
      vertex -23.4535 94.902 35
      vertex -59.397 66.468 35
      vertex -58.3131 64.8459 35
    endloop
  endfacet
  facet normal 0 0 1
    outer loop
      vertex -62.9325 67.9325 35
      vertex -49.7845 112.002 35
      vertex -60.2738 113.663 35
    endloop
  endfacet
  facet normal 0 0 1
    outer loop
      vertex -30.963 102.412 35
      vertex -61.0191 67.5519 35
      vertex -59.397 66.468 35
    endloop
  endfacet
  facet normal 0 0 1
    outer loop
      vertex -49.7845 112.002 35
      vertex -62.9325 67.9325 35
      vertex -61.0191 67.5519 35
    endloop
  endfacet
  facet normal -0 0 1
    outer loop
      vertex -70.8794 113.107 35
      vertex -62.9325 67.9325 35
      vertex -60.2738 113.663 35
    endloop
  endfacet
  facet normal 0 0 1
    outer loop
      vertex -62.9325 67.9325 35
      vertex -70.8794 113.107 35
      vertex -64.8459 67.5519 35
    endloop
  endfacet
  facet normal -0 0 1
    outer loop
      vertex -81.1376 110.358 35
      vertex -64.8459 67.5519 35
      vertex -70.8794 113.107 35
    endloop
  endfacet
  facet normal -0 0 1
    outer loop
      vertex -90.6002 105.537 35
      vertex -64.8459 67.5519 35
      vertex -81.1376 110.358 35
    endloop
  endfacet
  facet normal 0 0 1
    outer loop
      vertex -64.8459 67.5519 35
      vertex -90.6002 105.537 35
      vertex -66.468 66.468 35
    endloop
  endfacet
  facet normal -0 0 1
    outer loop
      vertex -61.0191 58.3131 35
      vertex -47 19.5 35
      vertex -59.397 59.397 35
    endloop
  endfacet
  facet normal -0 0 1
    outer loop
      vertex -62.9325 57.9325 35
      vertex -47 19.5 35
      vertex -61.0191 58.3131 35
    endloop
  endfacet
  facet normal 0 0 1
    outer loop
      vertex -47 19.5 35
      vertex -54.9856 12.7579 35
      vertex -47 14.8977 35
    endloop
  endfacet
  facet normal 0 0 1
    outer loop
      vertex -65.5912 12.2021 35
      vertex -47 19.5 35
      vertex -62.9325 57.9325 35
    endloop
  endfacet
  facet normal 0 0 1
    outer loop
      vertex -76.0805 13.8635 35
      vertex -62.9325 57.9325 35
      vertex -64.8459 58.3131 35
    endloop
  endfacet
  facet normal 0 0 1
    outer loop
      vertex -47 19.5 35
      vertex -65.5912 12.2021 35
      vertex -54.9856 12.7579 35
    endloop
  endfacet
  facet normal 0 0 1
    outer loop
      vertex -94.902 23.4535 35
      vertex -64.8459 58.3131 35
      vertex -66.468 59.397 35
    endloop
  endfacet
  facet normal 0 0 1
    outer loop
      vertex -102.412 30.963 35
      vertex -66.468 59.397 35
      vertex -67.5519 61.0191 35
    endloop
  endfacet
  facet normal 0 0 1
    outer loop
      vertex -112.002 49.7845 35
      vertex -67.5519 61.0191 35
      vertex -67.9325 62.9325 35
    endloop
  endfacet
  facet normal -0 0 1
    outer loop
      vertex -98.8535 98.8535 35
      vertex -66.468 66.468 35
      vertex -90.6002 105.537 35
    endloop
  endfacet
  facet normal 0 0 1
    outer loop
      vertex -62.9325 57.9325 35
      vertex -76.0805 13.8635 35
      vertex -65.5912 12.2021 35
    endloop
  endfacet
  facet normal -0 0 1
    outer loop
      vertex -105.537 90.6002 35
      vertex -66.468 66.468 35
      vertex -98.8535 98.8535 35
    endloop
  endfacet
  facet normal 0 0 1
    outer loop
      vertex -64.8459 58.3131 35
      vertex -85.9952 17.6694 35
      vertex -76.0805 13.8635 35
    endloop
  endfacet
  facet normal 0 0 1
    outer loop
      vertex -66.468 66.468 35
      vertex -105.537 90.6002 35
      vertex -67.5519 64.8459 35
    endloop
  endfacet
  facet normal 0 0 1
    outer loop
      vertex -64.8459 58.3131 35
      vertex -94.902 23.4535 35
      vertex -85.9952 17.6694 35
    endloop
  endfacet
  facet normal -0 0 1
    outer loop
      vertex -110.358 81.1376 35
      vertex -67.5519 64.8459 35
      vertex -105.537 90.6002 35
    endloop
  endfacet
  facet normal 0 0 1
    outer loop
      vertex -66.468 59.397 35
      vertex -102.412 30.963 35
      vertex -94.902 23.4535 35
    endloop
  endfacet
  facet normal -0 0 1
    outer loop
      vertex -113.107 70.8794 35
      vertex -67.5519 64.8459 35
      vertex -110.358 81.1376 35
    endloop
  endfacet
  facet normal 0 0 1
    outer loop
      vertex -67.5519 61.0191 35
      vertex -108.196 39.8698 35
      vertex -102.412 30.963 35
    endloop
  endfacet
  facet normal 0 0 1
    outer loop
      vertex -67.5519 64.8459 35
      vertex -113.107 70.8794 35
      vertex -67.9325 62.9325 35
    endloop
  endfacet
  facet normal 0 0 1
    outer loop
      vertex -67.5519 61.0191 35
      vertex -112.002 49.7845 35
      vertex -108.196 39.8698 35
    endloop
  endfacet
  facet normal 0 0 1
    outer loop
      vertex -113.663 60.2738 35
      vertex -67.9325 62.9325 35
      vertex -113.107 70.8794 35
    endloop
  endfacet
  facet normal 0 0 1
    outer loop
      vertex -67.9325 62.9325 35
      vertex -113.663 60.2738 35
      vertex -112.002 49.7845 35
    endloop
  endfacet
  facet normal 0.54463 0.838677 -0
    outer loop
      vertex -30.963 102.412 34
      vertex -39.8698 108.196 35
      vertex -30.963 102.412 35
    endloop
  endfacet
  facet normal 0.54463 0.838677 0
    outer loop
      vertex -39.8698 108.196 35
      vertex -30.963 102.412 34
      vertex -39.8698 108.196 34
    endloop
  endfacet
  facet normal -0.965918 0.258847 0
    outer loop
      vertex -113.107 70.8794 34
      vertex -110.358 81.1376 35
      vertex -110.358 81.1376 34
    endloop
  endfacet
  facet normal -0.965918 0.258847 0
    outer loop
      vertex -110.358 81.1376 35
      vertex -113.107 70.8794 34
      vertex -113.107 70.8794 35
    endloop
  endfacet
  facet normal 0.156403 0.987693 -0
    outer loop
      vertex -49.7845 112.002 34
      vertex -60.2738 113.663 35
      vertex -49.7845 112.002 35
    endloop
  endfacet
  facet normal 0.156403 0.987693 0
    outer loop
      vertex -60.2738 113.663 35
      vertex -49.7845 112.002 34
      vertex -60.2738 113.663 34
    endloop
  endfacet
  facet normal -0.15644 -0.987687 0
    outer loop
      vertex -76.0805 13.8635 34
      vertex -65.5912 12.2021 35
      vertex -76.0805 13.8635 35
    endloop
  endfacet
  facet normal -0.15644 -0.987687 -0
    outer loop
      vertex -65.5912 12.2021 35
      vertex -76.0805 13.8635 34
      vertex -65.5912 12.2021 34
    endloop
  endfacet
  facet normal -0.707083 -0.70713 0
    outer loop
      vertex -94.902 23.4535 34
      vertex -102.412 30.963 35
      vertex -102.412 30.963 34
    endloop
  endfacet
  facet normal -0.707083 -0.70713 0
    outer loop
      vertex -102.412 30.963 35
      vertex -94.902 23.4535 34
      vertex -94.902 23.4535 35
    endloop
  endfacet
  facet normal 0.358376 0.933577 -0
    outer loop
      vertex -39.8698 108.196 34
      vertex -49.7845 112.002 35
      vertex -39.8698 108.196 35
    endloop
  endfacet
  facet normal 0.358376 0.933577 0
    outer loop
      vertex -49.7845 112.002 35
      vertex -39.8698 108.196 34
      vertex -49.7845 112.002 34
    endloop
  endfacet
  facet normal -0.0523532 0.998629 0
    outer loop
      vertex -60.2738 113.663 34
      vertex -70.8794 113.107 35
      vertex -60.2738 113.663 35
    endloop
  endfacet
  facet normal -0.0523532 0.998629 0
    outer loop
      vertex -70.8794 113.107 35
      vertex -60.2738 113.663 34
      vertex -70.8794 113.107 34
    endloop
  endfacet
  facet normal -0.998629 0.0523532 0
    outer loop
      vertex -113.663 60.2738 34
      vertex -113.107 70.8794 35
      vertex -113.107 70.8794 34
    endloop
  endfacet
  facet normal -0.998629 0.0523532 0
    outer loop
      vertex -113.107 70.8794 35
      vertex -113.663 60.2738 34
      vertex -113.663 60.2738 35
    endloop
  endfacet
  facet normal -0.453958 0.891023 0
    outer loop
      vertex -81.1376 110.358 34
      vertex -90.6002 105.537 35
      vertex -81.1376 110.358 35
    endloop
  endfacet
  facet normal -0.453958 0.891023 0
    outer loop
      vertex -90.6002 105.537 35
      vertex -81.1376 110.358 34
      vertex -90.6002 105.537 34
    endloop
  endfacet
  facet normal 0.93358 0.358368 0
    outer loop
      vertex -13.8635 76.0805 35
      vertex -17.6694 85.9952 34
      vertex -17.6694 85.9952 35
    endloop
  endfacet
  facet normal 0.93358 0.358368 0
    outer loop
      vertex -17.6694 85.9952 34
      vertex -13.8635 76.0805 35
      vertex -13.8635 76.0805 34
    endloop
  endfacet
  facet normal 0.99863 -0.0523345 0
    outer loop
      vertex -12.7579 54.9856 35
      vertex -12.2021 65.5912 34
      vertex -12.2021 65.5912 35
    endloop
  endfacet
  facet normal 0.99863 -0.0523345 0
    outer loop
      vertex -12.2021 65.5912 34
      vertex -12.7579 54.9856 35
      vertex -12.7579 54.9856 34
    endloop
  endfacet
  facet normal -0.987693 -0.156403 0
    outer loop
      vertex -112.002 49.7845 34
      vertex -113.663 60.2738 35
      vertex -113.663 60.2738 34
    endloop
  endfacet
  facet normal -0.987693 -0.156403 0
    outer loop
      vertex -113.663 60.2738 35
      vertex -112.002 49.7845 34
      vertex -112.002 49.7845 35
    endloop
  endfacet
  facet normal 0.965925 -0.258821 0
    outer loop
      vertex -15.5066 44.7274 35
      vertex -12.7579 54.9856 34
      vertex -12.7579 54.9856 35
    endloop
  endfacet
  facet normal 0.965925 -0.258821 0
    outer loop
      vertex -12.7579 54.9856 34
      vertex -15.5066 44.7274 35
      vertex -15.5066 44.7274 34
    endloop
  endfacet
  facet normal 0.838672 0.544636 0
    outer loop
      vertex -17.6694 85.9952 35
      vertex -23.4535 94.902 34
      vertex -23.4535 94.902 35
    endloop
  endfacet
  facet normal 0.838672 0.544636 0
    outer loop
      vertex -23.4535 94.902 34
      vertex -17.6694 85.9952 35
      vertex -17.6694 85.9952 34
    endloop
  endfacet
  facet normal -0.358368 -0.93358 0
    outer loop
      vertex -85.9952 17.6694 34
      vertex -76.0805 13.8635 35
      vertex -85.9952 17.6694 35
    endloop
  endfacet
  facet normal -0.358368 -0.93358 -0
    outer loop
      vertex -76.0805 13.8635 35
      vertex -85.9952 17.6694 34
      vertex -76.0805 13.8635 34
    endloop
  endfacet
  facet normal 0.453955 -0.891024 0
    outer loop
      vertex -36.89 19.5 34
      vertex -35.2648 20.328 35
      vertex -36.89 19.5 35
    endloop
  endfacet
  facet normal 0.453955 -0.891024 0
    outer loop
      vertex -35.2648 20.328 35
      vertex -36.89 19.5 34
      vertex -35.2648 20.328 34
    endloop
  endfacet
  facet normal 0.70713 0.707083 -0
    outer loop
      vertex -23.4535 94.902 34
      vertex -30.963 102.412 35
      vertex -23.4535 94.902 35
    endloop
  endfacet
  facet normal 0.70713 0.707083 0
    outer loop
      vertex -30.963 102.412 35
      vertex -23.4535 94.902 34
      vertex -30.963 102.412 34
    endloop
  endfacet
  facet normal 0.777141 -0.629327 0
    outer loop
      vertex -27.0115 27.0115 35
      vertex -20.328 35.2648 34
      vertex -20.328 35.2648 35
    endloop
  endfacet
  facet normal 0.777141 -0.629327 0
    outer loop
      vertex -20.328 35.2648 34
      vertex -27.0115 27.0115 35
      vertex -27.0115 27.0115 34
    endloop
  endfacet
  facet normal 0.258826 -0.965924 0
    outer loop
      vertex -54.9856 12.7579 34
      vertex -47 14.8977 35
      vertex -54.9856 12.7579 35
    endloop
  endfacet
  facet normal 0.258826 -0.965924 0
    outer loop
      vertex -47 14.8977 35
      vertex -54.9856 12.7579 34
      vertex -47 14.8977 34
    endloop
  endfacet
  facet normal -0.980785 0.195091 0
    outer loop
      vertex -67.9325 62.9325 35
      vertex -67.5519 64.8459 39
      vertex -67.5519 64.8459 35
    endloop
  endfacet
  facet normal -0.980785 0.195091 0
    outer loop
      vertex -67.5519 64.8459 39
      vertex -67.9325 62.9325 35
      vertex -67.9325 62.9325 39
    endloop
  endfacet
  facet normal -0.831458 0.555587 0
    outer loop
      vertex -67.5519 64.8459 35
      vertex -66.468 66.468 39
      vertex -66.468 66.468 35
    endloop
  endfacet
  facet normal -0.831458 0.555587 0
    outer loop
      vertex -66.468 66.468 39
      vertex -67.5519 64.8459 35
      vertex -67.5519 64.8459 39
    endloop
  endfacet
  facet normal 0.555587 -0.831458 0
    outer loop
      vertex -61.0191 58.3131 35
      vertex -59.397 59.397 39
      vertex -61.0191 58.3131 39
    endloop
  endfacet
  facet normal 0.555587 -0.831458 0
    outer loop
      vertex -59.397 59.397 39
      vertex -61.0191 58.3131 35
      vertex -59.397 59.397 35
    endloop
  endfacet
  facet normal 0.831458 -0.555587 0
    outer loop
      vertex -59.397 59.397 39
      vertex -58.3131 61.0191 35
      vertex -58.3131 61.0191 39
    endloop
  endfacet
  facet normal 0.831458 -0.555587 0
    outer loop
      vertex -58.3131 61.0191 35
      vertex -59.397 59.397 39
      vertex -59.397 59.397 35
    endloop
  endfacet
  facet normal -0.555587 -0.831458 0
    outer loop
      vertex -66.468 59.397 35
      vertex -64.8459 58.3131 39
      vertex -66.468 59.397 39
    endloop
  endfacet
  facet normal -0.555587 -0.831458 -0
    outer loop
      vertex -64.8459 58.3131 39
      vertex -66.468 59.397 35
      vertex -64.8459 58.3131 35
    endloop
  endfacet
  facet normal 0.980785 -0.195091 0
    outer loop
      vertex -58.3131 61.0191 39
      vertex -57.9325 62.9325 35
      vertex -57.9325 62.9325 39
    endloop
  endfacet
  facet normal 0.980785 -0.195091 0
    outer loop
      vertex -57.9325 62.9325 35
      vertex -58.3131 61.0191 39
      vertex -58.3131 61.0191 35
    endloop
  endfacet
  facet normal 0 0 1
    outer loop
      vertex -58.3131 64.8459 39
      vertex -58.3131 61.0191 39
      vertex -57.9325 62.9325 39
    endloop
  endfacet
  facet normal 0 0 1
    outer loop
      vertex -59.397 66.468 39
      vertex -58.3131 61.0191 39
      vertex -58.3131 64.8459 39
    endloop
  endfacet
  facet normal 0 0 1
    outer loop
      vertex -59.397 66.468 39
      vertex -59.397 59.397 39
      vertex -58.3131 61.0191 39
    endloop
  endfacet
  facet normal 0 0 1
    outer loop
      vertex -61.0191 67.5519 39
      vertex -59.397 59.397 39
      vertex -59.397 66.468 39
    endloop
  endfacet
  facet normal 0 0 1
    outer loop
      vertex -61.0191 67.5519 39
      vertex -61.0191 58.3131 39
      vertex -59.397 59.397 39
    endloop
  endfacet
  facet normal 0 0 1
    outer loop
      vertex -62.9325 67.9325 39
      vertex -61.0191 58.3131 39
      vertex -61.0191 67.5519 39
    endloop
  endfacet
  facet normal 0 0 1
    outer loop
      vertex -62.9325 67.9325 39
      vertex -62.9325 57.9325 39
      vertex -61.0191 58.3131 39
    endloop
  endfacet
  facet normal -0 0 1
    outer loop
      vertex -64.8459 67.5519 39
      vertex -62.9325 57.9325 39
      vertex -62.9325 67.9325 39
    endloop
  endfacet
  facet normal 0 0 1
    outer loop
      vertex -64.8459 67.5519 39
      vertex -64.8459 58.3131 39
      vertex -62.9325 57.9325 39
    endloop
  endfacet
  facet normal -0 0 1
    outer loop
      vertex -66.468 66.468 39
      vertex -64.8459 58.3131 39
      vertex -64.8459 67.5519 39
    endloop
  endfacet
  facet normal 0 0 1
    outer loop
      vertex -66.468 66.468 39
      vertex -66.468 59.397 39
      vertex -64.8459 58.3131 39
    endloop
  endfacet
  facet normal -0 0 1
    outer loop
      vertex -67.5519 64.8459 39
      vertex -66.468 59.397 39
      vertex -66.468 66.468 39
    endloop
  endfacet
  facet normal 0 0 1
    outer loop
      vertex -67.5519 64.8459 39
      vertex -67.5519 61.0191 39
      vertex -66.468 59.397 39
    endloop
  endfacet
  facet normal 0 -0 1
    outer loop
      vertex -67.5519 61.0191 39
      vertex -67.5519 64.8459 39
      vertex -67.9325 62.9325 39
    endloop
  endfacet
  facet normal 0.555587 0.831458 -0
    outer loop
      vertex -59.397 66.468 35
      vertex -61.0191 67.5519 39
      vertex -59.397 66.468 39
    endloop
  endfacet
  facet normal 0.555587 0.831458 0
    outer loop
      vertex -61.0191 67.5519 39
      vertex -59.397 66.468 35
      vertex -61.0191 67.5519 35
    endloop
  endfacet
  facet normal -0.195091 0.980785 0
    outer loop
      vertex -62.9325 67.9325 35
      vertex -64.8459 67.5519 39
      vertex -62.9325 67.9325 39
    endloop
  endfacet
  facet normal -0.195091 0.980785 0
    outer loop
      vertex -64.8459 67.5519 39
      vertex -62.9325 67.9325 35
      vertex -64.8459 67.5519 35
    endloop
  endfacet
  facet normal -0.980785 -0.195091 0
    outer loop
      vertex -67.5519 61.0191 35
      vertex -67.9325 62.9325 39
      vertex -67.9325 62.9325 35
    endloop
  endfacet
  facet normal -0.980785 -0.195091 0
    outer loop
      vertex -67.9325 62.9325 39
      vertex -67.5519 61.0191 35
      vertex -67.5519 61.0191 39
    endloop
  endfacet
  facet normal -0.555587 0.831458 0
    outer loop
      vertex -64.8459 67.5519 35
      vertex -66.468 66.468 39
      vertex -64.8459 67.5519 39
    endloop
  endfacet
  facet normal -0.555587 0.831458 0
    outer loop
      vertex -66.468 66.468 39
      vertex -64.8459 67.5519 35
      vertex -66.468 66.468 35
    endloop
  endfacet
  facet normal 0.195091 -0.980785 0
    outer loop
      vertex -62.9325 57.9325 35
      vertex -61.0191 58.3131 39
      vertex -62.9325 57.9325 39
    endloop
  endfacet
  facet normal 0.195091 -0.980785 0
    outer loop
      vertex -61.0191 58.3131 39
      vertex -62.9325 57.9325 35
      vertex -61.0191 58.3131 35
    endloop
  endfacet
  facet normal 0.195091 0.980785 -0
    outer loop
      vertex -61.0191 67.5519 35
      vertex -62.9325 67.9325 39
      vertex -61.0191 67.5519 39
    endloop
  endfacet
  facet normal 0.195091 0.980785 0
    outer loop
      vertex -62.9325 67.9325 39
      vertex -61.0191 67.5519 35
      vertex -62.9325 67.9325 35
    endloop
  endfacet
  facet normal -0.831458 -0.555587 0
    outer loop
      vertex -66.468 59.397 35
      vertex -67.5519 61.0191 39
      vertex -67.5519 61.0191 35
    endloop
  endfacet
  facet normal -0.831458 -0.555587 0
    outer loop
      vertex -67.5519 61.0191 39
      vertex -66.468 59.397 35
      vertex -66.468 59.397 39
    endloop
  endfacet
  facet normal -0.195091 -0.980785 0
    outer loop
      vertex -64.8459 58.3131 35
      vertex -62.9325 57.9325 39
      vertex -64.8459 58.3131 39
    endloop
  endfacet
  facet normal -0.195091 -0.980785 -0
    outer loop
      vertex -62.9325 57.9325 39
      vertex -64.8459 58.3131 35
      vertex -62.9325 57.9325 35
    endloop
  endfacet
  facet normal 0.831458 0.555587 0
    outer loop
      vertex -58.3131 64.8459 39
      vertex -59.397 66.468 35
      vertex -59.397 66.468 39
    endloop
  endfacet
  facet normal 0.831458 0.555587 0
    outer loop
      vertex -59.397 66.468 35
      vertex -58.3131 64.8459 39
      vertex -58.3131 64.8459 35
    endloop
  endfacet
  facet normal 0.980785 0.195091 0
    outer loop
      vertex -57.9325 62.9325 39
      vertex -58.3131 64.8459 35
      vertex -58.3131 64.8459 39
    endloop
  endfacet
  facet normal 0.980785 0.195091 0
    outer loop
      vertex -58.3131 64.8459 35
      vertex -57.9325 62.9325 39
      vertex -57.9325 62.9325 35
    endloop
  endfacet
  facet normal 0.99863 -0.0523356 0
    outer loop
      vertex -7.00925 65.8633 12
      vertex -7.45279 57.4 4
      vertex -7.00925 65.8633 2
    endloop
  endfacet
  facet normal 0.99863 -0.0523364 8.33348e-07
    outer loop
      vertex -7.62196 54.1722 12
      vertex -7.45279 57.4 4
      vertex -7.00925 65.8633 12
    endloop
  endfacet
  facet normal 0.998629 -0.0523385 0
    outer loop
      vertex -7.45279 57.4 4
      vertex -7.62196 54.1722 12
      vertex -7.62196 54.1722 4
    endloop
  endfacet
  facet normal 0.99863 -0.0523356 0
    outer loop
      vertex -7.00925 65.8633 2
      vertex -7.45279 57.4 4
      vertex -7.45279 57.4 2
    endloop
  endfacet
  facet normal -0.891005 0.453993 0
    outer loop
      vertex -115.213 83.0011 2
      vertex -109.898 93.4323 12
      vertex -109.898 93.4323 2
    endloop
  endfacet
  facet normal -0.891005 0.453993 0
    outer loop
      vertex -109.898 93.4323 12
      vertex -115.213 83.0011 2
      vertex -115.213 83.0011 12
    endloop
  endfacet
  facet normal -0.777111 0.629363 0
    outer loop
      vertex -109.898 93.4323 2
      vertex -102.53 102.53 12
      vertex -102.53 102.53 2
    endloop
  endfacet
  facet normal -0.777111 0.629363 0
    outer loop
      vertex -102.53 102.53 12
      vertex -109.898 93.4323 2
      vertex -109.898 93.4323 12
    endloop
  endfacet
  facet normal -0.965927 0.258815 0
    outer loop
      vertex -118.243 71.6928 2
      vertex -115.213 83.0011 12
      vertex -115.213 83.0011 2
    endloop
  endfacet
  facet normal -0.965927 0.258815 0
    outer loop
      vertex -115.213 83.0011 12
      vertex -118.243 71.6928 2
      vertex -118.243 71.6928 12
    endloop
  endfacet
  facet normal -0.453993 0.891005 0
    outer loop
      vertex -83.0011 115.213 2
      vertex -93.4323 109.898 12
      vertex -83.0011 115.213 12
    endloop
  endfacet
  facet normal -0.453993 0.891005 0
    outer loop
      vertex -93.4323 109.898 12
      vertex -83.0011 115.213 2
      vertex -93.4323 109.898 2
    endloop
  endfacet
  facet normal 0.156483 0.987681 -0
    outer loop
      vertex -48.4386 117.024 2
      vertex -60.0017 118.856 12
      vertex -48.4386 117.024 12
    endloop
  endfacet
  facet normal 0.156483 0.987681 0
    outer loop
      vertex -60.0017 118.856 12
      vertex -48.4386 117.024 2
      vertex -60.0017 118.856 2
    endloop
  endfacet
  facet normal -0.0523611 0.998628 0
    outer loop
      vertex -60.0017 118.856 2
      vertex -71.6928 118.243 12
      vertex -60.0017 118.856 12
    endloop
  endfacet
  facet normal -0.0523611 0.998628 0
    outer loop
      vertex -71.6928 118.243 12
      vertex -60.0017 118.856 2
      vertex -71.6928 118.243 2
    endloop
  endfacet
  facet normal -0.629363 0.777111 0
    outer loop
      vertex -93.4323 109.898 2
      vertex -102.53 102.53 12
      vertex -93.4323 109.898 12
    endloop
  endfacet
  facet normal -0.629363 0.777111 0
    outer loop
      vertex -102.53 102.53 12
      vertex -93.4323 109.898 2
      vertex -102.53 102.53 2
    endloop
  endfacet
  facet normal 0.933582 0.358365 0
    outer loop
      vertex -8.84066 77.4264 12
      vertex -13.0361 88.356 2
      vertex -13.0361 88.356 12
    endloop
  endfacet
  facet normal 0.933582 0.358365 0
    outer loop
      vertex -13.0361 88.356 2
      vertex -8.84066 77.4264 12
      vertex -8.84066 77.4264 2
    endloop
  endfacet
  facet normal -0.933594 -0.358332 0
    outer loop
      vertex -112.829 37.509 2
      vertex -117.024 48.4386 12
      vertex -117.024 48.4386 2
    endloop
  endfacet
  facet normal -0.933594 -0.358332 0
    outer loop
      vertex -117.024 48.4386 12
      vertex -112.829 37.509 2
      vertex -112.829 37.509 12
    endloop
  endfacet
  facet normal -0.998628 0.0523611 0
    outer loop
      vertex -118.856 60.0017 2
      vertex -118.243 71.6928 12
      vertex -118.243 71.6928 2
    endloop
  endfacet
  facet normal -0.998628 0.0523611 0
    outer loop
      vertex -118.243 71.6928 12
      vertex -118.856 60.0017 2
      vertex -118.856 60.0017 12
    endloop
  endfacet
  facet normal 0.987688 0.156434 0
    outer loop
      vertex -7.00925 65.8633 12
      vertex -8.84066 77.4264 2
      vertex -8.84066 77.4264 12
    endloop
  endfacet
  facet normal 0.987688 0.156434 0
    outer loop
      vertex -8.84066 77.4264 2
      vertex -7.00925 65.8633 12
      vertex -7.00925 65.8633 2
    endloop
  endfacet
  facet normal 0.0523364 -0.99863 0
    outer loop
      vertex -65.8633 7.00925 4
      vertex -54.1722 7.62196 12
      vertex -65.8633 7.00925 12
    endloop
  endfacet
  facet normal 0.0523364 -0.99863 0
    outer loop
      vertex -54.1722 7.62196 12
      vertex -65.8633 7.00925 4
      vertex -54.1722 7.62196 4
    endloop
  endfacet
  facet normal -0.707094 -0.70712 0
    outer loop
      vertex -98.1744 19.4123 2
      vertex -106.453 27.6906 12
      vertex -106.453 27.6906 2
    endloop
  endfacet
  facet normal -0.707094 -0.70712 0
    outer loop
      vertex -106.453 27.6906 12
      vertex -98.1744 19.4123 2
      vertex -98.1744 19.4123 12
    endloop
  endfacet
  facet normal 0.358332 0.933594 -0
    outer loop
      vertex -37.509 112.829 2
      vertex -48.4386 117.024 12
      vertex -37.509 112.829 12
    endloop
  endfacet
  facet normal 0.358332 0.933594 0
    outer loop
      vertex -48.4386 117.024 12
      vertex -37.509 112.829 2
      vertex -48.4386 117.024 2
    endloop
  endfacet
  facet normal 0.54463 0.838676 -0
    outer loop
      vertex -27.6906 106.453 2
      vertex -37.509 112.829 12
      vertex -27.6906 106.453 12
    endloop
  endfacet
  facet normal 0.54463 0.838676 0
    outer loop
      vertex -37.509 112.829 12
      vertex -27.6906 106.453 2
      vertex -37.509 112.829 2
    endloop
  endfacet
  facet normal 0.453993 -0.891005 0
    outer loop
      vertex -42.8639 10.652 4
      vertex -32.4327 15.967 12
      vertex -42.8639 10.652 12
    endloop
  endfacet
  facet normal 0.453993 -0.891005 0
    outer loop
      vertex -32.4327 15.967 12
      vertex -42.8639 10.652 4
      vertex -32.4327 15.967 4
    endloop
  endfacet
  facet normal 0 0 -1
    outer loop
      vertex -77.4264 8.84066 2
      vertex -68.4 12.4456 2
      vertex -68.4 7.41102 2
    endloop
  endfacet
  facet normal -0 0 -1
    outer loop
      vertex -68.4 12.4456 2
      vertex -77.4264 8.84066 2
      vertex -76.1323 13.6703 2
    endloop
  endfacet
  facet normal 0 0 -1
    outer loop
      vertex -77.4264 8.84066 2
      vertex -86.086 17.4912 2
      vertex -76.1323 13.6703 2
    endloop
  endfacet
  facet normal 0 0 -1
    outer loop
      vertex -88.356 13.0361 2
      vertex -86.086 17.4912 2
      vertex -77.4264 8.84066 2
    endloop
  endfacet
  facet normal 0 0 -1
    outer loop
      vertex -88.356 13.0361 2
      vertex -95.0278 23.2981 2
      vertex -86.086 17.4912 2
    endloop
  endfacet
  facet normal 0 0 -1
    outer loop
      vertex -98.1744 19.4123 2
      vertex -95.0278 23.2981 2
      vertex -88.356 13.0361 2
    endloop
  endfacet
  facet normal 0 0 -1
    outer loop
      vertex -98.1744 19.4123 2
      vertex -102.567 30.8372 2
      vertex -95.0278 23.2981 2
    endloop
  endfacet
  facet normal 0 0 -1
    outer loop
      vertex -106.453 27.6906 2
      vertex -102.567 30.8372 2
      vertex -98.1744 19.4123 2
    endloop
  endfacet
  facet normal 0 0 -1
    outer loop
      vertex -106.453 27.6906 2
      vertex -108.374 39.779 2
      vertex -102.567 30.8372 2
    endloop
  endfacet
  facet normal 0 0 -1
    outer loop
      vertex -112.829 37.509 2
      vertex -108.374 39.779 2
      vertex -106.453 27.6906 2
    endloop
  endfacet
  facet normal -0 0 -1
    outer loop
      vertex -108.374 39.779 2
      vertex -112.829 37.509 2
      vertex -112.195 49.7327 2
    endloop
  endfacet
  facet normal 0 0 -1
    outer loop
      vertex -117.024 48.4386 2
      vertex -112.195 49.7327 2
      vertex -112.829 37.509 2
    endloop
  endfacet
  facet normal -0 0 -1
    outer loop
      vertex -112.195 49.7327 2
      vertex -117.024 48.4386 2
      vertex -113.863 60.2634 2
    endloop
  endfacet
  facet normal 0 0 -1
    outer loop
      vertex -118.856 60.0017 2
      vertex -113.863 60.2634 2
      vertex -117.024 48.4386 2
    endloop
  endfacet
  facet normal 0 0 -1
    outer loop
      vertex -113.863 60.2634 2
      vertex -118.243 71.6928 2
      vertex -115.213 83.0011 2
    endloop
  endfacet
  facet normal -0 0 -1
    outer loop
      vertex -113.863 60.2634 2
      vertex -118.856 60.0017 2
      vertex -118.243 71.6928 2
    endloop
  endfacet
  facet normal 0 0 -1
    outer loop
      vertex -12.0024 65.6016 2
      vertex -7.00925 65.8633 2
      vertex -7.45279 57.4 2
    endloop
  endfacet
  facet normal -0 0 -1
    outer loop
      vertex -7.00925 65.8633 2
      vertex -12.0024 65.6016 2
      vertex -8.84066 77.4264 2
    endloop
  endfacet
  facet normal 0 -0 -1
    outer loop
      vertex -12.0024 65.6016 2
      vertex -7.45279 57.4 2
      vertex -12.4322 57.4 2
    endloop
  endfacet
  facet normal 0 0 -1
    outer loop
      vertex -13.6703 76.1323 2
      vertex -8.84066 77.4264 2
      vertex -12.0024 65.6016 2
    endloop
  endfacet
  facet normal -0 0 -1
    outer loop
      vertex -8.84066 77.4264 2
      vertex -13.6703 76.1323 2
      vertex -13.0361 88.356 2
    endloop
  endfacet
  facet normal 0 0 -1
    outer loop
      vertex -17.4912 86.086 2
      vertex -13.0361 88.356 2
      vertex -13.6703 76.1323 2
    endloop
  endfacet
  facet normal 0 0 -1
    outer loop
      vertex -17.4912 86.086 2
      vertex -19.4123 98.1744 2
      vertex -13.0361 88.356 2
    endloop
  endfacet
  facet normal 0 0 -1
    outer loop
      vertex -23.2981 95.0278 2
      vertex -19.4123 98.1744 2
      vertex -17.4912 86.086 2
    endloop
  endfacet
  facet normal 0 0 -1
    outer loop
      vertex -23.2981 95.0278 2
      vertex -27.6906 106.453 2
      vertex -19.4123 98.1744 2
    endloop
  endfacet
  facet normal 0 0 -1
    outer loop
      vertex -30.8372 102.567 2
      vertex -27.6906 106.453 2
      vertex -23.2981 95.0278 2
    endloop
  endfacet
  facet normal 0 0 -1
    outer loop
      vertex -30.8372 102.567 2
      vertex -37.509 112.829 2
      vertex -27.6906 106.453 2
    endloop
  endfacet
  facet normal 0 0 -1
    outer loop
      vertex -39.779 108.374 2
      vertex -37.509 112.829 2
      vertex -30.8372 102.567 2
    endloop
  endfacet
  facet normal 0 0 -1
    outer loop
      vertex -39.779 108.374 2
      vertex -48.4386 117.024 2
      vertex -37.509 112.829 2
    endloop
  endfacet
  facet normal 0 0 -1
    outer loop
      vertex -49.7327 112.195 2
      vertex -48.4386 117.024 2
      vertex -39.779 108.374 2
    endloop
  endfacet
  facet normal 0 0 -1
    outer loop
      vertex -49.7327 112.195 2
      vertex -60.0017 118.856 2
      vertex -48.4386 117.024 2
    endloop
  endfacet
  facet normal 0 0 -1
    outer loop
      vertex -60.2634 113.863 2
      vertex -60.0017 118.856 2
      vertex -49.7327 112.195 2
    endloop
  endfacet
  facet normal 0 0 -1
    outer loop
      vertex -70.9107 113.305 2
      vertex -60.0017 118.856 2
      vertex -60.2634 113.863 2
    endloop
  endfacet
  facet normal 0 0 -1
    outer loop
      vertex -70.9107 113.305 2
      vertex -71.6928 118.243 2
      vertex -60.0017 118.856 2
    endloop
  endfacet
  facet normal 0 0 -1
    outer loop
      vertex -81.2093 110.545 2
      vertex -71.6928 118.243 2
      vertex -70.9107 113.305 2
    endloop
  endfacet
  facet normal 0 0 -1
    outer loop
      vertex -81.2093 110.545 2
      vertex -83.0011 115.213 2
      vertex -71.6928 118.243 2
    endloop
  endfacet
  facet normal 0 0 -1
    outer loop
      vertex -90.7091 105.705 2
      vertex -83.0011 115.213 2
      vertex -81.2093 110.545 2
    endloop
  endfacet
  facet normal 0 0 -1
    outer loop
      vertex -90.7091 105.705 2
      vertex -93.4323 109.898 2
      vertex -83.0011 115.213 2
    endloop
  endfacet
  facet normal 0 0 -1
    outer loop
      vertex -98.9949 98.9949 2
      vertex -93.4323 109.898 2
      vertex -90.7091 105.705 2
    endloop
  endfacet
  facet normal 0 0 -1
    outer loop
      vertex -98.9949 98.9949 2
      vertex -102.53 102.53 2
      vertex -93.4323 109.898 2
    endloop
  endfacet
  facet normal 0 0 -1
    outer loop
      vertex -105.705 90.7091 2
      vertex -102.53 102.53 2
      vertex -98.9949 98.9949 2
    endloop
  endfacet
  facet normal 0 0 -1
    outer loop
      vertex -105.705 90.7091 2
      vertex -109.898 93.4323 2
      vertex -102.53 102.53 2
    endloop
  endfacet
  facet normal 0 0 -1
    outer loop
      vertex -110.545 81.2093 2
      vertex -109.898 93.4323 2
      vertex -105.705 90.7091 2
    endloop
  endfacet
  facet normal 0 0 -1
    outer loop
      vertex -115.213 83.0011 2
      vertex -110.545 81.2093 2
      vertex -113.305 70.9107 2
    endloop
  endfacet
  facet normal 0 0 -1
    outer loop
      vertex -110.545 81.2093 2
      vertex -115.213 83.0011 2
      vertex -109.898 93.4323 2
    endloop
  endfacet
  facet normal 0 0 -1
    outer loop
      vertex -115.213 83.0011 2
      vertex -113.305 70.9107 2
      vertex -113.863 60.2634 2
    endloop
  endfacet
  facet normal 0.891005 -0.453993 0
    outer loop
      vertex -15.967 32.4327 12
      vertex -10.652 42.8639 4
      vertex -10.652 42.8639 12
    endloop
  endfacet
  facet normal 0.891005 -0.453993 0
    outer loop
      vertex -10.652 42.8639 4
      vertex -15.967 32.4327 12
      vertex -15.967 32.4327 4
    endloop
  endfacet
  facet normal -0.358365 -0.933582 0
    outer loop
      vertex -88.356 13.0361 2
      vertex -77.4264 8.84066 12
      vertex -88.356 13.0361 12
    endloop
  endfacet
  facet normal -0.358365 -0.933582 -0
    outer loop
      vertex -77.4264 8.84066 12
      vertex -88.356 13.0361 2
      vertex -77.4264 8.84066 2
    endloop
  endfacet
  facet normal 0 0 1
    outer loop
      vertex -12.0024 65.6016 12
      vertex -7.00925 65.8633 12
      vertex -8.84066 77.4264 12
    endloop
  endfacet
  facet normal 0 0 1
    outer loop
      vertex -7.00925 65.8633 12
      vertex -12.0024 65.6016 12
      vertex -7.62196 54.1722 12
    endloop
  endfacet
  facet normal -0 0 1
    outer loop
      vertex -12.5604 54.9543 12
      vertex -7.62196 54.1722 12
      vertex -12.0024 65.6016 12
    endloop
  endfacet
  facet normal 0 0 1
    outer loop
      vertex -13.6703 76.1323 12
      vertex -8.84066 77.4264 12
      vertex -13.0361 88.356 12
    endloop
  endfacet
  facet normal 0 0 1
    outer loop
      vertex -8.84066 77.4264 12
      vertex -13.6703 76.1323 12
      vertex -12.0024 65.6016 12
    endloop
  endfacet
  facet normal 0 0 1
    outer loop
      vertex -13.0361 88.356 12
      vertex -17.4912 86.086 12
      vertex -13.6703 76.1323 12
    endloop
  endfacet
  facet normal 0 0 1
    outer loop
      vertex -19.4123 98.1744 12
      vertex -17.4912 86.086 12
      vertex -13.0361 88.356 12
    endloop
  endfacet
  facet normal 0 0 1
    outer loop
      vertex -19.4123 98.1744 12
      vertex -23.2981 95.0278 12
      vertex -17.4912 86.086 12
    endloop
  endfacet
  facet normal 0 0 1
    outer loop
      vertex -27.6906 106.453 12
      vertex -23.2981 95.0278 12
      vertex -19.4123 98.1744 12
    endloop
  endfacet
  facet normal 0 0 1
    outer loop
      vertex -27.6906 106.453 12
      vertex -30.8372 102.567 12
      vertex -23.2981 95.0278 12
    endloop
  endfacet
  facet normal 0 0 1
    outer loop
      vertex -37.509 112.829 12
      vertex -30.8372 102.567 12
      vertex -27.6906 106.453 12
    endloop
  endfacet
  facet normal 0 0 1
    outer loop
      vertex -37.509 112.829 12
      vertex -39.779 108.374 12
      vertex -30.8372 102.567 12
    endloop
  endfacet
  facet normal 0 0 1
    outer loop
      vertex -48.4386 117.024 12
      vertex -39.779 108.374 12
      vertex -37.509 112.829 12
    endloop
  endfacet
  facet normal 0 0 1
    outer loop
      vertex -48.4386 117.024 12
      vertex -49.7327 112.195 12
      vertex -39.779 108.374 12
    endloop
  endfacet
  facet normal 0 0 1
    outer loop
      vertex -60.0017 118.856 12
      vertex -49.7327 112.195 12
      vertex -48.4386 117.024 12
    endloop
  endfacet
  facet normal 0 0 1
    outer loop
      vertex -60.0017 118.856 12
      vertex -60.2634 113.863 12
      vertex -49.7327 112.195 12
    endloop
  endfacet
  facet normal 0 0 1
    outer loop
      vertex -60.0017 118.856 12
      vertex -70.9107 113.305 12
      vertex -60.2634 113.863 12
    endloop
  endfacet
  facet normal -0 0 1
    outer loop
      vertex -71.6928 118.243 12
      vertex -70.9107 113.305 12
      vertex -60.0017 118.856 12
    endloop
  endfacet
  facet normal 0 0 1
    outer loop
      vertex -71.6928 118.243 12
      vertex -81.2093 110.545 12
      vertex -70.9107 113.305 12
    endloop
  endfacet
  facet normal -0 0 1
    outer loop
      vertex -83.0011 115.213 12
      vertex -81.2093 110.545 12
      vertex -71.6928 118.243 12
    endloop
  endfacet
  facet normal 0 0 1
    outer loop
      vertex -83.0011 115.213 12
      vertex -90.7091 105.705 12
      vertex -81.2093 110.545 12
    endloop
  endfacet
  facet normal -0 0 1
    outer loop
      vertex -93.4323 109.898 12
      vertex -90.7091 105.705 12
      vertex -83.0011 115.213 12
    endloop
  endfacet
  facet normal 0 0 1
    outer loop
      vertex -93.4323 109.898 12
      vertex -98.9949 98.9949 12
      vertex -90.7091 105.705 12
    endloop
  endfacet
  facet normal -0 0 1
    outer loop
      vertex -102.53 102.53 12
      vertex -98.9949 98.9949 12
      vertex -93.4323 109.898 12
    endloop
  endfacet
  facet normal 0 0 1
    outer loop
      vertex -102.53 102.53 12
      vertex -105.705 90.7091 12
      vertex -98.9949 98.9949 12
    endloop
  endfacet
  facet normal -0 0 1
    outer loop
      vertex -109.898 93.4323 12
      vertex -105.705 90.7091 12
      vertex -102.53 102.53 12
    endloop
  endfacet
  facet normal 0 0 1
    outer loop
      vertex -109.898 93.4323 12
      vertex -110.545 81.2093 12
      vertex -105.705 90.7091 12
    endloop
  endfacet
  facet normal -0 0 1
    outer loop
      vertex -115.213 83.0011 12
      vertex -110.545 81.2093 12
      vertex -109.898 93.4323 12
    endloop
  endfacet
  facet normal -0 0 1
    outer loop
      vertex -118.243 71.6928 12
      vertex -113.305 70.9107 12
      vertex -115.213 83.0011 12
    endloop
  endfacet
  facet normal 0 0 1
    outer loop
      vertex -110.545 81.2093 12
      vertex -115.213 83.0011 12
      vertex -113.305 70.9107 12
    endloop
  endfacet
  facet normal 0 0 1
    outer loop
      vertex -7.62196 54.1722 12
      vertex -12.5604 54.9543 12
      vertex -10.652 42.8639 12
    endloop
  endfacet
  facet normal -0 0 1
    outer loop
      vertex -15.3199 44.6557 12
      vertex -10.652 42.8639 12
      vertex -12.5604 54.9543 12
    endloop
  endfacet
  facet normal 0 0 1
    outer loop
      vertex -15.3199 44.6557 12
      vertex -15.967 32.4327 12
      vertex -10.652 42.8639 12
    endloop
  endfacet
  facet normal -0 0 1
    outer loop
      vertex -20.1603 35.1559 12
      vertex -15.967 32.4327 12
      vertex -15.3199 44.6557 12
    endloop
  endfacet
  facet normal 0 0 1
    outer loop
      vertex -20.1603 35.1559 12
      vertex -23.3345 23.3345 12
      vertex -15.967 32.4327 12
    endloop
  endfacet
  facet normal -0 0 1
    outer loop
      vertex -26.8701 26.8701 12
      vertex -23.3345 23.3345 12
      vertex -20.1603 35.1559 12
    endloop
  endfacet
  facet normal 0 0 1
    outer loop
      vertex -26.8701 26.8701 12
      vertex -32.4327 15.967 12
      vertex -23.3345 23.3345 12
    endloop
  endfacet
  facet normal -0 0 1
    outer loop
      vertex -35.1559 20.1603 12
      vertex -32.4327 15.967 12
      vertex -26.8701 26.8701 12
    endloop
  endfacet
  facet normal 0 0 1
    outer loop
      vertex -35.1559 20.1603 12
      vertex -42.8639 10.652 12
      vertex -32.4327 15.967 12
    endloop
  endfacet
  facet normal -0 0 1
    outer loop
      vertex -44.6557 15.3199 12
      vertex -42.8639 10.652 12
      vertex -35.1559 20.1603 12
    endloop
  endfacet
  facet normal 0 0 1
    outer loop
      vertex -44.6557 15.3199 12
      vertex -54.1722 7.62196 12
      vertex -42.8639 10.652 12
    endloop
  endfacet
  facet normal -0 0 1
    outer loop
      vertex -54.9543 12.5604 12
      vertex -54.1722 7.62196 12
      vertex -44.6557 15.3199 12
    endloop
  endfacet
  facet normal -0 0 1
    outer loop
      vertex -65.6016 12.0024 12
      vertex -54.1722 7.62196 12
      vertex -54.9543 12.5604 12
    endloop
  endfacet
  facet normal 0 0 1
    outer loop
      vertex -65.6016 12.0024 12
      vertex -65.8633 7.00925 12
      vertex -54.1722 7.62196 12
    endloop
  endfacet
  facet normal 0 0 1
    outer loop
      vertex -76.1323 13.6703 12
      vertex -65.8633 7.00925 12
      vertex -65.6016 12.0024 12
    endloop
  endfacet
  facet normal 0 0 1
    outer loop
      vertex -76.1323 13.6703 12
      vertex -77.4264 8.84066 12
      vertex -65.8633 7.00925 12
    endloop
  endfacet
  facet normal 0 0 1
    outer loop
      vertex -86.086 17.4912 12
      vertex -77.4264 8.84066 12
      vertex -76.1323 13.6703 12
    endloop
  endfacet
  facet normal 0 0 1
    outer loop
      vertex -86.086 17.4912 12
      vertex -88.356 13.0361 12
      vertex -77.4264 8.84066 12
    endloop
  endfacet
  facet normal 0 0 1
    outer loop
      vertex -95.0278 23.2981 12
      vertex -88.356 13.0361 12
      vertex -86.086 17.4912 12
    endloop
  endfacet
  facet normal 0 0 1
    outer loop
      vertex -95.0278 23.2981 12
      vertex -98.1744 19.4123 12
      vertex -88.356 13.0361 12
    endloop
  endfacet
  facet normal 0 0 1
    outer loop
      vertex -102.567 30.8372 12
      vertex -98.1744 19.4123 12
      vertex -95.0278 23.2981 12
    endloop
  endfacet
  facet normal 0 0 1
    outer loop
      vertex -102.567 30.8372 12
      vertex -106.453 27.6906 12
      vertex -98.1744 19.4123 12
    endloop
  endfacet
  facet normal 0 0 1
    outer loop
      vertex -108.374 39.779 12
      vertex -106.453 27.6906 12
      vertex -102.567 30.8372 12
    endloop
  endfacet
  facet normal 0 0 1
    outer loop
      vertex -112.829 37.509 12
      vertex -108.374 39.779 12
      vertex -112.195 49.7327 12
    endloop
  endfacet
  facet normal 0 0 1
    outer loop
      vertex -108.374 39.779 12
      vertex -112.829 37.509 12
      vertex -106.453 27.6906 12
    endloop
  endfacet
  facet normal 0 0 1
    outer loop
      vertex -117.024 48.4386 12
      vertex -112.195 49.7327 12
      vertex -113.863 60.2634 12
    endloop
  endfacet
  facet normal 0 0 1
    outer loop
      vertex -113.305 70.9107 12
      vertex -118.243 71.6928 12
      vertex -113.863 60.2634 12
    endloop
  endfacet
  facet normal 0 0 1
    outer loop
      vertex -112.195 49.7327 12
      vertex -117.024 48.4386 12
      vertex -112.829 37.509 12
    endloop
  endfacet
  facet normal 0 0 1
    outer loop
      vertex -118.856 60.0017 12
      vertex -113.863 60.2634 12
      vertex -118.243 71.6928 12
    endloop
  endfacet
  facet normal 0 0 1
    outer loop
      vertex -113.863 60.2634 12
      vertex -118.856 60.0017 12
      vertex -117.024 48.4386 12
    endloop
  endfacet
  facet normal 0.838668 0.544642 0
    outer loop
      vertex -13.0361 88.356 12
      vertex -19.4123 98.1744 2
      vertex -19.4123 98.1744 12
    endloop
  endfacet
  facet normal 0.838668 0.544642 0
    outer loop
      vertex -19.4123 98.1744 2
      vertex -13.0361 88.356 12
      vertex -13.0361 88.356 2
    endloop
  endfacet
  facet normal -0.838676 -0.54463 0
    outer loop
      vertex -106.453 27.6906 2
      vertex -112.829 37.509 12
      vertex -112.829 37.509 2
    endloop
  endfacet
  facet normal -0.838676 -0.54463 0
    outer loop
      vertex -112.829 37.509 12
      vertex -106.453 27.6906 2
      vertex -106.453 27.6906 12
    endloop
  endfacet
  facet normal 0.777149 -0.629316 0
    outer loop
      vertex -23.3345 23.3345 12
      vertex -15.967 32.4327 4
      vertex -15.967 32.4327 12
    endloop
  endfacet
  facet normal 0.777149 -0.629316 0
    outer loop
      vertex -15.967 32.4327 4
      vertex -23.3345 23.3345 12
      vertex -23.3345 23.3345 4
    endloop
  endfacet
  facet normal 0.965926 -0.258818 0
    outer loop
      vertex -10.652 42.8639 12
      vertex -7.62196 54.1722 4
      vertex -7.62196 54.1722 12
    endloop
  endfacet
  facet normal 0.965926 -0.258818 0
    outer loop
      vertex -7.62196 54.1722 4
      vertex -10.652 42.8639 12
      vertex -10.652 42.8639 4
    endloop
  endfacet
  facet normal 0.258818 -0.965926 0
    outer loop
      vertex -54.1722 7.62196 4
      vertex -42.8639 10.652 12
      vertex -54.1722 7.62196 12
    endloop
  endfacet
  facet normal 0.258818 -0.965926 0
    outer loop
      vertex -42.8639 10.652 12
      vertex -54.1722 7.62196 4
      vertex -42.8639 10.652 4
    endloop
  endfacet
  facet normal -0.258815 0.965927 0
    outer loop
      vertex -71.6928 118.243 2
      vertex -83.0011 115.213 12
      vertex -71.6928 118.243 12
    endloop
  endfacet
  facet normal -0.258815 0.965927 0
    outer loop
      vertex -83.0011 115.213 12
      vertex -71.6928 118.243 2
      vertex -83.0011 115.213 2
    endloop
  endfacet
  facet normal -0.987681 -0.156483 0
    outer loop
      vertex -117.024 48.4386 2
      vertex -118.856 60.0017 12
      vertex -118.856 60.0017 2
    endloop
  endfacet
  facet normal -0.987681 -0.156483 0
    outer loop
      vertex -118.856 60.0017 12
      vertex -117.024 48.4386 2
      vertex -117.024 48.4386 12
    endloop
  endfacet
  facet normal -0.156434 -0.987688 3.31633e-07
    outer loop
      vertex -77.4264 8.84066 12
      vertex -68.4 7.41102 4
      vertex -65.8633 7.00925 12
    endloop
  endfacet
  facet normal -0.156434 -0.987688 0
    outer loop
      vertex -77.4264 8.84066 2
      vertex -68.4 7.41102 4
      vertex -77.4264 8.84066 12
    endloop
  endfacet
  facet normal -0.156434 -0.987688 -0
    outer loop
      vertex -68.4 7.41102 4
      vertex -77.4264 8.84066 2
      vertex -68.4 7.41102 2
    endloop
  endfacet
  facet normal -0.156433 -0.987689 -0
    outer loop
      vertex -65.8633 7.00925 12
      vertex -68.4 7.41102 4
      vertex -65.8633 7.00925 4
    endloop
  endfacet
  facet normal -0.544642 -0.838668 0
    outer loop
      vertex -98.1744 19.4123 2
      vertex -88.356 13.0361 12
      vertex -98.1744 19.4123 12
    endloop
  endfacet
  facet normal -0.544642 -0.838668 -0
    outer loop
      vertex -88.356 13.0361 12
      vertex -98.1744 19.4123 2
      vertex -88.356 13.0361 2
    endloop
  endfacet
  facet normal 0.70712 0.707094 -0
    outer loop
      vertex -19.4123 98.1744 2
      vertex -27.6906 106.453 12
      vertex -19.4123 98.1744 12
    endloop
  endfacet
  facet normal 0.70712 0.707094 0
    outer loop
      vertex -27.6906 106.453 12
      vertex -19.4123 98.1744 2
      vertex -27.6906 106.453 2
    endloop
  endfacet
  facet normal 0.629316 -0.777149 0
    outer loop
      vertex -32.4327 15.967 4
      vertex -23.3345 23.3345 12
      vertex -32.4327 15.967 12
    endloop
  endfacet
  facet normal 0.629316 -0.777149 0
    outer loop
      vertex -23.3345 23.3345 12
      vertex -32.4327 15.967 4
      vertex -23.3345 23.3345 4
    endloop
  endfacet
  facet normal 0.891021 -0.453961 0
    outer loop
      vertex -110.545 81.2093 12
      vertex -105.705 90.7091 2
      vertex -105.705 90.7091 12
    endloop
  endfacet
  facet normal 0.891021 -0.453961 0
    outer loop
      vertex -105.705 90.7091 2
      vertex -110.545 81.2093 12
      vertex -110.545 81.2093 2
    endloop
  endfacet
  facet normal 0.777128 -0.629343 0
    outer loop
      vertex -105.705 90.7091 12
      vertex -98.9949 98.9949 2
      vertex -98.9949 98.9949 12
    endloop
  endfacet
  facet normal 0.777128 -0.629343 0
    outer loop
      vertex -98.9949 98.9949 2
      vertex -105.705 90.7091 12
      vertex -105.705 90.7091 2
    endloop
  endfacet
  facet normal 0.629343 -0.777128 0
    outer loop
      vertex -98.9949 98.9949 2
      vertex -90.7091 105.705 12
      vertex -98.9949 98.9949 12
    endloop
  endfacet
  facet normal 0.629343 -0.777128 0
    outer loop
      vertex -90.7091 105.705 12
      vertex -98.9949 98.9949 2
      vertex -90.7091 105.705 2
    endloop
  endfacet
  facet normal 0.933576 0.358379 0
    outer loop
      vertex -108.374 39.779 12
      vertex -112.195 49.7327 2
      vertex -112.195 49.7327 12
    endloop
  endfacet
  facet normal 0.933576 0.358379 0
    outer loop
      vertex -112.195 49.7327 2
      vertex -108.374 39.779 12
      vertex -108.374 39.779 2
    endloop
  endfacet
  facet normal -0.358379 -0.933576 0
    outer loop
      vertex -49.7327 112.195 2
      vertex -39.779 108.374 12
      vertex -49.7327 112.195 12
    endloop
  endfacet
  facet normal -0.358379 -0.933576 -0
    outer loop
      vertex -39.779 108.374 12
      vertex -49.7327 112.195 2
      vertex -39.779 108.374 2
    endloop
  endfacet
  facet normal 0.156427 0.98769 0
    outer loop
      vertex -68.4 12.4456 4
      vertex -65.6016 12.0024 12
      vertex -65.6016 12.0024 4
    endloop
  endfacet
  facet normal 0.156435 0.987688 -2.87377e-06
    outer loop
      vertex -65.6016 12.0024 12
      vertex -68.4 12.4456 4
      vertex -76.1323 13.6703 12
    endloop
  endfacet
  facet normal 0.156437 0.987688 0
    outer loop
      vertex -76.1323 13.6703 2
      vertex -68.4 12.4456 4
      vertex -68.4 12.4456 2
    endloop
  endfacet
  facet normal 0.156437 0.987688 0
    outer loop
      vertex -68.4 12.4456 4
      vertex -76.1323 13.6703 2
      vertex -76.1323 13.6703 12
    endloop
  endfacet
  facet normal 0.544641 0.838669 -0
    outer loop
      vertex -86.086 17.4912 2
      vertex -95.0278 23.2981 12
      vertex -86.086 17.4912 12
    endloop
  endfacet
  facet normal 0.544641 0.838669 0
    outer loop
      vertex -95.0278 23.2981 12
      vertex -86.086 17.4912 2
      vertex -95.0278 23.2981 2
    endloop
  endfacet
  facet normal -0.0523358 0.99863 0
    outer loop
      vertex -54.9543 12.5604 4
      vertex -65.6016 12.0024 12
      vertex -54.9543 12.5604 12
    endloop
  endfacet
  facet normal -0.0523358 0.99863 0
    outer loop
      vertex -65.6016 12.0024 12
      vertex -54.9543 12.5604 4
      vertex -65.6016 12.0024 4
    endloop
  endfacet
  facet normal -0.933579 -0.358371 0
    outer loop
      vertex -13.6703 76.1323 2
      vertex -17.4912 86.086 12
      vertex -17.4912 86.086 2
    endloop
  endfacet
  facet normal -0.933579 -0.358371 0
    outer loop
      vertex -17.4912 86.086 12
      vertex -13.6703 76.1323 2
      vertex -13.6703 76.1323 12
    endloop
  endfacet
  facet normal -0.838669 -0.544641 0
    outer loop
      vertex -17.4912 86.086 2
      vertex -23.2981 95.0278 12
      vertex -23.2981 95.0278 2
    endloop
  endfacet
  facet normal -0.838669 -0.544641 0
    outer loop
      vertex -23.2981 95.0278 12
      vertex -17.4912 86.086 2
      vertex -17.4912 86.086 12
    endloop
  endfacet
  facet normal -0.453991 0.891006 0
    outer loop
      vertex -35.1559 20.1603 4
      vertex -44.6557 15.3199 12
      vertex -35.1559 20.1603 12
    endloop
  endfacet
  facet normal -0.453991 0.891006 0
    outer loop
      vertex -44.6557 15.3199 12
      vertex -35.1559 20.1603 4
      vertex -44.6557 15.3199 4
    endloop
  endfacet
  facet normal 0.0523358 -0.99863 0
    outer loop
      vertex -70.9107 113.305 2
      vertex -60.2634 113.863 12
      vertex -70.9107 113.305 12
    endloop
  endfacet
  facet normal 0.0523358 -0.99863 0
    outer loop
      vertex -60.2634 113.863 12
      vertex -70.9107 113.305 2
      vertex -60.2634 113.863 2
    endloop
  endfacet
  facet normal 0.258863 -0.965914 0
    outer loop
      vertex -81.2093 110.545 2
      vertex -70.9107 113.305 12
      vertex -81.2093 110.545 12
    endloop
  endfacet
  facet normal 0.258863 -0.965914 0
    outer loop
      vertex -70.9107 113.305 12
      vertex -81.2093 110.545 2
      vertex -70.9107 113.305 2
    endloop
  endfacet
  facet normal -0.156444 -0.987687 0
    outer loop
      vertex -60.2634 113.863 2
      vertex -49.7327 112.195 12
      vertex -60.2634 113.863 12
    endloop
  endfacet
  facet normal -0.156444 -0.987687 -0
    outer loop
      vertex -49.7327 112.195 12
      vertex -60.2634 113.863 2
      vertex -49.7327 112.195 2
    endloop
  endfacet
  facet normal 0.707102 0.707111 0
    outer loop
      vertex -95.0278 23.2981 12
      vertex -102.567 30.8372 2
      vertex -102.567 30.8372 12
    endloop
  endfacet
  facet normal 0.707102 0.707111 0
    outer loop
      vertex -102.567 30.8372 2
      vertex -95.0278 23.2981 12
      vertex -95.0278 23.2981 2
    endloop
  endfacet
  facet normal 0.453961 -0.891021 0
    outer loop
      vertex -90.7091 105.705 2
      vertex -81.2093 110.545 12
      vertex -90.7091 105.705 12
    endloop
  endfacet
  facet normal 0.453961 -0.891021 0
    outer loop
      vertex -81.2093 110.545 12
      vertex -90.7091 105.705 2
      vertex -81.2093 110.545 2
    endloop
  endfacet
  facet normal 0.987687 0.156444 0
    outer loop
      vertex -112.195 49.7327 12
      vertex -113.863 60.2634 2
      vertex -113.863 60.2634 12
    endloop
  endfacet
  facet normal 0.987687 0.156444 0
    outer loop
      vertex -113.863 60.2634 2
      vertex -112.195 49.7327 12
      vertex -112.195 49.7327 2
    endloop
  endfacet
  facet normal 0.358371 0.933579 -0
    outer loop
      vertex -76.1323 13.6703 2
      vertex -86.086 17.4912 12
      vertex -76.1323 13.6703 12
    endloop
  endfacet
  facet normal 0.358371 0.933579 0
    outer loop
      vertex -86.086 17.4912 12
      vertex -76.1323 13.6703 2
      vertex -86.086 17.4912 2
    endloop
  endfacet
  facet normal 0.99863 -0.0523358 0
    outer loop
      vertex -113.863 60.2634 12
      vertex -113.305 70.9107 2
      vertex -113.305 70.9107 12
    endloop
  endfacet
  facet normal 0.99863 -0.0523358 0
    outer loop
      vertex -113.305 70.9107 2
      vertex -113.863 60.2634 12
      vertex -113.863 60.2634 2
    endloop
  endfacet
  facet normal -0.629326 0.777142 0
    outer loop
      vertex -26.8701 26.8701 4
      vertex -35.1559 20.1603 12
      vertex -26.8701 26.8701 12
    endloop
  endfacet
  facet normal -0.629326 0.777142 0
    outer loop
      vertex -35.1559 20.1603 12
      vertex -26.8701 26.8701 4
      vertex -35.1559 20.1603 4
    endloop
  endfacet
  facet normal 0.965914 -0.258863 0
    outer loop
      vertex -113.305 70.9107 12
      vertex -110.545 81.2093 2
      vertex -110.545 81.2093 12
    endloop
  endfacet
  facet normal 0.965914 -0.258863 0
    outer loop
      vertex -110.545 81.2093 2
      vertex -113.305 70.9107 12
      vertex -113.305 70.9107 2
    endloop
  endfacet
  facet normal -0.891006 0.453991 0
    outer loop
      vertex -20.1603 35.1559 4
      vertex -15.3199 44.6557 12
      vertex -15.3199 44.6557 4
    endloop
  endfacet
  facet normal -0.891006 0.453991 0
    outer loop
      vertex -15.3199 44.6557 12
      vertex -20.1603 35.1559 4
      vertex -20.1603 35.1559 12
    endloop
  endfacet
  facet normal -0.544647 -0.838665 0
    outer loop
      vertex -39.779 108.374 2
      vertex -30.8372 102.567 12
      vertex -39.779 108.374 12
    endloop
  endfacet
  facet normal -0.544647 -0.838665 -0
    outer loop
      vertex -30.8372 102.567 12
      vertex -39.779 108.374 2
      vertex -30.8372 102.567 2
    endloop
  endfacet
  facet normal -0.965926 0.258819 0
    outer loop
      vertex -15.3199 44.6557 4
      vertex -12.5604 54.9543 12
      vertex -12.5604 54.9543 4
    endloop
  endfacet
  facet normal -0.965926 0.258819 0
    outer loop
      vertex -12.5604 54.9543 12
      vertex -15.3199 44.6557 4
      vertex -15.3199 44.6557 12
    endloop
  endfacet
  facet normal -0.707111 -0.707102 0
    outer loop
      vertex -30.8372 102.567 2
      vertex -23.2981 95.0278 12
      vertex -30.8372 102.567 12
    endloop
  endfacet
  facet normal -0.707111 -0.707102 -0
    outer loop
      vertex -23.2981 95.0278 12
      vertex -30.8372 102.567 2
      vertex -23.2981 95.0278 2
    endloop
  endfacet
  facet normal -0.777142 0.629326 0
    outer loop
      vertex -26.8701 26.8701 4
      vertex -20.1603 35.1559 12
      vertex -20.1603 35.1559 4
    endloop
  endfacet
  facet normal -0.777142 0.629326 0
    outer loop
      vertex -20.1603 35.1559 12
      vertex -26.8701 26.8701 4
      vertex -26.8701 26.8701 12
    endloop
  endfacet
  facet normal -0.99863 0.0523326 0
    outer loop
      vertex -12.4322 57.4 4
      vertex -12.0024 65.6016 2
      vertex -12.4322 57.4 2
    endloop
  endfacet
  facet normal -0.99863 0.0523326 0
    outer loop
      vertex -12.0024 65.6016 2
      vertex -12.4322 57.4 4
      vertex -12.0024 65.6016 12
    endloop
  endfacet
  facet normal -0.998629 0.0523467 0
    outer loop
      vertex -12.5604 54.9543 12
      vertex -12.4322 57.4 4
      vertex -12.5604 54.9543 4
    endloop
  endfacet
  facet normal -0.99863 0.0523358 -3.32093e-06
    outer loop
      vertex -12.4322 57.4 4
      vertex -12.5604 54.9543 12
      vertex -12.0024 65.6016 12
    endloop
  endfacet
  facet normal 0.838665 0.544647 0
    outer loop
      vertex -102.567 30.8372 12
      vertex -108.374 39.779 2
      vertex -108.374 39.779 12
    endloop
  endfacet
  facet normal 0.838665 0.544647 0
    outer loop
      vertex -108.374 39.779 2
      vertex -102.567 30.8372 12
      vertex -102.567 30.8372 2
    endloop
  endfacet
  facet normal -0.987688 -0.156435 0
    outer loop
      vertex -12.0024 65.6016 2
      vertex -13.6703 76.1323 12
      vertex -13.6703 76.1323 2
    endloop
  endfacet
  facet normal -0.987688 -0.156435 0
    outer loop
      vertex -13.6703 76.1323 12
      vertex -12.0024 65.6016 2
      vertex -12.0024 65.6016 12
    endloop
  endfacet
  facet normal -0.258819 0.965926 0
    outer loop
      vertex -44.6557 15.3199 4
      vertex -54.9543 12.5604 12
      vertex -44.6557 15.3199 12
    endloop
  endfacet
  facet normal -0.258819 0.965926 0
    outer loop
      vertex -54.9543 12.5604 12
      vertex -44.6557 15.3199 4
      vertex -54.9543 12.5604 4
    endloop
  endfacet
  facet normal 0.777146 0.62932 0
    outer loop
      vertex -53.2878 -56.6692 21
      vertex -54.8008 -54.8008 4
      vertex -54.8008 -54.8008 21
    endloop
  endfacet
  facet normal 0.777146 0.62932 0
    outer loop
      vertex -54.8008 -54.8008 4
      vertex -53.2878 -56.6692 21
      vertex -53.2878 -56.6692 4
    endloop
  endfacet
  facet normal -0.453989 -0.891007 0
    outer loop
      vertex -69.1959 -72.5772 4
      vertex -67.0537 -73.6687 21
      vertex -69.1959 -72.5772 21
    endloop
  endfacet
  facet normal -0.453989 -0.891007 -0
    outer loop
      vertex -67.0537 -73.6687 21
      vertex -69.1959 -72.5772 4
      vertex -67.0537 -73.6687 4
    endloop
  endfacet
  facet normal 0.544639 -0.838671 0
    outer loop
      vertex -57.7116 -73.1791 4
      vertex -55.6953 -71.8697 21
      vertex -57.7116 -73.1791 21
    endloop
  endfacet
  facet normal 0.544639 -0.838671 0
    outer loop
      vertex -55.6953 -71.8697 21
      vertex -57.7116 -73.1791 4
      vertex -55.6953 -71.8697 4
    endloop
  endfacet
  facet normal 0.998625 0.0524316 0
    outer loop
      vertex -51.5741 -61.1335 21
      vertex -51.5503 -61.5868 4
      vertex -51.5741 -61.1335 4
    endloop
  endfacet
  facet normal 0.99863 0.0523252 2.84503e-06
    outer loop
      vertex -51.4483 -63.5344 21
      vertex -51.5503 -61.5868 4
      vertex -51.5741 -61.1335 21
    endloop
  endfacet
  facet normal 0.998631 0.0523005 0
    outer loop
      vertex -51.5503 -61.5868 4
      vertex -51.4483 -63.5344 21
      vertex -51.4483 -63.5344 4
    endloop
  endfacet
  facet normal 0 0 1
    outer loop
      vertex -50.2046 -62.9325 4
      vertex -51.5503 -61.5868 4
      vertex -51.4483 -63.5344 4
    endloop
  endfacet
  facet normal 0 0 1
    outer loop
      vertex -50.2046 -62.9325 4
      vertex -51.4483 -63.5344 4
      vertex -51.569 -64.297 4
    endloop
  endfacet
  facet normal -0 0 1
    outer loop
      vertex -62.3306 -74.4167 4
      vertex -62.9325 -75.6604 4
      vertex -61.568 -74.296 4
    endloop
  endfacet
  facet normal 0 -0 1
    outer loop
      vertex -62.9325 -75.6604 4
      vertex -62.3306 -74.4167 4
      vertex -64.2783 -74.3147 4
    endloop
  endfacet
  facet normal 0 0 1
    outer loop
      vertex -74.296 -61.568 4
      vertex -75.6604 -62.9325 4
      vertex -74.4167 -62.3306 4
    endloop
  endfacet
  facet normal 0 0 1
    outer loop
      vertex -74.3147 -64.2783 4
      vertex -74.4167 -62.3306 4
      vertex -75.6604 -62.9325 4
    endloop
  endfacet
  facet normal 0 0 -1
    outer loop
      vertex -52.6859 -68.1534 4
      vertex -51.569 -64.297 4
      vertex -51.8244 -65.9089 4
    endloop
  endfacet
  facet normal 0 0 -1
    outer loop
      vertex -53.9953 -70.1697 4
      vertex -51.569 -64.297 4
      vertex -52.6859 -68.1534 4
    endloop
  endfacet
  facet normal 0 0 -1
    outer loop
      vertex -55.6953 -71.8697 4
      vertex -51.569 -64.297 4
      vertex -53.9953 -70.1697 4
    endloop
  endfacet
  facet normal 0 0 -1
    outer loop
      vertex -57.7116 -73.1791 4
      vertex -51.569 -64.297 4
      vertex -55.6953 -71.8697 4
    endloop
  endfacet
  facet normal 0 0 -1
    outer loop
      vertex -61.568 -74.296 4
      vertex -57.7116 -73.1791 4
      vertex -59.9561 -74.0406 4
    endloop
  endfacet
  facet normal -0 0 -1
    outer loop
      vertex -57.7116 -73.1791 4
      vertex -61.568 -74.296 4
      vertex -51.569 -64.297 4
    endloop
  endfacet
  facet normal 0 0 -1
    outer loop
      vertex -67.0537 -73.6687 4
      vertex -64.2783 -74.3147 4
      vertex -64.7315 -74.2909 4
    endloop
  endfacet
  facet normal 0 0 -1
    outer loop
      vertex -69.1959 -72.5772 4
      vertex -64.2783 -74.3147 4
      vertex -67.0537 -73.6687 4
    endloop
  endfacet
  facet normal 0 0 -1
    outer loop
      vertex -71.0642 -71.0642 4
      vertex -64.2783 -74.3147 4
      vertex -69.1959 -72.5772 4
    endloop
  endfacet
  facet normal 0 0 -1
    outer loop
      vertex -72.5772 -69.1959 4
      vertex -64.2783 -74.3147 4
      vertex -71.0642 -71.0642 4
    endloop
  endfacet
  facet normal 0 0 -1
    outer loop
      vertex -73.6687 -67.0537 4
      vertex -64.2783 -74.3147 4
      vertex -72.5772 -69.1959 4
    endloop
  endfacet
  facet normal 0 0 -1
    outer loop
      vertex -74.3147 -64.2783 4
      vertex -73.6687 -67.0537 4
      vertex -74.2909 -64.7315 4
    endloop
  endfacet
  facet normal 0 0 -1
    outer loop
      vertex -73.6687 -67.0537 4
      vertex -74.3147 -64.2783 4
      vertex -64.2783 -74.3147 4
    endloop
  endfacet
  facet normal 0.358338 -0.933592 0
    outer loop
      vertex -59.9561 -74.0406 4
      vertex -57.7116 -73.1791 21
      vertex -59.9561 -74.0406 21
    endloop
  endfacet
  facet normal 0.358338 -0.933592 0
    outer loop
      vertex -57.7116 -73.1791 21
      vertex -59.9561 -74.0406 4
      vertex -57.7116 -73.1791 4
    endloop
  endfacet
  facet normal -0.77713 -0.629341 0
    outer loop
      vertex -71.0642 -71.0642 4
      vertex -72.5772 -69.1959 21
      vertex -72.5772 -69.1959 4
    endloop
  endfacet
  facet normal -0.77713 -0.629341 0
    outer loop
      vertex -72.5772 -69.1959 21
      vertex -71.0642 -71.0642 4
      vertex -71.0642 -71.0642 21
    endloop
  endfacet
  facet normal -0.629341 -0.77713 0
    outer loop
      vertex -71.0642 -71.0642 4
      vertex -69.1959 -72.5772 21
      vertex -71.0642 -71.0642 21
    endloop
  endfacet
  facet normal -0.629341 -0.77713 -0
    outer loop
      vertex -69.1959 -72.5772 21
      vertex -71.0642 -71.0642 4
      vertex -69.1959 -72.5772 4
    endloop
  endfacet
  facet normal 0.890999 0.454006 0
    outer loop
      vertex -52.1963 -58.8113 21
      vertex -53.2878 -56.6692 4
      vertex -53.2878 -56.6692 21
    endloop
  endfacet
  facet normal 0.890999 0.454006 0
    outer loop
      vertex -53.2878 -56.6692 4
      vertex -52.1963 -58.8113 21
      vertex -52.1963 -58.8113 4
    endloop
  endfacet
  facet normal -0.156441 0.987687 0
    outer loop
      vertex -63.5344 -51.4483 4
      vertex -65.9089 -51.8244 21
      vertex -63.5344 -51.4483 21
    endloop
  endfacet
  facet normal -0.156441 0.987687 0
    outer loop
      vertex -65.9089 -51.8244 21
      vertex -63.5344 -51.4483 4
      vertex -65.9089 -51.8244 4
    endloop
  endfacet
  facet normal 0.454006 0.890999 -0
    outer loop
      vertex -56.6692 -53.2878 4
      vertex -58.8113 -52.1963 21
      vertex -56.6692 -53.2878 21
    endloop
  endfacet
  facet normal 0.454006 0.890999 0
    outer loop
      vertex -58.8113 -52.1963 21
      vertex -56.6692 -53.2878 4
      vertex -58.8113 -52.1963 4
    endloop
  endfacet
  facet normal -0.998632 -0.0522978 0
    outer loop
      vertex -74.3147 -64.2783 4
      vertex -74.4167 -62.3306 21
      vertex -74.4167 -62.3306 4
    endloop
  endfacet
  facet normal -0.998624 -0.0524432 -0
    outer loop
      vertex -74.2909 -64.7315 21
      vertex -74.3147 -64.2783 4
      vertex -74.2909 -64.7315 4
    endloop
  endfacet
  facet normal -0.99863 -0.0523252 3.15282e-06
    outer loop
      vertex -74.3147 -64.2783 4
      vertex -74.2909 -64.7315 21
      vertex -74.4167 -62.3306 21
    endloop
  endfacet
  facet normal 0.838671 -0.544639 0
    outer loop
      vertex -53.9953 -70.1697 21
      vertex -52.6859 -68.1534 4
      vertex -52.6859 -68.1534 21
    endloop
  endfacet
  facet normal 0.838671 -0.544639 0
    outer loop
      vertex -52.6859 -68.1534 4
      vertex -53.9953 -70.1697 21
      vertex -53.9953 -70.1697 4
    endloop
  endfacet
  facet normal 0 0 1
    outer loop
      vertex -52.1963 -58.8113 21
      vertex -61.1647 -61.1647 21
      vertex -60.4325 -62.9325 21
    endloop
  endfacet
  facet normal 0 0 1
    outer loop
      vertex -62.9325 -60.4325 21
      vertex -60 -52.5 21
      vertex -61.7678 -51.7678 21
    endloop
  endfacet
  facet normal 0 0 1
    outer loop
      vertex -63.5344 -51.4483 21
      vertex -61.7678 -51.7678 21
      vertex -61.8638 -51.5358 21
    endloop
  endfacet
  facet normal 0 0 1
    outer loop
      vertex -60 -52.5 21
      vertex -62.9325 -60.4325 21
      vertex -61.1647 -61.1647 21
    endloop
  endfacet
  facet normal 0 0 1
    outer loop
      vertex -61.7678 -51.7678 21
      vertex -63.5344 -51.4483 21
      vertex -62.9325 -60.4325 21
    endloop
  endfacet
  facet normal -0 0 1
    outer loop
      vertex -65.9089 -51.8244 21
      vertex -62.9325 -60.4325 21
      vertex -63.5344 -51.4483 21
    endloop
  endfacet
  facet normal -0 0 1
    outer loop
      vertex -68.1534 -52.6859 21
      vertex -62.9325 -60.4325 21
      vertex -65.9089 -51.8244 21
    endloop
  endfacet
  facet normal 0 0 1
    outer loop
      vertex -62.9325 -60.4325 21
      vertex -68.1534 -52.6859 21
      vertex -64.7003 -61.1647 21
    endloop
  endfacet
  facet normal -0 0 1
    outer loop
      vertex -60.4325 -62.9325 21
      vertex -51.4483 -63.5344 21
      vertex -51.5741 -61.1335 21
    endloop
  endfacet
  facet normal 0 0 1
    outer loop
      vertex -60.4325 -62.9325 21
      vertex -51.5741 -61.1335 21
      vertex -52.1963 -58.8113 21
    endloop
  endfacet
  facet normal 0 0 1
    outer loop
      vertex -51.4483 -63.5344 21
      vertex -60.4325 -62.9325 21
      vertex -51.8244 -65.9089 21
    endloop
  endfacet
  facet normal 0 0 1
    outer loop
      vertex -61.1647 -61.1647 21
      vertex -52.1963 -58.8113 21
      vertex -53.2878 -56.6692 21
    endloop
  endfacet
  facet normal 0 0 1
    outer loop
      vertex -51.8244 -65.9089 21
      vertex -60.4325 -62.9325 21
      vertex -52.6859 -68.1534 21
    endloop
  endfacet
  facet normal 0 0 1
    outer loop
      vertex -61.1647 -61.1647 21
      vertex -53.2878 -56.6692 21
      vertex -54.8008 -54.8008 21
    endloop
  endfacet
  facet normal -0 0 1
    outer loop
      vertex -61.1647 -64.7003 21
      vertex -52.6859 -68.1534 21
      vertex -60.4325 -62.9325 21
    endloop
  endfacet
  facet normal 0 0 1
    outer loop
      vertex -61.1647 -61.1647 21
      vertex -54.8008 -54.8008 21
      vertex -56.6692 -53.2878 21
    endloop
  endfacet
  facet normal 0 0 1
    outer loop
      vertex -52.6859 -68.1534 21
      vertex -61.1647 -64.7003 21
      vertex -53.9953 -70.1697 21
    endloop
  endfacet
  facet normal -0 0 1
    outer loop
      vertex -60 -52.5 21
      vertex -56.6692 -53.2878 21
      vertex -58.8113 -52.1963 21
    endloop
  endfacet
  facet normal 0 0 1
    outer loop
      vertex -60 -52.5 21
      vertex -58.8113 -52.1963 21
      vertex -59.0879 -52.1222 21
    endloop
  endfacet
  facet normal 0 0 1
    outer loop
      vertex -53.9953 -70.1697 21
      vertex -61.1647 -64.7003 21
      vertex -55.6953 -71.8697 21
    endloop
  endfacet
  facet normal 0 0 1
    outer loop
      vertex -61.1647 -61.1647 21
      vertex -56.6692 -53.2878 21
      vertex -60 -52.5 21
    endloop
  endfacet
  facet normal 0 0 1
    outer loop
      vertex -55.6953 -71.8697 21
      vertex -61.1647 -64.7003 21
      vertex -57.7116 -73.1791 21
    endloop
  endfacet
  facet normal -0 0 1
    outer loop
      vertex -62.9325 -65.4325 21
      vertex -57.7116 -73.1791 21
      vertex -61.1647 -64.7003 21
    endloop
  endfacet
  facet normal 0 0 1
    outer loop
      vertex -57.7116 -73.1791 21
      vertex -62.9325 -65.4325 21
      vertex -59.9561 -74.0406 21
    endloop
  endfacet
  facet normal 0 0 1
    outer loop
      vertex -59.9561 -74.0406 21
      vertex -62.9325 -65.4325 21
      vertex -62.3306 -74.4167 21
    endloop
  endfacet
  facet normal 0 0 1
    outer loop
      vertex -67.0537 -73.6687 21
      vertex -62.9325 -65.4325 21
      vertex -64.7003 -64.7003 21
    endloop
  endfacet
  facet normal 0 0 1
    outer loop
      vertex -62.9325 -65.4325 21
      vertex -64.7315 -74.2909 21
      vertex -62.3306 -74.4167 21
    endloop
  endfacet
  facet normal 0 0 1
    outer loop
      vertex -73.6687 -67.0537 21
      vertex -64.7003 -64.7003 21
      vertex -65.4325 -62.9325 21
    endloop
  endfacet
  facet normal 0 0 1
    outer loop
      vertex -62.9325 -65.4325 21
      vertex -67.0537 -73.6687 21
      vertex -64.7315 -74.2909 21
    endloop
  endfacet
  facet normal -0 0 1
    outer loop
      vertex -70.1697 -53.9953 21
      vertex -64.7003 -61.1647 21
      vertex -68.1534 -52.6859 21
    endloop
  endfacet
  facet normal -0 0 1
    outer loop
      vertex -71.8697 -55.6953 21
      vertex -64.7003 -61.1647 21
      vertex -70.1697 -53.9953 21
    endloop
  endfacet
  facet normal 0 0 1
    outer loop
      vertex -64.7003 -64.7003 21
      vertex -69.1959 -72.5772 21
      vertex -67.0537 -73.6687 21
    endloop
  endfacet
  facet normal -0 0 1
    outer loop
      vertex -73.1791 -57.7116 21
      vertex -64.7003 -61.1647 21
      vertex -71.8697 -55.6953 21
    endloop
  endfacet
  facet normal 0 0 1
    outer loop
      vertex -64.7003 -64.7003 21
      vertex -71.0642 -71.0642 21
      vertex -69.1959 -72.5772 21
    endloop
  endfacet
  facet normal 0 0 1
    outer loop
      vertex -64.7003 -61.1647 21
      vertex -73.1791 -57.7116 21
      vertex -65.4325 -62.9325 21
    endloop
  endfacet
  facet normal 0 0 1
    outer loop
      vertex -64.7003 -64.7003 21
      vertex -72.5772 -69.1959 21
      vertex -71.0642 -71.0642 21
    endloop
  endfacet
  facet normal -0 0 1
    outer loop
      vertex -74.0406 -59.9561 21
      vertex -65.4325 -62.9325 21
      vertex -73.1791 -57.7116 21
    endloop
  endfacet
  facet normal 0 0 1
    outer loop
      vertex -64.7003 -64.7003 21
      vertex -73.6687 -67.0537 21
      vertex -72.5772 -69.1959 21
    endloop
  endfacet
  facet normal -0 0 1
    outer loop
      vertex -74.4167 -62.3306 21
      vertex -65.4325 -62.9325 21
      vertex -74.0406 -59.9561 21
    endloop
  endfacet
  facet normal 0 0 1
    outer loop
      vertex -65.4325 -62.9325 21
      vertex -74.2909 -64.7315 21
      vertex -73.6687 -67.0537 21
    endloop
  endfacet
  facet normal 0 0 1
    outer loop
      vertex -65.4325 -62.9325 21
      vertex -74.4167 -62.3306 21
      vertex -74.2909 -64.7315 21
    endloop
  endfacet
  facet normal -0.358338 0.933592 0
    outer loop
      vertex -65.9089 -51.8244 4
      vertex -68.1534 -52.6859 21
      vertex -65.9089 -51.8244 21
    endloop
  endfacet
  facet normal -0.358338 0.933592 0
    outer loop
      vertex -68.1534 -52.6859 21
      vertex -65.9089 -51.8244 4
      vertex -68.1534 -52.6859 4
    endloop
  endfacet
  facet normal -0.258807 -0.965929 0
    outer loop
      vertex -67.0537 -73.6687 4
      vertex -64.7315 -74.2909 21
      vertex -67.0537 -73.6687 21
    endloop
  endfacet
  facet normal -0.258807 -0.965929 -0
    outer loop
      vertex -64.7315 -74.2909 21
      vertex -67.0537 -73.6687 4
      vertex -64.7315 -74.2909 4
    endloop
  endfacet
  facet normal -0.987679 0.156494 0
    outer loop
      vertex -74.296 -61.568 4
      vertex -74.0406 -59.9561 21
      vertex -74.0406 -59.9561 4
    endloop
  endfacet
  facet normal -0.987705 0.156328 0
    outer loop
      vertex -74.4167 -62.3306 21
      vertex -74.296 -61.568 4
      vertex -74.4167 -62.3306 4
    endloop
  endfacet
  facet normal -0.987687 0.156441 5.18012e-06
    outer loop
      vertex -74.296 -61.568 4
      vertex -74.4167 -62.3306 21
      vertex -74.0406 -59.9561 21
    endloop
  endfacet
  facet normal 0.987705 -0.156328 0
    outer loop
      vertex -51.4483 -63.5344 21
      vertex -51.569 -64.297 4
      vertex -51.4483 -63.5344 4
    endloop
  endfacet
  facet normal 0.987687 -0.156441 5.18012e-06
    outer loop
      vertex -51.8244 -65.9089 21
      vertex -51.569 -64.297 4
      vertex -51.4483 -63.5344 21
    endloop
  endfacet
  facet normal 0.987679 -0.156494 0
    outer loop
      vertex -51.569 -64.297 4
      vertex -51.8244 -65.9089 21
      vertex -51.8244 -65.9089 4
    endloop
  endfacet
  facet normal -0.965929 -0.258807 0
    outer loop
      vertex -73.6687 -67.0537 4
      vertex -74.2909 -64.7315 21
      vertex -74.2909 -64.7315 4
    endloop
  endfacet
  facet normal -0.965929 -0.258807 0
    outer loop
      vertex -74.2909 -64.7315 21
      vertex -73.6687 -67.0537 4
      vertex -73.6687 -67.0537 21
    endloop
  endfacet
  facet normal -0.933592 0.358338 0
    outer loop
      vertex -74.0406 -59.9561 4
      vertex -73.1791 -57.7116 21
      vertex -73.1791 -57.7116 4
    endloop
  endfacet
  facet normal -0.933592 0.358338 0
    outer loop
      vertex -73.1791 -57.7116 21
      vertex -74.0406 -59.9561 4
      vertex -74.0406 -59.9561 21
    endloop
  endfacet
  facet normal -0.0524432 -0.998624 0
    outer loop
      vertex -64.2783 -74.3147 4
      vertex -64.7315 -74.2909 21
      vertex -64.7315 -74.2909 4
    endloop
  endfacet
  facet normal -0.0523252 -0.99863 3.15282e-06
    outer loop
      vertex -64.7315 -74.2909 21
      vertex -64.2783 -74.3147 4
      vertex -62.3306 -74.4167 21
    endloop
  endfacet
  facet normal -0.0522978 -0.998632 -0
    outer loop
      vertex -62.3306 -74.4167 21
      vertex -64.2783 -74.3147 4
      vertex -62.3306 -74.4167 4
    endloop
  endfacet
  facet normal 0.707107 -0.707107 0
    outer loop
      vertex -55.6953 -71.8697 21
      vertex -53.9953 -70.1697 4
      vertex -53.9953 -70.1697 21
    endloop
  endfacet
  facet normal 0.707107 -0.707107 0
    outer loop
      vertex -53.9953 -70.1697 4
      vertex -55.6953 -71.8697 21
      vertex -55.6953 -71.8697 4
    endloop
  endfacet
  facet normal -0.891007 -0.453989 0
    outer loop
      vertex -72.5772 -69.1959 4
      vertex -73.6687 -67.0537 21
      vertex -73.6687 -67.0537 4
    endloop
  endfacet
  facet normal -0.891007 -0.453989 0
    outer loop
      vertex -73.6687 -67.0537 21
      vertex -72.5772 -69.1959 4
      vertex -72.5772 -69.1959 21
    endloop
  endfacet
  facet normal 0.0523047 0.998631 -0
    outer loop
      vertex -61.8638 -51.5358 4
      vertex -63.5344 -51.4483 21
      vertex -61.8638 -51.5358 21
    endloop
  endfacet
  facet normal 0.0523047 0.998631 0
    outer loop
      vertex -63.5344 -51.4483 21
      vertex -61.8638 -51.5358 4
      vertex -63.5344 -51.4483 4
    endloop
  endfacet
  facet normal 0.156328 -0.987705 0
    outer loop
      vertex -61.568 -74.296 4
      vertex -62.3306 -74.4167 21
      vertex -62.3306 -74.4167 4
    endloop
  endfacet
  facet normal 0.156441 -0.987687 5.18012e-06
    outer loop
      vertex -62.3306 -74.4167 21
      vertex -61.568 -74.296 4
      vertex -59.9561 -74.0406 21
    endloop
  endfacet
  facet normal 0.156494 -0.987679 0
    outer loop
      vertex -59.9561 -74.0406 21
      vertex -61.568 -74.296 4
      vertex -59.9561 -74.0406 4
    endloop
  endfacet
  facet normal 0.258771 0.965939 -0
    outer loop
      vertex -58.8113 -52.1963 4
      vertex -59.0879 -52.1222 21
      vertex -58.8113 -52.1963 21
    endloop
  endfacet
  facet normal 0.258771 0.965939 0
    outer loop
      vertex -59.0879 -52.1222 21
      vertex -58.8113 -52.1963 4
      vertex -59.0879 -52.1222 4
    endloop
  endfacet
  facet normal -0.544773 0.838583 0
    outer loop
      vertex -68.4 -52.8461 4
      vertex -68.1534 -52.6859 21
      vertex -68.1534 -52.6859 4
    endloop
  endfacet
  facet normal -0.544639 0.838671 -2.7702e-06
    outer loop
      vertex -68.1534 -52.6859 21
      vertex -68.4 -52.8461 4
      vertex -70.1697 -53.9953 21
    endloop
  endfacet
  facet normal -0.54462 0.838683 0
    outer loop
      vertex -70.1697 -53.9953 21
      vertex -68.4 -52.8461 4
      vertex -70.1697 -53.9953 4
    endloop
  endfacet
  facet normal 0.933592 -0.358338 0
    outer loop
      vertex -52.6859 -68.1534 21
      vertex -51.8244 -65.9089 4
      vertex -51.8244 -65.9089 21
    endloop
  endfacet
  facet normal 0.933592 -0.358338 0
    outer loop
      vertex -51.8244 -65.9089 4
      vertex -52.6859 -68.1534 21
      vertex -52.6859 -68.1534 4
    endloop
  endfacet
  facet normal -0.707107 0.707107 0
    outer loop
      vertex -70.1697 -53.9953 4
      vertex -71.8697 -55.6953 21
      vertex -70.1697 -53.9953 21
    endloop
  endfacet
  facet normal -0.707107 0.707107 0
    outer loop
      vertex -71.8697 -55.6953 21
      vertex -70.1697 -53.9953 4
      vertex -71.8697 -55.6953 4
    endloop
  endfacet
  facet normal 0.62932 0.777146 -0
    outer loop
      vertex -54.8008 -54.8008 4
      vertex -56.6692 -53.2878 21
      vertex -54.8008 -54.8008 21
    endloop
  endfacet
  facet normal 0.62932 0.777146 0
    outer loop
      vertex -56.6692 -53.2878 21
      vertex -54.8008 -54.8008 4
      vertex -56.6692 -53.2878 4
    endloop
  endfacet
  facet normal -0.838671 0.544639 0
    outer loop
      vertex -73.1791 -57.7116 4
      vertex -71.8697 -55.6953 21
      vertex -71.8697 -55.6953 4
    endloop
  endfacet
  facet normal -0.838671 0.544639 0
    outer loop
      vertex -71.8697 -55.6953 21
      vertex -73.1791 -57.7116 4
      vertex -73.1791 -57.7116 21
    endloop
  endfacet
  facet normal 0.965913 0.258866 0
    outer loop
      vertex -52.1963 -58.8113 21
      vertex -52.0999 -59.171 4
      vertex -52.1963 -58.8113 4
    endloop
  endfacet
  facet normal 0.965929 0.258807 1.33937e-06
    outer loop
      vertex -51.5741 -61.1335 21
      vertex -52.0999 -59.171 4
      vertex -52.1963 -58.8113 21
    endloop
  endfacet
  facet normal 0.965932 0.258796 0
    outer loop
      vertex -52.0999 -59.171 4
      vertex -51.5741 -61.1335 21
      vertex -51.5741 -61.1335 4
    endloop
  endfacet
  facet normal 0.382663 0.923888 -0
    outer loop
      vertex -61.1647 -61.1647 21
      vertex -62.9325 -60.4325 31
      vertex -61.1647 -61.1647 31
    endloop
  endfacet
  facet normal 0.382663 0.923888 0
    outer loop
      vertex -62.9325 -60.4325 31
      vertex -61.1647 -61.1647 21
      vertex -62.9325 -60.4325 21
    endloop
  endfacet
  facet normal 0.382663 -0.923888 0
    outer loop
      vertex -62.9325 -65.4325 21
      vertex -61.1647 -64.7003 31
      vertex -62.9325 -65.4325 31
    endloop
  endfacet
  facet normal 0.382663 -0.923888 0
    outer loop
      vertex -61.1647 -64.7003 31
      vertex -62.9325 -65.4325 21
      vertex -61.1647 -64.7003 21
    endloop
  endfacet
  facet normal -0.382663 -0.923888 0
    outer loop
      vertex -64.7003 -64.7003 21
      vertex -62.9325 -65.4325 31
      vertex -64.7003 -64.7003 31
    endloop
  endfacet
  facet normal -0.382663 -0.923888 -0
    outer loop
      vertex -62.9325 -65.4325 31
      vertex -64.7003 -64.7003 21
      vertex -62.9325 -65.4325 21
    endloop
  endfacet
  facet normal -0.382663 0.923888 0
    outer loop
      vertex -62.9325 -60.4325 21
      vertex -64.7003 -61.1647 31
      vertex -62.9325 -60.4325 31
    endloop
  endfacet
  facet normal -0.382663 0.923888 0
    outer loop
      vertex -64.7003 -61.1647 31
      vertex -62.9325 -60.4325 21
      vertex -64.7003 -61.1647 21
    endloop
  endfacet
  facet normal 0.923888 0.382663 0
    outer loop
      vertex -60.4325 -62.9325 31
      vertex -61.1647 -61.1647 21
      vertex -61.1647 -61.1647 31
    endloop
  endfacet
  facet normal 0.923888 0.382663 0
    outer loop
      vertex -61.1647 -61.1647 21
      vertex -60.4325 -62.9325 31
      vertex -60.4325 -62.9325 21
    endloop
  endfacet
  facet normal 0 0 1
    outer loop
      vertex -61.1647 -61.1647 31
      vertex -61.1647 -64.7003 31
      vertex -60.4325 -62.9325 31
    endloop
  endfacet
  facet normal 0 0 1
    outer loop
      vertex -62.9325 -60.4325 31
      vertex -61.1647 -64.7003 31
      vertex -61.1647 -61.1647 31
    endloop
  endfacet
  facet normal 0 0 1
    outer loop
      vertex -62.9325 -60.4325 31
      vertex -62.9325 -65.4325 31
      vertex -61.1647 -64.7003 31
    endloop
  endfacet
  facet normal -0 0 1
    outer loop
      vertex -64.7003 -61.1647 31
      vertex -62.9325 -65.4325 31
      vertex -62.9325 -60.4325 31
    endloop
  endfacet
  facet normal 0 0 1
    outer loop
      vertex -64.7003 -61.1647 31
      vertex -64.7003 -64.7003 31
      vertex -62.9325 -65.4325 31
    endloop
  endfacet
  facet normal 0 -0 1
    outer loop
      vertex -64.7003 -64.7003 31
      vertex -64.7003 -61.1647 31
      vertex -65.4325 -62.9325 31
    endloop
  endfacet
  facet normal 0.923888 -0.382663 0
    outer loop
      vertex -61.1647 -64.7003 31
      vertex -60.4325 -62.9325 21
      vertex -60.4325 -62.9325 31
    endloop
  endfacet
  facet normal 0.923888 -0.382663 0
    outer loop
      vertex -60.4325 -62.9325 21
      vertex -61.1647 -64.7003 31
      vertex -61.1647 -64.7003 21
    endloop
  endfacet
  facet normal -0.923888 -0.382663 0
    outer loop
      vertex -64.7003 -64.7003 21
      vertex -65.4325 -62.9325 31
      vertex -65.4325 -62.9325 21
    endloop
  endfacet
  facet normal -0.923888 -0.382663 0
    outer loop
      vertex -65.4325 -62.9325 31
      vertex -64.7003 -64.7003 21
      vertex -64.7003 -64.7003 31
    endloop
  endfacet
  facet normal -0.923888 0.382663 0
    outer loop
      vertex -65.4325 -62.9325 21
      vertex -64.7003 -61.1647 31
      vertex -64.7003 -61.1647 21
    endloop
  endfacet
  facet normal -0.923888 0.382663 0
    outer loop
      vertex -64.7003 -61.1647 31
      vertex -65.4325 -62.9325 21
      vertex -65.4325 -62.9325 31
    endloop
  endfacet
  facet normal -0.707133 -0.707081 0
    outer loop
      vertex -75.6604 -62.9325 1
      vertex -74.3147 -64.2783 4
      vertex -75.6604 -62.9325 4
    endloop
  endfacet
  facet normal -0.707107 -0.707107 -2.35702e-05
    outer loop
      vertex -75.6604 -62.9325 1
      vertex -64.2783 -74.3147 4
      vertex -74.3147 -64.2783 4
    endloop
  endfacet
  facet normal -0.707107 -0.707107 -2.35702e-05
    outer loop
      vertex -62.9325 -75.6604 1
      vertex -64.2783 -74.3147 4
      vertex -75.6604 -62.9325 1
    endloop
  endfacet
  facet normal -0.707081 -0.707133 0
    outer loop
      vertex -64.2783 -74.3147 4
      vertex -62.9325 -75.6604 1
      vertex -62.9325 -75.6604 4
    endloop
  endfacet
  facet normal -0 0 -1
    outer loop
      vertex -50.2046 -62.9325 1
      vertex -59.397 -66.468 1
      vertex -53.033 -60.1041 1
    endloop
  endfacet
  facet normal 0 0 -1
    outer loop
      vertex -62.9325 -75.6604 1
      vertex -59.397 -66.468 1
      vertex -50.2046 -62.9325 1
    endloop
  endfacet
  facet normal 0 0 -1
    outer loop
      vertex -62.9325 -75.6604 1
      vertex -66.468 -59.397 1
      vertex -59.397 -66.468 1
    endloop
  endfacet
  facet normal 0 0 -1
    outer loop
      vertex -75.6604 -62.9325 1
      vertex -66.468 -59.397 1
      vertex -62.9325 -75.6604 1
    endloop
  endfacet
  facet normal -0 0 -1
    outer loop
      vertex -68.4 -57.4 1
      vertex -75.6604 -62.9325 1
      vertex -68.4 -55.6721 1
    endloop
  endfacet
  facet normal -0 0 -1
    outer loop
      vertex -66.468 -59.397 1
      vertex -75.6604 -62.9325 1
      vertex -68.4 -57.4 1
    endloop
  endfacet
  facet normal -0 0 -1
    outer loop
      vertex -64.4711 -57.4 1
      vertex -66.468 -59.397 1
      vertex -68.4 -57.4 1
    endloop
  endfacet
  facet normal 0.707107 0.707107 0
    outer loop
      vertex -51.5503 -61.5868 4
      vertex -53.033 -60.1041 1
      vertex -53.033 -60.1041 4
    endloop
  endfacet
  facet normal 0.707107 0.707107 -0
    outer loop
      vertex -50.2046 -62.9325 1
      vertex -51.5503 -61.5868 4
      vertex -50.2046 -62.9325 4
    endloop
  endfacet
  facet normal 0.707107 0.707107 -7.95667e-16
    outer loop
      vertex -51.5503 -61.5868 4
      vertex -50.2046 -62.9325 1
      vertex -53.033 -60.1041 1
    endloop
  endfacet
  facet normal 0.707133 -0.707081 0
    outer loop
      vertex -51.569 -64.297 4
      vertex -50.2046 -62.9325 1
      vertex -50.2046 -62.9325 4
    endloop
  endfacet
  facet normal 0.707107 -0.707107 -2.35702e-05
    outer loop
      vertex -61.568 -74.296 4
      vertex -50.2046 -62.9325 1
      vertex -51.569 -64.297 4
    endloop
  endfacet
  facet normal 0.707081 -0.707133 0
    outer loop
      vertex -62.9325 -75.6604 1
      vertex -61.568 -74.296 4
      vertex -62.9325 -75.6604 4
    endloop
  endfacet
  facet normal 0.707107 -0.707107 -2.35702e-05
    outer loop
      vertex -61.568 -74.296 4
      vertex -62.9325 -75.6604 1
      vertex -50.2046 -62.9325 1
    endloop
  endfacet
  facet normal -0.707101 0.707113 0
    outer loop
      vertex -68.4 -55.6721 1
      vertex -74.296 -61.568 4
      vertex -68.4 -55.6721 4
    endloop
  endfacet
  facet normal -0.707107 0.707107 -2.35702e-05
    outer loop
      vertex -75.6604 -62.9325 1
      vertex -74.296 -61.568 4
      vertex -68.4 -55.6721 1
    endloop
  endfacet
  facet normal -0.707133 0.707081 0
    outer loop
      vertex -74.296 -61.568 4
      vertex -75.6604 -62.9325 1
      vertex -75.6604 -62.9325 4
    endloop
  endfacet
  facet normal 0.777141 0.629327 0
    outer loop
      vertex -20.328 -35.2648 35
      vertex -27.0115 -27.0115 34
      vertex -27.0115 -27.0115 35
    endloop
  endfacet
  facet normal 0.777141 0.629327 0
    outer loop
      vertex -27.0115 -27.0115 34
      vertex -20.328 -35.2648 35
      vertex -20.328 -35.2648 34
    endloop
  endfacet
  facet normal -0.453958 -0.891023 0
    outer loop
      vertex -90.6002 -105.537 34
      vertex -81.1376 -110.358 35
      vertex -90.6002 -105.537 35
    endloop
  endfacet
  facet normal -0.453958 -0.891023 -0
    outer loop
      vertex -81.1376 -110.358 35
      vertex -90.6002 -105.537 34
      vertex -81.1376 -110.358 34
    endloop
  endfacet
  facet normal 0.54463 -0.838677 0
    outer loop
      vertex -39.8698 -108.196 34
      vertex -30.963 -102.412 35
      vertex -39.8698 -108.196 35
    endloop
  endfacet
  facet normal 0.54463 -0.838677 0
    outer loop
      vertex -30.963 -102.412 35
      vertex -39.8698 -108.196 34
      vertex -30.963 -102.412 34
    endloop
  endfacet
  facet normal 0.358376 -0.933577 0
    outer loop
      vertex -49.7845 -112.002 34
      vertex -39.8698 -108.196 35
      vertex -49.7845 -112.002 35
    endloop
  endfacet
  facet normal 0.358376 -0.933577 0
    outer loop
      vertex -39.8698 -108.196 35
      vertex -49.7845 -112.002 34
      vertex -39.8698 -108.196 34
    endloop
  endfacet
  facet normal 0.99863 0.0523345 0
    outer loop
      vertex -12.2021 -65.5912 35
      vertex -12.7579 -54.9856 34
      vertex -12.7579 -54.9856 35
    endloop
  endfacet
  facet normal 0.99863 0.0523345 0
    outer loop
      vertex -12.7579 -54.9856 34
      vertex -12.2021 -65.5912 35
      vertex -12.2021 -65.5912 34
    endloop
  endfacet
  facet normal 0 0 -1
    outer loop
      vertex -47 -19.5 34
      vertex -12.2021 -65.5912 34
      vertex -13.8635 -76.0805 34
    endloop
  endfacet
  facet normal 0 0 -1
    outer loop
      vertex -12.2021 -65.5912 34
      vertex -47 -19.5 34
      vertex -12.7579 -54.9856 34
    endloop
  endfacet
  facet normal 0 0 -1
    outer loop
      vertex -47 -19.5 34
      vertex -13.8635 -76.0805 34
      vertex -17.6694 -85.9952 34
    endloop
  endfacet
  facet normal 0 0 -1
    outer loop
      vertex -12.7579 -54.9856 34
      vertex -47 -19.5 34
      vertex -15.5066 -44.7274 34
    endloop
  endfacet
  facet normal 0 0 -1
    outer loop
      vertex -47 -19.5 34
      vertex -17.6694 -85.9952 34
      vertex -23.4535 -94.902 34
    endloop
  endfacet
  facet normal 0 0 -1
    outer loop
      vertex -15.5066 -44.7274 34
      vertex -47 -19.5 34
      vertex -20.328 -35.2648 34
    endloop
  endfacet
  facet normal 0 0 -1
    outer loop
      vertex -47 -19.5 34
      vertex -23.4535 -94.902 34
      vertex -30.963 -102.412 34
    endloop
  endfacet
  facet normal 0 0 -1
    outer loop
      vertex -20.328 -35.2648 34
      vertex -47 -19.5 34
      vertex -27.0115 -27.0115 34
    endloop
  endfacet
  facet normal 0 0 -1
    outer loop
      vertex -27.0115 -27.0115 34
      vertex -47 -19.5 34
      vertex -35.2648 -20.328 34
    endloop
  endfacet
  facet normal 0 0 -1
    outer loop
      vertex -47 -19.5 34
      vertex -30.963 -102.412 34
      vertex -39.8698 -108.196 34
    endloop
  endfacet
  facet normal 0 0 -1
    outer loop
      vertex -35.2648 -20.328 34
      vertex -47 -19.5 34
      vertex -36.89 -19.5 34
    endloop
  endfacet
  facet normal 0 0 -1
    outer loop
      vertex -49.7845 -112.002 34
      vertex -47 -19.5 34
      vertex -39.8698 -108.196 34
    endloop
  endfacet
  facet normal 0 0 -1
    outer loop
      vertex -60.2738 -113.663 34
      vertex -47 -19.5 34
      vertex -49.7845 -112.002 34
    endloop
  endfacet
  facet normal 0 0 -1
    outer loop
      vertex -70.8794 -113.107 34
      vertex -47 -19.5 34
      vertex -60.2738 -113.663 34
    endloop
  endfacet
  facet normal 0 0 -1
    outer loop
      vertex -81.1376 -110.358 34
      vertex -47 -19.5 34
      vertex -70.8794 -113.107 34
    endloop
  endfacet
  facet normal 0 0 -1
    outer loop
      vertex -47 -19.5 34
      vertex -54.9856 -12.7579 34
      vertex -47 -14.8977 34
    endloop
  endfacet
  facet normal 0 -0 -1
    outer loop
      vertex -65.5912 -12.2021 34
      vertex -47 -19.5 34
      vertex -76.0805 -13.8635 34
    endloop
  endfacet
  facet normal -0 -0 -1
    outer loop
      vertex -54.9856 -12.7579 34
      vertex -47 -19.5 34
      vertex -65.5912 -12.2021 34
    endloop
  endfacet
  facet normal 0 0 -1
    outer loop
      vertex -90.6002 -105.537 34
      vertex -47 -19.5 34
      vertex -81.1376 -110.358 34
    endloop
  endfacet
  facet normal 0 0 -1
    outer loop
      vertex -47 -19.5 34
      vertex -85.9952 -17.6694 34
      vertex -76.0805 -13.8635 34
    endloop
  endfacet
  facet normal 0 0 -1
    outer loop
      vertex -98.8535 -98.8535 34
      vertex -47 -19.5 34
      vertex -90.6002 -105.537 34
    endloop
  endfacet
  facet normal -0 0 -1
    outer loop
      vertex -47 -19.5 34
      vertex -94.902 -23.4535 34
      vertex -85.9952 -17.6694 34
    endloop
  endfacet
  facet normal 0 0 -1
    outer loop
      vertex -105.537 -90.6002 34
      vertex -47 -19.5 34
      vertex -98.8535 -98.8535 34
    endloop
  endfacet
  facet normal 0 0 -1
    outer loop
      vertex -47 -19.5 34
      vertex -102.412 -30.963 34
      vertex -94.902 -23.4535 34
    endloop
  endfacet
  facet normal 0 0 -1
    outer loop
      vertex -110.358 -81.1376 34
      vertex -47 -19.5 34
      vertex -105.537 -90.6002 34
    endloop
  endfacet
  facet normal 0 0 -1
    outer loop
      vertex -47 -19.5 34
      vertex -108.196 -39.8698 34
      vertex -102.412 -30.963 34
    endloop
  endfacet
  facet normal 0 0 -1
    outer loop
      vertex -113.107 -70.8794 34
      vertex -47 -19.5 34
      vertex -110.358 -81.1376 34
    endloop
  endfacet
  facet normal 0 0 -1
    outer loop
      vertex -47 -19.5 34
      vertex -112.002 -49.7845 34
      vertex -108.196 -39.8698 34
    endloop
  endfacet
  facet normal 0 0 -1
    outer loop
      vertex -113.663 -60.2738 34
      vertex -47 -19.5 34
      vertex -113.107 -70.8794 34
    endloop
  endfacet
  facet normal 0 0 -1
    outer loop
      vertex -47 -19.5 34
      vertex -113.663 -60.2738 34
      vertex -112.002 -49.7845 34
    endloop
  endfacet
  facet normal -0.777141 -0.629327 0
    outer loop
      vertex -98.8535 -98.8535 34
      vertex -105.537 -90.6002 35
      vertex -105.537 -90.6002 34
    endloop
  endfacet
  facet normal -0.777141 -0.629327 0
    outer loop
      vertex -105.537 -90.6002 35
      vertex -98.8535 -98.8535 34
      vertex -98.8535 -98.8535 35
    endloop
  endfacet
  facet normal -0.629327 -0.777141 0
    outer loop
      vertex -98.8535 -98.8535 34
      vertex -90.6002 -105.537 35
      vertex -98.8535 -98.8535 35
    endloop
  endfacet
  facet normal -0.629327 -0.777141 -0
    outer loop
      vertex -90.6002 -105.537 35
      vertex -98.8535 -98.8535 34
      vertex -90.6002 -105.537 34
    endloop
  endfacet
  facet normal -0.15644 0.987687 0
    outer loop
      vertex -65.5912 -12.2021 34
      vertex -76.0805 -13.8635 35
      vertex -65.5912 -12.2021 35
    endloop
  endfacet
  facet normal -0.15644 0.987687 0
    outer loop
      vertex -76.0805 -13.8635 35
      vertex -65.5912 -12.2021 34
      vertex -76.0805 -13.8635 34
    endloop
  endfacet
  facet normal -0.965918 -0.258847 0
    outer loop
      vertex -110.358 -81.1376 34
      vertex -113.107 -70.8794 35
      vertex -113.107 -70.8794 34
    endloop
  endfacet
  facet normal -0.965918 -0.258847 0
    outer loop
      vertex -113.107 -70.8794 35
      vertex -110.358 -81.1376 34
      vertex -110.358 -81.1376 35
    endloop
  endfacet
  facet normal 0.453955 0.891024 -0
    outer loop
      vertex -35.2648 -20.328 34
      vertex -36.89 -19.5 35
      vertex -35.2648 -20.328 35
    endloop
  endfacet
  facet normal 0.453955 0.891024 0
    outer loop
      vertex -36.89 -19.5 35
      vertex -35.2648 -20.328 34
      vertex -36.89 -19.5 34
    endloop
  endfacet
  facet normal 0.838672 -0.544636 0
    outer loop
      vertex -23.4535 -94.902 35
      vertex -17.6694 -85.9952 34
      vertex -17.6694 -85.9952 35
    endloop
  endfacet
  facet normal 0.838672 -0.544636 0
    outer loop
      vertex -17.6694 -85.9952 34
      vertex -23.4535 -94.902 35
      vertex -23.4535 -94.902 34
    endloop
  endfacet
  facet normal 0 0 1
    outer loop
      vertex -47 -19.5 35
      vertex -58.3131 -61.0191 35
      vertex -57.9325 -62.9325 35
    endloop
  endfacet
  facet normal 0 0 1
    outer loop
      vertex -47 -19.5 35
      vertex -59.397 -59.397 35
      vertex -58.3131 -61.0191 35
    endloop
  endfacet
  facet normal 0 0 1
    outer loop
      vertex -47 -19.5 35
      vertex -61.0191 -58.3131 35
      vertex -59.397 -59.397 35
    endloop
  endfacet
  facet normal 0 0 1
    outer loop
      vertex -47 -19.5 35
      vertex -62.9325 -57.9325 35
      vertex -61.0191 -58.3131 35
    endloop
  endfacet
  facet normal 0 0 1
    outer loop
      vertex -47 -19.5 35
      vertex -65.5912 -12.2021 35
      vertex -62.9325 -57.9325 35
    endloop
  endfacet
  facet normal -0 0 1
    outer loop
      vertex -76.0805 -13.8635 35
      vertex -62.9325 -57.9325 35
      vertex -65.5912 -12.2021 35
    endloop
  endfacet
  facet normal 0 0 1
    outer loop
      vertex -62.9325 -57.9325 35
      vertex -76.0805 -13.8635 35
      vertex -64.8459 -58.3131 35
    endloop
  endfacet
  facet normal -0 0 1
    outer loop
      vertex -85.9952 -17.6694 35
      vertex -64.8459 -58.3131 35
      vertex -76.0805 -13.8635 35
    endloop
  endfacet
  facet normal -0 0 1
    outer loop
      vertex -94.902 -23.4535 35
      vertex -64.8459 -58.3131 35
      vertex -85.9952 -17.6694 35
    endloop
  endfacet
  facet normal 0 0 1
    outer loop
      vertex -64.8459 -58.3131 35
      vertex -94.902 -23.4535 35
      vertex -66.468 -59.397 35
    endloop
  endfacet
  facet normal -0 0 1
    outer loop
      vertex -102.412 -30.963 35
      vertex -66.468 -59.397 35
      vertex -94.902 -23.4535 35
    endloop
  endfacet
  facet normal 0 0 1
    outer loop
      vertex -67.9325 -62.9325 35
      vertex -81.1376 -110.358 35
      vertex -70.8794 -113.107 35
    endloop
  endfacet
  facet normal 0 0 1
    outer loop
      vertex -66.468 -59.397 35
      vertex -102.412 -30.963 35
      vertex -67.5519 -61.0191 35
    endloop
  endfacet
  facet normal 0 0 1
    outer loop
      vertex -67.9325 -62.9325 35
      vertex -90.6002 -105.537 35
      vertex -81.1376 -110.358 35
    endloop
  endfacet
  facet normal -0 0 1
    outer loop
      vertex -108.196 -39.8698 35
      vertex -67.5519 -61.0191 35
      vertex -102.412 -30.963 35
    endloop
  endfacet
  facet normal 0 0 1
    outer loop
      vertex -67.9325 -62.9325 35
      vertex -98.8535 -98.8535 35
      vertex -90.6002 -105.537 35
    endloop
  endfacet
  facet normal -0 0 1
    outer loop
      vertex -112.002 -49.7845 35
      vertex -67.5519 -61.0191 35
      vertex -108.196 -39.8698 35
    endloop
  endfacet
  facet normal 0 0 1
    outer loop
      vertex -67.9325 -62.9325 35
      vertex -105.537 -90.6002 35
      vertex -98.8535 -98.8535 35
    endloop
  endfacet
  facet normal 0 0 1
    outer loop
      vertex -67.5519 -61.0191 35
      vertex -112.002 -49.7845 35
      vertex -67.9325 -62.9325 35
    endloop
  endfacet
  facet normal 0 0 1
    outer loop
      vertex -67.9325 -62.9325 35
      vertex -110.358 -81.1376 35
      vertex -105.537 -90.6002 35
    endloop
  endfacet
  facet normal -0 0 1
    outer loop
      vertex -113.663 -60.2738 35
      vertex -67.9325 -62.9325 35
      vertex -112.002 -49.7845 35
    endloop
  endfacet
  facet normal 0 0 1
    outer loop
      vertex -67.9325 -62.9325 35
      vertex -113.107 -70.8794 35
      vertex -110.358 -81.1376 35
    endloop
  endfacet
  facet normal 0 0 1
    outer loop
      vertex -67.9325 -62.9325 35
      vertex -113.663 -60.2738 35
      vertex -113.107 -70.8794 35
    endloop
  endfacet
  facet normal 0 0 1
    outer loop
      vertex -54.9856 -12.7579 35
      vertex -47 -19.5 35
      vertex -47 -14.8977 35
    endloop
  endfacet
  facet normal 0 0 1
    outer loop
      vertex -65.5912 -12.2021 35
      vertex -47 -19.5 35
      vertex -54.9856 -12.7579 35
    endloop
  endfacet
  facet normal 0 0 1
    outer loop
      vertex -47 -19.5 35
      vertex -57.9325 -62.9325 35
      vertex -49.7845 -112.002 35
    endloop
  endfacet
  facet normal -0 0 1
    outer loop
      vertex -58.3131 -64.8459 35
      vertex -49.7845 -112.002 35
      vertex -57.9325 -62.9325 35
    endloop
  endfacet
  facet normal -0 0 1
    outer loop
      vertex -59.397 -66.468 35
      vertex -49.7845 -112.002 35
      vertex -58.3131 -64.8459 35
    endloop
  endfacet
  facet normal -0 0 1
    outer loop
      vertex -61.0191 -67.5519 35
      vertex -49.7845 -112.002 35
      vertex -59.397 -66.468 35
    endloop
  endfacet
  facet normal -0 0 1
    outer loop
      vertex -62.9325 -67.9325 35
      vertex -49.7845 -112.002 35
      vertex -61.0191 -67.5519 35
    endloop
  endfacet
  facet normal 0 0 1
    outer loop
      vertex -49.7845 -112.002 35
      vertex -62.9325 -67.9325 35
      vertex -60.2738 -113.663 35
    endloop
  endfacet
  facet normal 0 0 1
    outer loop
      vertex -70.8794 -113.107 35
      vertex -62.9325 -67.9325 35
      vertex -64.8459 -67.5519 35
    endloop
  endfacet
  facet normal 0 0 1
    outer loop
      vertex -70.8794 -113.107 35
      vertex -64.8459 -67.5519 35
      vertex -66.468 -66.468 35
    endloop
  endfacet
  facet normal 0 0 1
    outer loop
      vertex -70.8794 -113.107 35
      vertex -66.468 -66.468 35
      vertex -67.5519 -64.8459 35
    endloop
  endfacet
  facet normal 0 0 1
    outer loop
      vertex -70.8794 -113.107 35
      vertex -67.5519 -64.8459 35
      vertex -67.9325 -62.9325 35
    endloop
  endfacet
  facet normal 0 0 1
    outer loop
      vertex -62.9325 -67.9325 35
      vertex -70.8794 -113.107 35
      vertex -60.2738 -113.663 35
    endloop
  endfacet
  facet normal 0 0 1
    outer loop
      vertex -47 -19.5 35
      vertex -12.2021 -65.5912 35
      vertex -12.7579 -54.9856 35
    endloop
  endfacet
  facet normal 0 0 1
    outer loop
      vertex -47 -19.5 35
      vertex -12.7579 -54.9856 35
      vertex -15.5066 -44.7274 35
    endloop
  endfacet
  facet normal 0 0 1
    outer loop
      vertex -12.2021 -65.5912 35
      vertex -47 -19.5 35
      vertex -13.8635 -76.0805 35
    endloop
  endfacet
  facet normal 0 0 1
    outer loop
      vertex -47 -19.5 35
      vertex -15.5066 -44.7274 35
      vertex -20.328 -35.2648 35
    endloop
  endfacet
  facet normal 0 0 1
    outer loop
      vertex -13.8635 -76.0805 35
      vertex -47 -19.5 35
      vertex -17.6694 -85.9952 35
    endloop
  endfacet
  facet normal 0 0 1
    outer loop
      vertex -47 -19.5 35
      vertex -20.328 -35.2648 35
      vertex -27.0115 -27.0115 35
    endloop
  endfacet
  facet normal 0 0 1
    outer loop
      vertex -17.6694 -85.9952 35
      vertex -47 -19.5 35
      vertex -23.4535 -94.902 35
    endloop
  endfacet
  facet normal 0 0 1
    outer loop
      vertex -47 -19.5 35
      vertex -27.0115 -27.0115 35
      vertex -35.2648 -20.328 35
    endloop
  endfacet
  facet normal -0 0 1
    outer loop
      vertex -47 -19.5 35
      vertex -35.2648 -20.328 35
      vertex -36.89 -19.5 35
    endloop
  endfacet
  facet normal 0 0 1
    outer loop
      vertex -23.4535 -94.902 35
      vertex -47 -19.5 35
      vertex -30.963 -102.412 35
    endloop
  endfacet
  facet normal 0 0 1
    outer loop
      vertex -30.963 -102.412 35
      vertex -47 -19.5 35
      vertex -39.8698 -108.196 35
    endloop
  endfacet
  facet normal 0 0 1
    outer loop
      vertex -39.8698 -108.196 35
      vertex -47 -19.5 35
      vertex -49.7845 -112.002 35
    endloop
  endfacet
  facet normal -0.838677 0.54463 0
    outer loop
      vertex -108.196 -39.8698 34
      vertex -102.412 -30.963 35
      vertex -102.412 -30.963 34
    endloop
  endfacet
  facet normal -0.838677 0.54463 0
    outer loop
      vertex -102.412 -30.963 35
      vertex -108.196 -39.8698 34
      vertex -108.196 -39.8698 35
    endloop
  endfacet
  facet normal -0.258847 -0.965918 0
    outer loop
      vertex -81.1376 -110.358 34
      vertex -70.8794 -113.107 35
      vertex -81.1376 -110.358 35
    endloop
  endfacet
  facet normal -0.258847 -0.965918 -0
    outer loop
      vertex -70.8794 -113.107 35
      vertex -81.1376 -110.358 34
      vertex -70.8794 -113.107 34
    endloop
  endfacet
  facet normal -0.987693 0.156403 0
    outer loop
      vertex -113.663 -60.2738 34
      vertex -112.002 -49.7845 35
      vertex -112.002 -49.7845 34
    endloop
  endfacet
  facet normal -0.987693 0.156403 0
    outer loop
      vertex -112.002 -49.7845 35
      vertex -113.663 -60.2738 34
      vertex -113.663 -60.2738 35
    endloop
  endfacet
  facet normal 0.987687 -0.15644 0
    outer loop
      vertex -13.8635 -76.0805 35
      vertex -12.2021 -65.5912 34
      vertex -12.2021 -65.5912 35
    endloop
  endfacet
  facet normal 0.987687 -0.15644 0
    outer loop
      vertex -12.2021 -65.5912 34
      vertex -13.8635 -76.0805 35
      vertex -13.8635 -76.0805 34
    endloop
  endfacet
  facet normal 0.70713 -0.707083 0
    outer loop
      vertex -30.963 -102.412 34
      vertex -23.4535 -94.902 35
      vertex -30.963 -102.412 35
    endloop
  endfacet
  facet normal 0.70713 -0.707083 0
    outer loop
      vertex -23.4535 -94.902 35
      vertex -30.963 -102.412 34
      vertex -23.4535 -94.902 34
    endloop
  endfacet
  facet normal -0.933577 0.358376 0
    outer loop
      vertex -112.002 -49.7845 34
      vertex -108.196 -39.8698 35
      vertex -108.196 -39.8698 34
    endloop
  endfacet
  facet normal -0.933577 0.358376 0
    outer loop
      vertex -108.196 -39.8698 35
      vertex -112.002 -49.7845 34
      vertex -112.002 -49.7845 35
    endloop
  endfacet
  facet normal -0.998629 -0.0523532 0
    outer loop
      vertex -113.107 -70.8794 34
      vertex -113.663 -60.2738 35
      vertex -113.663 -60.2738 34
    endloop
  endfacet
  facet normal -0.998629 -0.0523532 0
    outer loop
      vertex -113.663 -60.2738 35
      vertex -113.107 -70.8794 34
      vertex -113.107 -70.8794 35
    endloop
  endfacet
  facet normal -0.0523532 -0.998629 0
    outer loop
      vertex -70.8794 -113.107 34
      vertex -60.2738 -113.663 35
      vertex -70.8794 -113.107 35
    endloop
  endfacet
  facet normal -0.0523532 -0.998629 -0
    outer loop
      vertex -60.2738 -113.663 35
      vertex -70.8794 -113.107 34
      vertex -60.2738 -113.663 34
    endloop
  endfacet
  facet normal -0.891023 -0.453958 0
    outer loop
      vertex -105.537 -90.6002 34
      vertex -110.358 -81.1376 35
      vertex -110.358 -81.1376 34
    endloop
  endfacet
  facet normal -0.891023 -0.453958 0
    outer loop
      vertex -110.358 -81.1376 35
      vertex -105.537 -90.6002 34
      vertex -105.537 -90.6002 35
    endloop
  endfacet
  facet normal -0.358368 0.93358 0
    outer loop
      vertex -76.0805 -13.8635 34
      vertex -85.9952 -17.6694 35
      vertex -76.0805 -13.8635 35
    endloop
  endfacet
  facet normal -0.358368 0.93358 0
    outer loop
      vertex -85.9952 -17.6694 35
      vertex -76.0805 -13.8635 34
      vertex -85.9952 -17.6694 34
    endloop
  endfacet
  facet normal 0.0523345 0.99863 -0
    outer loop
      vertex -54.9856 -12.7579 34
      vertex -65.5912 -12.2021 35
      vertex -54.9856 -12.7579 35
    endloop
  endfacet
  facet normal 0.0523345 0.99863 0
    outer loop
      vertex -65.5912 -12.2021 35
      vertex -54.9856 -12.7579 34
      vertex -65.5912 -12.2021 34
    endloop
  endfacet
  facet normal 0.156403 -0.987693 0
    outer loop
      vertex -60.2738 -113.663 34
      vertex -49.7845 -112.002 35
      vertex -60.2738 -113.663 35
    endloop
  endfacet
  facet normal 0.156403 -0.987693 0
    outer loop
      vertex -49.7845 -112.002 35
      vertex -60.2738 -113.663 34
      vertex -49.7845 -112.002 34
    endloop
  endfacet
  facet normal 0.258826 0.965924 -0
    outer loop
      vertex -47 -14.8977 34
      vertex -54.9856 -12.7579 35
      vertex -47 -14.8977 35
    endloop
  endfacet
  facet normal 0.258826 0.965924 0
    outer loop
      vertex -54.9856 -12.7579 35
      vertex -47 -14.8977 34
      vertex -54.9856 -12.7579 34
    endloop
  endfacet
  facet normal -0.544636 0.838672 0
    outer loop
      vertex -85.9952 -17.6694 34
      vertex -94.902 -23.4535 35
      vertex -85.9952 -17.6694 35
    endloop
  endfacet
  facet normal -0.544636 0.838672 0
    outer loop
      vertex -94.902 -23.4535 35
      vertex -85.9952 -17.6694 34
      vertex -94.902 -23.4535 34
    endloop
  endfacet
  facet normal 0.93358 -0.358368 0
    outer loop
      vertex -17.6694 -85.9952 35
      vertex -13.8635 -76.0805 34
      vertex -13.8635 -76.0805 35
    endloop
  endfacet
  facet normal 0.93358 -0.358368 0
    outer loop
      vertex -13.8635 -76.0805 34
      vertex -17.6694 -85.9952 35
      vertex -17.6694 -85.9952 34
    endloop
  endfacet
  facet normal 0.891008 0.453988 0
    outer loop
      vertex -15.5066 -44.7274 35
      vertex -20.328 -35.2648 34
      vertex -20.328 -35.2648 35
    endloop
  endfacet
  facet normal 0.891008 0.453988 0
    outer loop
      vertex -20.328 -35.2648 34
      vertex -15.5066 -44.7274 35
      vertex -15.5066 -44.7274 34
    endloop
  endfacet
  facet normal -0.707083 0.70713 0
    outer loop
      vertex -102.412 -30.963 34
      vertex -94.902 -23.4535 35
      vertex -94.902 -23.4535 34
    endloop
  endfacet
  facet normal -0.707083 0.70713 0
    outer loop
      vertex -94.902 -23.4535 35
      vertex -102.412 -30.963 34
      vertex -102.412 -30.963 35
    endloop
  endfacet
  facet normal 0.629327 0.777141 -0
    outer loop
      vertex -27.0115 -27.0115 34
      vertex -35.2648 -20.328 35
      vertex -27.0115 -27.0115 35
    endloop
  endfacet
  facet normal 0.629327 0.777141 0
    outer loop
      vertex -35.2648 -20.328 35
      vertex -27.0115 -27.0115 34
      vertex -35.2648 -20.328 34
    endloop
  endfacet
  facet normal 0.965925 0.258821 0
    outer loop
      vertex -12.7579 -54.9856 35
      vertex -15.5066 -44.7274 34
      vertex -15.5066 -44.7274 35
    endloop
  endfacet
  facet normal 0.965925 0.258821 0
    outer loop
      vertex -15.5066 -44.7274 34
      vertex -12.7579 -54.9856 35
      vertex -12.7579 -54.9856 34
    endloop
  endfacet
  facet normal -0.195091 -0.980785 0
    outer loop
      vertex -64.8459 -67.5519 35
      vertex -62.9325 -67.9325 39
      vertex -64.8459 -67.5519 39
    endloop
  endfacet
  facet normal -0.195091 -0.980785 -0
    outer loop
      vertex -62.9325 -67.9325 39
      vertex -64.8459 -67.5519 35
      vertex -62.9325 -67.9325 35
    endloop
  endfacet
  facet normal -0.555587 -0.831458 0
    outer loop
      vertex -66.468 -66.468 35
      vertex -64.8459 -67.5519 39
      vertex -66.468 -66.468 39
    endloop
  endfacet
  facet normal -0.555587 -0.831458 -0
    outer loop
      vertex -64.8459 -67.5519 39
      vertex -66.468 -66.468 35
      vertex -64.8459 -67.5519 35
    endloop
  endfacet
  facet normal 0.831458 0.555587 0
    outer loop
      vertex -58.3131 -61.0191 39
      vertex -59.397 -59.397 35
      vertex -59.397 -59.397 39
    endloop
  endfacet
  facet normal 0.831458 0.555587 0
    outer loop
      vertex -59.397 -59.397 35
      vertex -58.3131 -61.0191 39
      vertex -58.3131 -61.0191 35
    endloop
  endfacet
  facet normal 0.555587 0.831458 -0
    outer loop
      vertex -59.397 -59.397 35
      vertex -61.0191 -58.3131 39
      vertex -59.397 -59.397 39
    endloop
  endfacet
  facet normal 0.555587 0.831458 0
    outer loop
      vertex -61.0191 -58.3131 39
      vertex -59.397 -59.397 35
      vertex -61.0191 -58.3131 35
    endloop
  endfacet
  facet normal 0.831458 -0.555587 0
    outer loop
      vertex -59.397 -66.468 39
      vertex -58.3131 -64.8459 35
      vertex -58.3131 -64.8459 39
    endloop
  endfacet
  facet normal 0.831458 -0.555587 0
    outer loop
      vertex -58.3131 -64.8459 35
      vertex -59.397 -66.468 39
      vertex -59.397 -66.468 35
    endloop
  endfacet
  facet normal 0.195091 0.980785 -0
    outer loop
      vertex -61.0191 -58.3131 35
      vertex -62.9325 -57.9325 39
      vertex -61.0191 -58.3131 39
    endloop
  endfacet
  facet normal 0.195091 0.980785 0
    outer loop
      vertex -62.9325 -57.9325 39
      vertex -61.0191 -58.3131 35
      vertex -62.9325 -57.9325 35
    endloop
  endfacet
  facet normal 0 0 1
    outer loop
      vertex -58.3131 -61.0191 39
      vertex -58.3131 -64.8459 39
      vertex -57.9325 -62.9325 39
    endloop
  endfacet
  facet normal 0 0 1
    outer loop
      vertex -59.397 -59.397 39
      vertex -58.3131 -64.8459 39
      vertex -58.3131 -61.0191 39
    endloop
  endfacet
  facet normal 0 0 1
    outer loop
      vertex -59.397 -59.397 39
      vertex -59.397 -66.468 39
      vertex -58.3131 -64.8459 39
    endloop
  endfacet
  facet normal 0 0 1
    outer loop
      vertex -61.0191 -58.3131 39
      vertex -59.397 -66.468 39
      vertex -59.397 -59.397 39
    endloop
  endfacet
  facet normal 0 0 1
    outer loop
      vertex -61.0191 -58.3131 39
      vertex -61.0191 -67.5519 39
      vertex -59.397 -66.468 39
    endloop
  endfacet
  facet normal 0 0 1
    outer loop
      vertex -62.9325 -57.9325 39
      vertex -61.0191 -67.5519 39
      vertex -61.0191 -58.3131 39
    endloop
  endfacet
  facet normal 0 0 1
    outer loop
      vertex -62.9325 -57.9325 39
      vertex -62.9325 -67.9325 39
      vertex -61.0191 -67.5519 39
    endloop
  endfacet
  facet normal -0 0 1
    outer loop
      vertex -64.8459 -58.3131 39
      vertex -62.9325 -67.9325 39
      vertex -62.9325 -57.9325 39
    endloop
  endfacet
  facet normal 0 0 1
    outer loop
      vertex -64.8459 -58.3131 39
      vertex -64.8459 -67.5519 39
      vertex -62.9325 -67.9325 39
    endloop
  endfacet
  facet normal -0 0 1
    outer loop
      vertex -66.468 -59.397 39
      vertex -64.8459 -67.5519 39
      vertex -64.8459 -58.3131 39
    endloop
  endfacet
  facet normal 0 0 1
    outer loop
      vertex -66.468 -59.397 39
      vertex -66.468 -66.468 39
      vertex -64.8459 -67.5519 39
    endloop
  endfacet
  facet normal -0 0 1
    outer loop
      vertex -67.5519 -61.0191 39
      vertex -66.468 -66.468 39
      vertex -66.468 -59.397 39
    endloop
  endfacet
  facet normal 0 0 1
    outer loop
      vertex -67.5519 -61.0191 39
      vertex -67.5519 -64.8459 39
      vertex -66.468 -66.468 39
    endloop
  endfacet
  facet normal 0 -0 1
    outer loop
      vertex -67.5519 -64.8459 39
      vertex -67.5519 -61.0191 39
      vertex -67.9325 -62.9325 39
    endloop
  endfacet
  facet normal -0.831458 0.555587 0
    outer loop
      vertex -67.5519 -61.0191 35
      vertex -66.468 -59.397 39
      vertex -66.468 -59.397 35
    endloop
  endfacet
  facet normal -0.831458 0.555587 0
    outer loop
      vertex -66.468 -59.397 39
      vertex -67.5519 -61.0191 35
      vertex -67.5519 -61.0191 39
    endloop
  endfacet
  facet normal -0.980785 -0.195091 0
    outer loop
      vertex -67.5519 -64.8459 35
      vertex -67.9325 -62.9325 39
      vertex -67.9325 -62.9325 35
    endloop
  endfacet
  facet normal -0.980785 -0.195091 0
    outer loop
      vertex -67.9325 -62.9325 39
      vertex -67.5519 -64.8459 35
      vertex -67.5519 -64.8459 39
    endloop
  endfacet
  facet normal 0.195091 -0.980785 0
    outer loop
      vertex -62.9325 -67.9325 35
      vertex -61.0191 -67.5519 39
      vertex -62.9325 -67.9325 39
    endloop
  endfacet
  facet normal 0.195091 -0.980785 0
    outer loop
      vertex -61.0191 -67.5519 39
      vertex -62.9325 -67.9325 35
      vertex -61.0191 -67.5519 35
    endloop
  endfacet
  facet normal -0.831458 -0.555587 0
    outer loop
      vertex -66.468 -66.468 35
      vertex -67.5519 -64.8459 39
      vertex -67.5519 -64.8459 35
    endloop
  endfacet
  facet normal -0.831458 -0.555587 0
    outer loop
      vertex -67.5519 -64.8459 39
      vertex -66.468 -66.468 35
      vertex -66.468 -66.468 39
    endloop
  endfacet
  facet normal 0.980785 0.195091 0
    outer loop
      vertex -57.9325 -62.9325 39
      vertex -58.3131 -61.0191 35
      vertex -58.3131 -61.0191 39
    endloop
  endfacet
  facet normal 0.980785 0.195091 0
    outer loop
      vertex -58.3131 -61.0191 35
      vertex -57.9325 -62.9325 39
      vertex -57.9325 -62.9325 35
    endloop
  endfacet
  facet normal -0.980785 0.195091 0
    outer loop
      vertex -67.9325 -62.9325 35
      vertex -67.5519 -61.0191 39
      vertex -67.5519 -61.0191 35
    endloop
  endfacet
  facet normal -0.980785 0.195091 0
    outer loop
      vertex -67.5519 -61.0191 39
      vertex -67.9325 -62.9325 35
      vertex -67.9325 -62.9325 39
    endloop
  endfacet
  facet normal 0.555587 -0.831458 0
    outer loop
      vertex -61.0191 -67.5519 35
      vertex -59.397 -66.468 39
      vertex -61.0191 -67.5519 39
    endloop
  endfacet
  facet normal 0.555587 -0.831458 0
    outer loop
      vertex -59.397 -66.468 39
      vertex -61.0191 -67.5519 35
      vertex -59.397 -66.468 35
    endloop
  endfacet
  facet normal 0.980785 -0.195091 0
    outer loop
      vertex -58.3131 -64.8459 39
      vertex -57.9325 -62.9325 35
      vertex -57.9325 -62.9325 39
    endloop
  endfacet
  facet normal 0.980785 -0.195091 0
    outer loop
      vertex -57.9325 -62.9325 35
      vertex -58.3131 -64.8459 39
      vertex -58.3131 -64.8459 35
    endloop
  endfacet
  facet normal -0.555587 0.831458 0
    outer loop
      vertex -64.8459 -58.3131 35
      vertex -66.468 -59.397 39
      vertex -64.8459 -58.3131 39
    endloop
  endfacet
  facet normal -0.555587 0.831458 0
    outer loop
      vertex -66.468 -59.397 39
      vertex -64.8459 -58.3131 35
      vertex -66.468 -59.397 35
    endloop
  endfacet
  facet normal -0.195091 0.980785 0
    outer loop
      vertex -62.9325 -57.9325 35
      vertex -64.8459 -58.3131 39
      vertex -62.9325 -57.9325 39
    endloop
  endfacet
  facet normal -0.195091 0.980785 0
    outer loop
      vertex -64.8459 -58.3131 39
      vertex -62.9325 -57.9325 35
      vertex -64.8459 -58.3131 35
    endloop
  endfacet
  facet normal 0.0523364 0.99863 -0
    outer loop
      vertex -54.1722 -7.62196 4
      vertex -65.8633 -7.00925 12
      vertex -54.1722 -7.62196 12
    endloop
  endfacet
  facet normal 0.0523364 0.99863 0
    outer loop
      vertex -65.8633 -7.00925 12
      vertex -54.1722 -7.62196 4
      vertex -65.8633 -7.00925 4
    endloop
  endfacet
  facet normal -0.453993 -0.891005 0
    outer loop
      vertex -93.4323 -109.898 2
      vertex -83.0011 -115.213 12
      vertex -93.4323 -109.898 12
    endloop
  endfacet
  facet normal -0.453993 -0.891005 -0
    outer loop
      vertex -83.0011 -115.213 12
      vertex -93.4323 -109.898 2
      vertex -83.0011 -115.213 2
    endloop
  endfacet
  facet normal -0.629363 -0.777111 0
    outer loop
      vertex -102.53 -102.53 2
      vertex -93.4323 -109.898 12
      vertex -102.53 -102.53 12
    endloop
  endfacet
  facet normal -0.629363 -0.777111 -0
    outer loop
      vertex -93.4323 -109.898 12
      vertex -102.53 -102.53 2
      vertex -93.4323 -109.898 2
    endloop
  endfacet
  facet normal -0.258815 -0.965927 0
    outer loop
      vertex -83.0011 -115.213 2
      vertex -71.6928 -118.243 12
      vertex -83.0011 -115.213 12
    endloop
  endfacet
  facet normal -0.258815 -0.965927 -0
    outer loop
      vertex -71.6928 -118.243 12
      vertex -83.0011 -115.213 2
      vertex -71.6928 -118.243 2
    endloop
  endfacet
  facet normal -0.891005 -0.453993 0
    outer loop
      vertex -109.898 -93.4323 2
      vertex -115.213 -83.0011 12
      vertex -115.213 -83.0011 2
    endloop
  endfacet
  facet normal -0.891005 -0.453993 0
    outer loop
      vertex -115.213 -83.0011 12
      vertex -109.898 -93.4323 2
      vertex -109.898 -93.4323 12
    endloop
  endfacet
  facet normal -0.987681 0.156483 0
    outer loop
      vertex -118.856 -60.0017 2
      vertex -117.024 -48.4386 12
      vertex -117.024 -48.4386 2
    endloop
  endfacet
  facet normal -0.987681 0.156483 0
    outer loop
      vertex -117.024 -48.4386 12
      vertex -118.856 -60.0017 2
      vertex -118.856 -60.0017 12
    endloop
  endfacet
  facet normal -0.998628 -0.0523611 0
    outer loop
      vertex -118.243 -71.6928 2
      vertex -118.856 -60.0017 12
      vertex -118.856 -60.0017 2
    endloop
  endfacet
  facet normal -0.998628 -0.0523611 0
    outer loop
      vertex -118.856 -60.0017 12
      vertex -118.243 -71.6928 2
      vertex -118.243 -71.6928 12
    endloop
  endfacet
  facet normal -0.777111 -0.629363 0
    outer loop
      vertex -102.53 -102.53 2
      vertex -109.898 -93.4323 12
      vertex -109.898 -93.4323 2
    endloop
  endfacet
  facet normal -0.777111 -0.629363 0
    outer loop
      vertex -109.898 -93.4323 12
      vertex -102.53 -102.53 2
      vertex -102.53 -102.53 12
    endloop
  endfacet
  facet normal -0.358365 0.933582 0
    outer loop
      vertex -77.4264 -8.84066 2
      vertex -88.356 -13.0361 12
      vertex -77.4264 -8.84066 12
    endloop
  endfacet
  facet normal -0.358365 0.933582 0
    outer loop
      vertex -88.356 -13.0361 12
      vertex -77.4264 -8.84066 2
      vertex -88.356 -13.0361 2
    endloop
  endfacet
  facet normal 0.358332 -0.933594 0
    outer loop
      vertex -48.4386 -117.024 2
      vertex -37.509 -112.829 12
      vertex -48.4386 -117.024 12
    endloop
  endfacet
  facet normal 0.358332 -0.933594 0
    outer loop
      vertex -37.509 -112.829 12
      vertex -48.4386 -117.024 2
      vertex -37.509 -112.829 2
    endloop
  endfacet
  facet normal -0.0523611 -0.998628 0
    outer loop
      vertex -71.6928 -118.243 2
      vertex -60.0017 -118.856 12
      vertex -71.6928 -118.243 12
    endloop
  endfacet
  facet normal -0.0523611 -0.998628 -0
    outer loop
      vertex -60.0017 -118.856 12
      vertex -71.6928 -118.243 2
      vertex -60.0017 -118.856 2
    endloop
  endfacet
  facet normal -0.156433 0.987689 0
    outer loop
      vertex -68.4 -7.41102 4
      vertex -65.8633 -7.00925 12
      vertex -65.8633 -7.00925 4
    endloop
  endfacet
  facet normal -0.156434 0.987688 3.31633e-07
    outer loop
      vertex -65.8633 -7.00925 12
      vertex -68.4 -7.41102 4
      vertex -77.4264 -8.84066 12
    endloop
  endfacet
  facet normal -0.156434 0.987688 0
    outer loop
      vertex -77.4264 -8.84066 2
      vertex -68.4 -7.41102 4
      vertex -68.4 -7.41102 2
    endloop
  endfacet
  facet normal -0.156434 0.987688 0
    outer loop
      vertex -68.4 -7.41102 4
      vertex -77.4264 -8.84066 2
      vertex -77.4264 -8.84066 12
    endloop
  endfacet
  facet normal 0.998629 0.0523385 0
    outer loop
      vertex -7.62196 -54.1722 12
      vertex -7.45279 -57.4 4
      vertex -7.62196 -54.1722 4
    endloop
  endfacet
  facet normal 0.99863 0.0523364 8.33348e-07
    outer loop
      vertex -7.00925 -65.8633 12
      vertex -7.45279 -57.4 4
      vertex -7.62196 -54.1722 12
    endloop
  endfacet
  facet normal 0.99863 0.0523356 -0
    outer loop
      vertex -7.00925 -65.8633 2
      vertex -7.45279 -57.4 4
      vertex -7.00925 -65.8633 12
    endloop
  endfacet
  facet normal 0.99863 0.0523356 0
    outer loop
      vertex -7.45279 -57.4 4
      vertex -7.00925 -65.8633 2
      vertex -7.45279 -57.4 2
    endloop
  endfacet
  facet normal 0.70712 -0.707094 0
    outer loop
      vertex -27.6906 -106.453 2
      vertex -19.4123 -98.1744 12
      vertex -27.6906 -106.453 12
    endloop
  endfacet
  facet normal 0.70712 -0.707094 0
    outer loop
      vertex -19.4123 -98.1744 12
      vertex -27.6906 -106.453 2
      vertex -19.4123 -98.1744 2
    endloop
  endfacet
  facet normal -0.933594 0.358332 0
    outer loop
      vertex -117.024 -48.4386 2
      vertex -112.829 -37.509 12
      vertex -112.829 -37.509 2
    endloop
  endfacet
  facet normal -0.933594 0.358332 0
    outer loop
      vertex -112.829 -37.509 12
      vertex -117.024 -48.4386 2
      vertex -117.024 -48.4386 12
    endloop
  endfacet
  facet normal -0.838676 0.54463 0
    outer loop
      vertex -112.829 -37.509 2
      vertex -106.453 -27.6906 12
      vertex -106.453 -27.6906 2
    endloop
  endfacet
  facet normal -0.838676 0.54463 0
    outer loop
      vertex -106.453 -27.6906 12
      vertex -112.829 -37.509 2
      vertex -112.829 -37.509 12
    endloop
  endfacet
  facet normal 0.891005 0.453993 0
    outer loop
      vertex -10.652 -42.8639 12
      vertex -15.967 -32.4327 4
      vertex -15.967 -32.4327 12
    endloop
  endfacet
  facet normal 0.891005 0.453993 0
    outer loop
      vertex -15.967 -32.4327 4
      vertex -10.652 -42.8639 12
      vertex -10.652 -42.8639 4
    endloop
  endfacet
  facet normal 0 0 -1
    outer loop
      vertex -13.6703 -76.1323 2
      vertex -8.84066 -77.4264 2
      vertex -13.0361 -88.356 2
    endloop
  endfacet
  facet normal 0 0 -1
    outer loop
      vertex -8.84066 -77.4264 2
      vertex -13.6703 -76.1323 2
      vertex -12.0024 -65.6016 2
    endloop
  endfacet
  facet normal 0 0 -1
    outer loop
      vertex -13.0361 -88.356 2
      vertex -17.4912 -86.086 2
      vertex -13.6703 -76.1323 2
    endloop
  endfacet
  facet normal 0 0 -1
    outer loop
      vertex -19.4123 -98.1744 2
      vertex -17.4912 -86.086 2
      vertex -13.0361 -88.356 2
    endloop
  endfacet
  facet normal 0 0 -1
    outer loop
      vertex -19.4123 -98.1744 2
      vertex -23.2981 -95.0278 2
      vertex -17.4912 -86.086 2
    endloop
  endfacet
  facet normal 0 0 -1
    outer loop
      vertex -27.6906 -106.453 2
      vertex -23.2981 -95.0278 2
      vertex -19.4123 -98.1744 2
    endloop
  endfacet
  facet normal 0 0 -1
    outer loop
      vertex -27.6906 -106.453 2
      vertex -30.8372 -102.567 2
      vertex -23.2981 -95.0278 2
    endloop
  endfacet
  facet normal 0 0 -1
    outer loop
      vertex -37.509 -112.829 2
      vertex -30.8372 -102.567 2
      vertex -27.6906 -106.453 2
    endloop
  endfacet
  facet normal 0 0 -1
    outer loop
      vertex -37.509 -112.829 2
      vertex -39.779 -108.374 2
      vertex -30.8372 -102.567 2
    endloop
  endfacet
  facet normal 0 0 -1
    outer loop
      vertex -48.4386 -117.024 2
      vertex -39.779 -108.374 2
      vertex -37.509 -112.829 2
    endloop
  endfacet
  facet normal 0 0 -1
    outer loop
      vertex -48.4386 -117.024 2
      vertex -49.7327 -112.195 2
      vertex -39.779 -108.374 2
    endloop
  endfacet
  facet normal 0 0 -1
    outer loop
      vertex -60.0017 -118.856 2
      vertex -49.7327 -112.195 2
      vertex -48.4386 -117.024 2
    endloop
  endfacet
  facet normal 0 0 -1
    outer loop
      vertex -60.0017 -118.856 2
      vertex -60.2634 -113.863 2
      vertex -49.7327 -112.195 2
    endloop
  endfacet
  facet normal 0 0 -1
    outer loop
      vertex -60.0017 -118.856 2
      vertex -70.9107 -113.305 2
      vertex -60.2634 -113.863 2
    endloop
  endfacet
  facet normal 0 0 -1
    outer loop
      vertex -71.6928 -118.243 2
      vertex -70.9107 -113.305 2
      vertex -60.0017 -118.856 2
    endloop
  endfacet
  facet normal 0 0 -1
    outer loop
      vertex -71.6928 -118.243 2
      vertex -81.2093 -110.545 2
      vertex -70.9107 -113.305 2
    endloop
  endfacet
  facet normal 0 0 -1
    outer loop
      vertex -83.0011 -115.213 2
      vertex -81.2093 -110.545 2
      vertex -71.6928 -118.243 2
    endloop
  endfacet
  facet normal 0 0 -1
    outer loop
      vertex -83.0011 -115.213 2
      vertex -90.7091 -105.705 2
      vertex -81.2093 -110.545 2
    endloop
  endfacet
  facet normal 0 0 -1
    outer loop
      vertex -93.4323 -109.898 2
      vertex -90.7091 -105.705 2
      vertex -83.0011 -115.213 2
    endloop
  endfacet
  facet normal 0 0 -1
    outer loop
      vertex -93.4323 -109.898 2
      vertex -98.9949 -98.9949 2
      vertex -90.7091 -105.705 2
    endloop
  endfacet
  facet normal 0 0 -1
    outer loop
      vertex -102.53 -102.53 2
      vertex -98.9949 -98.9949 2
      vertex -93.4323 -109.898 2
    endloop
  endfacet
  facet normal 0 0 -1
    outer loop
      vertex -102.53 -102.53 2
      vertex -105.705 -90.7091 2
      vertex -98.9949 -98.9949 2
    endloop
  endfacet
  facet normal 0 0 -1
    outer loop
      vertex -109.898 -93.4323 2
      vertex -105.705 -90.7091 2
      vertex -102.53 -102.53 2
    endloop
  endfacet
  facet normal 0 0 -1
    outer loop
      vertex -109.898 -93.4323 2
      vertex -110.545 -81.2093 2
      vertex -105.705 -90.7091 2
    endloop
  endfacet
  facet normal 0 0 -1
    outer loop
      vertex -115.213 -83.0011 2
      vertex -110.545 -81.2093 2
      vertex -109.898 -93.4323 2
    endloop
  endfacet
  facet normal 0 0 -1
    outer loop
      vertex -118.243 -71.6928 2
      vertex -113.305 -70.9107 2
      vertex -115.213 -83.0011 2
    endloop
  endfacet
  facet normal -0 0 -1
    outer loop
      vertex -110.545 -81.2093 2
      vertex -115.213 -83.0011 2
      vertex -113.305 -70.9107 2
    endloop
  endfacet
  facet normal 0 0 -1
    outer loop
      vertex -12.0024 -65.6016 2
      vertex -7.00925 -65.8633 2
      vertex -8.84066 -77.4264 2
    endloop
  endfacet
  facet normal 0 0 -1
    outer loop
      vertex -7.00925 -65.8633 2
      vertex -12.0024 -65.6016 2
      vertex -7.45279 -57.4 2
    endloop
  endfacet
  facet normal -0 0 -1
    outer loop
      vertex -7.45279 -57.4 2
      vertex -12.0024 -65.6016 2
      vertex -12.4322 -57.4 2
    endloop
  endfacet
  facet normal 0 0 -1
    outer loop
      vertex -77.4264 -8.84066 2
      vertex -68.4 -12.4456 2
      vertex -76.1323 -13.6703 2
    endloop
  endfacet
  facet normal 0 0 -1
    outer loop
      vertex -68.4 -12.4456 2
      vertex -77.4264 -8.84066 2
      vertex -68.4 -7.41102 2
    endloop
  endfacet
  facet normal 0 0 -1
    outer loop
      vertex -86.086 -17.4912 2
      vertex -77.4264 -8.84066 2
      vertex -76.1323 -13.6703 2
    endloop
  endfacet
  facet normal 0 0 -1
    outer loop
      vertex -86.086 -17.4912 2
      vertex -88.356 -13.0361 2
      vertex -77.4264 -8.84066 2
    endloop
  endfacet
  facet normal 0 0 -1
    outer loop
      vertex -95.0278 -23.2981 2
      vertex -88.356 -13.0361 2
      vertex -86.086 -17.4912 2
    endloop
  endfacet
  facet normal 0 0 -1
    outer loop
      vertex -95.0278 -23.2981 2
      vertex -98.1744 -19.4123 2
      vertex -88.356 -13.0361 2
    endloop
  endfacet
  facet normal 0 0 -1
    outer loop
      vertex -102.567 -30.8372 2
      vertex -98.1744 -19.4123 2
      vertex -95.0278 -23.2981 2
    endloop
  endfacet
  facet normal 0 0 -1
    outer loop
      vertex -102.567 -30.8372 2
      vertex -106.453 -27.6906 2
      vertex -98.1744 -19.4123 2
    endloop
  endfacet
  facet normal 0 0 -1
    outer loop
      vertex -108.374 -39.779 2
      vertex -106.453 -27.6906 2
      vertex -102.567 -30.8372 2
    endloop
  endfacet
  facet normal 0 0 -1
    outer loop
      vertex -112.829 -37.509 2
      vertex -108.374 -39.779 2
      vertex -112.195 -49.7327 2
    endloop
  endfacet
  facet normal 0 0 -1
    outer loop
      vertex -108.374 -39.779 2
      vertex -112.829 -37.509 2
      vertex -106.453 -27.6906 2
    endloop
  endfacet
  facet normal 0 0 -1
    outer loop
      vertex -117.024 -48.4386 2
      vertex -112.195 -49.7327 2
      vertex -113.863 -60.2634 2
    endloop
  endfacet
  facet normal -0 0 -1
    outer loop
      vertex -113.305 -70.9107 2
      vertex -118.243 -71.6928 2
      vertex -113.863 -60.2634 2
    endloop
  endfacet
  facet normal 0 0 -1
    outer loop
      vertex -112.195 -49.7327 2
      vertex -117.024 -48.4386 2
      vertex -112.829 -37.509 2
    endloop
  endfacet
  facet normal 0 0 -1
    outer loop
      vertex -118.856 -60.0017 2
      vertex -113.863 -60.2634 2
      vertex -118.243 -71.6928 2
    endloop
  endfacet
  facet normal 0 0 -1
    outer loop
      vertex -113.863 -60.2634 2
      vertex -118.856 -60.0017 2
      vertex -117.024 -48.4386 2
    endloop
  endfacet
  facet normal 0.453993 0.891005 -0
    outer loop
      vertex -32.4327 -15.967 4
      vertex -42.8639 -10.652 12
      vertex -32.4327 -15.967 12
    endloop
  endfacet
  facet normal 0.453993 0.891005 0
    outer loop
      vertex -42.8639 -10.652 12
      vertex -32.4327 -15.967 4
      vertex -42.8639 -10.652 4
    endloop
  endfacet
  facet normal 0.933582 -0.358365 0
    outer loop
      vertex -13.0361 -88.356 12
      vertex -8.84066 -77.4264 2
      vertex -8.84066 -77.4264 12
    endloop
  endfacet
  facet normal 0.933582 -0.358365 0
    outer loop
      vertex -8.84066 -77.4264 2
      vertex -13.0361 -88.356 12
      vertex -13.0361 -88.356 2
    endloop
  endfacet
  facet normal 0 0 1
    outer loop
      vertex -7.62196 -54.1722 12
      vertex -12.5604 -54.9543 12
      vertex -12.0024 -65.6016 12
    endloop
  endfacet
  facet normal 0 0 1
    outer loop
      vertex -10.652 -42.8639 12
      vertex -15.3199 -44.6557 12
      vertex -12.5604 -54.9543 12
    endloop
  endfacet
  facet normal 0 0 1
    outer loop
      vertex -15.967 -32.4327 12
      vertex -15.3199 -44.6557 12
      vertex -10.652 -42.8639 12
    endloop
  endfacet
  facet normal 0 0 1
    outer loop
      vertex -15.967 -32.4327 12
      vertex -20.1603 -35.1559 12
      vertex -15.3199 -44.6557 12
    endloop
  endfacet
  facet normal 0 0 1
    outer loop
      vertex -23.3345 -23.3345 12
      vertex -20.1603 -35.1559 12
      vertex -15.967 -32.4327 12
    endloop
  endfacet
  facet normal 0 0 1
    outer loop
      vertex -23.3345 -23.3345 12
      vertex -26.8701 -26.8701 12
      vertex -20.1603 -35.1559 12
    endloop
  endfacet
  facet normal 0 0 1
    outer loop
      vertex -32.4327 -15.967 12
      vertex -26.8701 -26.8701 12
      vertex -23.3345 -23.3345 12
    endloop
  endfacet
  facet normal 0 0 1
    outer loop
      vertex -32.4327 -15.967 12
      vertex -35.1559 -20.1603 12
      vertex -26.8701 -26.8701 12
    endloop
  endfacet
  facet normal 0 0 1
    outer loop
      vertex -42.8639 -10.652 12
      vertex -35.1559 -20.1603 12
      vertex -32.4327 -15.967 12
    endloop
  endfacet
  facet normal 0 0 1
    outer loop
      vertex -42.8639 -10.652 12
      vertex -44.6557 -15.3199 12
      vertex -35.1559 -20.1603 12
    endloop
  endfacet
  facet normal 0 0 1
    outer loop
      vertex -54.1722 -7.62196 12
      vertex -44.6557 -15.3199 12
      vertex -42.8639 -10.652 12
    endloop
  endfacet
  facet normal 0 0 1
    outer loop
      vertex -54.1722 -7.62196 12
      vertex -54.9543 -12.5604 12
      vertex -44.6557 -15.3199 12
    endloop
  endfacet
  facet normal 0 0 1
    outer loop
      vertex -54.1722 -7.62196 12
      vertex -65.6016 -12.0024 12
      vertex -54.9543 -12.5604 12
    endloop
  endfacet
  facet normal 0 0 1
    outer loop
      vertex -65.8633 -7.00925 12
      vertex -65.6016 -12.0024 12
      vertex -54.1722 -7.62196 12
    endloop
  endfacet
  facet normal 0 0 1
    outer loop
      vertex -65.8633 -7.00925 12
      vertex -76.1323 -13.6703 12
      vertex -65.6016 -12.0024 12
    endloop
  endfacet
  facet normal -0 0 1
    outer loop
      vertex -77.4264 -8.84066 12
      vertex -76.1323 -13.6703 12
      vertex -65.8633 -7.00925 12
    endloop
  endfacet
  facet normal 0 0 1
    outer loop
      vertex -77.4264 -8.84066 12
      vertex -86.086 -17.4912 12
      vertex -76.1323 -13.6703 12
    endloop
  endfacet
  facet normal -0 0 1
    outer loop
      vertex -88.356 -13.0361 12
      vertex -86.086 -17.4912 12
      vertex -77.4264 -8.84066 12
    endloop
  endfacet
  facet normal 0 0 1
    outer loop
      vertex -88.356 -13.0361 12
      vertex -95.0278 -23.2981 12
      vertex -86.086 -17.4912 12
    endloop
  endfacet
  facet normal -0 0 1
    outer loop
      vertex -98.1744 -19.4123 12
      vertex -95.0278 -23.2981 12
      vertex -88.356 -13.0361 12
    endloop
  endfacet
  facet normal 0 0 1
    outer loop
      vertex -98.1744 -19.4123 12
      vertex -102.567 -30.8372 12
      vertex -95.0278 -23.2981 12
    endloop
  endfacet
  facet normal -0 0 1
    outer loop
      vertex -106.453 -27.6906 12
      vertex -102.567 -30.8372 12
      vertex -98.1744 -19.4123 12
    endloop
  endfacet
  facet normal 0 0 1
    outer loop
      vertex -106.453 -27.6906 12
      vertex -108.374 -39.779 12
      vertex -102.567 -30.8372 12
    endloop
  endfacet
  facet normal -0 0 1
    outer loop
      vertex -112.829 -37.509 12
      vertex -108.374 -39.779 12
      vertex -106.453 -27.6906 12
    endloop
  endfacet
  facet normal 0 0 1
    outer loop
      vertex -108.374 -39.779 12
      vertex -112.829 -37.509 12
      vertex -112.195 -49.7327 12
    endloop
  endfacet
  facet normal -0 0 1
    outer loop
      vertex -117.024 -48.4386 12
      vertex -112.195 -49.7327 12
      vertex -112.829 -37.509 12
    endloop
  endfacet
  facet normal 0 0 1
    outer loop
      vertex -112.195 -49.7327 12
      vertex -117.024 -48.4386 12
      vertex -113.863 -60.2634 12
    endloop
  endfacet
  facet normal -0 0 1
    outer loop
      vertex -118.856 -60.0017 12
      vertex -113.863 -60.2634 12
      vertex -117.024 -48.4386 12
    endloop
  endfacet
  facet normal 0 0 1
    outer loop
      vertex -113.863 -60.2634 12
      vertex -118.243 -71.6928 12
      vertex -115.213 -83.0011 12
    endloop
  endfacet
  facet normal 0 0 1
    outer loop
      vertex -113.863 -60.2634 12
      vertex -118.856 -60.0017 12
      vertex -118.243 -71.6928 12
    endloop
  endfacet
  facet normal -0 0 1
    outer loop
      vertex -12.0024 -65.6016 12
      vertex -7.00925 -65.8633 12
      vertex -7.62196 -54.1722 12
    endloop
  endfacet
  facet normal 0 0 1
    outer loop
      vertex -12.5604 -54.9543 12
      vertex -7.62196 -54.1722 12
      vertex -10.652 -42.8639 12
    endloop
  endfacet
  facet normal 0 0 1
    outer loop
      vertex -7.00925 -65.8633 12
      vertex -12.0024 -65.6016 12
      vertex -8.84066 -77.4264 12
    endloop
  endfacet
  facet normal -0 0 1
    outer loop
      vertex -13.6703 -76.1323 12
      vertex -8.84066 -77.4264 12
      vertex -12.0024 -65.6016 12
    endloop
  endfacet
  facet normal 0 0 1
    outer loop
      vertex -8.84066 -77.4264 12
      vertex -13.6703 -76.1323 12
      vertex -13.0361 -88.356 12
    endloop
  endfacet
  facet normal -0 0 1
    outer loop
      vertex -17.4912 -86.086 12
      vertex -13.0361 -88.356 12
      vertex -13.6703 -76.1323 12
    endloop
  endfacet
  facet normal 0 0 1
    outer loop
      vertex -17.4912 -86.086 12
      vertex -19.4123 -98.1744 12
      vertex -13.0361 -88.356 12
    endloop
  endfacet
  facet normal -0 0 1
    outer loop
      vertex -23.2981 -95.0278 12
      vertex -19.4123 -98.1744 12
      vertex -17.4912 -86.086 12
    endloop
  endfacet
  facet normal 0 0 1
    outer loop
      vertex -23.2981 -95.0278 12
      vertex -27.6906 -106.453 12
      vertex -19.4123 -98.1744 12
    endloop
  endfacet
  facet normal -0 0 1
    outer loop
      vertex -30.8372 -102.567 12
      vertex -27.6906 -106.453 12
      vertex -23.2981 -95.0278 12
    endloop
  endfacet
  facet normal 0 0 1
    outer loop
      vertex -30.8372 -102.567 12
      vertex -37.509 -112.829 12
      vertex -27.6906 -106.453 12
    endloop
  endfacet
  facet normal -0 0 1
    outer loop
      vertex -39.779 -108.374 12
      vertex -37.509 -112.829 12
      vertex -30.8372 -102.567 12
    endloop
  endfacet
  facet normal 0 0 1
    outer loop
      vertex -39.779 -108.374 12
      vertex -48.4386 -117.024 12
      vertex -37.509 -112.829 12
    endloop
  endfacet
  facet normal -0 0 1
    outer loop
      vertex -49.7327 -112.195 12
      vertex -48.4386 -117.024 12
      vertex -39.779 -108.374 12
    endloop
  endfacet
  facet normal 0 0 1
    outer loop
      vertex -49.7327 -112.195 12
      vertex -60.0017 -118.856 12
      vertex -48.4386 -117.024 12
    endloop
  endfacet
  facet normal -0 0 1
    outer loop
      vertex -60.2634 -113.863 12
      vertex -60.0017 -118.856 12
      vertex -49.7327 -112.195 12
    endloop
  endfacet
  facet normal 0 0 1
    outer loop
      vertex -70.9107 -113.305 12
      vertex -60.0017 -118.856 12
      vertex -60.2634 -113.863 12
    endloop
  endfacet
  facet normal 0 0 1
    outer loop
      vertex -70.9107 -113.305 12
      vertex -71.6928 -118.243 12
      vertex -60.0017 -118.856 12
    endloop
  endfacet
  facet normal 0 0 1
    outer loop
      vertex -81.2093 -110.545 12
      vertex -71.6928 -118.243 12
      vertex -70.9107 -113.305 12
    endloop
  endfacet
  facet normal 0 0 1
    outer loop
      vertex -81.2093 -110.545 12
      vertex -83.0011 -115.213 12
      vertex -71.6928 -118.243 12
    endloop
  endfacet
  facet normal 0 0 1
    outer loop
      vertex -90.7091 -105.705 12
      vertex -83.0011 -115.213 12
      vertex -81.2093 -110.545 12
    endloop
  endfacet
  facet normal 0 0 1
    outer loop
      vertex -90.7091 -105.705 12
      vertex -93.4323 -109.898 12
      vertex -83.0011 -115.213 12
    endloop
  endfacet
  facet normal 0 0 1
    outer loop
      vertex -98.9949 -98.9949 12
      vertex -93.4323 -109.898 12
      vertex -90.7091 -105.705 12
    endloop
  endfacet
  facet normal 0 0 1
    outer loop
      vertex -98.9949 -98.9949 12
      vertex -102.53 -102.53 12
      vertex -93.4323 -109.898 12
    endloop
  endfacet
  facet normal 0 0 1
    outer loop
      vertex -105.705 -90.7091 12
      vertex -102.53 -102.53 12
      vertex -98.9949 -98.9949 12
    endloop
  endfacet
  facet normal 0 0 1
    outer loop
      vertex -105.705 -90.7091 12
      vertex -109.898 -93.4323 12
      vertex -102.53 -102.53 12
    endloop
  endfacet
  facet normal 0 0 1
    outer loop
      vertex -110.545 -81.2093 12
      vertex -109.898 -93.4323 12
      vertex -105.705 -90.7091 12
    endloop
  endfacet
  facet normal 0 0 1
    outer loop
      vertex -115.213 -83.0011 12
      vertex -110.545 -81.2093 12
      vertex -113.305 -70.9107 12
    endloop
  endfacet
  facet normal 0 0 1
    outer loop
      vertex -110.545 -81.2093 12
      vertex -115.213 -83.0011 12
      vertex -109.898 -93.4323 12
    endloop
  endfacet
  facet normal 0 0 1
    outer loop
      vertex -115.213 -83.0011 12
      vertex -113.305 -70.9107 12
      vertex -113.863 -60.2634 12
    endloop
  endfacet
  facet normal -0.544642 0.838668 0
    outer loop
      vertex -88.356 -13.0361 2
      vertex -98.1744 -19.4123 12
      vertex -88.356 -13.0361 12
    endloop
  endfacet
  facet normal -0.544642 0.838668 0
    outer loop
      vertex -98.1744 -19.4123 12
      vertex -88.356 -13.0361 2
      vertex -98.1744 -19.4123 2
    endloop
  endfacet
  facet normal 0.54463 -0.838676 0
    outer loop
      vertex -37.509 -112.829 2
      vertex -27.6906 -106.453 12
      vertex -37.509 -112.829 12
    endloop
  endfacet
  facet normal 0.54463 -0.838676 0
    outer loop
      vertex -27.6906 -106.453 12
      vertex -37.509 -112.829 2
      vertex -27.6906 -106.453 2
    endloop
  endfacet
  facet normal 0.629316 0.777149 -0
    outer loop
      vertex -23.3345 -23.3345 4
      vertex -32.4327 -15.967 12
      vertex -23.3345 -23.3345 12
    endloop
  endfacet
  facet normal 0.629316 0.777149 0
    outer loop
      vertex -32.4327 -15.967 12
      vertex -23.3345 -23.3345 4
      vertex -32.4327 -15.967 4
    endloop
  endfacet
  facet normal 0.258818 0.965926 -0
    outer loop
      vertex -42.8639 -10.652 4
      vertex -54.1722 -7.62196 12
      vertex -42.8639 -10.652 12
    endloop
  endfacet
  facet normal 0.258818 0.965926 0
    outer loop
      vertex -54.1722 -7.62196 12
      vertex -42.8639 -10.652 4
      vertex -54.1722 -7.62196 4
    endloop
  endfacet
  facet normal 0.965926 0.258818 0
    outer loop
      vertex -7.62196 -54.1722 12
      vertex -10.652 -42.8639 4
      vertex -10.652 -42.8639 12
    endloop
  endfacet
  facet normal 0.965926 0.258818 0
    outer loop
      vertex -10.652 -42.8639 4
      vertex -7.62196 -54.1722 12
      vertex -7.62196 -54.1722 4
    endloop
  endfacet
  facet normal -0.965927 -0.258815 0
    outer loop
      vertex -115.213 -83.0011 2
      vertex -118.243 -71.6928 12
      vertex -118.243 -71.6928 2
    endloop
  endfacet
  facet normal -0.965927 -0.258815 0
    outer loop
      vertex -118.243 -71.6928 12
      vertex -115.213 -83.0011 2
      vertex -115.213 -83.0011 12
    endloop
  endfacet
  facet normal 0.156483 -0.987681 0
    outer loop
      vertex -60.0017 -118.856 2
      vertex -48.4386 -117.024 12
      vertex -60.0017 -118.856 12
    endloop
  endfacet
  facet normal 0.156483 -0.987681 0
    outer loop
      vertex -48.4386 -117.024 12
      vertex -60.0017 -118.856 2
      vertex -48.4386 -117.024 2
    endloop
  endfacet
  facet normal 0.987688 -0.156434 0
    outer loop
      vertex -8.84066 -77.4264 12
      vertex -7.00925 -65.8633 2
      vertex -7.00925 -65.8633 12
    endloop
  endfacet
  facet normal 0.987688 -0.156434 0
    outer loop
      vertex -7.00925 -65.8633 2
      vertex -8.84066 -77.4264 12
      vertex -8.84066 -77.4264 2
    endloop
  endfacet
  facet normal 0.838668 -0.544642 0
    outer loop
      vertex -19.4123 -98.1744 12
      vertex -13.0361 -88.356 2
      vertex -13.0361 -88.356 12
    endloop
  endfacet
  facet normal 0.838668 -0.544642 0
    outer loop
      vertex -13.0361 -88.356 2
      vertex -19.4123 -98.1744 12
      vertex -19.4123 -98.1744 2
    endloop
  endfacet
  facet normal -0.707094 0.70712 0
    outer loop
      vertex -106.453 -27.6906 2
      vertex -98.1744 -19.4123 12
      vertex -98.1744 -19.4123 2
    endloop
  endfacet
  facet normal -0.707094 0.70712 0
    outer loop
      vertex -98.1744 -19.4123 12
      vertex -106.453 -27.6906 2
      vertex -106.453 -27.6906 12
    endloop
  endfacet
  facet normal 0.777149 0.629316 0
    outer loop
      vertex -15.967 -32.4327 12
      vertex -23.3345 -23.3345 4
      vertex -23.3345 -23.3345 12
    endloop
  endfacet
  facet normal 0.777149 0.629316 0
    outer loop
      vertex -23.3345 -23.3345 4
      vertex -15.967 -32.4327 12
      vertex -15.967 -32.4327 4
    endloop
  endfacet
  facet normal 0.453961 0.891021 -0
    outer loop
      vertex -81.2093 -110.545 2
      vertex -90.7091 -105.705 12
      vertex -81.2093 -110.545 12
    endloop
  endfacet
  facet normal 0.453961 0.891021 0
    outer loop
      vertex -90.7091 -105.705 12
      vertex -81.2093 -110.545 2
      vertex -90.7091 -105.705 2
    endloop
  endfacet
  facet normal 0.629343 0.777128 -0
    outer loop
      vertex -90.7091 -105.705 2
      vertex -98.9949 -98.9949 12
      vertex -90.7091 -105.705 12
    endloop
  endfacet
  facet normal 0.629343 0.777128 0
    outer loop
      vertex -98.9949 -98.9949 12
      vertex -90.7091 -105.705 2
      vertex -98.9949 -98.9949 2
    endloop
  endfacet
  facet normal 0.777128 0.629343 0
    outer loop
      vertex -98.9949 -98.9949 12
      vertex -105.705 -90.7091 2
      vertex -105.705 -90.7091 12
    endloop
  endfacet
  facet normal 0.777128 0.629343 0
    outer loop
      vertex -105.705 -90.7091 2
      vertex -98.9949 -98.9949 12
      vertex -98.9949 -98.9949 2
    endloop
  endfacet
  facet normal -0.358379 0.933576 0
    outer loop
      vertex -39.779 -108.374 2
      vertex -49.7327 -112.195 12
      vertex -39.779 -108.374 12
    endloop
  endfacet
  facet normal -0.358379 0.933576 0
    outer loop
      vertex -49.7327 -112.195 12
      vertex -39.779 -108.374 2
      vertex -49.7327 -112.195 2
    endloop
  endfacet
  facet normal 0.933576 -0.358379 0
    outer loop
      vertex -112.195 -49.7327 12
      vertex -108.374 -39.779 2
      vertex -108.374 -39.779 12
    endloop
  endfacet
  facet normal 0.933576 -0.358379 0
    outer loop
      vertex -108.374 -39.779 2
      vertex -112.195 -49.7327 12
      vertex -112.195 -49.7327 2
    endloop
  endfacet
  facet normal -0.987688 0.156435 0
    outer loop
      vertex -13.6703 -76.1323 2
      vertex -12.0024 -65.6016 12
      vertex -12.0024 -65.6016 2
    endloop
  endfacet
  facet normal -0.987688 0.156435 0
    outer loop
      vertex -12.0024 -65.6016 12
      vertex -13.6703 -76.1323 2
      vertex -13.6703 -76.1323 12
    endloop
  endfacet
  facet normal -0.838669 0.544641 0
    outer loop
      vertex -23.2981 -95.0278 2
      vertex -17.4912 -86.086 12
      vertex -17.4912 -86.086 2
    endloop
  endfacet
  facet normal -0.838669 0.544641 0
    outer loop
      vertex -17.4912 -86.086 12
      vertex -23.2981 -95.0278 2
      vertex -23.2981 -95.0278 12
    endloop
  endfacet
  facet normal -0.998629 -0.0523467 0
    outer loop
      vertex -12.4322 -57.4 4
      vertex -12.5604 -54.9543 12
      vertex -12.5604 -54.9543 4
    endloop
  endfacet
  facet normal -0.99863 -0.0523326 -0
    outer loop
      vertex -12.0024 -65.6016 12
      vertex -12.4322 -57.4 4
      vertex -12.0024 -65.6016 2
    endloop
  endfacet
  facet normal -0.99863 -0.0523358 -3.32093e-06
    outer loop
      vertex -12.4322 -57.4 4
      vertex -12.0024 -65.6016 12
      vertex -12.5604 -54.9543 12
    endloop
  endfacet
  facet normal -0.99863 -0.0523326 0
    outer loop
      vertex -12.4322 -57.4 2
      vertex -12.0024 -65.6016 2
      vertex -12.4322 -57.4 4
    endloop
  endfacet
  facet normal 0.358371 -0.933579 0
    outer loop
      vertex -86.086 -17.4912 2
      vertex -76.1323 -13.6703 12
      vertex -86.086 -17.4912 12
    endloop
  endfacet
  facet normal 0.358371 -0.933579 0
    outer loop
      vertex -76.1323 -13.6703 12
      vertex -86.086 -17.4912 2
      vertex -76.1323 -13.6703 2
    endloop
  endfacet
  facet normal 0.544641 -0.838669 0
    outer loop
      vertex -95.0278 -23.2981 2
      vertex -86.086 -17.4912 12
      vertex -95.0278 -23.2981 12
    endloop
  endfacet
  facet normal 0.544641 -0.838669 0
    outer loop
      vertex -86.086 -17.4912 12
      vertex -95.0278 -23.2981 2
      vertex -86.086 -17.4912 2
    endloop
  endfacet
  facet normal -0.891006 -0.453991 0
    outer loop
      vertex -15.3199 -44.6557 4
      vertex -20.1603 -35.1559 12
      vertex -20.1603 -35.1559 4
    endloop
  endfacet
  facet normal -0.891006 -0.453991 0
    outer loop
      vertex -20.1603 -35.1559 12
      vertex -15.3199 -44.6557 4
      vertex -15.3199 -44.6557 12
    endloop
  endfacet
  facet normal 0.99863 0.0523358 0
    outer loop
      vertex -113.305 -70.9107 12
      vertex -113.863 -60.2634 2
      vertex -113.863 -60.2634 12
    endloop
  endfacet
  facet normal 0.99863 0.0523358 0
    outer loop
      vertex -113.863 -60.2634 2
      vertex -113.305 -70.9107 12
      vertex -113.305 -70.9107 2
    endloop
  endfacet
  facet normal 0.965914 0.258863 0
    outer loop
      vertex -110.545 -81.2093 12
      vertex -113.305 -70.9107 2
      vertex -113.305 -70.9107 12
    endloop
  endfacet
  facet normal 0.965914 0.258863 0
    outer loop
      vertex -113.305 -70.9107 2
      vertex -110.545 -81.2093 12
      vertex -110.545 -81.2093 2
    endloop
  endfacet
  facet normal 0.987687 -0.156444 0
    outer loop
      vertex -113.863 -60.2634 12
      vertex -112.195 -49.7327 2
      vertex -112.195 -49.7327 12
    endloop
  endfacet
  facet normal 0.987687 -0.156444 0
    outer loop
      vertex -112.195 -49.7327 2
      vertex -113.863 -60.2634 12
      vertex -113.863 -60.2634 2
    endloop
  endfacet
  facet normal -0.707111 0.707102 0
    outer loop
      vertex -23.2981 -95.0278 2
      vertex -30.8372 -102.567 12
      vertex -23.2981 -95.0278 12
    endloop
  endfacet
  facet normal -0.707111 0.707102 0
    outer loop
      vertex -30.8372 -102.567 12
      vertex -23.2981 -95.0278 2
      vertex -30.8372 -102.567 2
    endloop
  endfacet
  facet normal 0.891021 0.453961 0
    outer loop
      vertex -105.705 -90.7091 12
      vertex -110.545 -81.2093 2
      vertex -110.545 -81.2093 12
    endloop
  endfacet
  facet normal 0.891021 0.453961 0
    outer loop
      vertex -110.545 -81.2093 2
      vertex -105.705 -90.7091 12
      vertex -105.705 -90.7091 2
    endloop
  endfacet
  facet normal -0.156444 0.987687 0
    outer loop
      vertex -49.7327 -112.195 2
      vertex -60.2634 -113.863 12
      vertex -49.7327 -112.195 12
    endloop
  endfacet
  facet normal -0.156444 0.987687 0
    outer loop
      vertex -60.2634 -113.863 12
      vertex -49.7327 -112.195 2
      vertex -60.2634 -113.863 2
    endloop
  endfacet
  facet normal -0.933579 0.358371 0
    outer loop
      vertex -17.4912 -86.086 2
      vertex -13.6703 -76.1323 12
      vertex -13.6703 -76.1323 2
    endloop
  endfacet
  facet normal -0.933579 0.358371 0
    outer loop
      vertex -13.6703 -76.1323 12
      vertex -17.4912 -86.086 2
      vertex -17.4912 -86.086 12
    endloop
  endfacet
  facet normal 0.0523358 0.99863 -0
    outer loop
      vertex -60.2634 -113.863 2
      vertex -70.9107 -113.305 12
      vertex -60.2634 -113.863 12
    endloop
  endfacet
  facet normal 0.0523358 0.99863 0
    outer loop
      vertex -70.9107 -113.305 12
      vertex -60.2634 -113.863 2
      vertex -70.9107 -113.305 2
    endloop
  endfacet
  facet normal -0.777142 -0.629326 0
    outer loop
      vertex -20.1603 -35.1559 4
      vertex -26.8701 -26.8701 12
      vertex -26.8701 -26.8701 4
    endloop
  endfacet
  facet normal -0.777142 -0.629326 0
    outer loop
      vertex -26.8701 -26.8701 12
      vertex -20.1603 -35.1559 4
      vertex -20.1603 -35.1559 12
    endloop
  endfacet
  facet normal 0.258863 0.965914 -0
    outer loop
      vertex -70.9107 -113.305 2
      vertex -81.2093 -110.545 12
      vertex -70.9107 -113.305 12
    endloop
  endfacet
  facet normal 0.258863 0.965914 0
    outer loop
      vertex -81.2093 -110.545 12
      vertex -70.9107 -113.305 2
      vertex -81.2093 -110.545 2
    endloop
  endfacet
  facet normal -0.453991 -0.891006 0
    outer loop
      vertex -44.6557 -15.3199 4
      vertex -35.1559 -20.1603 12
      vertex -44.6557 -15.3199 12
    endloop
  endfacet
  facet normal -0.453991 -0.891006 -0
    outer loop
      vertex -35.1559 -20.1603 12
      vertex -44.6557 -15.3199 4
      vertex -35.1559 -20.1603 4
    endloop
  endfacet
  facet normal 0.838665 -0.544647 0
    outer loop
      vertex -108.374 -39.779 12
      vertex -102.567 -30.8372 2
      vertex -102.567 -30.8372 12
    endloop
  endfacet
  facet normal 0.838665 -0.544647 0
    outer loop
      vertex -102.567 -30.8372 2
      vertex -108.374 -39.779 12
      vertex -108.374 -39.779 2
    endloop
  endfacet
  facet normal -0.258819 -0.965926 0
    outer loop
      vertex -54.9543 -12.5604 4
      vertex -44.6557 -15.3199 12
      vertex -54.9543 -12.5604 12
    endloop
  endfacet
  facet normal -0.258819 -0.965926 -0
    outer loop
      vertex -44.6557 -15.3199 12
      vertex -54.9543 -12.5604 4
      vertex -44.6557 -15.3199 4
    endloop
  endfacet
  facet normal 0.707102 -0.707111 0
    outer loop
      vertex -102.567 -30.8372 12
      vertex -95.0278 -23.2981 2
      vertex -95.0278 -23.2981 12
    endloop
  endfacet
  facet normal 0.707102 -0.707111 0
    outer loop
      vertex -95.0278 -23.2981 2
      vertex -102.567 -30.8372 12
      vertex -102.567 -30.8372 2
    endloop
  endfacet
  facet normal -0.629326 -0.777142 0
    outer loop
      vertex -35.1559 -20.1603 4
      vertex -26.8701 -26.8701 12
      vertex -35.1559 -20.1603 12
    endloop
  endfacet
  facet normal -0.629326 -0.777142 -0
    outer loop
      vertex -26.8701 -26.8701 12
      vertex -35.1559 -20.1603 4
      vertex -26.8701 -26.8701 4
    endloop
  endfacet
  facet normal -0.0523358 -0.99863 0
    outer loop
      vertex -65.6016 -12.0024 4
      vertex -54.9543 -12.5604 12
      vertex -65.6016 -12.0024 12
    endloop
  endfacet
  facet normal -0.0523358 -0.99863 -0
    outer loop
      vertex -54.9543 -12.5604 12
      vertex -65.6016 -12.0024 4
      vertex -54.9543 -12.5604 4
    endloop
  endfacet
  facet normal -0.544647 0.838665 0
    outer loop
      vertex -30.8372 -102.567 2
      vertex -39.779 -108.374 12
      vertex -30.8372 -102.567 12
    endloop
  endfacet
  facet normal -0.544647 0.838665 0
    outer loop
      vertex -39.779 -108.374 12
      vertex -30.8372 -102.567 2
      vertex -39.779 -108.374 2
    endloop
  endfacet
  facet normal 0.156435 -0.987688 -2.87377e-06
    outer loop
      vertex -76.1323 -13.6703 12
      vertex -68.4 -12.4456 4
      vertex -65.6016 -12.0024 12
    endloop
  endfacet
  facet normal 0.156437 -0.987688 0
    outer loop
      vertex -76.1323 -13.6703 2
      vertex -68.4 -12.4456 4
      vertex -76.1323 -13.6703 12
    endloop
  endfacet
  facet normal 0.156437 -0.987688 0
    outer loop
      vertex -68.4 -12.4456 4
      vertex -76.1323 -13.6703 2
      vertex -68.4 -12.4456 2
    endloop
  endfacet
  facet normal 0.156427 -0.98769 0
    outer loop
      vertex -65.6016 -12.0024 12
      vertex -68.4 -12.4456 4
      vertex -65.6016 -12.0024 4
    endloop
  endfacet
  facet normal -0.965926 -0.258819 0
    outer loop
      vertex -12.5604 -54.9543 4
      vertex -15.3199 -44.6557 12
      vertex -15.3199 -44.6557 4
    endloop
  endfacet
  facet normal -0.965926 -0.258819 0
    outer loop
      vertex -15.3199 -44.6557 12
      vertex -12.5604 -54.9543 4
      vertex -12.5604 -54.9543 12
    endloop
  endfacet
  facet normal -0.62932 0.777146 0
    outer loop
      vertex 56.6692 -53.2878 4
      vertex 54.8008 -54.8008 21
      vertex 56.6692 -53.2878 21
    endloop
  endfacet
  facet normal -0.62932 0.777146 0
    outer loop
      vertex 54.8008 -54.8008 21
      vertex 56.6692 -53.2878 4
      vertex 54.8008 -54.8008 4
    endloop
  endfacet
  facet normal 0.891007 -0.453989 0
    outer loop
      vertex 72.5772 -69.1959 21
      vertex 73.6687 -67.0537 4
      vertex 73.6687 -67.0537 21
    endloop
  endfacet
  facet normal 0.891007 -0.453989 0
    outer loop
      vertex 73.6687 -67.0537 4
      vertex 72.5772 -69.1959 21
      vertex 72.5772 -69.1959 4
    endloop
  endfacet
  facet normal 0.838671 0.544639 0
    outer loop
      vertex 73.1791 -57.7116 21
      vertex 71.8697 -55.6953 4
      vertex 71.8697 -55.6953 21
    endloop
  endfacet
  facet normal 0.838671 0.544639 0
    outer loop
      vertex 71.8697 -55.6953 4
      vertex 73.1791 -57.7116 21
      vertex 73.1791 -57.7116 4
    endloop
  endfacet
  facet normal -0.0523047 0.998631 0
    outer loop
      vertex 63.5344 -51.4483 4
      vertex 61.8638 -51.5358 21
      vertex 63.5344 -51.4483 21
    endloop
  endfacet
  facet normal -0.0523047 0.998631 0
    outer loop
      vertex 61.8638 -51.5358 21
      vertex 63.5344 -51.4483 4
      vertex 61.8638 -51.5358 4
    endloop
  endfacet
  facet normal 0 0 1
    outer loop
      vertex 75.6604 -62.9325 4
      vertex 74.296 -61.568 4
      vertex 74.4167 -62.3306 4
    endloop
  endfacet
  facet normal 0 0 1
    outer loop
      vertex 75.6604 -62.9325 4
      vertex 74.4167 -62.3306 4
      vertex 74.3147 -64.2783 4
    endloop
  endfacet
  facet normal 0 0 1
    outer loop
      vertex 51.5503 -61.5868 4
      vertex 50.2046 -62.9325 4
      vertex 51.4483 -63.5344 4
    endloop
  endfacet
  facet normal 0 0 1
    outer loop
      vertex 51.569 -64.297 4
      vertex 51.4483 -63.5344 4
      vertex 50.2046 -62.9325 4
    endloop
  endfacet
  facet normal -0 0 1
    outer loop
      vertex 62.3306 -74.4167 4
      vertex 62.9325 -75.6604 4
      vertex 64.2783 -74.3147 4
    endloop
  endfacet
  facet normal 0 0 1
    outer loop
      vertex 62.9325 -75.6604 4
      vertex 62.3306 -74.4167 4
      vertex 61.568 -74.296 4
    endloop
  endfacet
  facet normal 0 0 -1
    outer loop
      vertex 57.7116 -73.1791 4
      vertex 61.568 -74.296 4
      vertex 59.9561 -74.0406 4
    endloop
  endfacet
  facet normal 0 0 -1
    outer loop
      vertex 55.6953 -71.8697 4
      vertex 61.568 -74.296 4
      vertex 57.7116 -73.1791 4
    endloop
  endfacet
  facet normal 0 0 -1
    outer loop
      vertex 53.9953 -70.1697 4
      vertex 61.568 -74.296 4
      vertex 55.6953 -71.8697 4
    endloop
  endfacet
  facet normal 0 0 -1
    outer loop
      vertex 52.6859 -68.1534 4
      vertex 61.568 -74.296 4
      vertex 53.9953 -70.1697 4
    endloop
  endfacet
  facet normal 0 0 -1
    outer loop
      vertex 51.569 -64.297 4
      vertex 52.6859 -68.1534 4
      vertex 51.8244 -65.9089 4
    endloop
  endfacet
  facet normal 0 0 -1
    outer loop
      vertex 52.6859 -68.1534 4
      vertex 51.569 -64.297 4
      vertex 61.568 -74.296 4
    endloop
  endfacet
  facet normal 0 0 -1
    outer loop
      vertex 73.6687 -67.0537 4
      vertex 74.3147 -64.2783 4
      vertex 74.2909 -64.7315 4
    endloop
  endfacet
  facet normal 0 0 -1
    outer loop
      vertex 72.5772 -69.1959 4
      vertex 74.3147 -64.2783 4
      vertex 73.6687 -67.0537 4
    endloop
  endfacet
  facet normal 0 0 -1
    outer loop
      vertex 71.0642 -71.0642 4
      vertex 74.3147 -64.2783 4
      vertex 72.5772 -69.1959 4
    endloop
  endfacet
  facet normal 0 0 -1
    outer loop
      vertex 69.1959 -72.5772 4
      vertex 74.3147 -64.2783 4
      vertex 71.0642 -71.0642 4
    endloop
  endfacet
  facet normal 0 0 -1
    outer loop
      vertex 67.0537 -73.6687 4
      vertex 74.3147 -64.2783 4
      vertex 69.1959 -72.5772 4
    endloop
  endfacet
  facet normal 0 0 -1
    outer loop
      vertex 64.2783 -74.3147 4
      vertex 67.0537 -73.6687 4
      vertex 64.7315 -74.2909 4
    endloop
  endfacet
  facet normal -0 0 -1
    outer loop
      vertex 67.0537 -73.6687 4
      vertex 64.2783 -74.3147 4
      vertex 74.3147 -64.2783 4
    endloop
  endfacet
  facet normal 0.933592 0.358338 0
    outer loop
      vertex 74.0406 -59.9561 21
      vertex 73.1791 -57.7116 4
      vertex 73.1791 -57.7116 21
    endloop
  endfacet
  facet normal 0.933592 0.358338 0
    outer loop
      vertex 73.1791 -57.7116 4
      vertex 74.0406 -59.9561 21
      vertex 74.0406 -59.9561 4
    endloop
  endfacet
  facet normal 0.629341 -0.77713 0
    outer loop
      vertex 69.1959 -72.5772 4
      vertex 71.0642 -71.0642 21
      vertex 69.1959 -72.5772 21
    endloop
  endfacet
  facet normal 0.629341 -0.77713 0
    outer loop
      vertex 71.0642 -71.0642 21
      vertex 69.1959 -72.5772 4
      vertex 71.0642 -71.0642 4
    endloop
  endfacet
  facet normal 0.77713 -0.629341 0
    outer loop
      vertex 71.0642 -71.0642 21
      vertex 72.5772 -69.1959 4
      vertex 72.5772 -69.1959 21
    endloop
  endfacet
  facet normal 0.77713 -0.629341 0
    outer loop
      vertex 72.5772 -69.1959 4
      vertex 71.0642 -71.0642 21
      vertex 71.0642 -71.0642 4
    endloop
  endfacet
  facet normal -0.454006 0.890999 0
    outer loop
      vertex 58.8113 -52.1963 4
      vertex 56.6692 -53.2878 21
      vertex 58.8113 -52.1963 21
    endloop
  endfacet
  facet normal -0.454006 0.890999 0
    outer loop
      vertex 56.6692 -53.2878 21
      vertex 58.8113 -52.1963 4
      vertex 56.6692 -53.2878 4
    endloop
  endfacet
  facet normal -0.987705 -0.156328 0
    outer loop
      vertex 51.569 -64.297 4
      vertex 51.4483 -63.5344 21
      vertex 51.4483 -63.5344 4
    endloop
  endfacet
  facet normal -0.987679 -0.156494 -0
    outer loop
      vertex 51.8244 -65.9089 21
      vertex 51.569 -64.297 4
      vertex 51.8244 -65.9089 4
    endloop
  endfacet
  facet normal -0.987687 -0.156441 5.18012e-06
    outer loop
      vertex 51.569 -64.297 4
      vertex 51.8244 -65.9089 21
      vertex 51.4483 -63.5344 21
    endloop
  endfacet
  facet normal -0.890999 0.454006 0
    outer loop
      vertex 52.1963 -58.8113 4
      vertex 53.2878 -56.6692 21
      vertex 53.2878 -56.6692 4
    endloop
  endfacet
  facet normal -0.890999 0.454006 0
    outer loop
      vertex 53.2878 -56.6692 21
      vertex 52.1963 -58.8113 4
      vertex 52.1963 -58.8113 21
    endloop
  endfacet
  facet normal 0.0522978 -0.998632 0
    outer loop
      vertex 64.2783 -74.3147 4
      vertex 62.3306 -74.4167 21
      vertex 62.3306 -74.4167 4
    endloop
  endfacet
  facet normal 0.0523252 -0.99863 3.15282e-06
    outer loop
      vertex 62.3306 -74.4167 21
      vertex 64.2783 -74.3147 4
      vertex 64.7315 -74.2909 21
    endloop
  endfacet
  facet normal 0.0524432 -0.998624 0
    outer loop
      vertex 64.7315 -74.2909 21
      vertex 64.2783 -74.3147 4
      vertex 64.7315 -74.2909 4
    endloop
  endfacet
  facet normal 0.54462 0.838683 0
    outer loop
      vertex 68.4 -52.8461 4
      vertex 70.1697 -53.9953 21
      vertex 70.1697 -53.9953 4
    endloop
  endfacet
  facet normal 0.544639 0.838671 -2.7702e-06
    outer loop
      vertex 70.1697 -53.9953 21
      vertex 68.4 -52.8461 4
      vertex 68.1534 -52.6859 21
    endloop
  endfacet
  facet normal 0.544773 0.838583 0
    outer loop
      vertex 68.1534 -52.6859 21
      vertex 68.4 -52.8461 4
      vertex 68.1534 -52.6859 4
    endloop
  endfacet
  facet normal 0 0 1
    outer loop
      vertex 73.1791 -57.7116 21
      vertex 64.7003 -61.1647 21
      vertex 65.4325 -62.9325 21
    endloop
  endfacet
  facet normal 0 0 1
    outer loop
      vertex 62.9325 -60.4325 21
      vertex 65.9089 -51.8244 21
      vertex 63.5344 -51.4483 21
    endloop
  endfacet
  facet normal 0 0 1
    outer loop
      vertex 68.1534 -52.6859 21
      vertex 62.9325 -60.4325 21
      vertex 64.7003 -61.1647 21
    endloop
  endfacet
  facet normal 0 0 1
    outer loop
      vertex 61.7678 -51.7678 21
      vertex 63.5344 -51.4483 21
      vertex 61.8638 -51.5358 21
    endloop
  endfacet
  facet normal 0 0 1
    outer loop
      vertex 63.5344 -51.4483 21
      vertex 61.7678 -51.7678 21
      vertex 62.9325 -60.4325 21
    endloop
  endfacet
  facet normal -0 0 1
    outer loop
      vertex 60 -52.5 21
      vertex 62.9325 -60.4325 21
      vertex 61.7678 -51.7678 21
    endloop
  endfacet
  facet normal 0 0 1
    outer loop
      vertex 62.9325 -60.4325 21
      vertex 60 -52.5 21
      vertex 61.1647 -61.1647 21
    endloop
  endfacet
  facet normal -0 0 1
    outer loop
      vertex 56.6692 -53.2878 21
      vertex 61.1647 -61.1647 21
      vertex 60 -52.5 21
    endloop
  endfacet
  facet normal 0 0 1
    outer loop
      vertex 65.4325 -62.9325 21
      vertex 74.4167 -62.3306 21
      vertex 74.0406 -59.9561 21
    endloop
  endfacet
  facet normal 0 0 1
    outer loop
      vertex 74.4167 -62.3306 21
      vertex 65.4325 -62.9325 21
      vertex 74.2909 -64.7315 21
    endloop
  endfacet
  facet normal 0 0 1
    outer loop
      vertex 65.4325 -62.9325 21
      vertex 74.0406 -59.9561 21
      vertex 73.1791 -57.7116 21
    endloop
  endfacet
  facet normal 0 0 1
    outer loop
      vertex 74.2909 -64.7315 21
      vertex 65.4325 -62.9325 21
      vertex 73.6687 -67.0537 21
    endloop
  endfacet
  facet normal 0 0 1
    outer loop
      vertex 64.7003 -61.1647 21
      vertex 73.1791 -57.7116 21
      vertex 71.8697 -55.6953 21
    endloop
  endfacet
  facet normal -0 0 1
    outer loop
      vertex 64.7003 -64.7003 21
      vertex 73.6687 -67.0537 21
      vertex 65.4325 -62.9325 21
    endloop
  endfacet
  facet normal 0 0 1
    outer loop
      vertex 64.7003 -61.1647 21
      vertex 71.8697 -55.6953 21
      vertex 70.1697 -53.9953 21
    endloop
  endfacet
  facet normal 0 0 1
    outer loop
      vertex 73.6687 -67.0537 21
      vertex 64.7003 -64.7003 21
      vertex 72.5772 -69.1959 21
    endloop
  endfacet
  facet normal 0 0 1
    outer loop
      vertex 64.7003 -61.1647 21
      vertex 70.1697 -53.9953 21
      vertex 68.1534 -52.6859 21
    endloop
  endfacet
  facet normal 0 0 1
    outer loop
      vertex 72.5772 -69.1959 21
      vertex 64.7003 -64.7003 21
      vertex 71.0642 -71.0642 21
    endloop
  endfacet
  facet normal 0 0 1
    outer loop
      vertex 62.9325 -60.4325 21
      vertex 68.1534 -52.6859 21
      vertex 65.9089 -51.8244 21
    endloop
  endfacet
  facet normal 0 0 1
    outer loop
      vertex 71.0642 -71.0642 21
      vertex 64.7003 -64.7003 21
      vertex 69.1959 -72.5772 21
    endloop
  endfacet
  facet normal 0 0 1
    outer loop
      vertex 69.1959 -72.5772 21
      vertex 64.7003 -64.7003 21
      vertex 67.0537 -73.6687 21
    endloop
  endfacet
  facet normal -0 0 1
    outer loop
      vertex 62.9325 -65.4325 21
      vertex 67.0537 -73.6687 21
      vertex 64.7003 -64.7003 21
    endloop
  endfacet
  facet normal 0 0 1
    outer loop
      vertex 67.0537 -73.6687 21
      vertex 62.9325 -65.4325 21
      vertex 64.7315 -74.2909 21
    endloop
  endfacet
  facet normal 0 0 1
    outer loop
      vertex 62.9325 -65.4325 21
      vertex 62.3306 -74.4167 21
      vertex 64.7315 -74.2909 21
    endloop
  endfacet
  facet normal 0 0 1
    outer loop
      vertex 57.7116 -73.1791 21
      vertex 62.9325 -65.4325 21
      vertex 61.1647 -64.7003 21
    endloop
  endfacet
  facet normal 0 0 1
    outer loop
      vertex 52.6859 -68.1534 21
      vertex 61.1647 -64.7003 21
      vertex 60.4325 -62.9325 21
    endloop
  endfacet
  facet normal 0 0 1
    outer loop
      vertex 62.9325 -65.4325 21
      vertex 59.9561 -74.0406 21
      vertex 62.3306 -74.4167 21
    endloop
  endfacet
  facet normal -0 0 1
    outer loop
      vertex 54.8008 -54.8008 21
      vertex 61.1647 -61.1647 21
      vertex 56.6692 -53.2878 21
    endloop
  endfacet
  facet normal -0 0 1
    outer loop
      vertex 58.8113 -52.1963 21
      vertex 60 -52.5 21
      vertex 59.0879 -52.1222 21
    endloop
  endfacet
  facet normal 0 0 1
    outer loop
      vertex 60 -52.5 21
      vertex 58.8113 -52.1963 21
      vertex 56.6692 -53.2878 21
    endloop
  endfacet
  facet normal 0 0 1
    outer loop
      vertex 62.9325 -65.4325 21
      vertex 57.7116 -73.1791 21
      vertex 59.9561 -74.0406 21
    endloop
  endfacet
  facet normal -0 0 1
    outer loop
      vertex 53.2878 -56.6692 21
      vertex 61.1647 -61.1647 21
      vertex 54.8008 -54.8008 21
    endloop
  endfacet
  facet normal 0 0 1
    outer loop
      vertex 61.1647 -64.7003 21
      vertex 55.6953 -71.8697 21
      vertex 57.7116 -73.1791 21
    endloop
  endfacet
  facet normal -0 0 1
    outer loop
      vertex 52.1963 -58.8113 21
      vertex 61.1647 -61.1647 21
      vertex 53.2878 -56.6692 21
    endloop
  endfacet
  facet normal 0 0 1
    outer loop
      vertex 61.1647 -64.7003 21
      vertex 53.9953 -70.1697 21
      vertex 55.6953 -71.8697 21
    endloop
  endfacet
  facet normal 0 0 1
    outer loop
      vertex 61.1647 -61.1647 21
      vertex 52.1963 -58.8113 21
      vertex 60.4325 -62.9325 21
    endloop
  endfacet
  facet normal 0 0 1
    outer loop
      vertex 61.1647 -64.7003 21
      vertex 52.6859 -68.1534 21
      vertex 53.9953 -70.1697 21
    endloop
  endfacet
  facet normal 0 0 1
    outer loop
      vertex 60.4325 -62.9325 21
      vertex 52.1963 -58.8113 21
      vertex 51.5741 -61.1335 21
    endloop
  endfacet
  facet normal 0 0 1
    outer loop
      vertex 60.4325 -62.9325 21
      vertex 51.8244 -65.9089 21
      vertex 52.6859 -68.1534 21
    endloop
  endfacet
  facet normal 0 0 1
    outer loop
      vertex 60.4325 -62.9325 21
      vertex 51.5741 -61.1335 21
      vertex 51.4483 -63.5344 21
    endloop
  endfacet
  facet normal 0 0 1
    outer loop
      vertex 60.4325 -62.9325 21
      vertex 51.4483 -63.5344 21
      vertex 51.8244 -65.9089 21
    endloop
  endfacet
  facet normal -0.933592 -0.358338 0
    outer loop
      vertex 52.6859 -68.1534 4
      vertex 51.8244 -65.9089 21
      vertex 51.8244 -65.9089 4
    endloop
  endfacet
  facet normal -0.933592 -0.358338 0
    outer loop
      vertex 51.8244 -65.9089 21
      vertex 52.6859 -68.1534 4
      vertex 52.6859 -68.1534 21
    endloop
  endfacet
  facet normal 0.965929 -0.258807 0
    outer loop
      vertex 73.6687 -67.0537 21
      vertex 74.2909 -64.7315 4
      vertex 74.2909 -64.7315 21
    endloop
  endfacet
  facet normal 0.965929 -0.258807 0
    outer loop
      vertex 74.2909 -64.7315 4
      vertex 73.6687 -67.0537 21
      vertex 73.6687 -67.0537 4
    endloop
  endfacet
  facet normal -0.156494 -0.987679 0
    outer loop
      vertex 61.568 -74.296 4
      vertex 59.9561 -74.0406 21
      vertex 59.9561 -74.0406 4
    endloop
  endfacet
  facet normal -0.156441 -0.987687 5.18012e-06
    outer loop
      vertex 59.9561 -74.0406 21
      vertex 61.568 -74.296 4
      vertex 62.3306 -74.4167 21
    endloop
  endfacet
  facet normal -0.156328 -0.987705 -0
    outer loop
      vertex 62.3306 -74.4167 21
      vertex 61.568 -74.296 4
      vertex 62.3306 -74.4167 4
    endloop
  endfacet
  facet normal 0.156441 0.987687 -0
    outer loop
      vertex 65.9089 -51.8244 4
      vertex 63.5344 -51.4483 21
      vertex 65.9089 -51.8244 21
    endloop
  endfacet
  facet normal 0.156441 0.987687 0
    outer loop
      vertex 63.5344 -51.4483 21
      vertex 65.9089 -51.8244 4
      vertex 63.5344 -51.4483 4
    endloop
  endfacet
  facet normal 0.258807 -0.965929 0
    outer loop
      vertex 64.7315 -74.2909 4
      vertex 67.0537 -73.6687 21
      vertex 64.7315 -74.2909 21
    endloop
  endfacet
  facet normal 0.258807 -0.965929 0
    outer loop
      vertex 67.0537 -73.6687 21
      vertex 64.7315 -74.2909 4
      vertex 67.0537 -73.6687 4
    endloop
  endfacet
  facet normal -0.358338 -0.933592 0
    outer loop
      vertex 57.7116 -73.1791 4
      vertex 59.9561 -74.0406 21
      vertex 57.7116 -73.1791 21
    endloop
  endfacet
  facet normal -0.358338 -0.933592 -0
    outer loop
      vertex 59.9561 -74.0406 21
      vertex 57.7116 -73.1791 4
      vertex 59.9561 -74.0406 4
    endloop
  endfacet
  facet normal 0.998632 -0.0522978 0
    outer loop
      vertex 74.4167 -62.3306 21
      vertex 74.3147 -64.2783 4
      vertex 74.4167 -62.3306 4
    endloop
  endfacet
  facet normal 0.99863 -0.0523252 3.15282e-06
    outer loop
      vertex 74.2909 -64.7315 21
      vertex 74.3147 -64.2783 4
      vertex 74.4167 -62.3306 21
    endloop
  endfacet
  facet normal 0.998624 -0.0524432 0
    outer loop
      vertex 74.3147 -64.2783 4
      vertex 74.2909 -64.7315 21
      vertex 74.2909 -64.7315 4
    endloop
  endfacet
  facet normal 0.707107 0.707107 -0
    outer loop
      vertex 71.8697 -55.6953 4
      vertex 70.1697 -53.9953 21
      vertex 71.8697 -55.6953 21
    endloop
  endfacet
  facet normal 0.707107 0.707107 0
    outer loop
      vertex 70.1697 -53.9953 21
      vertex 71.8697 -55.6953 4
      vertex 70.1697 -53.9953 4
    endloop
  endfacet
  facet normal 0.453989 -0.891007 0
    outer loop
      vertex 67.0537 -73.6687 4
      vertex 69.1959 -72.5772 21
      vertex 67.0537 -73.6687 21
    endloop
  endfacet
  facet normal 0.453989 -0.891007 0
    outer loop
      vertex 69.1959 -72.5772 21
      vertex 67.0537 -73.6687 4
      vertex 69.1959 -72.5772 4
    endloop
  endfacet
  facet normal -0.998625 0.0524316 0
    outer loop
      vertex 51.5503 -61.5868 4
      vertex 51.5741 -61.1335 21
      vertex 51.5741 -61.1335 4
    endloop
  endfacet
  facet normal -0.998631 0.0523005 0
    outer loop
      vertex 51.4483 -63.5344 21
      vertex 51.5503 -61.5868 4
      vertex 51.4483 -63.5344 4
    endloop
  endfacet
  facet normal -0.99863 0.0523252 2.84503e-06
    outer loop
      vertex 51.5503 -61.5868 4
      vertex 51.4483 -63.5344 21
      vertex 51.5741 -61.1335 21
    endloop
  endfacet
  facet normal 0.987679 0.156494 0
    outer loop
      vertex 74.0406 -59.9561 21
      vertex 74.296 -61.568 4
      vertex 74.0406 -59.9561 4
    endloop
  endfacet
  facet normal 0.987687 0.156441 5.18012e-06
    outer loop
      vertex 74.4167 -62.3306 21
      vertex 74.296 -61.568 4
      vertex 74.0406 -59.9561 21
    endloop
  endfacet
  facet normal 0.987705 0.156328 0
    outer loop
      vertex 74.296 -61.568 4
      vertex 74.4167 -62.3306 21
      vertex 74.4167 -62.3306 4
    endloop
  endfacet
  facet normal -0.965913 0.258866 0
    outer loop
      vertex 52.0999 -59.171 4
      vertex 52.1963 -58.8113 21
      vertex 52.1963 -58.8113 4
    endloop
  endfacet
  facet normal -0.965932 0.258796 0
    outer loop
      vertex 51.5741 -61.1335 21
      vertex 52.0999 -59.171 4
      vertex 51.5741 -61.1335 4
    endloop
  endfacet
  facet normal -0.965929 0.258807 1.33937e-06
    outer loop
      vertex 52.0999 -59.171 4
      vertex 51.5741 -61.1335 21
      vertex 52.1963 -58.8113 21
    endloop
  endfacet
  facet normal -0.838671 -0.544639 0
    outer loop
      vertex 53.9953 -70.1697 4
      vertex 52.6859 -68.1534 21
      vertex 52.6859 -68.1534 4
    endloop
  endfacet
  facet normal -0.838671 -0.544639 0
    outer loop
      vertex 52.6859 -68.1534 21
      vertex 53.9953 -70.1697 4
      vertex 53.9953 -70.1697 21
    endloop
  endfacet
  facet normal 0.358338 0.933592 -0
    outer loop
      vertex 68.1534 -52.6859 4
      vertex 65.9089 -51.8244 21
      vertex 68.1534 -52.6859 21
    endloop
  endfacet
  facet normal 0.358338 0.933592 0
    outer loop
      vertex 65.9089 -51.8244 21
      vertex 68.1534 -52.6859 4
      vertex 65.9089 -51.8244 4
    endloop
  endfacet
  facet normal -0.707107 -0.707107 0
    outer loop
      vertex 55.6953 -71.8697 4
      vertex 53.9953 -70.1697 21
      vertex 53.9953 -70.1697 4
    endloop
  endfacet
  facet normal -0.707107 -0.707107 0
    outer loop
      vertex 53.9953 -70.1697 21
      vertex 55.6953 -71.8697 4
      vertex 55.6953 -71.8697 21
    endloop
  endfacet
  facet normal -0.777146 0.62932 0
    outer loop
      vertex 53.2878 -56.6692 4
      vertex 54.8008 -54.8008 21
      vertex 54.8008 -54.8008 4
    endloop
  endfacet
  facet normal -0.777146 0.62932 0
    outer loop
      vertex 54.8008 -54.8008 21
      vertex 53.2878 -56.6692 4
      vertex 53.2878 -56.6692 21
    endloop
  endfacet
  facet normal -0.544639 -0.838671 0
    outer loop
      vertex 55.6953 -71.8697 4
      vertex 57.7116 -73.1791 21
      vertex 55.6953 -71.8697 21
    endloop
  endfacet
  facet normal -0.544639 -0.838671 -0
    outer loop
      vertex 57.7116 -73.1791 21
      vertex 55.6953 -71.8697 4
      vertex 57.7116 -73.1791 4
    endloop
  endfacet
  facet normal -0.258771 0.965939 0
    outer loop
      vertex 59.0879 -52.1222 4
      vertex 58.8113 -52.1963 21
      vertex 59.0879 -52.1222 21
    endloop
  endfacet
  facet normal -0.258771 0.965939 0
    outer loop
      vertex 58.8113 -52.1963 21
      vertex 59.0879 -52.1222 4
      vertex 58.8113 -52.1963 4
    endloop
  endfacet
  facet normal -0.923888 0.382663 0
    outer loop
      vertex 60.4325 -62.9325 21
      vertex 61.1647 -61.1647 31
      vertex 61.1647 -61.1647 21
    endloop
  endfacet
  facet normal -0.923888 0.382663 0
    outer loop
      vertex 61.1647 -61.1647 31
      vertex 60.4325 -62.9325 21
      vertex 60.4325 -62.9325 31
    endloop
  endfacet
  facet normal 0.923888 0.382663 0
    outer loop
      vertex 65.4325 -62.9325 31
      vertex 64.7003 -61.1647 21
      vertex 64.7003 -61.1647 31
    endloop
  endfacet
  facet normal 0.923888 0.382663 0
    outer loop
      vertex 64.7003 -61.1647 21
      vertex 65.4325 -62.9325 31
      vertex 65.4325 -62.9325 21
    endloop
  endfacet
  facet normal 0.923888 -0.382663 0
    outer loop
      vertex 64.7003 -64.7003 31
      vertex 65.4325 -62.9325 21
      vertex 65.4325 -62.9325 31
    endloop
  endfacet
  facet normal 0.923888 -0.382663 0
    outer loop
      vertex 65.4325 -62.9325 21
      vertex 64.7003 -64.7003 31
      vertex 64.7003 -64.7003 21
    endloop
  endfacet
  facet normal -0.923888 -0.382663 0
    outer loop
      vertex 61.1647 -64.7003 21
      vertex 60.4325 -62.9325 31
      vertex 60.4325 -62.9325 21
    endloop
  endfacet
  facet normal -0.923888 -0.382663 0
    outer loop
      vertex 60.4325 -62.9325 31
      vertex 61.1647 -64.7003 21
      vertex 61.1647 -64.7003 31
    endloop
  endfacet
  facet normal -0.382663 0.923888 0
    outer loop
      vertex 62.9325 -60.4325 21
      vertex 61.1647 -61.1647 31
      vertex 62.9325 -60.4325 31
    endloop
  endfacet
  facet normal -0.382663 0.923888 0
    outer loop
      vertex 61.1647 -61.1647 31
      vertex 62.9325 -60.4325 21
      vertex 61.1647 -61.1647 21
    endloop
  endfacet
  facet normal 0 0 1
    outer loop
      vertex 64.7003 -61.1647 31
      vertex 64.7003 -64.7003 31
      vertex 65.4325 -62.9325 31
    endloop
  endfacet
  facet normal 0 0 1
    outer loop
      vertex 62.9325 -60.4325 31
      vertex 64.7003 -64.7003 31
      vertex 64.7003 -61.1647 31
    endloop
  endfacet
  facet normal 0 0 1
    outer loop
      vertex 62.9325 -60.4325 31
      vertex 62.9325 -65.4325 31
      vertex 64.7003 -64.7003 31
    endloop
  endfacet
  facet normal -0 0 1
    outer loop
      vertex 61.1647 -61.1647 31
      vertex 62.9325 -65.4325 31
      vertex 62.9325 -60.4325 31
    endloop
  endfacet
  facet normal 0 0 1
    outer loop
      vertex 61.1647 -61.1647 31
      vertex 61.1647 -64.7003 31
      vertex 62.9325 -65.4325 31
    endloop
  endfacet
  facet normal 0 -0 1
    outer loop
      vertex 61.1647 -64.7003 31
      vertex 61.1647 -61.1647 31
      vertex 60.4325 -62.9325 31
    endloop
  endfacet
  facet normal 0.382663 0.923888 -0
    outer loop
      vertex 64.7003 -61.1647 21
      vertex 62.9325 -60.4325 31
      vertex 64.7003 -61.1647 31
    endloop
  endfacet
  facet normal 0.382663 0.923888 0
    outer loop
      vertex 62.9325 -60.4325 31
      vertex 64.7003 -61.1647 21
      vertex 62.9325 -60.4325 21
    endloop
  endfacet
  facet normal 0.382663 -0.923888 0
    outer loop
      vertex 62.9325 -65.4325 21
      vertex 64.7003 -64.7003 31
      vertex 62.9325 -65.4325 31
    endloop
  endfacet
  facet normal 0.382663 -0.923888 0
    outer loop
      vertex 64.7003 -64.7003 31
      vertex 62.9325 -65.4325 21
      vertex 64.7003 -64.7003 21
    endloop
  endfacet
  facet normal -0.382663 -0.923888 0
    outer loop
      vertex 61.1647 -64.7003 21
      vertex 62.9325 -65.4325 31
      vertex 61.1647 -64.7003 31
    endloop
  endfacet
  facet normal -0.382663 -0.923888 -0
    outer loop
      vertex 62.9325 -65.4325 31
      vertex 61.1647 -64.7003 21
      vertex 62.9325 -65.4325 21
    endloop
  endfacet
  facet normal 0.707133 -0.707081 0
    outer loop
      vertex 74.3147 -64.2783 4
      vertex 75.6604 -62.9325 1
      vertex 75.6604 -62.9325 4
    endloop
  endfacet
  facet normal 0.707107 -0.707107 -2.35702e-05
    outer loop
      vertex 64.2783 -74.3147 4
      vertex 75.6604 -62.9325 1
      vertex 74.3147 -64.2783 4
    endloop
  endfacet
  facet normal 0.707081 -0.707133 0
    outer loop
      vertex 62.9325 -75.6604 1
      vertex 64.2783 -74.3147 4
      vertex 62.9325 -75.6604 4
    endloop
  endfacet
  facet normal 0.707107 -0.707107 -2.35702e-05
    outer loop
      vertex 64.2783 -74.3147 4
      vertex 62.9325 -75.6604 1
      vertex 75.6604 -62.9325 1
    endloop
  endfacet
  facet normal 0 0 -1
    outer loop
      vertex 75.6604 -62.9325 1
      vertex 66.468 -59.397 1
      vertex 68.4 -57.4 1
    endloop
  endfacet
  facet normal 0 0 -1
    outer loop
      vertex 62.9325 -75.6604 1
      vertex 66.468 -59.397 1
      vertex 75.6604 -62.9325 1
    endloop
  endfacet
  facet normal 0 0 -1
    outer loop
      vertex 62.9325 -75.6604 1
      vertex 59.397 -66.468 1
      vertex 66.468 -59.397 1
    endloop
  endfacet
  facet normal 0 0 -1
    outer loop
      vertex 50.2046 -62.9325 1
      vertex 59.397 -66.468 1
      vertex 62.9325 -75.6604 1
    endloop
  endfacet
  facet normal 0 0 -1
    outer loop
      vertex 59.397 -66.468 1
      vertex 50.2046 -62.9325 1
      vertex 53.033 -60.1041 1
    endloop
  endfacet
  facet normal 0 0 -1
    outer loop
      vertex 75.6604 -62.9325 1
      vertex 68.4 -57.4 1
      vertex 68.4 -55.6721 1
    endloop
  endfacet
  facet normal -0 0 -1
    outer loop
      vertex 68.4 -57.4 1
      vertex 66.468 -59.397 1
      vertex 64.4711 -57.4 1
    endloop
  endfacet
  facet normal -0.707107 0.707107 0
    outer loop
      vertex 53.033 -60.1041 1
      vertex 51.5503 -61.5868 4
      vertex 53.033 -60.1041 4
    endloop
  endfacet
  facet normal -0.707107 0.707107 -7.77164e-16
    outer loop
      vertex 50.2046 -62.9325 1
      vertex 51.5503 -61.5868 4
      vertex 53.033 -60.1041 1
    endloop
  endfacet
  facet normal -0.707107 0.707107 0
    outer loop
      vertex 51.5503 -61.5868 4
      vertex 50.2046 -62.9325 1
      vertex 50.2046 -62.9325 4
    endloop
  endfacet
  facet normal 0.707101 0.707113 0
    outer loop
      vertex 74.296 -61.568 4
      vertex 68.4 -55.6721 1
      vertex 68.4 -55.6721 4
    endloop
  endfacet
  facet normal 0.707133 0.707081 -0
    outer loop
      vertex 75.6604 -62.9325 1
      vertex 74.296 -61.568 4
      vertex 75.6604 -62.9325 4
    endloop
  endfacet
  facet normal 0.707107 0.707107 -2.35702e-05
    outer loop
      vertex 74.296 -61.568 4
      vertex 75.6604 -62.9325 1
      vertex 68.4 -55.6721 1
    endloop
  endfacet
  facet normal -0.707133 -0.707081 0
    outer loop
      vertex 50.2046 -62.9325 1
      vertex 51.569 -64.297 4
      vertex 50.2046 -62.9325 4
    endloop
  endfacet
  facet normal -0.707107 -0.707107 -2.35702e-05
    outer loop
      vertex 50.2046 -62.9325 1
      vertex 61.568 -74.296 4
      vertex 51.569 -64.297 4
    endloop
  endfacet
  facet normal -0.707107 -0.707107 -2.35702e-05
    outer loop
      vertex 62.9325 -75.6604 1
      vertex 61.568 -74.296 4
      vertex 50.2046 -62.9325 1
    endloop
  endfacet
  facet normal -0.707081 -0.707133 0
    outer loop
      vertex 61.568 -74.296 4
      vertex 62.9325 -75.6604 1
      vertex 62.9325 -75.6604 4
    endloop
  endfacet
  facet normal -0.629327 0.777141 0
    outer loop
      vertex 35.2648 -20.328 34
      vertex 27.0115 -27.0115 35
      vertex 35.2648 -20.328 35
    endloop
  endfacet
  facet normal -0.629327 0.777141 0
    outer loop
      vertex 27.0115 -27.0115 35
      vertex 35.2648 -20.328 34
      vertex 27.0115 -27.0115 34
    endloop
  endfacet
  facet normal 0.891023 -0.453958 0
    outer loop
      vertex 105.537 -90.6002 35
      vertex 110.358 -81.1376 34
      vertex 110.358 -81.1376 35
    endloop
  endfacet
  facet normal 0.891023 -0.453958 0
    outer loop
      vertex 110.358 -81.1376 34
      vertex 105.537 -90.6002 35
      vertex 105.537 -90.6002 34
    endloop
  endfacet
  facet normal 0.838677 0.54463 0
    outer loop
      vertex 108.196 -39.8698 35
      vertex 102.412 -30.963 34
      vertex 102.412 -30.963 35
    endloop
  endfacet
  facet normal 0.838677 0.54463 0
    outer loop
      vertex 102.412 -30.963 34
      vertex 108.196 -39.8698 35
      vertex 108.196 -39.8698 34
    endloop
  endfacet
  facet normal 0.933577 0.358376 0
    outer loop
      vertex 112.002 -49.7845 35
      vertex 108.196 -39.8698 34
      vertex 108.196 -39.8698 35
    endloop
  endfacet
  facet normal 0.933577 0.358376 0
    outer loop
      vertex 108.196 -39.8698 34
      vertex 112.002 -49.7845 35
      vertex 112.002 -49.7845 34
    endloop
  endfacet
  facet normal -0.0523345 0.99863 0
    outer loop
      vertex 65.5912 -12.2021 34
      vertex 54.9856 -12.7579 35
      vertex 65.5912 -12.2021 35
    endloop
  endfacet
  facet normal -0.0523345 0.99863 0
    outer loop
      vertex 54.9856 -12.7579 35
      vertex 65.5912 -12.2021 34
      vertex 54.9856 -12.7579 34
    endloop
  endfacet
  facet normal 0 0 -1
    outer loop
      vertex 113.107 -70.8794 34
      vertex 112.002 -49.7845 34
      vertex 113.663 -60.2738 34
    endloop
  endfacet
  facet normal 0 0 -1
    outer loop
      vertex 110.358 -81.1376 34
      vertex 112.002 -49.7845 34
      vertex 113.107 -70.8794 34
    endloop
  endfacet
  facet normal 0 0 -1
    outer loop
      vertex 110.358 -81.1376 34
      vertex 108.196 -39.8698 34
      vertex 112.002 -49.7845 34
    endloop
  endfacet
  facet normal 0 0 -1
    outer loop
      vertex 105.537 -90.6002 34
      vertex 108.196 -39.8698 34
      vertex 110.358 -81.1376 34
    endloop
  endfacet
  facet normal 0 0 -1
    outer loop
      vertex 105.537 -90.6002 34
      vertex 102.412 -30.963 34
      vertex 108.196 -39.8698 34
    endloop
  endfacet
  facet normal 0 0 -1
    outer loop
      vertex 98.8535 -98.8535 34
      vertex 102.412 -30.963 34
      vertex 105.537 -90.6002 34
    endloop
  endfacet
  facet normal 0 0 -1
    outer loop
      vertex 98.8535 -98.8535 34
      vertex 94.902 -23.4535 34
      vertex 102.412 -30.963 34
    endloop
  endfacet
  facet normal 0 0 -1
    outer loop
      vertex 90.6002 -105.537 34
      vertex 94.902 -23.4535 34
      vertex 98.8535 -98.8535 34
    endloop
  endfacet
  facet normal 0 0 -1
    outer loop
      vertex 90.6002 -105.537 34
      vertex 85.9952 -17.6694 34
      vertex 94.902 -23.4535 34
    endloop
  endfacet
  facet normal 0 0 -1
    outer loop
      vertex 81.1376 -110.358 34
      vertex 85.9952 -17.6694 34
      vertex 90.6002 -105.537 34
    endloop
  endfacet
  facet normal 0 0 -1
    outer loop
      vertex 81.1376 -110.358 34
      vertex 76.0805 -13.8635 34
      vertex 85.9952 -17.6694 34
    endloop
  endfacet
  facet normal 0 0 -1
    outer loop
      vertex 70.8794 -113.107 34
      vertex 76.0805 -13.8635 34
      vertex 81.1376 -110.358 34
    endloop
  endfacet
  facet normal 0 0 -1
    outer loop
      vertex 70.8794 -113.107 34
      vertex 65.5912 -12.2021 34
      vertex 76.0805 -13.8635 34
    endloop
  endfacet
  facet normal 0 0 -1
    outer loop
      vertex 60.2738 -113.663 34
      vertex 65.5912 -12.2021 34
      vertex 70.8794 -113.107 34
    endloop
  endfacet
  facet normal 0 0 -1
    outer loop
      vertex 60.2738 -113.663 34
      vertex 54.9856 -12.7579 34
      vertex 65.5912 -12.2021 34
    endloop
  endfacet
  facet normal 0 0 -1
    outer loop
      vertex 49.7845 -112.002 34
      vertex 54.9856 -12.7579 34
      vertex 60.2738 -113.663 34
    endloop
  endfacet
  facet normal 0 0 -1
    outer loop
      vertex 49.7845 -112.002 34
      vertex 44.7274 -15.5066 34
      vertex 54.9856 -12.7579 34
    endloop
  endfacet
  facet normal 0 0 -1
    outer loop
      vertex 39.8698 -108.196 34
      vertex 44.7274 -15.5066 34
      vertex 49.7845 -112.002 34
    endloop
  endfacet
  facet normal 0 0 -1
    outer loop
      vertex 39.8698 -108.196 34
      vertex 35.2648 -20.328 34
      vertex 44.7274 -15.5066 34
    endloop
  endfacet
  facet normal 0 0 -1
    outer loop
      vertex 30.963 -102.412 34
      vertex 35.2648 -20.328 34
      vertex 39.8698 -108.196 34
    endloop
  endfacet
  facet normal 0 0 -1
    outer loop
      vertex 30.963 -102.412 34
      vertex 27.0115 -27.0115 34
      vertex 35.2648 -20.328 34
    endloop
  endfacet
  facet normal 0 0 -1
    outer loop
      vertex 23.4535 -94.902 34
      vertex 27.0115 -27.0115 34
      vertex 30.963 -102.412 34
    endloop
  endfacet
  facet normal 0 0 -1
    outer loop
      vertex 23.4535 -94.902 34
      vertex 20.328 -35.2648 34
      vertex 27.0115 -27.0115 34
    endloop
  endfacet
  facet normal 0 0 -1
    outer loop
      vertex 17.6694 -85.9952 34
      vertex 20.328 -35.2648 34
      vertex 23.4535 -94.902 34
    endloop
  endfacet
  facet normal 0 0 -1
    outer loop
      vertex 17.6694 -85.9952 34
      vertex 15.5066 -44.7274 34
      vertex 20.328 -35.2648 34
    endloop
  endfacet
  facet normal 0 0 -1
    outer loop
      vertex 13.8635 -76.0805 34
      vertex 15.5066 -44.7274 34
      vertex 17.6694 -85.9952 34
    endloop
  endfacet
  facet normal 0 0 -1
    outer loop
      vertex 13.8635 -76.0805 34
      vertex 12.7579 -54.9856 34
      vertex 15.5066 -44.7274 34
    endloop
  endfacet
  facet normal 0 -0 -1
    outer loop
      vertex 12.7579 -54.9856 34
      vertex 13.8635 -76.0805 34
      vertex 12.2021 -65.5912 34
    endloop
  endfacet
  facet normal 0.629327 -0.777141 0
    outer loop
      vertex 90.6002 -105.537 34
      vertex 98.8535 -98.8535 35
      vertex 90.6002 -105.537 35
    endloop
  endfacet
  facet normal 0.629327 -0.777141 0
    outer loop
      vertex 98.8535 -98.8535 35
      vertex 90.6002 -105.537 34
      vertex 98.8535 -98.8535 34
    endloop
  endfacet
  facet normal 0.777141 -0.629327 0
    outer loop
      vertex 98.8535 -98.8535 35
      vertex 105.537 -90.6002 34
      vertex 105.537 -90.6002 35
    endloop
  endfacet
  facet normal 0.777141 -0.629327 0
    outer loop
      vertex 105.537 -90.6002 34
      vertex 98.8535 -98.8535 35
      vertex 98.8535 -98.8535 34
    endloop
  endfacet
  facet normal -0.987687 -0.15644 0
    outer loop
      vertex 13.8635 -76.0805 34
      vertex 12.2021 -65.5912 35
      vertex 12.2021 -65.5912 34
    endloop
  endfacet
  facet normal -0.987687 -0.15644 0
    outer loop
      vertex 12.2021 -65.5912 35
      vertex 13.8635 -76.0805 34
      vertex 13.8635 -76.0805 35
    endloop
  endfacet
  facet normal 0.258847 -0.965918 0
    outer loop
      vertex 70.8794 -113.107 34
      vertex 81.1376 -110.358 35
      vertex 70.8794 -113.107 35
    endloop
  endfacet
  facet normal 0.258847 -0.965918 0
    outer loop
      vertex 81.1376 -110.358 35
      vertex 70.8794 -113.107 34
      vertex 81.1376 -110.358 34
    endloop
  endfacet
  facet normal -0.891008 0.453988 0
    outer loop
      vertex 15.5066 -44.7274 34
      vertex 20.328 -35.2648 35
      vertex 20.328 -35.2648 34
    endloop
  endfacet
  facet normal -0.891008 0.453988 0
    outer loop
      vertex 20.328 -35.2648 35
      vertex 15.5066 -44.7274 34
      vertex 15.5066 -44.7274 35
    endloop
  endfacet
  facet normal 0.544636 0.838672 -0
    outer loop
      vertex 94.902 -23.4535 34
      vertex 85.9952 -17.6694 35
      vertex 94.902 -23.4535 35
    endloop
  endfacet
  facet normal 0.544636 0.838672 0
    outer loop
      vertex 85.9952 -17.6694 35
      vertex 94.902 -23.4535 34
      vertex 85.9952 -17.6694 34
    endloop
  endfacet
  facet normal 0 0 1
    outer loop
      vertex 67.9325 -62.9325 35
      vertex 113.663 -60.2738 35
      vertex 112.002 -49.7845 35
    endloop
  endfacet
  facet normal 0 0 1
    outer loop
      vertex 113.663 -60.2738 35
      vertex 67.9325 -62.9325 35
      vertex 113.107 -70.8794 35
    endloop
  endfacet
  facet normal 0 0 1
    outer loop
      vertex 67.5519 -61.0191 35
      vertex 112.002 -49.7845 35
      vertex 108.196 -39.8698 35
    endloop
  endfacet
  facet normal -0 0 1
    outer loop
      vertex 67.5519 -64.8459 35
      vertex 113.107 -70.8794 35
      vertex 67.9325 -62.9325 35
    endloop
  endfacet
  facet normal 0 0 1
    outer loop
      vertex 67.5519 -61.0191 35
      vertex 108.196 -39.8698 35
      vertex 102.412 -30.963 35
    endloop
  endfacet
  facet normal 0 0 1
    outer loop
      vertex 113.107 -70.8794 35
      vertex 67.5519 -64.8459 35
      vertex 110.358 -81.1376 35
    endloop
  endfacet
  facet normal 0 0 1
    outer loop
      vertex 66.468 -59.397 35
      vertex 102.412 -30.963 35
      vertex 94.902 -23.4535 35
    endloop
  endfacet
  facet normal 0 0 1
    outer loop
      vertex 110.358 -81.1376 35
      vertex 67.5519 -64.8459 35
      vertex 105.537 -90.6002 35
    endloop
  endfacet
  facet normal 0 0 1
    outer loop
      vertex 64.8459 -58.3131 35
      vertex 94.902 -23.4535 35
      vertex 85.9952 -17.6694 35
    endloop
  endfacet
  facet normal -0 0 1
    outer loop
      vertex 66.468 -66.468 35
      vertex 105.537 -90.6002 35
      vertex 67.5519 -64.8459 35
    endloop
  endfacet
  facet normal 0 0 1
    outer loop
      vertex 64.8459 -58.3131 35
      vertex 85.9952 -17.6694 35
      vertex 76.0805 -13.8635 35
    endloop
  endfacet
  facet normal 0 0 1
    outer loop
      vertex 105.537 -90.6002 35
      vertex 66.468 -66.468 35
      vertex 98.8535 -98.8535 35
    endloop
  endfacet
  facet normal 0 0 1
    outer loop
      vertex 98.8535 -98.8535 35
      vertex 66.468 -66.468 35
      vertex 90.6002 -105.537 35
    endloop
  endfacet
  facet normal 0 0 1
    outer loop
      vertex 112.002 -49.7845 35
      vertex 67.5519 -61.0191 35
      vertex 67.9325 -62.9325 35
    endloop
  endfacet
  facet normal 0 0 1
    outer loop
      vertex 102.412 -30.963 35
      vertex 66.468 -59.397 35
      vertex 67.5519 -61.0191 35
    endloop
  endfacet
  facet normal 0 0 1
    outer loop
      vertex 62.9325 -57.9325 35
      vertex 76.0805 -13.8635 35
      vertex 65.5912 -12.2021 35
    endloop
  endfacet
  facet normal 0 0 1
    outer loop
      vertex 94.902 -23.4535 35
      vertex 64.8459 -58.3131 35
      vertex 66.468 -59.397 35
    endloop
  endfacet
  facet normal 0 0 1
    outer loop
      vertex 76.0805 -13.8635 35
      vertex 62.9325 -57.9325 35
      vertex 64.8459 -58.3131 35
    endloop
  endfacet
  facet normal -0 0 1
    outer loop
      vertex 54.9856 -12.7579 35
      vertex 62.9325 -57.9325 35
      vertex 65.5912 -12.2021 35
    endloop
  endfacet
  facet normal 0 0 1
    outer loop
      vertex 62.9325 -57.9325 35
      vertex 54.9856 -12.7579 35
      vertex 61.0191 -58.3131 35
    endloop
  endfacet
  facet normal -0 0 1
    outer loop
      vertex 44.7274 -15.5066 35
      vertex 61.0191 -58.3131 35
      vertex 54.9856 -12.7579 35
    endloop
  endfacet
  facet normal -0 0 1
    outer loop
      vertex 35.2648 -20.328 35
      vertex 61.0191 -58.3131 35
      vertex 44.7274 -15.5066 35
    endloop
  endfacet
  facet normal 0 0 1
    outer loop
      vertex 61.0191 -58.3131 35
      vertex 35.2648 -20.328 35
      vertex 59.397 -59.397 35
    endloop
  endfacet
  facet normal -0 0 1
    outer loop
      vertex 64.8459 -67.5519 35
      vertex 90.6002 -105.537 35
      vertex 66.468 -66.468 35
    endloop
  endfacet
  facet normal 0 0 1
    outer loop
      vertex 90.6002 -105.537 35
      vertex 64.8459 -67.5519 35
      vertex 81.1376 -110.358 35
    endloop
  endfacet
  facet normal 0 0 1
    outer loop
      vertex 81.1376 -110.358 35
      vertex 64.8459 -67.5519 35
      vertex 70.8794 -113.107 35
    endloop
  endfacet
  facet normal -0 0 1
    outer loop
      vertex 62.9325 -67.9325 35
      vertex 70.8794 -113.107 35
      vertex 64.8459 -67.5519 35
    endloop
  endfacet
  facet normal 0 0 1
    outer loop
      vertex 49.7845 -112.002 35
      vertex 62.9325 -67.9325 35
      vertex 61.0191 -67.5519 35
    endloop
  endfacet
  facet normal 0 0 1
    outer loop
      vertex 62.9325 -67.9325 35
      vertex 60.2738 -113.663 35
      vertex 70.8794 -113.107 35
    endloop
  endfacet
  facet normal 0 0 1
    outer loop
      vertex 30.963 -102.412 35
      vertex 61.0191 -67.5519 35
      vertex 59.397 -66.468 35
    endloop
  endfacet
  facet normal 0 0 1
    outer loop
      vertex 23.4535 -94.902 35
      vertex 59.397 -66.468 35
      vertex 58.3131 -64.8459 35
    endloop
  endfacet
  facet normal 0 0 1
    outer loop
      vertex 13.8635 -76.0805 35
      vertex 58.3131 -64.8459 35
      vertex 57.9325 -62.9325 35
    endloop
  endfacet
  facet normal -0 0 1
    outer loop
      vertex 27.0115 -27.0115 35
      vertex 59.397 -59.397 35
      vertex 35.2648 -20.328 35
    endloop
  endfacet
  facet normal 0 0 1
    outer loop
      vertex 62.9325 -67.9325 35
      vertex 49.7845 -112.002 35
      vertex 60.2738 -113.663 35
    endloop
  endfacet
  facet normal -0 0 1
    outer loop
      vertex 20.328 -35.2648 35
      vertex 59.397 -59.397 35
      vertex 27.0115 -27.0115 35
    endloop
  endfacet
  facet normal 0 0 1
    outer loop
      vertex 61.0191 -67.5519 35
      vertex 39.8698 -108.196 35
      vertex 49.7845 -112.002 35
    endloop
  endfacet
  facet normal 0 0 1
    outer loop
      vertex 59.397 -59.397 35
      vertex 20.328 -35.2648 35
      vertex 58.3131 -61.0191 35
    endloop
  endfacet
  facet normal 0 0 1
    outer loop
      vertex 61.0191 -67.5519 35
      vertex 30.963 -102.412 35
      vertex 39.8698 -108.196 35
    endloop
  endfacet
  facet normal -0 0 1
    outer loop
      vertex 15.5066 -44.7274 35
      vertex 58.3131 -61.0191 35
      vertex 20.328 -35.2648 35
    endloop
  endfacet
  facet normal 0 0 1
    outer loop
      vertex 59.397 -66.468 35
      vertex 23.4535 -94.902 35
      vertex 30.963 -102.412 35
    endloop
  endfacet
  facet normal -0 0 1
    outer loop
      vertex 12.7579 -54.9856 35
      vertex 58.3131 -61.0191 35
      vertex 15.5066 -44.7274 35
    endloop
  endfacet
  facet normal 0 0 1
    outer loop
      vertex 58.3131 -64.8459 35
      vertex 17.6694 -85.9952 35
      vertex 23.4535 -94.902 35
    endloop
  endfacet
  facet normal 0 0 1
    outer loop
      vertex 58.3131 -61.0191 35
      vertex 12.7579 -54.9856 35
      vertex 57.9325 -62.9325 35
    endloop
  endfacet
  facet normal 0 0 1
    outer loop
      vertex 58.3131 -64.8459 35
      vertex 13.8635 -76.0805 35
      vertex 17.6694 -85.9952 35
    endloop
  endfacet
  facet normal 0 0 1
    outer loop
      vertex 12.2021 -65.5912 35
      vertex 57.9325 -62.9325 35
      vertex 12.7579 -54.9856 35
    endloop
  endfacet
  facet normal 0 0 1
    outer loop
      vertex 57.9325 -62.9325 35
      vertex 12.2021 -65.5912 35
      vertex 13.8635 -76.0805 35
    endloop
  endfacet
  facet normal -0.54463 -0.838677 0
    outer loop
      vertex 30.963 -102.412 34
      vertex 39.8698 -108.196 35
      vertex 30.963 -102.412 35
    endloop
  endfacet
  facet normal -0.54463 -0.838677 -0
    outer loop
      vertex 39.8698 -108.196 35
      vertex 30.963 -102.412 34
      vertex 39.8698 -108.196 34
    endloop
  endfacet
  facet normal 0.965918 -0.258847 0
    outer loop
      vertex 110.358 -81.1376 35
      vertex 113.107 -70.8794 34
      vertex 113.107 -70.8794 35
    endloop
  endfacet
  facet normal 0.965918 -0.258847 0
    outer loop
      vertex 113.107 -70.8794 34
      vertex 110.358 -81.1376 35
      vertex 110.358 -81.1376 34
    endloop
  endfacet
  facet normal -0.156403 -0.987693 0
    outer loop
      vertex 49.7845 -112.002 34
      vertex 60.2738 -113.663 35
      vertex 49.7845 -112.002 35
    endloop
  endfacet
  facet normal -0.156403 -0.987693 -0
    outer loop
      vertex 60.2738 -113.663 35
      vertex 49.7845 -112.002 34
      vertex 60.2738 -113.663 34
    endloop
  endfacet
  facet normal 0.15644 0.987687 -0
    outer loop
      vertex 76.0805 -13.8635 34
      vertex 65.5912 -12.2021 35
      vertex 76.0805 -13.8635 35
    endloop
  endfacet
  facet normal 0.15644 0.987687 0
    outer loop
      vertex 65.5912 -12.2021 35
      vertex 76.0805 -13.8635 34
      vertex 65.5912 -12.2021 34
    endloop
  endfacet
  facet normal 0.707083 0.70713 0
    outer loop
      vertex 102.412 -30.963 35
      vertex 94.902 -23.4535 34
      vertex 94.902 -23.4535 35
    endloop
  endfacet
  facet normal 0.707083 0.70713 0
    outer loop
      vertex 94.902 -23.4535 34
      vertex 102.412 -30.963 35
      vertex 102.412 -30.963 34
    endloop
  endfacet
  facet normal -0.358376 -0.933577 0
    outer loop
      vertex 39.8698 -108.196 34
      vertex 49.7845 -112.002 35
      vertex 39.8698 -108.196 35
    endloop
  endfacet
  facet normal -0.358376 -0.933577 -0
    outer loop
      vertex 49.7845 -112.002 35
      vertex 39.8698 -108.196 34
      vertex 49.7845 -112.002 34
    endloop
  endfacet
  facet normal 0.0523532 -0.998629 0
    outer loop
      vertex 60.2738 -113.663 34
      vertex 70.8794 -113.107 35
      vertex 60.2738 -113.663 35
    endloop
  endfacet
  facet normal 0.0523532 -0.998629 0
    outer loop
      vertex 70.8794 -113.107 35
      vertex 60.2738 -113.663 34
      vertex 70.8794 -113.107 34
    endloop
  endfacet
  facet normal 0.998629 -0.0523532 0
    outer loop
      vertex 113.107 -70.8794 35
      vertex 113.663 -60.2738 34
      vertex 113.663 -60.2738 35
    endloop
  endfacet
  facet normal 0.998629 -0.0523532 0
    outer loop
      vertex 113.663 -60.2738 34
      vertex 113.107 -70.8794 35
      vertex 113.107 -70.8794 34
    endloop
  endfacet
  facet normal 0.453958 -0.891023 0
    outer loop
      vertex 81.1376 -110.358 34
      vertex 90.6002 -105.537 35
      vertex 81.1376 -110.358 35
    endloop
  endfacet
  facet normal 0.453958 -0.891023 0
    outer loop
      vertex 90.6002 -105.537 35
      vertex 81.1376 -110.358 34
      vertex 90.6002 -105.537 34
    endloop
  endfacet
  facet normal -0.93358 -0.358368 0
    outer loop
      vertex 17.6694 -85.9952 34
      vertex 13.8635 -76.0805 35
      vertex 13.8635 -76.0805 34
    endloop
  endfacet
  facet normal -0.93358 -0.358368 0
    outer loop
      vertex 13.8635 -76.0805 35
      vertex 17.6694 -85.9952 34
      vertex 17.6694 -85.9952 35
    endloop
  endfacet
  facet normal -0.99863 0.0523345 0
    outer loop
      vertex 12.2021 -65.5912 34
      vertex 12.7579 -54.9856 35
      vertex 12.7579 -54.9856 34
    endloop
  endfacet
  facet normal -0.99863 0.0523345 0
    outer loop
      vertex 12.7579 -54.9856 35
      vertex 12.2021 -65.5912 34
      vertex 12.2021 -65.5912 35
    endloop
  endfacet
  facet normal 0.987693 0.156403 0
    outer loop
      vertex 113.663 -60.2738 35
      vertex 112.002 -49.7845 34
      vertex 112.002 -49.7845 35
    endloop
  endfacet
  facet normal 0.987693 0.156403 0
    outer loop
      vertex 112.002 -49.7845 34
      vertex 113.663 -60.2738 35
      vertex 113.663 -60.2738 34
    endloop
  endfacet
  facet normal -0.965925 0.258821 0
    outer loop
      vertex 12.7579 -54.9856 34
      vertex 15.5066 -44.7274 35
      vertex 15.5066 -44.7274 34
    endloop
  endfacet
  facet normal -0.965925 0.258821 0
    outer loop
      vertex 15.5066 -44.7274 35
      vertex 12.7579 -54.9856 34
      vertex 12.7579 -54.9856 35
    endloop
  endfacet
  facet normal -0.838672 -0.544636 0
    outer loop
      vertex 23.4535 -94.902 34
      vertex 17.6694 -85.9952 35
      vertex 17.6694 -85.9952 34
    endloop
  endfacet
  facet normal -0.838672 -0.544636 0
    outer loop
      vertex 17.6694 -85.9952 35
      vertex 23.4535 -94.902 34
      vertex 23.4535 -94.902 35
    endloop
  endfacet
  facet normal 0.358368 0.93358 -0
    outer loop
      vertex 85.9952 -17.6694 34
      vertex 76.0805 -13.8635 35
      vertex 85.9952 -17.6694 35
    endloop
  endfacet
  facet normal 0.358368 0.93358 0
    outer loop
      vertex 76.0805 -13.8635 35
      vertex 85.9952 -17.6694 34
      vertex 76.0805 -13.8635 34
    endloop
  endfacet
  facet normal -0.453988 0.891008 0
    outer loop
      vertex 44.7274 -15.5066 34
      vertex 35.2648 -20.328 35
      vertex 44.7274 -15.5066 35
    endloop
  endfacet
  facet normal -0.453988 0.891008 0
    outer loop
      vertex 35.2648 -20.328 35
      vertex 44.7274 -15.5066 34
      vertex 35.2648 -20.328 34
    endloop
  endfacet
  facet normal -0.70713 -0.707083 0
    outer loop
      vertex 23.4535 -94.902 34
      vertex 30.963 -102.412 35
      vertex 23.4535 -94.902 35
    endloop
  endfacet
  facet normal -0.70713 -0.707083 -0
    outer loop
      vertex 30.963 -102.412 35
      vertex 23.4535 -94.902 34
      vertex 30.963 -102.412 34
    endloop
  endfacet
  facet normal -0.777141 0.629327 0
    outer loop
      vertex 20.328 -35.2648 34
      vertex 27.0115 -27.0115 35
      vertex 27.0115 -27.0115 34
    endloop
  endfacet
  facet normal -0.777141 0.629327 0
    outer loop
      vertex 27.0115 -27.0115 35
      vertex 20.328 -35.2648 34
      vertex 20.328 -35.2648 35
    endloop
  endfacet
  facet normal -0.258821 0.965925 0
    outer loop
      vertex 54.9856 -12.7579 34
      vertex 44.7274 -15.5066 35
      vertex 54.9856 -12.7579 35
    endloop
  endfacet
  facet normal -0.258821 0.965925 0
    outer loop
      vertex 44.7274 -15.5066 35
      vertex 54.9856 -12.7579 34
      vertex 44.7274 -15.5066 34
    endloop
  endfacet
  facet normal 0.980785 -0.195091 0
    outer loop
      vertex 67.5519 -64.8459 39
      vertex 67.9325 -62.9325 35
      vertex 67.9325 -62.9325 39
    endloop
  endfacet
  facet normal 0.980785 -0.195091 0
    outer loop
      vertex 67.9325 -62.9325 35
      vertex 67.5519 -64.8459 39
      vertex 67.5519 -64.8459 35
    endloop
  endfacet
  facet normal 0.831458 -0.555587 0
    outer loop
      vertex 66.468 -66.468 39
      vertex 67.5519 -64.8459 35
      vertex 67.5519 -64.8459 39
    endloop
  endfacet
  facet normal 0.831458 -0.555587 0
    outer loop
      vertex 67.5519 -64.8459 35
      vertex 66.468 -66.468 39
      vertex 66.468 -66.468 35
    endloop
  endfacet
  facet normal -0.555587 0.831458 0
    outer loop
      vertex 61.0191 -58.3131 35
      vertex 59.397 -59.397 39
      vertex 61.0191 -58.3131 39
    endloop
  endfacet
  facet normal -0.555587 0.831458 0
    outer loop
      vertex 59.397 -59.397 39
      vertex 61.0191 -58.3131 35
      vertex 59.397 -59.397 35
    endloop
  endfacet
  facet normal -0.831458 0.555587 0
    outer loop
      vertex 58.3131 -61.0191 35
      vertex 59.397 -59.397 39
      vertex 59.397 -59.397 35
    endloop
  endfacet
  facet normal -0.831458 0.555587 0
    outer loop
      vertex 59.397 -59.397 39
      vertex 58.3131 -61.0191 35
      vertex 58.3131 -61.0191 39
    endloop
  endfacet
  facet normal 0.555587 0.831458 -0
    outer loop
      vertex 66.468 -59.397 35
      vertex 64.8459 -58.3131 39
      vertex 66.468 -59.397 39
    endloop
  endfacet
  facet normal 0.555587 0.831458 0
    outer loop
      vertex 64.8459 -58.3131 39
      vertex 66.468 -59.397 35
      vertex 64.8459 -58.3131 35
    endloop
  endfacet
  facet normal -0.980785 0.195091 0
    outer loop
      vertex 57.9325 -62.9325 35
      vertex 58.3131 -61.0191 39
      vertex 58.3131 -61.0191 35
    endloop
  endfacet
  facet normal -0.980785 0.195091 0
    outer loop
      vertex 58.3131 -61.0191 39
      vertex 57.9325 -62.9325 35
      vertex 57.9325 -62.9325 39
    endloop
  endfacet
  facet normal 0 0 1
    outer loop
      vertex 67.5519 -61.0191 39
      vertex 67.5519 -64.8459 39
      vertex 67.9325 -62.9325 39
    endloop
  endfacet
  facet normal 0 0 1
    outer loop
      vertex 66.468 -59.397 39
      vertex 67.5519 -64.8459 39
      vertex 67.5519 -61.0191 39
    endloop
  endfacet
  facet normal 0 0 1
    outer loop
      vertex 66.468 -59.397 39
      vertex 66.468 -66.468 39
      vertex 67.5519 -64.8459 39
    endloop
  endfacet
  facet normal 0 0 1
    outer loop
      vertex 64.8459 -58.3131 39
      vertex 66.468 -66.468 39
      vertex 66.468 -59.397 39
    endloop
  endfacet
  facet normal 0 0 1
    outer loop
      vertex 64.8459 -58.3131 39
      vertex 64.8459 -67.5519 39
      vertex 66.468 -66.468 39
    endloop
  endfacet
  facet normal 0 0 1
    outer loop
      vertex 62.9325 -57.9325 39
      vertex 64.8459 -67.5519 39
      vertex 64.8459 -58.3131 39
    endloop
  endfacet
  facet normal 0 0 1
    outer loop
      vertex 62.9325 -57.9325 39
      vertex 62.9325 -67.9325 39
      vertex 64.8459 -67.5519 39
    endloop
  endfacet
  facet normal -0 0 1
    outer loop
      vertex 61.0191 -58.3131 39
      vertex 62.9325 -67.9325 39
      vertex 62.9325 -57.9325 39
    endloop
  endfacet
  facet normal 0 0 1
    outer loop
      vertex 61.0191 -58.3131 39
      vertex 61.0191 -67.5519 39
      vertex 62.9325 -67.9325 39
    endloop
  endfacet
  facet normal -0 0 1
    outer loop
      vertex 59.397 -59.397 39
      vertex 61.0191 -67.5519 39
      vertex 61.0191 -58.3131 39
    endloop
  endfacet
  facet normal 0 0 1
    outer loop
      vertex 59.397 -59.397 39
      vertex 59.397 -66.468 39
      vertex 61.0191 -67.5519 39
    endloop
  endfacet
  facet normal -0 0 1
    outer loop
      vertex 58.3131 -61.0191 39
      vertex 59.397 -66.468 39
      vertex 59.397 -59.397 39
    endloop
  endfacet
  facet normal 0 0 1
    outer loop
      vertex 58.3131 -61.0191 39
      vertex 58.3131 -64.8459 39
      vertex 59.397 -66.468 39
    endloop
  endfacet
  facet normal 0 -0 1
    outer loop
      vertex 58.3131 -64.8459 39
      vertex 58.3131 -61.0191 39
      vertex 57.9325 -62.9325 39
    endloop
  endfacet
  facet normal -0.555587 -0.831458 0
    outer loop
      vertex 59.397 -66.468 35
      vertex 61.0191 -67.5519 39
      vertex 59.397 -66.468 39
    endloop
  endfacet
  facet normal -0.555587 -0.831458 -0
    outer loop
      vertex 61.0191 -67.5519 39
      vertex 59.397 -66.468 35
      vertex 61.0191 -67.5519 35
    endloop
  endfacet
  facet normal 0.195091 -0.980785 0
    outer loop
      vertex 62.9325 -67.9325 35
      vertex 64.8459 -67.5519 39
      vertex 62.9325 -67.9325 39
    endloop
  endfacet
  facet normal 0.195091 -0.980785 0
    outer loop
      vertex 64.8459 -67.5519 39
      vertex 62.9325 -67.9325 35
      vertex 64.8459 -67.5519 35
    endloop
  endfacet
  facet normal 0.980785 0.195091 0
    outer loop
      vertex 67.9325 -62.9325 39
      vertex 67.5519 -61.0191 35
      vertex 67.5519 -61.0191 39
    endloop
  endfacet
  facet normal 0.980785 0.195091 0
    outer loop
      vertex 67.5519 -61.0191 35
      vertex 67.9325 -62.9325 39
      vertex 67.9325 -62.9325 35
    endloop
  endfacet
  facet normal 0.555587 -0.831458 0
    outer loop
      vertex 64.8459 -67.5519 35
      vertex 66.468 -66.468 39
      vertex 64.8459 -67.5519 39
    endloop
  endfacet
  facet normal 0.555587 -0.831458 0
    outer loop
      vertex 66.468 -66.468 39
      vertex 64.8459 -67.5519 35
      vertex 66.468 -66.468 35
    endloop
  endfacet
  facet normal -0.195091 0.980785 0
    outer loop
      vertex 62.9325 -57.9325 35
      vertex 61.0191 -58.3131 39
      vertex 62.9325 -57.9325 39
    endloop
  endfacet
  facet normal -0.195091 0.980785 0
    outer loop
      vertex 61.0191 -58.3131 39
      vertex 62.9325 -57.9325 35
      vertex 61.0191 -58.3131 35
    endloop
  endfacet
  facet normal -0.195091 -0.980785 0
    outer loop
      vertex 61.0191 -67.5519 35
      vertex 62.9325 -67.9325 39
      vertex 61.0191 -67.5519 39
    endloop
  endfacet
  facet normal -0.195091 -0.980785 -0
    outer loop
      vertex 62.9325 -67.9325 39
      vertex 61.0191 -67.5519 35
      vertex 62.9325 -67.9325 35
    endloop
  endfacet
  facet normal 0.831458 0.555587 0
    outer loop
      vertex 67.5519 -61.0191 39
      vertex 66.468 -59.397 35
      vertex 66.468 -59.397 39
    endloop
  endfacet
  facet normal 0.831458 0.555587 0
    outer loop
      vertex 66.468 -59.397 35
      vertex 67.5519 -61.0191 39
      vertex 67.5519 -61.0191 35
    endloop
  endfacet
  facet normal 0.195091 0.980785 -0
    outer loop
      vertex 64.8459 -58.3131 35
      vertex 62.9325 -57.9325 39
      vertex 64.8459 -58.3131 39
    endloop
  endfacet
  facet normal 0.195091 0.980785 0
    outer loop
      vertex 62.9325 -57.9325 39
      vertex 64.8459 -58.3131 35
      vertex 62.9325 -57.9325 35
    endloop
  endfacet
  facet normal -0.831458 -0.555587 0
    outer loop
      vertex 59.397 -66.468 35
      vertex 58.3131 -64.8459 39
      vertex 58.3131 -64.8459 35
    endloop
  endfacet
  facet normal -0.831458 -0.555587 0
    outer loop
      vertex 58.3131 -64.8459 39
      vertex 59.397 -66.468 35
      vertex 59.397 -66.468 39
    endloop
  endfacet
  facet normal -0.980785 -0.195091 0
    outer loop
      vertex 58.3131 -64.8459 35
      vertex 57.9325 -62.9325 39
      vertex 57.9325 -62.9325 35
    endloop
  endfacet
  facet normal -0.980785 -0.195091 0
    outer loop
      vertex 57.9325 -62.9325 39
      vertex 58.3131 -64.8459 35
      vertex 58.3131 -64.8459 39
    endloop
  endfacet
  facet normal -0.99863 0.0523356 0
    outer loop
      vertex 7.45279 -57.4 2
      vertex 7.00925 -65.8633 2
      vertex 7.45279 -57.4 4
    endloop
  endfacet
  facet normal -0.998629 0.0523385 0
    outer loop
      vertex 7.45279 -57.4 4
      vertex 7.62196 -54.1722 12
      vertex 7.62196 -54.1722 4
    endloop
  endfacet
  facet normal -0.99863 0.0523356 0
    outer loop
      vertex 7.00925 -65.8633 12
      vertex 7.45279 -57.4 4
      vertex 7.00925 -65.8633 2
    endloop
  endfacet
  facet normal -0.99863 0.0523364 8.33348e-07
    outer loop
      vertex 7.45279 -57.4 4
      vertex 7.00925 -65.8633 12
      vertex 7.62196 -54.1722 12
    endloop
  endfacet
  facet normal 0.891005 -0.453993 0
    outer loop
      vertex 109.898 -93.4323 12
      vertex 115.213 -83.0011 2
      vertex 115.213 -83.0011 12
    endloop
  endfacet
  facet normal 0.891005 -0.453993 0
    outer loop
      vertex 115.213 -83.0011 2
      vertex 109.898 -93.4323 12
      vertex 109.898 -93.4323 2
    endloop
  endfacet
  facet normal 0.777111 -0.629363 0
    outer loop
      vertex 102.53 -102.53 12
      vertex 109.898 -93.4323 2
      vertex 109.898 -93.4323 12
    endloop
  endfacet
  facet normal 0.777111 -0.629363 0
    outer loop
      vertex 109.898 -93.4323 2
      vertex 102.53 -102.53 12
      vertex 102.53 -102.53 2
    endloop
  endfacet
  facet normal 0.965927 -0.258815 0
    outer loop
      vertex 115.213 -83.0011 12
      vertex 118.243 -71.6928 2
      vertex 118.243 -71.6928 12
    endloop
  endfacet
  facet normal 0.965927 -0.258815 0
    outer loop
      vertex 118.243 -71.6928 2
      vertex 115.213 -83.0011 12
      vertex 115.213 -83.0011 2
    endloop
  endfacet
  facet normal 0.453993 -0.891005 0
    outer loop
      vertex 83.0011 -115.213 2
      vertex 93.4323 -109.898 12
      vertex 83.0011 -115.213 12
    endloop
  endfacet
  facet normal 0.453993 -0.891005 0
    outer loop
      vertex 93.4323 -109.898 12
      vertex 83.0011 -115.213 2
      vertex 93.4323 -109.898 2
    endloop
  endfacet
  facet normal -0.156483 -0.987681 0
    outer loop
      vertex 48.4386 -117.024 2
      vertex 60.0017 -118.856 12
      vertex 48.4386 -117.024 12
    endloop
  endfacet
  facet normal -0.156483 -0.987681 -0
    outer loop
      vertex 60.0017 -118.856 12
      vertex 48.4386 -117.024 2
      vertex 60.0017 -118.856 2
    endloop
  endfacet
  facet normal 0.0523611 -0.998628 0
    outer loop
      vertex 60.0017 -118.856 2
      vertex 71.6928 -118.243 12
      vertex 60.0017 -118.856 12
    endloop
  endfacet
  facet normal 0.0523611 -0.998628 0
    outer loop
      vertex 71.6928 -118.243 12
      vertex 60.0017 -118.856 2
      vertex 71.6928 -118.243 2
    endloop
  endfacet
  facet normal 0.629363 -0.777111 0
    outer loop
      vertex 93.4323 -109.898 2
      vertex 102.53 -102.53 12
      vertex 93.4323 -109.898 12
    endloop
  endfacet
  facet normal 0.629363 -0.777111 0
    outer loop
      vertex 102.53 -102.53 12
      vertex 93.4323 -109.898 2
      vertex 102.53 -102.53 2
    endloop
  endfacet
  facet normal -0.933582 -0.358365 0
    outer loop
      vertex 13.0361 -88.356 2
      vertex 8.84066 -77.4264 12
      vertex 8.84066 -77.4264 2
    endloop
  endfacet
  facet normal -0.933582 -0.358365 0
    outer loop
      vertex 8.84066 -77.4264 12
      vertex 13.0361 -88.356 2
      vertex 13.0361 -88.356 12
    endloop
  endfacet
  facet normal 0.933594 0.358332 0
    outer loop
      vertex 117.024 -48.4386 12
      vertex 112.829 -37.509 2
      vertex 112.829 -37.509 12
    endloop
  endfacet
  facet normal 0.933594 0.358332 0
    outer loop
      vertex 112.829 -37.509 2
      vertex 117.024 -48.4386 12
      vertex 117.024 -48.4386 2
    endloop
  endfacet
  facet normal 0.998628 -0.0523611 0
    outer loop
      vertex 118.243 -71.6928 12
      vertex 118.856 -60.0017 2
      vertex 118.856 -60.0017 12
    endloop
  endfacet
  facet normal 0.998628 -0.0523611 0
    outer loop
      vertex 118.856 -60.0017 2
      vertex 118.243 -71.6928 12
      vertex 118.243 -71.6928 2
    endloop
  endfacet
  facet normal -0.987688 -0.156434 0
    outer loop
      vertex 8.84066 -77.4264 2
      vertex 7.00925 -65.8633 12
      vertex 7.00925 -65.8633 2
    endloop
  endfacet
  facet normal -0.987688 -0.156434 0
    outer loop
      vertex 7.00925 -65.8633 12
      vertex 8.84066 -77.4264 2
      vertex 8.84066 -77.4264 12
    endloop
  endfacet
  facet normal -0.0523364 0.99863 0
    outer loop
      vertex 65.8633 -7.00925 4
      vertex 54.1722 -7.62196 12
      vertex 65.8633 -7.00925 12
    endloop
  endfacet
  facet normal -0.0523364 0.99863 0
    outer loop
      vertex 54.1722 -7.62196 12
      vertex 65.8633 -7.00925 4
      vertex 54.1722 -7.62196 4
    endloop
  endfacet
  facet normal 0.707094 0.70712 0
    outer loop
      vertex 106.453 -27.6906 12
      vertex 98.1744 -19.4123 2
      vertex 98.1744 -19.4123 12
    endloop
  endfacet
  facet normal 0.707094 0.70712 0
    outer loop
      vertex 98.1744 -19.4123 2
      vertex 106.453 -27.6906 12
      vertex 106.453 -27.6906 2
    endloop
  endfacet
  facet normal -0.358332 -0.933594 0
    outer loop
      vertex 37.509 -112.829 2
      vertex 48.4386 -117.024 12
      vertex 37.509 -112.829 12
    endloop
  endfacet
  facet normal -0.358332 -0.933594 -0
    outer loop
      vertex 48.4386 -117.024 12
      vertex 37.509 -112.829 2
      vertex 48.4386 -117.024 2
    endloop
  endfacet
  facet normal -0.54463 -0.838676 0
    outer loop
      vertex 27.6906 -106.453 2
      vertex 37.509 -112.829 12
      vertex 27.6906 -106.453 12
    endloop
  endfacet
  facet normal -0.54463 -0.838676 -0
    outer loop
      vertex 37.509 -112.829 12
      vertex 27.6906 -106.453 2
      vertex 37.509 -112.829 2
    endloop
  endfacet
  facet normal -0.453993 0.891005 0
    outer loop
      vertex 42.8639 -10.652 4
      vertex 32.4327 -15.967 12
      vertex 42.8639 -10.652 12
    endloop
  endfacet
  facet normal -0.453993 0.891005 0
    outer loop
      vertex 32.4327 -15.967 12
      vertex 42.8639 -10.652 4
      vertex 32.4327 -15.967 4
    endloop
  endfacet
  facet normal 0 0 -1
    outer loop
      vertex 118.243 -71.6928 2
      vertex 113.305 -70.9107 2
      vertex 113.863 -60.2634 2
    endloop
  endfacet
  facet normal 0 0 -1
    outer loop
      vertex 115.213 -83.0011 2
      vertex 110.545 -81.2093 2
      vertex 113.305 -70.9107 2
    endloop
  endfacet
  facet normal 0 0 -1
    outer loop
      vertex 109.898 -93.4323 2
      vertex 110.545 -81.2093 2
      vertex 115.213 -83.0011 2
    endloop
  endfacet
  facet normal 0 0 -1
    outer loop
      vertex 109.898 -93.4323 2
      vertex 105.705 -90.7091 2
      vertex 110.545 -81.2093 2
    endloop
  endfacet
  facet normal 0 0 -1
    outer loop
      vertex 102.53 -102.53 2
      vertex 105.705 -90.7091 2
      vertex 109.898 -93.4323 2
    endloop
  endfacet
  facet normal 0 0 -1
    outer loop
      vertex 102.53 -102.53 2
      vertex 98.9949 -98.9949 2
      vertex 105.705 -90.7091 2
    endloop
  endfacet
  facet normal 0 0 -1
    outer loop
      vertex 93.4323 -109.898 2
      vertex 98.9949 -98.9949 2
      vertex 102.53 -102.53 2
    endloop
  endfacet
  facet normal 0 0 -1
    outer loop
      vertex 93.4323 -109.898 2
      vertex 90.7091 -105.705 2
      vertex 98.9949 -98.9949 2
    endloop
  endfacet
  facet normal 0 0 -1
    outer loop
      vertex 83.0011 -115.213 2
      vertex 90.7091 -105.705 2
      vertex 93.4323 -109.898 2
    endloop
  endfacet
  facet normal 0 0 -1
    outer loop
      vertex 83.0011 -115.213 2
      vertex 81.2093 -110.545 2
      vertex 90.7091 -105.705 2
    endloop
  endfacet
  facet normal 0 0 -1
    outer loop
      vertex 71.6928 -118.243 2
      vertex 81.2093 -110.545 2
      vertex 83.0011 -115.213 2
    endloop
  endfacet
  facet normal 0 0 -1
    outer loop
      vertex 71.6928 -118.243 2
      vertex 70.9107 -113.305 2
      vertex 81.2093 -110.545 2
    endloop
  endfacet
  facet normal 0 0 -1
    outer loop
      vertex 71.6928 -118.243 2
      vertex 60.2634 -113.863 2
      vertex 70.9107 -113.305 2
    endloop
  endfacet
  facet normal 0 0 -1
    outer loop
      vertex 60.0017 -118.856 2
      vertex 60.2634 -113.863 2
      vertex 71.6928 -118.243 2
    endloop
  endfacet
  facet normal 0 0 -1
    outer loop
      vertex 60.0017 -118.856 2
      vertex 49.7327 -112.195 2
      vertex 60.2634 -113.863 2
    endloop
  endfacet
  facet normal 0 0 -1
    outer loop
      vertex 48.4386 -117.024 2
      vertex 49.7327 -112.195 2
      vertex 60.0017 -118.856 2
    endloop
  endfacet
  facet normal 0 0 -1
    outer loop
      vertex 48.4386 -117.024 2
      vertex 39.779 -108.374 2
      vertex 49.7327 -112.195 2
    endloop
  endfacet
  facet normal 0 0 -1
    outer loop
      vertex 37.509 -112.829 2
      vertex 39.779 -108.374 2
      vertex 48.4386 -117.024 2
    endloop
  endfacet
  facet normal 0 0 -1
    outer loop
      vertex 37.509 -112.829 2
      vertex 30.8372 -102.567 2
      vertex 39.779 -108.374 2
    endloop
  endfacet
  facet normal 0 0 -1
    outer loop
      vertex 27.6906 -106.453 2
      vertex 30.8372 -102.567 2
      vertex 37.509 -112.829 2
    endloop
  endfacet
  facet normal 0 0 -1
    outer loop
      vertex 27.6906 -106.453 2
      vertex 23.2981 -95.0278 2
      vertex 30.8372 -102.567 2
    endloop
  endfacet
  facet normal 0 0 -1
    outer loop
      vertex 19.4123 -98.1744 2
      vertex 23.2981 -95.0278 2
      vertex 27.6906 -106.453 2
    endloop
  endfacet
  facet normal 0 0 -1
    outer loop
      vertex 19.4123 -98.1744 2
      vertex 17.4912 -86.086 2
      vertex 23.2981 -95.0278 2
    endloop
  endfacet
  facet normal 0 0 -1
    outer loop
      vertex 13.0361 -88.356 2
      vertex 17.4912 -86.086 2
      vertex 19.4123 -98.1744 2
    endloop
  endfacet
  facet normal -0 0 -1
    outer loop
      vertex 17.4912 -86.086 2
      vertex 13.0361 -88.356 2
      vertex 13.6703 -76.1323 2
    endloop
  endfacet
  facet normal 0 0 -1
    outer loop
      vertex 8.84066 -77.4264 2
      vertex 13.6703 -76.1323 2
      vertex 13.0361 -88.356 2
    endloop
  endfacet
  facet normal -0 0 -1
    outer loop
      vertex 13.6703 -76.1323 2
      vertex 8.84066 -77.4264 2
      vertex 12.0024 -65.6016 2
    endloop
  endfacet
  facet normal 0 0 -1
    outer loop
      vertex 113.863 -60.2634 2
      vertex 118.856 -60.0017 2
      vertex 118.243 -71.6928 2
    endloop
  endfacet
  facet normal 0 0 -1
    outer loop
      vertex 113.305 -70.9107 2
      vertex 118.243 -71.6928 2
      vertex 115.213 -83.0011 2
    endloop
  endfacet
  facet normal -0 0 -1
    outer loop
      vertex 118.856 -60.0017 2
      vertex 113.863 -60.2634 2
      vertex 117.024 -48.4386 2
    endloop
  endfacet
  facet normal 0 0 -1
    outer loop
      vertex 112.195 -49.7327 2
      vertex 117.024 -48.4386 2
      vertex 113.863 -60.2634 2
    endloop
  endfacet
  facet normal -0 0 -1
    outer loop
      vertex 117.024 -48.4386 2
      vertex 112.195 -49.7327 2
      vertex 112.829 -37.509 2
    endloop
  endfacet
  facet normal 0 0 -1
    outer loop
      vertex 108.374 -39.779 2
      vertex 112.829 -37.509 2
      vertex 112.195 -49.7327 2
    endloop
  endfacet
  facet normal 0 0 -1
    outer loop
      vertex 108.374 -39.779 2
      vertex 106.453 -27.6906 2
      vertex 112.829 -37.509 2
    endloop
  endfacet
  facet normal 0 0 -1
    outer loop
      vertex 102.567 -30.8372 2
      vertex 106.453 -27.6906 2
      vertex 108.374 -39.779 2
    endloop
  endfacet
  facet normal 0 0 -1
    outer loop
      vertex 102.567 -30.8372 2
      vertex 98.1744 -19.4123 2
      vertex 106.453 -27.6906 2
    endloop
  endfacet
  facet normal 0 0 -1
    outer loop
      vertex 95.0278 -23.2981 2
      vertex 98.1744 -19.4123 2
      vertex 102.567 -30.8372 2
    endloop
  endfacet
  facet normal 0 0 -1
    outer loop
      vertex 95.0278 -23.2981 2
      vertex 88.356 -13.0361 2
      vertex 98.1744 -19.4123 2
    endloop
  endfacet
  facet normal 0 0 -1
    outer loop
      vertex 86.086 -17.4912 2
      vertex 88.356 -13.0361 2
      vertex 95.0278 -23.2981 2
    endloop
  endfacet
  facet normal 0 0 -1
    outer loop
      vertex 86.086 -17.4912 2
      vertex 77.4264 -8.84066 2
      vertex 88.356 -13.0361 2
    endloop
  endfacet
  facet normal 0 0 -1
    outer loop
      vertex 76.1323 -13.6703 2
      vertex 77.4264 -8.84066 2
      vertex 86.086 -17.4912 2
    endloop
  endfacet
  facet normal 0 0 -1
    outer loop
      vertex 68.4 -12.4456 2
      vertex 77.4264 -8.84066 2
      vertex 76.1323 -13.6703 2
    endloop
  endfacet
  facet normal -0 0 -1
    outer loop
      vertex 77.4264 -8.84066 2
      vertex 68.4 -12.4456 2
      vertex 68.4 -7.41102 2
    endloop
  endfacet
  facet normal 0 0 -1
    outer loop
      vertex 7.00925 -65.8633 2
      vertex 12.0024 -65.6016 2
      vertex 8.84066 -77.4264 2
    endloop
  endfacet
  facet normal 0 -0 -1
    outer loop
      vertex 7.45279 -57.4 2
      vertex 12.0024 -65.6016 2
      vertex 7.00925 -65.8633 2
    endloop
  endfacet
  facet normal 0 0 -1
    outer loop
      vertex 12.0024 -65.6016 2
      vertex 7.45279 -57.4 2
      vertex 12.4322 -57.4 2
    endloop
  endfacet
  facet normal -0.891005 0.453993 0
    outer loop
      vertex 10.652 -42.8639 4
      vertex 15.967 -32.4327 12
      vertex 15.967 -32.4327 4
    endloop
  endfacet
  facet normal -0.891005 0.453993 0
    outer loop
      vertex 15.967 -32.4327 12
      vertex 10.652 -42.8639 4
      vertex 10.652 -42.8639 12
    endloop
  endfacet
  facet normal 0.358365 0.933582 -0
    outer loop
      vertex 88.356 -13.0361 2
      vertex 77.4264 -8.84066 12
      vertex 88.356 -13.0361 12
    endloop
  endfacet
  facet normal 0.358365 0.933582 0
    outer loop
      vertex 77.4264 -8.84066 12
      vertex 88.356 -13.0361 2
      vertex 77.4264 -8.84066 2
    endloop
  endfacet
  facet normal 0 0 1
    outer loop
      vertex 113.863 -60.2634 12
      vertex 118.856 -60.0017 12
      vertex 117.024 -48.4386 12
    endloop
  endfacet
  facet normal 0 0 1
    outer loop
      vertex 118.856 -60.0017 12
      vertex 113.863 -60.2634 12
      vertex 118.243 -71.6928 12
    endloop
  endfacet
  facet normal -0 0 1
    outer loop
      vertex 113.305 -70.9107 12
      vertex 118.243 -71.6928 12
      vertex 113.863 -60.2634 12
    endloop
  endfacet
  facet normal 0 0 1
    outer loop
      vertex 112.195 -49.7327 12
      vertex 117.024 -48.4386 12
      vertex 112.829 -37.509 12
    endloop
  endfacet
  facet normal 0 0 1
    outer loop
      vertex 117.024 -48.4386 12
      vertex 112.195 -49.7327 12
      vertex 113.863 -60.2634 12
    endloop
  endfacet
  facet normal 0 0 1
    outer loop
      vertex 112.829 -37.509 12
      vertex 108.374 -39.779 12
      vertex 112.195 -49.7327 12
    endloop
  endfacet
  facet normal 0 0 1
    outer loop
      vertex 106.453 -27.6906 12
      vertex 108.374 -39.779 12
      vertex 112.829 -37.509 12
    endloop
  endfacet
  facet normal 0 0 1
    outer loop
      vertex 106.453 -27.6906 12
      vertex 102.567 -30.8372 12
      vertex 108.374 -39.779 12
    endloop
  endfacet
  facet normal 0 0 1
    outer loop
      vertex 98.1744 -19.4123 12
      vertex 102.567 -30.8372 12
      vertex 106.453 -27.6906 12
    endloop
  endfacet
  facet normal 0 0 1
    outer loop
      vertex 98.1744 -19.4123 12
      vertex 95.0278 -23.2981 12
      vertex 102.567 -30.8372 12
    endloop
  endfacet
  facet normal 0 0 1
    outer loop
      vertex 88.356 -13.0361 12
      vertex 95.0278 -23.2981 12
      vertex 98.1744 -19.4123 12
    endloop
  endfacet
  facet normal 0 0 1
    outer loop
      vertex 88.356 -13.0361 12
      vertex 86.086 -17.4912 12
      vertex 95.0278 -23.2981 12
    endloop
  endfacet
  facet normal 0 0 1
    outer loop
      vertex 77.4264 -8.84066 12
      vertex 86.086 -17.4912 12
      vertex 88.356 -13.0361 12
    endloop
  endfacet
  facet normal 0 0 1
    outer loop
      vertex 77.4264 -8.84066 12
      vertex 76.1323 -13.6703 12
      vertex 86.086 -17.4912 12
    endloop
  endfacet
  facet normal 0 0 1
    outer loop
      vertex 65.8633 -7.00925 12
      vertex 76.1323 -13.6703 12
      vertex 77.4264 -8.84066 12
    endloop
  endfacet
  facet normal 0 0 1
    outer loop
      vertex 65.8633 -7.00925 12
      vertex 65.6016 -12.0024 12
      vertex 76.1323 -13.6703 12
    endloop
  endfacet
  facet normal 0 0 1
    outer loop
      vertex 65.8633 -7.00925 12
      vertex 54.9543 -12.5604 12
      vertex 65.6016 -12.0024 12
    endloop
  endfacet
  facet normal -0 0 1
    outer loop
      vertex 54.1722 -7.62196 12
      vertex 54.9543 -12.5604 12
      vertex 65.8633 -7.00925 12
    endloop
  endfacet
  facet normal 0 0 1
    outer loop
      vertex 54.1722 -7.62196 12
      vertex 44.6557 -15.3199 12
      vertex 54.9543 -12.5604 12
    endloop
  endfacet
  facet normal -0 0 1
    outer loop
      vertex 42.8639 -10.652 12
      vertex 44.6557 -15.3199 12
      vertex 54.1722 -7.62196 12
    endloop
  endfacet
  facet normal 0 0 1
    outer loop
      vertex 42.8639 -10.652 12
      vertex 35.1559 -20.1603 12
      vertex 44.6557 -15.3199 12
    endloop
  endfacet
  facet normal -0 0 1
    outer loop
      vertex 32.4327 -15.967 12
      vertex 35.1559 -20.1603 12
      vertex 42.8639 -10.652 12
    endloop
  endfacet
  facet normal 0 0 1
    outer loop
      vertex 32.4327 -15.967 12
      vertex 26.8701 -26.8701 12
      vertex 35.1559 -20.1603 12
    endloop
  endfacet
  facet normal -0 0 1
    outer loop
      vertex 23.3345 -23.3345 12
      vertex 26.8701 -26.8701 12
      vertex 32.4327 -15.967 12
    endloop
  endfacet
  facet normal 0 0 1
    outer loop
      vertex 23.3345 -23.3345 12
      vertex 20.1603 -35.1559 12
      vertex 26.8701 -26.8701 12
    endloop
  endfacet
  facet normal -0 0 1
    outer loop
      vertex 15.967 -32.4327 12
      vertex 20.1603 -35.1559 12
      vertex 23.3345 -23.3345 12
    endloop
  endfacet
  facet normal 0 0 1
    outer loop
      vertex 15.967 -32.4327 12
      vertex 15.3199 -44.6557 12
      vertex 20.1603 -35.1559 12
    endloop
  endfacet
  facet normal -0 0 1
    outer loop
      vertex 10.652 -42.8639 12
      vertex 15.3199 -44.6557 12
      vertex 15.967 -32.4327 12
    endloop
  endfacet
  facet normal -0 0 1
    outer loop
      vertex 7.62196 -54.1722 12
      vertex 12.5604 -54.9543 12
      vertex 10.652 -42.8639 12
    endloop
  endfacet
  facet normal 0 0 1
    outer loop
      vertex 15.3199 -44.6557 12
      vertex 10.652 -42.8639 12
      vertex 12.5604 -54.9543 12
    endloop
  endfacet
  facet normal 0 0 1
    outer loop
      vertex 118.243 -71.6928 12
      vertex 113.305 -70.9107 12
      vertex 115.213 -83.0011 12
    endloop
  endfacet
  facet normal -0 0 1
    outer loop
      vertex 110.545 -81.2093 12
      vertex 115.213 -83.0011 12
      vertex 113.305 -70.9107 12
    endloop
  endfacet
  facet normal 0 0 1
    outer loop
      vertex 110.545 -81.2093 12
      vertex 109.898 -93.4323 12
      vertex 115.213 -83.0011 12
    endloop
  endfacet
  facet normal -0 0 1
    outer loop
      vertex 105.705 -90.7091 12
      vertex 109.898 -93.4323 12
      vertex 110.545 -81.2093 12
    endloop
  endfacet
  facet normal 0 0 1
    outer loop
      vertex 105.705 -90.7091 12
      vertex 102.53 -102.53 12
      vertex 109.898 -93.4323 12
    endloop
  endfacet
  facet normal -0 0 1
    outer loop
      vertex 98.9949 -98.9949 12
      vertex 102.53 -102.53 12
      vertex 105.705 -90.7091 12
    endloop
  endfacet
  facet normal 0 0 1
    outer loop
      vertex 98.9949 -98.9949 12
      vertex 93.4323 -109.898 12
      vertex 102.53 -102.53 12
    endloop
  endfacet
  facet normal -0 0 1
    outer loop
      vertex 90.7091 -105.705 12
      vertex 93.4323 -109.898 12
      vertex 98.9949 -98.9949 12
    endloop
  endfacet
  facet normal 0 0 1
    outer loop
      vertex 90.7091 -105.705 12
      vertex 83.0011 -115.213 12
      vertex 93.4323 -109.898 12
    endloop
  endfacet
  facet normal -0 0 1
    outer loop
      vertex 81.2093 -110.545 12
      vertex 83.0011 -115.213 12
      vertex 90.7091 -105.705 12
    endloop
  endfacet
  facet normal 0 0 1
    outer loop
      vertex 81.2093 -110.545 12
      vertex 71.6928 -118.243 12
      vertex 83.0011 -115.213 12
    endloop
  endfacet
  facet normal -0 0 1
    outer loop
      vertex 70.9107 -113.305 12
      vertex 71.6928 -118.243 12
      vertex 81.2093 -110.545 12
    endloop
  endfacet
  facet normal -0 0 1
    outer loop
      vertex 60.2634 -113.863 12
      vertex 71.6928 -118.243 12
      vertex 70.9107 -113.305 12
    endloop
  endfacet
  facet normal 0 0 1
    outer loop
      vertex 60.2634 -113.863 12
      vertex 60.0017 -118.856 12
      vertex 71.6928 -118.243 12
    endloop
  endfacet
  facet normal 0 0 1
    outer loop
      vertex 49.7327 -112.195 12
      vertex 60.0017 -118.856 12
      vertex 60.2634 -113.863 12
    endloop
  endfacet
  facet normal 0 0 1
    outer loop
      vertex 49.7327 -112.195 12
      vertex 48.4386 -117.024 12
      vertex 60.0017 -118.856 12
    endloop
  endfacet
  facet normal 0 0 1
    outer loop
      vertex 39.779 -108.374 12
      vertex 48.4386 -117.024 12
      vertex 49.7327 -112.195 12
    endloop
  endfacet
  facet normal 0 0 1
    outer loop
      vertex 39.779 -108.374 12
      vertex 37.509 -112.829 12
      vertex 48.4386 -117.024 12
    endloop
  endfacet
  facet normal 0 0 1
    outer loop
      vertex 30.8372 -102.567 12
      vertex 37.509 -112.829 12
      vertex 39.779 -108.374 12
    endloop
  endfacet
  facet normal 0 0 1
    outer loop
      vertex 30.8372 -102.567 12
      vertex 27.6906 -106.453 12
      vertex 37.509 -112.829 12
    endloop
  endfacet
  facet normal 0 0 1
    outer loop
      vertex 23.2981 -95.0278 12
      vertex 27.6906 -106.453 12
      vertex 30.8372 -102.567 12
    endloop
  endfacet
  facet normal 0 0 1
    outer loop
      vertex 23.2981 -95.0278 12
      vertex 19.4123 -98.1744 12
      vertex 27.6906 -106.453 12
    endloop
  endfacet
  facet normal 0 0 1
    outer loop
      vertex 17.4912 -86.086 12
      vertex 19.4123 -98.1744 12
      vertex 23.2981 -95.0278 12
    endloop
  endfacet
  facet normal 0 0 1
    outer loop
      vertex 13.0361 -88.356 12
      vertex 17.4912 -86.086 12
      vertex 13.6703 -76.1323 12
    endloop
  endfacet
  facet normal 0 0 1
    outer loop
      vertex 17.4912 -86.086 12
      vertex 13.0361 -88.356 12
      vertex 19.4123 -98.1744 12
    endloop
  endfacet
  facet normal 0 0 1
    outer loop
      vertex 8.84066 -77.4264 12
      vertex 13.6703 -76.1323 12
      vertex 12.0024 -65.6016 12
    endloop
  endfacet
  facet normal 0 0 1
    outer loop
      vertex 12.5604 -54.9543 12
      vertex 7.62196 -54.1722 12
      vertex 12.0024 -65.6016 12
    endloop
  endfacet
  facet normal 0 0 1
    outer loop
      vertex 13.6703 -76.1323 12
      vertex 8.84066 -77.4264 12
      vertex 13.0361 -88.356 12
    endloop
  endfacet
  facet normal 0 0 1
    outer loop
      vertex 7.00925 -65.8633 12
      vertex 12.0024 -65.6016 12
      vertex 7.62196 -54.1722 12
    endloop
  endfacet
  facet normal 0 0 1
    outer loop
      vertex 12.0024 -65.6016 12
      vertex 7.00925 -65.8633 12
      vertex 8.84066 -77.4264 12
    endloop
  endfacet
  facet normal -0.838668 -0.544642 0
    outer loop
      vertex 19.4123 -98.1744 2
      vertex 13.0361 -88.356 12
      vertex 13.0361 -88.356 2
    endloop
  endfacet
  facet normal -0.838668 -0.544642 0
    outer loop
      vertex 13.0361 -88.356 12
      vertex 19.4123 -98.1744 2
      vertex 19.4123 -98.1744 12
    endloop
  endfacet
  facet normal 0.838676 0.54463 0
    outer loop
      vertex 112.829 -37.509 12
      vertex 106.453 -27.6906 2
      vertex 106.453 -27.6906 12
    endloop
  endfacet
  facet normal 0.838676 0.54463 0
    outer loop
      vertex 106.453 -27.6906 2
      vertex 112.829 -37.509 12
      vertex 112.829 -37.509 2
    endloop
  endfacet
  facet normal -0.777149 0.629316 0
    outer loop
      vertex 15.967 -32.4327 4
      vertex 23.3345 -23.3345 12
      vertex 23.3345 -23.3345 4
    endloop
  endfacet
  facet normal -0.777149 0.629316 0
    outer loop
      vertex 23.3345 -23.3345 12
      vertex 15.967 -32.4327 4
      vertex 15.967 -32.4327 12
    endloop
  endfacet
  facet normal -0.965926 0.258818 0
    outer loop
      vertex 7.62196 -54.1722 4
      vertex 10.652 -42.8639 12
      vertex 10.652 -42.8639 4
    endloop
  endfacet
  facet normal -0.965926 0.258818 0
    outer loop
      vertex 10.652 -42.8639 12
      vertex 7.62196 -54.1722 4
      vertex 7.62196 -54.1722 12
    endloop
  endfacet
  facet normal -0.258818 0.965926 0
    outer loop
      vertex 54.1722 -7.62196 4
      vertex 42.8639 -10.652 12
      vertex 54.1722 -7.62196 12
    endloop
  endfacet
  facet normal -0.258818 0.965926 0
    outer loop
      vertex 42.8639 -10.652 12
      vertex 54.1722 -7.62196 4
      vertex 42.8639 -10.652 4
    endloop
  endfacet
  facet normal 0.258815 -0.965927 0
    outer loop
      vertex 71.6928 -118.243 2
      vertex 83.0011 -115.213 12
      vertex 71.6928 -118.243 12
    endloop
  endfacet
  facet normal 0.258815 -0.965927 0
    outer loop
      vertex 83.0011 -115.213 12
      vertex 71.6928 -118.243 2
      vertex 83.0011 -115.213 2
    endloop
  endfacet
  facet normal 0.987681 0.156483 0
    outer loop
      vertex 118.856 -60.0017 12
      vertex 117.024 -48.4386 2
      vertex 117.024 -48.4386 12
    endloop
  endfacet
  facet normal 0.987681 0.156483 0
    outer loop
      vertex 117.024 -48.4386 2
      vertex 118.856 -60.0017 12
      vertex 118.856 -60.0017 2
    endloop
  endfacet
  facet normal 0.156434 0.987688 3.31633e-07
    outer loop
      vertex 77.4264 -8.84066 12
      vertex 68.4 -7.41102 4
      vertex 65.8633 -7.00925 12
    endloop
  endfacet
  facet normal 0.156434 0.987688 -0
    outer loop
      vertex 77.4264 -8.84066 2
      vertex 68.4 -7.41102 4
      vertex 77.4264 -8.84066 12
    endloop
  endfacet
  facet normal 0.156434 0.987688 0
    outer loop
      vertex 68.4 -7.41102 4
      vertex 77.4264 -8.84066 2
      vertex 68.4 -7.41102 2
    endloop
  endfacet
  facet normal 0.156433 0.987689 0
    outer loop
      vertex 65.8633 -7.00925 12
      vertex 68.4 -7.41102 4
      vertex 65.8633 -7.00925 4
    endloop
  endfacet
  facet normal 0.544642 0.838668 -0
    outer loop
      vertex 98.1744 -19.4123 2
      vertex 88.356 -13.0361 12
      vertex 98.1744 -19.4123 12
    endloop
  endfacet
  facet normal 0.544642 0.838668 0
    outer loop
      vertex 88.356 -13.0361 12
      vertex 98.1744 -19.4123 2
      vertex 88.356 -13.0361 2
    endloop
  endfacet
  facet normal -0.70712 -0.707094 0
    outer loop
      vertex 19.4123 -98.1744 2
      vertex 27.6906 -106.453 12
      vertex 19.4123 -98.1744 12
    endloop
  endfacet
  facet normal -0.70712 -0.707094 -0
    outer loop
      vertex 27.6906 -106.453 12
      vertex 19.4123 -98.1744 2
      vertex 27.6906 -106.453 2
    endloop
  endfacet
  facet normal -0.629316 0.777149 0
    outer loop
      vertex 32.4327 -15.967 4
      vertex 23.3345 -23.3345 12
      vertex 32.4327 -15.967 12
    endloop
  endfacet
  facet normal -0.629316 0.777149 0
    outer loop
      vertex 23.3345 -23.3345 12
      vertex 32.4327 -15.967 4
      vertex 23.3345 -23.3345 4
    endloop
  endfacet
  facet normal -0.891021 0.453961 0
    outer loop
      vertex 105.705 -90.7091 2
      vertex 110.545 -81.2093 12
      vertex 110.545 -81.2093 2
    endloop
  endfacet
  facet normal -0.891021 0.453961 0
    outer loop
      vertex 110.545 -81.2093 12
      vertex 105.705 -90.7091 2
      vertex 105.705 -90.7091 12
    endloop
  endfacet
  facet normal -0.777128 0.629343 0
    outer loop
      vertex 98.9949 -98.9949 2
      vertex 105.705 -90.7091 12
      vertex 105.705 -90.7091 2
    endloop
  endfacet
  facet normal -0.777128 0.629343 0
    outer loop
      vertex 105.705 -90.7091 12
      vertex 98.9949 -98.9949 2
      vertex 98.9949 -98.9949 12
    endloop
  endfacet
  facet normal -0.629343 0.777128 0
    outer loop
      vertex 98.9949 -98.9949 2
      vertex 90.7091 -105.705 12
      vertex 98.9949 -98.9949 12
    endloop
  endfacet
  facet normal -0.629343 0.777128 0
    outer loop
      vertex 90.7091 -105.705 12
      vertex 98.9949 -98.9949 2
      vertex 90.7091 -105.705 2
    endloop
  endfacet
  facet normal -0.933576 -0.358379 0
    outer loop
      vertex 112.195 -49.7327 2
      vertex 108.374 -39.779 12
      vertex 108.374 -39.779 2
    endloop
  endfacet
  facet normal -0.933576 -0.358379 0
    outer loop
      vertex 108.374 -39.779 12
      vertex 112.195 -49.7327 2
      vertex 112.195 -49.7327 12
    endloop
  endfacet
  facet normal 0.358379 0.933576 -0
    outer loop
      vertex 49.7327 -112.195 2
      vertex 39.779 -108.374 12
      vertex 49.7327 -112.195 12
    endloop
  endfacet
  facet normal 0.358379 0.933576 0
    outer loop
      vertex 39.779 -108.374 12
      vertex 49.7327 -112.195 2
      vertex 39.779 -108.374 2
    endloop
  endfacet
  facet normal -0.156427 -0.98769 0
    outer loop
      vertex 68.4 -12.4456 4
      vertex 65.6016 -12.0024 12
      vertex 65.6016 -12.0024 4
    endloop
  endfacet
  facet normal -0.156435 -0.987688 -2.87377e-06
    outer loop
      vertex 65.6016 -12.0024 12
      vertex 68.4 -12.4456 4
      vertex 76.1323 -13.6703 12
    endloop
  endfacet
  facet normal -0.156437 -0.987688 0
    outer loop
      vertex 76.1323 -13.6703 2
      vertex 68.4 -12.4456 4
      vertex 68.4 -12.4456 2
    endloop
  endfacet
  facet normal -0.156437 -0.987688 0
    outer loop
      vertex 68.4 -12.4456 4
      vertex 76.1323 -13.6703 2
      vertex 76.1323 -13.6703 12
    endloop
  endfacet
  facet normal -0.544641 -0.838669 0
    outer loop
      vertex 86.086 -17.4912 2
      vertex 95.0278 -23.2981 12
      vertex 86.086 -17.4912 12
    endloop
  endfacet
  facet normal -0.544641 -0.838669 -0
    outer loop
      vertex 95.0278 -23.2981 12
      vertex 86.086 -17.4912 2
      vertex 95.0278 -23.2981 2
    endloop
  endfacet
  facet normal 0.0523358 -0.99863 0
    outer loop
      vertex 54.9543 -12.5604 4
      vertex 65.6016 -12.0024 12
      vertex 54.9543 -12.5604 12
    endloop
  endfacet
  facet normal 0.0523358 -0.99863 0
    outer loop
      vertex 65.6016 -12.0024 12
      vertex 54.9543 -12.5604 4
      vertex 65.6016 -12.0024 4
    endloop
  endfacet
  facet normal 0.933579 0.358371 0
    outer loop
      vertex 17.4912 -86.086 12
      vertex 13.6703 -76.1323 2
      vertex 13.6703 -76.1323 12
    endloop
  endfacet
  facet normal 0.933579 0.358371 0
    outer loop
      vertex 13.6703 -76.1323 2
      vertex 17.4912 -86.086 12
      vertex 17.4912 -86.086 2
    endloop
  endfacet
  facet normal 0.838669 0.544641 0
    outer loop
      vertex 23.2981 -95.0278 12
      vertex 17.4912 -86.086 2
      vertex 17.4912 -86.086 12
    endloop
  endfacet
  facet normal 0.838669 0.544641 0
    outer loop
      vertex 17.4912 -86.086 2
      vertex 23.2981 -95.0278 12
      vertex 23.2981 -95.0278 2
    endloop
  endfacet
  facet normal 0.453991 -0.891006 0
    outer loop
      vertex 35.1559 -20.1603 4
      vertex 44.6557 -15.3199 12
      vertex 35.1559 -20.1603 12
    endloop
  endfacet
  facet normal 0.453991 -0.891006 0
    outer loop
      vertex 44.6557 -15.3199 12
      vertex 35.1559 -20.1603 4
      vertex 44.6557 -15.3199 4
    endloop
  endfacet
  facet normal -0.0523358 0.99863 0
    outer loop
      vertex 70.9107 -113.305 2
      vertex 60.2634 -113.863 12
      vertex 70.9107 -113.305 12
    endloop
  endfacet
  facet normal -0.0523358 0.99863 0
    outer loop
      vertex 60.2634 -113.863 12
      vertex 70.9107 -113.305 2
      vertex 60.2634 -113.863 2
    endloop
  endfacet
  facet normal -0.258863 0.965914 0
    outer loop
      vertex 81.2093 -110.545 2
      vertex 70.9107 -113.305 12
      vertex 81.2093 -110.545 12
    endloop
  endfacet
  facet normal -0.258863 0.965914 0
    outer loop
      vertex 70.9107 -113.305 12
      vertex 81.2093 -110.545 2
      vertex 70.9107 -113.305 2
    endloop
  endfacet
  facet normal 0.156444 0.987687 -0
    outer loop
      vertex 60.2634 -113.863 2
      vertex 49.7327 -112.195 12
      vertex 60.2634 -113.863 12
    endloop
  endfacet
  facet normal 0.156444 0.987687 0
    outer loop
      vertex 49.7327 -112.195 12
      vertex 60.2634 -113.863 2
      vertex 49.7327 -112.195 2
    endloop
  endfacet
  facet normal -0.707102 -0.707111 0
    outer loop
      vertex 102.567 -30.8372 2
      vertex 95.0278 -23.2981 12
      vertex 95.0278 -23.2981 2
    endloop
  endfacet
  facet normal -0.707102 -0.707111 0
    outer loop
      vertex 95.0278 -23.2981 12
      vertex 102.567 -30.8372 2
      vertex 102.567 -30.8372 12
    endloop
  endfacet
  facet normal -0.453961 0.891021 0
    outer loop
      vertex 90.7091 -105.705 2
      vertex 81.2093 -110.545 12
      vertex 90.7091 -105.705 12
    endloop
  endfacet
  facet normal -0.453961 0.891021 0
    outer loop
      vertex 81.2093 -110.545 12
      vertex 90.7091 -105.705 2
      vertex 81.2093 -110.545 2
    endloop
  endfacet
  facet normal -0.987687 -0.156444 0
    outer loop
      vertex 113.863 -60.2634 2
      vertex 112.195 -49.7327 12
      vertex 112.195 -49.7327 2
    endloop
  endfacet
  facet normal -0.987687 -0.156444 0
    outer loop
      vertex 112.195 -49.7327 12
      vertex 113.863 -60.2634 2
      vertex 113.863 -60.2634 12
    endloop
  endfacet
  facet normal -0.358371 -0.933579 0
    outer loop
      vertex 76.1323 -13.6703 2
      vertex 86.086 -17.4912 12
      vertex 76.1323 -13.6703 12
    endloop
  endfacet
  facet normal -0.358371 -0.933579 -0
    outer loop
      vertex 86.086 -17.4912 12
      vertex 76.1323 -13.6703 2
      vertex 86.086 -17.4912 2
    endloop
  endfacet
  facet normal -0.99863 0.0523358 0
    outer loop
      vertex 113.305 -70.9107 2
      vertex 113.863 -60.2634 12
      vertex 113.863 -60.2634 2
    endloop
  endfacet
  facet normal -0.99863 0.0523358 0
    outer loop
      vertex 113.863 -60.2634 12
      vertex 113.305 -70.9107 2
      vertex 113.305 -70.9107 12
    endloop
  endfacet
  facet normal 0.629326 -0.777142 0
    outer loop
      vertex 26.8701 -26.8701 4
      vertex 35.1559 -20.1603 12
      vertex 26.8701 -26.8701 12
    endloop
  endfacet
  facet normal 0.629326 -0.777142 0
    outer loop
      vertex 35.1559 -20.1603 12
      vertex 26.8701 -26.8701 4
      vertex 35.1559 -20.1603 4
    endloop
  endfacet
  facet normal -0.965914 0.258863 0
    outer loop
      vertex 110.545 -81.2093 2
      vertex 113.305 -70.9107 12
      vertex 113.305 -70.9107 2
    endloop
  endfacet
  facet normal -0.965914 0.258863 0
    outer loop
      vertex 113.305 -70.9107 12
      vertex 110.545 -81.2093 2
      vertex 110.545 -81.2093 12
    endloop
  endfacet
  facet normal 0.891006 -0.453991 0
    outer loop
      vertex 15.3199 -44.6557 12
      vertex 20.1603 -35.1559 4
      vertex 20.1603 -35.1559 12
    endloop
  endfacet
  facet normal 0.891006 -0.453991 0
    outer loop
      vertex 20.1603 -35.1559 4
      vertex 15.3199 -44.6557 12
      vertex 15.3199 -44.6557 4
    endloop
  endfacet
  facet normal 0.544647 0.838665 -0
    outer loop
      vertex 39.779 -108.374 2
      vertex 30.8372 -102.567 12
      vertex 39.779 -108.374 12
    endloop
  endfacet
  facet normal 0.544647 0.838665 0
    outer loop
      vertex 30.8372 -102.567 12
      vertex 39.779 -108.374 2
      vertex 30.8372 -102.567 2
    endloop
  endfacet
  facet normal 0.965926 -0.258819 0
    outer loop
      vertex 12.5604 -54.9543 12
      vertex 15.3199 -44.6557 4
      vertex 15.3199 -44.6557 12
    endloop
  endfacet
  facet normal 0.965926 -0.258819 0
    outer loop
      vertex 15.3199 -44.6557 4
      vertex 12.5604 -54.9543 12
      vertex 12.5604 -54.9543 4
    endloop
  endfacet
  facet normal 0.707111 0.707102 -0
    outer loop
      vertex 30.8372 -102.567 2
      vertex 23.2981 -95.0278 12
      vertex 30.8372 -102.567 12
    endloop
  endfacet
  facet normal 0.707111 0.707102 0
    outer loop
      vertex 23.2981 -95.0278 12
      vertex 30.8372 -102.567 2
      vertex 23.2981 -95.0278 2
    endloop
  endfacet
  facet normal 0.777142 -0.629326 0
    outer loop
      vertex 20.1603 -35.1559 12
      vertex 26.8701 -26.8701 4
      vertex 26.8701 -26.8701 12
    endloop
  endfacet
  facet normal 0.777142 -0.629326 0
    outer loop
      vertex 26.8701 -26.8701 4
      vertex 20.1603 -35.1559 12
      vertex 20.1603 -35.1559 4
    endloop
  endfacet
  facet normal 0.998629 -0.0523467 0
    outer loop
      vertex 12.5604 -54.9543 12
      vertex 12.4322 -57.4 4
      vertex 12.5604 -54.9543 4
    endloop
  endfacet
  facet normal 0.99863 -0.0523358 -3.32093e-06
    outer loop
      vertex 12.0024 -65.6016 12
      vertex 12.4322 -57.4 4
      vertex 12.5604 -54.9543 12
    endloop
  endfacet
  facet normal 0.99863 -0.0523326 0
    outer loop
      vertex 12.0024 -65.6016 2
      vertex 12.4322 -57.4 4
      vertex 12.0024 -65.6016 12
    endloop
  endfacet
  facet normal 0.99863 -0.0523326 0
    outer loop
      vertex 12.4322 -57.4 4
      vertex 12.0024 -65.6016 2
      vertex 12.4322 -57.4 2
    endloop
  endfacet
  facet normal -0.838665 -0.544647 0
    outer loop
      vertex 108.374 -39.779 2
      vertex 102.567 -30.8372 12
      vertex 102.567 -30.8372 2
    endloop
  endfacet
  facet normal -0.838665 -0.544647 0
    outer loop
      vertex 102.567 -30.8372 12
      vertex 108.374 -39.779 2
      vertex 108.374 -39.779 12
    endloop
  endfacet
  facet normal 0.987688 0.156435 0
    outer loop
      vertex 13.6703 -76.1323 12
      vertex 12.0024 -65.6016 2
      vertex 12.0024 -65.6016 12
    endloop
  endfacet
  facet normal 0.987688 0.156435 0
    outer loop
      vertex 12.0024 -65.6016 2
      vertex 13.6703 -76.1323 12
      vertex 13.6703 -76.1323 2
    endloop
  endfacet
  facet normal 0.258819 -0.965926 0
    outer loop
      vertex 44.6557 -15.3199 4
      vertex 54.9543 -12.5604 12
      vertex 44.6557 -15.3199 12
    endloop
  endfacet
  facet normal 0.258819 -0.965926 0
    outer loop
      vertex 54.9543 -12.5604 12
      vertex 44.6557 -15.3199 4
      vertex 54.9543 -12.5604 4
    endloop
  endfacet
  facet normal 1 -0 0
    outer loop
      vertex 15.5 -15 9
      vertex 15.5 15 4
      vertex 15.5 15 9
    endloop
  endfacet
  facet normal 1 0 0
    outer loop
      vertex 15.5 15 4
      vertex 15.5 -15 9
      vertex 15.5 -15 4
    endloop
  endfacet
  facet normal -0 0 1
    outer loop
      vertex -15.5 15 9
      vertex 15.5 -15 9
      vertex 15.5 15 9
    endloop
  endfacet
  facet normal 0 0 1
    outer loop
      vertex 15.5 -15 9
      vertex -15.5 15 9
      vertex -15.5 -15 9
    endloop
  endfacet
  facet normal -1 0 0
    outer loop
      vertex -15.5 -15 4
      vertex -15.5 15 9
      vertex -15.5 15 4
    endloop
  endfacet
  facet normal -1 -0 0
    outer loop
      vertex -15.5 15 9
      vertex -15.5 -15 4
      vertex -15.5 -15 9
    endloop
  endfacet
  facet normal 0 1 -0
    outer loop
      vertex 15.5 15 4
      vertex -15.5 15 9
      vertex 15.5 15 9
    endloop
  endfacet
  facet normal 0 1 0
    outer loop
      vertex -15.5 15 9
      vertex 15.5 15 4
      vertex -15.5 15 4
    endloop
  endfacet
  facet normal 0 -1 0
    outer loop
      vertex -15.5 -15 4
      vertex 15.5 -15 9
      vertex -15.5 -15 9
    endloop
  endfacet
  facet normal 0 -1 -0
    outer loop
      vertex 15.5 -15 9
      vertex -15.5 -15 4
      vertex 15.5 -15 4
    endloop
  endfacet
  facet normal 1 -0 0
    outer loop
      vertex 7 -19.5 47
      vertex 7 19.5 30
      vertex 7 19.5 47
    endloop
  endfacet
  facet normal 1 0 0
    outer loop
      vertex 7 19.5 30
      vertex 7 -19.5 47
      vertex 7 -19.5 30
    endloop
  endfacet
  facet normal -0 0 1
    outer loop
      vertex -47 19.5 47
      vertex 7 -19.5 47
      vertex 7 19.5 47
    endloop
  endfacet
  facet normal 0 0 1
    outer loop
      vertex 7 -19.5 47
      vertex -47 19.5 47
      vertex -47 -19.5 47
    endloop
  endfacet
  facet normal -1 0 0
    outer loop
      vertex -47 19.5 30
      vertex -47 14.8977 34
      vertex -47 19.5 34
    endloop
  endfacet
  facet normal -1 0 0
    outer loop
      vertex -47 14.8977 34
      vertex -47 -14.8977 34
      vertex -47 14.8977 35
    endloop
  endfacet
  facet normal -1 0 0
    outer loop
      vertex -47 19.5 30
      vertex -47 -14.8977 34
      vertex -47 14.8977 34
    endloop
  endfacet
  facet normal -1 0 0
    outer loop
      vertex -47 -19.5 30
      vertex -47 -14.8977 34
      vertex -47 19.5 30
    endloop
  endfacet
  facet normal -1 -0 0
    outer loop
      vertex -47 -14.8977 34
      vertex -47 -19.5 30
      vertex -47 -19.5 34
    endloop
  endfacet
  facet normal -1 0 0
    outer loop
      vertex -47 14.8977 35
      vertex -47 19.5 47
      vertex -47 19.5 35
    endloop
  endfacet
  facet normal -1 0 0
    outer loop
      vertex -47 -14.8977 35
      vertex -47 14.8977 35
      vertex -47 -14.8977 34
    endloop
  endfacet
  facet normal -1 0 0
    outer loop
      vertex -47 14.8977 35
      vertex -47 -14.8977 35
      vertex -47 19.5 47
    endloop
  endfacet
  facet normal -1 0 0
    outer loop
      vertex -47 -19.5 47
      vertex -47 -14.8977 35
      vertex -47 -19.5 35
    endloop
  endfacet
  facet normal -1 0 0
    outer loop
      vertex -47 -14.8977 35
      vertex -47 -19.5 47
      vertex -47 19.5 47
    endloop
  endfacet
  facet normal 0 1 0
    outer loop
      vertex 7 19.5 47
      vertex -36.89 19.5 35
      vertex -47 19.5 47
    endloop
  endfacet
  facet normal 0 1 -0
    outer loop
      vertex 7 19.5 30
      vertex -36.89 19.5 35
      vertex 7 19.5 47
    endloop
  endfacet
  facet normal 0 1 0
    outer loop
      vertex -36.89 19.5 35
      vertex 7 19.5 30
      vertex -36.89 19.5 34
    endloop
  endfacet
  facet normal 0 1 0
    outer loop
      vertex -47 19.5 30
      vertex -36.89 19.5 34
      vertex 7 19.5 30
    endloop
  endfacet
  facet normal 0 1 0
    outer loop
      vertex -36.89 19.5 34
      vertex -47 19.5 30
      vertex -47 19.5 34
    endloop
  endfacet
  facet normal 0 1 0
    outer loop
      vertex -47 19.5 47
      vertex -36.89 19.5 35
      vertex -47 19.5 35
    endloop
  endfacet
  facet normal 0 -1 0
    outer loop
      vertex -47 -19.5 34
      vertex -47 -19.5 30
      vertex -36.89 -19.5 34
    endloop
  endfacet
  facet normal 0 -1 0
    outer loop
      vertex -36.89 -19.5 35
      vertex -47 -19.5 47
      vertex -47 -19.5 35
    endloop
  endfacet
  facet normal 0 -1 0
    outer loop
      vertex -47 -19.5 47
      vertex -36.89 -19.5 35
      vertex 7 -19.5 47
    endloop
  endfacet
  facet normal 0 -1 0
    outer loop
      vertex 7 -19.5 30
      vertex -36.89 -19.5 35
      vertex -36.89 -19.5 34
    endloop
  endfacet
  facet normal 0 -1 0
    outer loop
      vertex 7 -19.5 30
      vertex -36.89 -19.5 34
      vertex -47 -19.5 30
    endloop
  endfacet
  facet normal 0 -1 0
    outer loop
      vertex -36.89 -19.5 35
      vertex 7 -19.5 30
      vertex 7 -19.5 47
    endloop
  endfacet
endsolid OpenSCAD_Model
