solid OpenSCAD_Model
  facet normal -0.914165 0.405342 0
    outer loop
      vertex -71.9056 -58.4335 0
      vertex -64.7276 -42.245 5
      vertex -64.7276 -42.245 0
    endloop
  endfacet
  facet normal -0.914165 0.405342 0
    outer loop
      vertex -64.7276 -42.245 5
      vertex -71.9056 -58.4335 0
      vertex -71.9056 -58.4335 5
    endloop
  endfacet
  facet normal 0 0 -1
    outer loop
      vertex -76.125 -75.4845 0
      vertex -62.75 -77 0
      vertex -63.5 -78.5263 0
    endloop
  endfacet
  facet normal 0 0 -1
    outer loop
      vertex -65 -40 0
      vertex -63.2135 -23.6183 0
      vertex -63.2135 -25.3817 0
    endloop
  endfacet
  facet normal -0 0 -1
    outer loop
      vertex -63.2135 -23.6183 0
      vertex -65 -40 0
      vertex -63.2135 23.6183 0
    endloop
  endfacet
  facet normal 0 0 -1
    outer loop
      vertex -62.75 -61 0
      vertex -64.7276 -42.245 0
      vertex -63.2135 -25.3817 0
    endloop
  endfacet
  facet normal 0 0 -1
    outer loop
      vertex -76.125 -62.5155 0
      vertex -61.875 -62.5155 0
      vertex -76.125 -75.4845 0
    endloop
  endfacet
  facet normal 0 0 -1
    outer loop
      vertex -63.5 -78.5263 0
      vertex -62.75 -77 0
      vertex -62.3508 -77.6914 0
    endloop
  endfacet
  facet normal 0 0 -1
    outer loop
      vertex -61.5365 -23.0734 0
      vertex -60.5 24.5 0
      vertex -60.5 -24.5 0
    endloop
  endfacet
  facet normal 0 0 -1
    outer loop
      vertex -61.5365 -23.0734 0
      vertex -61.5365 23.0734 0
      vertex -60.5 24.5 0
    endloop
  endfacet
  facet normal 0 0 -1
    outer loop
      vertex -63.2135 -23.6183 0
      vertex -61.5365 23.0734 0
      vertex -61.5365 -23.0734 0
    endloop
  endfacet
  facet normal -0 0 -1
    outer loop
      vertex -61.5365 23.0734 0
      vertex -63.2135 -23.6183 0
      vertex -63.2135 23.6183 0
    endloop
  endfacet
  facet normal 0 0 -1
    outer loop
      vertex -60.5 -24.5 0
      vertex -59.25 -61 0
      vertex -60.125 -59.4845 0
    endloop
  endfacet
  facet normal 0 0 -1
    outer loop
      vertex -59.25 -61 0
      vertex -60.5 -24.5 0
      vertex -59.25 61 0
    endloop
  endfacet
  facet normal 0 0 -1
    outer loop
      vertex -60.5 24.5 0
      vertex -59.25 61 0
      vertex -60.5 -24.5 0
    endloop
  endfacet
  facet normal 0 0 -1
    outer loop
      vertex -60.125 -59.4845 0
      vertex -61.5365 -25.9266 0
      vertex -60.5 -24.5 0
    endloop
  endfacet
  facet normal 0 0 -1
    outer loop
      vertex -61.875 -59.4845 0
      vertex -61.5365 -25.9266 0
      vertex -60.125 -59.4845 0
    endloop
  endfacet
  facet normal 0 0 -1
    outer loop
      vertex -63.2135 -25.3817 0
      vertex -61.875 -59.4845 0
      vertex -62.75 -61 0
    endloop
  endfacet
  facet normal 0 0 -1
    outer loop
      vertex -61.875 -59.4845 0
      vertex -63.2135 -25.3817 0
      vertex -61.5365 -25.9266 0
    endloop
  endfacet
  facet normal 0 0 -1
    outer loop
      vertex -60.125 62.5155 0
      vertex -58.8908 64.7111 0
      vertex -59.25 61 0
    endloop
  endfacet
  facet normal 0 0 -1
    outer loop
      vertex -61.875 62.5155 0
      vertex -58.8908 64.7111 0
      vertex -60.125 62.5155 0
    endloop
  endfacet
  facet normal 0 0 -1
    outer loop
      vertex -61.875 75.4845 0
      vertex -58.8908 64.7111 0
      vertex -61.875 62.5155 0
    endloop
  endfacet
  facet normal 0 0 -1
    outer loop
      vertex -58.8908 64.7111 0
      vertex -61.875 75.4845 0
      vertex -58.951 73.4741 0
    endloop
  endfacet
  facet normal 0 0 -1
    outer loop
      vertex -60.1008 75.4656 0
      vertex -60.125 75.4845 0
      vertex -60.1222 75.4894 0
    endloop
  endfacet
  facet normal 0 0 -1
    outer loop
      vertex -58.951 73.4741 0
      vertex -61.875 75.4845 0
      vertex -60.1008 75.4656 0
    endloop
  endfacet
  facet normal 0 0 -1
    outer loop
      vertex -60.1008 75.4656 0
      vertex -61.875 75.4845 0
      vertex -60.125 75.4845 0
    endloop
  endfacet
  facet normal 0 0 -1
    outer loop
      vertex -76.125 62.5155 0
      vertex -61.875 62.5155 0
      vertex -62.75 61 0
    endloop
  endfacet
  facet normal 0 0 -1
    outer loop
      vertex -61.875 62.5155 0
      vertex -76.125 62.5155 0
      vertex -61.875 75.4845 0
    endloop
  endfacet
  facet normal 0 0 -1
    outer loop
      vertex -59.25 61 0
      vertex -60.5 24.5 0
      vertex -60.125 59.4845 0
    endloop
  endfacet
  facet normal 0 0 -1
    outer loop
      vertex -64.7276 42.245 0
      vertex -60.5 24.5 0
      vertex -61.5365 25.9266 0
    endloop
  endfacet
  facet normal 0 0 -1
    outer loop
      vertex -60.5 24.5 0
      vertex -64.7276 42.245 0
      vertex -60.125 59.4845 0
    endloop
  endfacet
  facet normal -0 0 -1
    outer loop
      vertex -60.125 59.4845 0
      vertex -64.7276 42.245 0
      vertex -61.875 59.4845 0
    endloop
  endfacet
  facet normal 0 0 -1
    outer loop
      vertex -71.9056 58.4335 0
      vertex -61.875 59.4845 0
      vertex -64.7276 42.245 0
    endloop
  endfacet
  facet normal 0 0 -1
    outer loop
      vertex -64.7276 42.245 0
      vertex -61.5365 25.9266 0
      vertex -63.2135 25.3817 0
    endloop
  endfacet
  facet normal 0 0 -1
    outer loop
      vertex -61.875 -75.4845 0
      vertex -58 -69 0
      vertex -58.2404 -71.287 0
    endloop
  endfacet
  facet normal 0 0 -1
    outer loop
      vertex -58 -69 0
      vertex -61.875 -62.5155 0
      vertex -58.2404 -66.713 0
    endloop
  endfacet
  facet normal -0 0 -1
    outer loop
      vertex -58 -69 0
      vertex -61.875 -75.4845 0
      vertex -61.875 -62.5155 0
    endloop
  endfacet
  facet normal 0 0 -1
    outer loop
      vertex -61.875 -75.4845 0
      vertex -58.2404 -71.287 0
      vertex -58.951 -73.4741 0
    endloop
  endfacet
  facet normal 0 0 -1
    outer loop
      vertex -58.2404 66.713 0
      vertex -58.2404 71.287 0
      vertex -58 69 0
    endloop
  endfacet
  facet normal 0 0 -1
    outer loop
      vertex -58.8908 64.7111 0
      vertex -58.2404 71.287 0
      vertex -58.2404 66.713 0
    endloop
  endfacet
  facet normal 0 0 -1
    outer loop
      vertex -58.8908 64.7111 0
      vertex -58.951 73.4741 0
      vertex -58.2404 71.287 0
    endloop
  endfacet
  facet normal 0 0 -1
    outer loop
      vertex -58.8908 -64.7111 0
      vertex -59.25 -61 0
      vertex -58.8908 64.7111 0
    endloop
  endfacet
  facet normal 0 0 -1
    outer loop
      vertex -59.25 61 0
      vertex -58.8908 64.7111 0
      vertex -59.25 -61 0
    endloop
  endfacet
  facet normal 0 0 -1
    outer loop
      vertex -61.875 -75.4845 0
      vertex -58.951 -73.4741 0
      vertex -60.1008 -75.4656 0
    endloop
  endfacet
  facet normal 0 0 -1
    outer loop
      vertex -60.125 -75.4845 0
      vertex -60.1008 -75.4656 0
      vertex -60.1222 -75.4894 0
    endloop
  endfacet
  facet normal 0 0 -1
    outer loop
      vertex -61.875 -75.4845 0
      vertex -60.1008 -75.4656 0
      vertex -60.125 -75.4845 0
    endloop
  endfacet
  facet normal 0 0 -1
    outer loop
      vertex -58.8908 -64.7111 0
      vertex -60.125 -62.5155 0
      vertex -59.25 -61 0
    endloop
  endfacet
  facet normal 0 0 -1
    outer loop
      vertex -58.2404 -66.713 0
      vertex -61.875 -62.5155 0
      vertex -58.8908 -64.7111 0
    endloop
  endfacet
  facet normal 0 0 -1
    outer loop
      vertex -58.8908 -64.7111 0
      vertex -61.875 -62.5155 0
      vertex -60.125 -62.5155 0
    endloop
  endfacet
  facet normal 0 0 -1
    outer loop
      vertex -76.125 -75.4845 0
      vertex -61.875 -75.4845 0
      vertex -62.75 -77 0
    endloop
  endfacet
  facet normal 0 0 -1
    outer loop
      vertex -61.875 -75.4845 0
      vertex -76.125 -75.4845 0
      vertex -61.875 -62.5155 0
    endloop
  endfacet
  facet normal 0 0 -1
    outer loop
      vertex -62.75 77 0
      vertex -63.5 78.5263 0
      vertex -62.3508 77.6914 0
    endloop
  endfacet
  facet normal -0 0 -1
    outer loop
      vertex -61.875 59.4845 0
      vertex -71.9056 58.4335 0
      vertex -62.75 61 0
    endloop
  endfacet
  facet normal 0 0 -1
    outer loop
      vertex -65 -40 0
      vertex -63.2135 -25.3817 0
      vertex -64.7276 -42.245 0
    endloop
  endfacet
  facet normal 0 0 -1
    outer loop
      vertex -65 40 0
      vertex -63.2135 23.6183 0
      vertex -65 -40 0
    endloop
  endfacet
  facet normal 0 0 -1
    outer loop
      vertex -76.125 -75.4845 0
      vertex -63.5 -78.5263 0
      vertex -65.6008 -79.4616 0
    endloop
  endfacet
  facet normal 0 0 -1
    outer loop
      vertex -76.125 -75.4845 0
      vertex -65.6008 -79.4616 0
      vertex -67.8502 -79.9397 0
    endloop
  endfacet
  facet normal 0 0 -1
    outer loop
      vertex -76.125 -75.4845 0
      vertex -67.8502 -79.9397 0
      vertex -70.1498 -79.9397 0
    endloop
  endfacet
  facet normal 0 0 -1
    outer loop
      vertex -62.75 -61 0
      vertex -71.9056 -58.4335 0
      vertex -64.7276 -42.245 0
    endloop
  endfacet
  facet normal 0 0 -1
    outer loop
      vertex -75.25 -77 0
      vertex -70.1498 -79.9397 0
      vertex -72.3992 -79.4616 0
    endloop
  endfacet
  facet normal 0 0 -1
    outer loop
      vertex -61.875 -62.5155 0
      vertex -76.125 -62.5155 0
      vertex -62.75 -61 0
    endloop
  endfacet
  facet normal 0 0 -1
    outer loop
      vertex -75.25 -77 0
      vertex -72.3992 -79.4616 0
      vertex -74.5 -78.5263 0
    endloop
  endfacet
  facet normal 0 0 -1
    outer loop
      vertex -70.1498 -79.9397 0
      vertex -75.25 -77 0
      vertex -76.125 -75.4845 0
    endloop
  endfacet
  facet normal -0 0 -1
    outer loop
      vertex -62.75 -61 0
      vertex -76.125 -62.5155 0
      vertex -71.9056 -58.4335 0
    endloop
  endfacet
  facet normal 0 -0 -1
    outer loop
      vertex -75.25 -77 0
      vertex -74.5 -78.5263 0
      vertex -75.6492 -77.6914 0
    endloop
  endfacet
  facet normal 0 0 -1
    outer loop
      vertex -67.8502 79.9397 0
      vertex -76.125 75.4845 0
      vertex -75.25 77 0
    endloop
  endfacet
  facet normal 0 0 -1
    outer loop
      vertex -61.875 75.4845 0
      vertex -67.8502 79.9397 0
      vertex -62.75 77 0
    endloop
  endfacet
  facet normal 0 0 -1
    outer loop
      vertex -77.8992 62.5344 0
      vertex -76.125 62.5155 0
      vertex -77.875 62.5155 0
    endloop
  endfacet
  facet normal 0 0 -1
    outer loop
      vertex -79.7596 66.713 0
      vertex -76.125 62.5155 0
      vertex -79.049 64.5259 0
    endloop
  endfacet
  facet normal 0 0 -1
    outer loop
      vertex -77.8992 62.5344 0
      vertex -77.875 62.5155 0
      vertex -77.8778 62.5106 0
    endloop
  endfacet
  facet normal 0 0 -1
    outer loop
      vertex -80 69 0
      vertex -76.125 62.5155 0
      vertex -79.7596 66.713 0
    endloop
  endfacet
  facet normal 0 0 -1
    outer loop
      vertex -76.125 62.5155 0
      vertex -77.8992 62.5344 0
      vertex -79.049 64.5259 0
    endloop
  endfacet
  facet normal 0 -0 -1
    outer loop
      vertex -77.8992 75.4656 0
      vertex -76.125 75.4845 0
      vertex -79.049 73.4741 0
    endloop
  endfacet
  facet normal -0 0 -1
    outer loop
      vertex -76.125 75.4845 0
      vertex -77.8992 75.4656 0
      vertex -77.875 75.4845 0
    endloop
  endfacet
  facet normal -0 0 -1
    outer loop
      vertex -77.875 75.4845 0
      vertex -77.8992 75.4656 0
      vertex -77.8778 75.4894 0
    endloop
  endfacet
  facet normal 0 0 -1
    outer loop
      vertex -76.125 62.5155 0
      vertex -80 69 0
      vertex -76.125 75.4845 0
    endloop
  endfacet
  facet normal 0 0 -1
    outer loop
      vertex -76.125 75.4845 0
      vertex -79.7596 71.287 0
      vertex -79.049 73.4741 0
    endloop
  endfacet
  facet normal 0 0 -1
    outer loop
      vertex -76.125 75.4845 0
      vertex -80 69 0
      vertex -79.7596 71.287 0
    endloop
  endfacet
  facet normal 0 -0 -1
    outer loop
      vertex -75.25 -61 0
      vertex -71.9056 -58.4335 0
      vertex -76.125 -62.5155 0
    endloop
  endfacet
  facet normal 0 0 -1
    outer loop
      vertex -71.9056 -58.4335 0
      vertex -75.25 -61 0
      vertex -72.3992 -58.5384 0
    endloop
  endfacet
  facet normal 0 0 -1
    outer loop
      vertex -77.8992 -75.4656 0
      vertex -76.125 -75.4845 0
      vertex -77.875 -75.4845 0
    endloop
  endfacet
  facet normal 0 0 -1
    outer loop
      vertex -79.7596 -71.287 0
      vertex -76.125 -75.4845 0
      vertex -79.049 -73.4741 0
    endloop
  endfacet
  facet normal 0 0 -1
    outer loop
      vertex -77.8992 -75.4656 0
      vertex -77.875 -75.4845 0
      vertex -77.8778 -75.4894 0
    endloop
  endfacet
  facet normal 0 0 -1
    outer loop
      vertex -80 -69 0
      vertex -76.125 -75.4845 0
      vertex -79.7596 -71.287 0
    endloop
  endfacet
  facet normal 0 0 -1
    outer loop
      vertex -76.125 -75.4845 0
      vertex -77.8992 -75.4656 0
      vertex -79.049 -73.4741 0
    endloop
  endfacet
  facet normal 0 -0 -1
    outer loop
      vertex -77.8992 -62.5344 0
      vertex -76.125 -62.5155 0
      vertex -79.049 -64.5259 0
    endloop
  endfacet
  facet normal -0 0 -1
    outer loop
      vertex -76.125 -62.5155 0
      vertex -77.8992 -62.5344 0
      vertex -77.875 -62.5155 0
    endloop
  endfacet
  facet normal -0 0 -1
    outer loop
      vertex -77.875 -62.5155 0
      vertex -77.8992 -62.5344 0
      vertex -77.8778 -62.5106 0
    endloop
  endfacet
  facet normal 0 0 -1
    outer loop
      vertex -76.125 -75.4845 0
      vertex -80 -69 0
      vertex -76.125 -62.5155 0
    endloop
  endfacet
  facet normal 0 0 -1
    outer loop
      vertex -76.125 -62.5155 0
      vertex -79.7596 -66.713 0
      vertex -79.049 -64.5259 0
    endloop
  endfacet
  facet normal 0 0 -1
    outer loop
      vertex -76.125 -62.5155 0
      vertex -80 -69 0
      vertex -79.7596 -66.713 0
    endloop
  endfacet
  facet normal 0 0 -1
    outer loop
      vertex -65 -40 0
      vertex -64.7276 -42.245 0
      vertex -64.7815 -42.0791 0
    endloop
  endfacet
  facet normal 0 0 -1
    outer loop
      vertex -63.2135 23.6183 0
      vertex -65 40 0
      vertex -63.2135 25.3817 0
    endloop
  endfacet
  facet normal 0 0 -1
    outer loop
      vertex -63.2135 25.3817 0
      vertex -65 40 0
      vertex -64.7276 42.245 0
    endloop
  endfacet
  facet normal 0 0 -1
    outer loop
      vertex -64.7276 42.245 0
      vertex -65 40 0
      vertex -64.7815 42.0791 0
    endloop
  endfacet
  facet normal 0 0 -1
    outer loop
      vertex -76.125 62.5155 0
      vertex -62.75 61 0
      vertex -71.9056 58.4335 0
    endloop
  endfacet
  facet normal 0 0 -1
    outer loop
      vertex -76.125 75.4845 0
      vertex -61.875 75.4845 0
      vertex -76.125 62.5155 0
    endloop
  endfacet
  facet normal 0 0 -1
    outer loop
      vertex -76.125 62.5155 0
      vertex -71.9056 58.4335 0
      vertex -75.25 61 0
    endloop
  endfacet
  facet normal 0 -0 -1
    outer loop
      vertex -67.8502 79.9397 0
      vertex -61.875 75.4845 0
      vertex -76.125 75.4845 0
    endloop
  endfacet
  facet normal 0 0 -1
    outer loop
      vertex -62.75 77 0
      vertex -65.6008 79.4616 0
      vertex -63.5 78.5263 0
    endloop
  endfacet
  facet normal 0 0 -1
    outer loop
      vertex -75.25 61 0
      vertex -71.9056 58.4335 0
      vertex -72.3992 58.5384 0
    endloop
  endfacet
  facet normal 0 0 -1
    outer loop
      vertex -62.75 77 0
      vertex -67.8502 79.9397 0
      vertex -65.6008 79.4616 0
    endloop
  endfacet
  facet normal 0 0 -1
    outer loop
      vertex -75.25 61 0
      vertex -72.3992 58.5384 0
      vertex -74.5 59.4737 0
    endloop
  endfacet
  facet normal -0 0 -1
    outer loop
      vertex -67.8502 79.9397 0
      vertex -75.25 77 0
      vertex -70.1498 79.9397 0
    endloop
  endfacet
  facet normal 0 0 -1
    outer loop
      vertex -70.1498 79.9397 0
      vertex -75.25 77 0
      vertex -72.3992 79.4616 0
    endloop
  endfacet
  facet normal 0 -0 -1
    outer loop
      vertex -75.25 61 0
      vertex -74.5 59.4737 0
      vertex -75.6492 60.3086 0
    endloop
  endfacet
  facet normal 0 0 -1
    outer loop
      vertex -72.3992 -58.5384 0
      vertex -75.25 -61 0
      vertex -74.5 -59.4737 0
    endloop
  endfacet
  facet normal 0 0 -1
    outer loop
      vertex -74.5 -59.4737 0
      vertex -75.25 -61 0
      vertex -75.6492 -60.3086 0
    endloop
  endfacet
  facet normal 0 0 -1
    outer loop
      vertex -72.3992 79.4616 0
      vertex -75.25 77 0
      vertex -74.5 78.5263 0
    endloop
  endfacet
  facet normal 0 0 -1
    outer loop
      vertex -74.5 78.5263 0
      vertex -75.25 77 0
      vertex -75.6492 77.6914 0
    endloop
  endfacet
  facet normal 0 0 -1
    outer loop
      vertex 61.875 -75.4845 0
      vertex 58 -69 0
      vertex 61.875 -62.5155 0
    endloop
  endfacet
  facet normal 0 0 -1
    outer loop
      vertex 61.875 -62.5155 0
      vertex 58.2404 -66.713 0
      vertex 58.8908 -64.7111 0
    endloop
  endfacet
  facet normal 0 0 -1
    outer loop
      vertex 61.875 -62.5155 0
      vertex 58 -69 0
      vertex 58.2404 -66.713 0
    endloop
  endfacet
  facet normal 0 0 -1
    outer loop
      vertex 32.4271 -36.2366 0
      vertex 45 -35 0
      vertex 33 -38 0
    endloop
  endfacet
  facet normal 0 0 -1
    outer loop
      vertex 30.9271 -35.1468 0
      vertex 45 -35 0
      vertex 32.4271 -36.2366 0
    endloop
  endfacet
  facet normal 0 0 -1
    outer loop
      vertex 29.0729 -35.1468 0
      vertex 45 -35 0
      vertex 30.9271 -35.1468 0
    endloop
  endfacet
  facet normal 0 0 -1
    outer loop
      vertex -25 -35 0
      vertex 27 -38 0
      vertex -25 -40 0
    endloop
  endfacet
  facet normal 0 0 -1
    outer loop
      vertex 27 -38 0
      vertex -25 -35 0
      vertex 27.5729 -36.2366 0
    endloop
  endfacet
  facet normal 0 0 -1
    outer loop
      vertex 29.0729 -35.1468 0
      vertex -25 -35 0
      vertex 45 -35 0
    endloop
  endfacet
  facet normal 0 0 -1
    outer loop
      vertex 27.5729 -36.2366 0
      vertex -25 -35 0
      vertex 29.0729 -35.1468 0
    endloop
  endfacet
  facet normal 0 0 -1
    outer loop
      vertex 72.3992 58.5384 0
      vertex 75.25 61 0
      vertex 74.5 59.4737 0
    endloop
  endfacet
  facet normal 0 0 -1
    outer loop
      vertex 74.5 59.4737 0
      vertex 75.25 61 0
      vertex 75.6492 60.3086 0
    endloop
  endfacet
  facet normal 0 0 -1
    outer loop
      vertex 76.125 62.5155 0
      vertex 80 69 0
      vertex 79.7596 66.713 0
    endloop
  endfacet
  facet normal 0 0 -1
    outer loop
      vertex 76.125 62.5155 0
      vertex 79.7596 66.713 0
      vertex 79.049 64.5259 0
    endloop
  endfacet
  facet normal 0 0 -1
    outer loop
      vertex 76.125 75.4845 0
      vertex 80 69 0
      vertex 76.125 62.5155 0
    endloop
  endfacet
  facet normal 0 0 -1
    outer loop
      vertex 76.125 62.5155 0
      vertex 79.049 64.5259 0
      vertex 77.8992 62.5344 0
    endloop
  endfacet
  facet normal 0 0 -1
    outer loop
      vertex 80 69 0
      vertex 76.125 75.4845 0
      vertex 79.7596 71.287 0
    endloop
  endfacet
  facet normal 0 0 -1
    outer loop
      vertex 77.875 62.5155 0
      vertex 77.8992 62.5344 0
      vertex 77.8778 62.5106 0
    endloop
  endfacet
  facet normal 0 0 -1
    outer loop
      vertex 76.125 62.5155 0
      vertex 77.8992 62.5344 0
      vertex 77.875 62.5155 0
    endloop
  endfacet
  facet normal 0 0 -1
    outer loop
      vertex 79.7596 71.287 0
      vertex 76.125 75.4845 0
      vertex 79.049 73.4741 0
    endloop
  endfacet
  facet normal 0 0 -1
    outer loop
      vertex 77.8992 75.4656 0
      vertex 77.875 75.4845 0
      vertex 77.8778 75.4894 0
    endloop
  endfacet
  facet normal 0 0 -1
    outer loop
      vertex 79.049 73.4741 0
      vertex 76.125 75.4845 0
      vertex 77.8992 75.4656 0
    endloop
  endfacet
  facet normal 0 0 -1
    outer loop
      vertex 77.8992 75.4656 0
      vertex 76.125 75.4845 0
      vertex 77.875 75.4845 0
    endloop
  endfacet
  facet normal 0 0 -1
    outer loop
      vertex 75.25 61 0
      vertex 76.125 75.4845 0
      vertex 76.125 62.5155 0
    endloop
  endfacet
  facet normal -0 0 -1
    outer loop
      vertex 76.125 75.4845 0
      vertex 75.25 61 0
      vertex 75.25 77 0
    endloop
  endfacet
  facet normal 0 0 -1
    outer loop
      vertex 72.3992 -79.4616 0
      vertex 75.25 -77 0
      vertex 74.5 -78.5263 0
    endloop
  endfacet
  facet normal 0 0 -1
    outer loop
      vertex 74.5 -78.5263 0
      vertex 75.25 -77 0
      vertex 75.6492 -77.6914 0
    endloop
  endfacet
  facet normal 0 0 -1
    outer loop
      vertex 76.125 -75.4845 0
      vertex 80 -69 0
      vertex 79.7596 -71.287 0
    endloop
  endfacet
  facet normal 0 0 -1
    outer loop
      vertex 76.125 -75.4845 0
      vertex 79.7596 -71.287 0
      vertex 79.049 -73.4741 0
    endloop
  endfacet
  facet normal 0 0 -1
    outer loop
      vertex 76.125 -62.5155 0
      vertex 80 -69 0
      vertex 76.125 -75.4845 0
    endloop
  endfacet
  facet normal 0 0 -1
    outer loop
      vertex 76.125 -75.4845 0
      vertex 79.049 -73.4741 0
      vertex 77.8992 -75.4656 0
    endloop
  endfacet
  facet normal 0 0 -1
    outer loop
      vertex 80 -69 0
      vertex 76.125 -62.5155 0
      vertex 79.7596 -66.713 0
    endloop
  endfacet
  facet normal 0 0 -1
    outer loop
      vertex 77.875 -75.4845 0
      vertex 77.8992 -75.4656 0
      vertex 77.8778 -75.4894 0
    endloop
  endfacet
  facet normal 0 0 -1
    outer loop
      vertex 76.125 -75.4845 0
      vertex 77.8992 -75.4656 0
      vertex 77.875 -75.4845 0
    endloop
  endfacet
  facet normal 0 0 -1
    outer loop
      vertex 79.7596 -66.713 0
      vertex 76.125 -62.5155 0
      vertex 79.049 -64.5259 0
    endloop
  endfacet
  facet normal 0 0 -1
    outer loop
      vertex 77.8992 -62.5344 0
      vertex 77.875 -62.5155 0
      vertex 77.8778 -62.5106 0
    endloop
  endfacet
  facet normal 0 0 -1
    outer loop
      vertex 79.049 -64.5259 0
      vertex 76.125 -62.5155 0
      vertex 77.8992 -62.5344 0
    endloop
  endfacet
  facet normal 0 0 -1
    outer loop
      vertex 77.8992 -62.5344 0
      vertex 76.125 -62.5155 0
      vertex 77.875 -62.5155 0
    endloop
  endfacet
  facet normal 0 0 -1
    outer loop
      vertex 75.25 -77 0
      vertex 76.125 -62.5155 0
      vertex 76.125 -75.4845 0
    endloop
  endfacet
  facet normal -0 0 -1
    outer loop
      vertex 76.125 -62.5155 0
      vertex 75.25 -77 0
      vertex 75.25 -61 0
    endloop
  endfacet
  facet normal 0 0 -1
    outer loop
      vertex 75.25 -61 0
      vertex 74.5 -59.4737 0
      vertex 75.6492 -60.3086 0
    endloop
  endfacet
  facet normal 0 0 -1
    outer loop
      vertex 75.25 -77 0
      vertex 61.875 -75.4845 0
      vertex 75.25 -61 0
    endloop
  endfacet
  facet normal 0 0 -1
    outer loop
      vertex 70.1498 -79.9397 0
      vertex 75.25 -77 0
      vertex 72.3992 -79.4616 0
    endloop
  endfacet
  facet normal 0 0 -1
    outer loop
      vertex 61.875 -62.5155 0
      vertex 75.25 -61 0
      vertex 61.875 -75.4845 0
    endloop
  endfacet
  facet normal 0 -0 -1
    outer loop
      vertex 71.9056 -58.4335 0
      vertex 75.25 -61 0
      vertex 61.875 -62.5155 0
    endloop
  endfacet
  facet normal -0 0 -1
    outer loop
      vertex 75.25 -77 0
      vertex 70.1498 -79.9397 0
      vertex 61.875 -75.4845 0
    endloop
  endfacet
  facet normal 0 0 -1
    outer loop
      vertex 61.875 -75.4845 0
      vertex 70.1498 -79.9397 0
      vertex 67.8502 -79.9397 0
    endloop
  endfacet
  facet normal 0 0 -1
    outer loop
      vertex 62.75 -77 0
      vertex 67.8502 -79.9397 0
      vertex 65.6008 -79.4616 0
    endloop
  endfacet
  facet normal -0 -0 -1
    outer loop
      vertex 72.3992 -58.5384 0
      vertex 75.25 -61 0
      vertex 71.9056 -58.4335 0
    endloop
  endfacet
  facet normal 0 0 -1
    outer loop
      vertex 62.75 -77 0
      vertex 65.6008 -79.4616 0
      vertex 63.5 -78.5263 0
    endloop
  endfacet
  facet normal 0 0 -1
    outer loop
      vertex 75.25 77 0
      vertex 74.5 78.5263 0
      vertex 75.6492 77.6914 0
    endloop
  endfacet
  facet normal 0 0 -1
    outer loop
      vertex 75.25 61 0
      vertex 61.875 62.5155 0
      vertex 75.25 77 0
    endloop
  endfacet
  facet normal 0 0 -1
    outer loop
      vertex 75.25 61 0
      vertex 72.3992 58.5384 0
      vertex 71.9056 58.4335 0
    endloop
  endfacet
  facet normal 0 0 -1
    outer loop
      vertex 61.875 75.4845 0
      vertex 75.25 77 0
      vertex 61.875 62.5155 0
    endloop
  endfacet
  facet normal -0 0 -1
    outer loop
      vertex 75.25 61 0
      vertex 71.9056 58.4335 0
      vertex 61.875 62.5155 0
    endloop
  endfacet
  facet normal 0 0 -1
    outer loop
      vertex 75.25 77 0
      vertex 72.3992 79.4616 0
      vertex 74.5 78.5263 0
    endloop
  endfacet
  facet normal 0 0 -1
    outer loop
      vertex 75.25 77 0
      vertex 70.1498 79.9397 0
      vertex 72.3992 79.4616 0
    endloop
  endfacet
  facet normal -0 0 -1
    outer loop
      vertex 70.1498 79.9397 0
      vertex 61.875 75.4845 0
      vertex 67.8502 79.9397 0
    endloop
  endfacet
  facet normal 0 0 -1
    outer loop
      vertex 61.875 59.4845 0
      vertex 71.9056 58.4335 0
      vertex 64.7276 42.245 0
    endloop
  endfacet
  facet normal 0 0 -1
    outer loop
      vertex 61.875 62.5155 0
      vertex 71.9056 58.4335 0
      vertex 62.75 61 0
    endloop
  endfacet
  facet normal 0 0 -1
    outer loop
      vertex 64.7276 -42.245 0
      vertex 65 -40 0
      vertex 64.7815 -42.0791 0
    endloop
  endfacet
  facet normal 0 0 -1
    outer loop
      vertex 67.8502 -79.9397 0
      vertex 62.75 -77 0
      vertex 61.875 -75.4845 0
    endloop
  endfacet
  facet normal 0 0 -1
    outer loop
      vertex 61.875 -59.4845 0
      vertex 71.9056 -58.4335 0
      vertex 62.75 -61 0
    endloop
  endfacet
  facet normal -0 0 -1
    outer loop
      vertex 71.9056 -58.4335 0
      vertex 61.875 -59.4845 0
      vertex 64.7276 -42.245 0
    endloop
  endfacet
  facet normal 0 0 -1
    outer loop
      vertex 60.125 -59.4845 0
      vertex 64.7276 -42.245 0
      vertex 61.875 -59.4845 0
    endloop
  endfacet
  facet normal 0 0 -1
    outer loop
      vertex 64.7276 -42.245 0
      vertex 60.125 -59.4845 0
      vertex 51.1718 -49.9452 0
    endloop
  endfacet
  facet normal 0 0 -1
    outer loop
      vertex 51.1718 -49.9452 0
      vertex 60.125 -59.4845 0
      vertex 59.25 -61 0
    endloop
  endfacet
  facet normal -0 0 -1
    outer loop
      vertex 60.125 -62.5155 0
      vertex 58.8908 -64.7111 0
      vertex 59.25 -61 0
    endloop
  endfacet
  facet normal 0 0 -1
    outer loop
      vertex 51.1718 -49.9452 0
      vertex 59.25 -61 0
      vertex 58.8908 -64.7111 0
    endloop
  endfacet
  facet normal 0 0 -1
    outer loop
      vertex 45 -40 0
      vertex 64.7276 -42.245 0
      vertex 51.1718 -49.9452 0
    endloop
  endfacet
  facet normal 0 0 -1
    outer loop
      vertex 64.7276 -42.245 0
      vertex 45 -40 0
      vertex 65 -40 0
    endloop
  endfacet
  facet normal 0 0 -1
    outer loop
      vertex 45 -40 0
      vertex 33 -38 0
      vertex 45 -35 0
    endloop
  endfacet
  facet normal 0 0 -1
    outer loop
      vertex 30.9271 -40.8532 0
      vertex 45 -40 0
      vertex 51.1718 -49.9452 0
    endloop
  endfacet
  facet normal 0 0 -1
    outer loop
      vertex 45 -40 0
      vertex 32.4271 -39.7634 0
      vertex 33 -38 0
    endloop
  endfacet
  facet normal -0 0 -1
    outer loop
      vertex 45 -40 0
      vertex 30.9271 -40.8532 0
      vertex 32.4271 -39.7634 0
    endloop
  endfacet
  facet normal 0 0 -1
    outer loop
      vertex 51.1718 -49.9452 0
      vertex 29.0729 -40.8532 0
      vertex 30.9271 -40.8532 0
    endloop
  endfacet
  facet normal -0 0 -1
    outer loop
      vertex 27.5729 -39.7634 0
      vertex -25 -40 0
      vertex 27 -38 0
    endloop
  endfacet
  facet normal 0 0 -1
    outer loop
      vertex 29.0729 -40.8532 0
      vertex -25 -40 0
      vertex 27.5729 -39.7634 0
    endloop
  endfacet
  facet normal 0 0 -1
    outer loop
      vertex 51.1718 -49.9452 0
      vertex -25 -40 0
      vertex 29.0729 -40.8532 0
    endloop
  endfacet
  facet normal 0 0 -1
    outer loop
      vertex -51.1718 -49.9452 0
      vertex -25 -40 0
      vertex 51.1718 -49.9452 0
    endloop
  endfacet
  facet normal -0 0 -1
    outer loop
      vertex -25 -40 0
      vertex -29.0729 -40.8532 0
      vertex -27.8987 -40 0
    endloop
  endfacet
  facet normal 0 0 -1
    outer loop
      vertex -25 -40 0
      vertex -51.1718 -49.9452 0
      vertex -29.0729 -40.8532 0
    endloop
  endfacet
  facet normal 0 0 -1
    outer loop
      vertex -30.9271 -40.8532 0
      vertex -45 -40 0
      vertex -32.1013 -40 0
    endloop
  endfacet
  facet normal -0 0 -1
    outer loop
      vertex -29.0729 -40.8532 0
      vertex -51.1718 -49.9452 0
      vertex -30.9271 -40.8532 0
    endloop
  endfacet
  facet normal 0 0 -1
    outer loop
      vertex -51.1718 -49.9452 0
      vertex -45 -5 0
      vertex -45 -40 0
    endloop
  endfacet
  facet normal 0 0 -1
    outer loop
      vertex -58.8908 -64.7111 0
      vertex -45 -5 0
      vertex -51.1718 -49.9452 0
    endloop
  endfacet
  facet normal 0 0 -1
    outer loop
      vertex -58.8908 64.7111 0
      vertex -45 -5 0
      vertex -58.8908 -64.7111 0
    endloop
  endfacet
  facet normal -0 0 -1
    outer loop
      vertex -30.9271 -40.8532 0
      vertex -51.1718 -49.9452 0
      vertex -45 -40 0
    endloop
  endfacet
  facet normal 0 -0 -1
    outer loop
      vertex 62.75 77 0
      vertex 67.8502 79.9397 0
      vertex 61.875 75.4845 0
    endloop
  endfacet
  facet normal 0 0 -1
    outer loop
      vertex 67.8502 79.9397 0
      vertex 62.75 77 0
      vertex 65.6008 79.4616 0
    endloop
  endfacet
  facet normal 0 0 -1
    outer loop
      vertex 58.8908 64.7111 0
      vertex 61.875 62.5155 0
      vertex 60.125 62.5155 0
    endloop
  endfacet
  facet normal 0 0 -1
    outer loop
      vertex 58.2404 66.713 0
      vertex 61.875 62.5155 0
      vertex 58.8908 64.7111 0
    endloop
  endfacet
  facet normal 0 0 -1
    outer loop
      vertex 58 69 0
      vertex 61.875 62.5155 0
      vertex 58.2404 66.713 0
    endloop
  endfacet
  facet normal 0 -0 -1
    outer loop
      vertex 60.1008 75.4656 0
      vertex 61.875 75.4845 0
      vertex 58.951 73.4741 0
    endloop
  endfacet
  facet normal 0 0 -1
    outer loop
      vertex 58.8908 64.7111 0
      vertex 60.125 62.5155 0
      vertex 59.25 61 0
    endloop
  endfacet
  facet normal -0 0 -1
    outer loop
      vertex 61.875 75.4845 0
      vertex 60.1008 75.4656 0
      vertex 60.125 75.4845 0
    endloop
  endfacet
  facet normal 0 0 -1
    outer loop
      vertex 65 40 0
      vertex 64.7276 42.245 0
      vertex 64.7815 42.0791 0
    endloop
  endfacet
  facet normal 0 -0 -1
    outer loop
      vertex 70.1498 79.9397 0
      vertex 75.25 77 0
      vertex 61.875 75.4845 0
    endloop
  endfacet
  facet normal 0 0 -1
    outer loop
      vertex 71.9056 58.4335 0
      vertex 61.875 59.4845 0
      vertex 62.75 61 0
    endloop
  endfacet
  facet normal 0 0 -1
    outer loop
      vertex 45 40 0
      vertex 64.7276 42.245 0
      vertex 65 40 0
    endloop
  endfacet
  facet normal 0 -0 -1
    outer loop
      vertex 60.125 59.4845 0
      vertex 64.7276 42.245 0
      vertex 51.1718 49.9452 0
    endloop
  endfacet
  facet normal 0 0 -1
    outer loop
      vertex 64.7276 42.245 0
      vertex 60.125 59.4845 0
      vertex 61.875 59.4845 0
    endloop
  endfacet
  facet normal -0 0 -1
    outer loop
      vertex 60.125 75.4845 0
      vertex 60.1008 75.4656 0
      vertex 60.1222 75.4894 0
    endloop
  endfacet
  facet normal -0 0 -1
    outer loop
      vertex 59.25 61 0
      vertex 51.1718 49.9452 0
      vertex 58.8908 64.7111 0
    endloop
  endfacet
  facet normal -0 0 -1
    outer loop
      vertex 60.125 59.4845 0
      vertex 51.1718 49.9452 0
      vertex 59.25 61 0
    endloop
  endfacet
  facet normal -0 0 -1
    outer loop
      vertex 64.7276 42.245 0
      vertex 45 40 0
      vertex 51.1718 49.9452 0
    endloop
  endfacet
  facet normal -0 0 -1
    outer loop
      vertex 46.5 15.25 0
      vertex 42.125 11.5155 0
      vertex 45 28 0
    endloop
  endfacet
  facet normal 0 0 -1
    outer loop
      vertex 30.9271 35.1468 0
      vertex 45 28 0
      vertex 42.125 11.5155 0
    endloop
  endfacet
  facet normal 0 0 -1
    outer loop
      vertex 23.875 11.5155 0
      vertex 42.125 11.5155 0
      vertex 41.25 10 0
    endloop
  endfacet
  facet normal 0 0 -1
    outer loop
      vertex 45 28 0
      vertex 32.4271 36.2366 0
      vertex 45 40 0
    endloop
  endfacet
  facet normal 0 0 -1
    outer loop
      vertex 32.4271 39.7634 0
      vertex 45 40 0
      vertex 33 38 0
    endloop
  endfacet
  facet normal 0 0 -1
    outer loop
      vertex 30.9271 40.8532 0
      vertex 45 40 0
      vertex 32.4271 39.7634 0
    endloop
  endfacet
  facet normal 0 0 -1
    outer loop
      vertex 45 40 0
      vertex 30.9271 40.8532 0
      vertex 51.1718 49.9452 0
    endloop
  endfacet
  facet normal 0 0 -1
    outer loop
      vertex 29.0729 40.8532 0
      vertex 51.1718 49.9452 0
      vertex 30.9271 40.8532 0
    endloop
  endfacet
  facet normal -0 0 -1
    outer loop
      vertex 29.0729 35.1468 0
      vertex 18.625 16.7655 0
      vertex 27.5729 36.2366 0
    endloop
  endfacet
  facet normal 0 0 -1
    outer loop
      vertex 19.5 15.25 0
      vertex 23.875 11.5155 0
      vertex 22.125 11.5155 0
    endloop
  endfacet
  facet normal 0 0 -1
    outer loop
      vertex 18.625 13.7345 0
      vertex 22.125 11.5155 0
      vertex 21.25 10 0
    endloop
  endfacet
  facet normal 0 0 -1
    outer loop
      vertex 18.625 16.7655 0
      vertex 23.875 11.5155 0
      vertex 19.5 15.25 0
    endloop
  endfacet
  facet normal 0 0 -1
    outer loop
      vertex 16.875 16.7655 0
      vertex 27.5729 36.2366 0
      vertex 18.625 16.7655 0
    endloop
  endfacet
  facet normal -0 0 -1
    outer loop
      vertex 27.5729 36.2366 0
      vertex 16.875 16.7655 0
      vertex 27 38 0
    endloop
  endfacet
  facet normal 0 0 -1
    outer loop
      vertex -2.5 24.5 0
      vertex 27 38 0
      vertex 16.875 16.7655 0
    endloop
  endfacet
  facet normal 0 0 -1
    outer loop
      vertex -2.5 24.5 0
      vertex 16.875 16.7655 0
      vertex 16 15.25 0
    endloop
  endfacet
  facet normal 0 0 -1
    outer loop
      vertex -3.53647 25.9266 0
      vertex 27 38 0
      vertex -2.5 24.5 0
    endloop
  endfacet
  facet normal -0 0 -1
    outer loop
      vertex 27 38 0
      vertex -3.53647 25.9266 0
      vertex 27.5729 39.7634 0
    endloop
  endfacet
  facet normal 0 0 -1
    outer loop
      vertex -25 40 0
      vertex 27.5729 39.7634 0
      vertex -3.53647 25.9266 0
    endloop
  endfacet
  facet normal 0 0 -1
    outer loop
      vertex -25 40 0
      vertex -3.53647 25.9266 0
      vertex -5.21352 25.3817 0
    endloop
  endfacet
  facet normal 0 0 -1
    outer loop
      vertex -25 40 0
      vertex -5.21352 25.3817 0
      vertex -25 28 0
    endloop
  endfacet
  facet normal 0 0 -1
    outer loop
      vertex 27.5729 39.7634 0
      vertex -25 40 0
      vertex 29.0729 40.8532 0
    endloop
  endfacet
  facet normal -0 0 -1
    outer loop
      vertex 29.0729 40.8532 0
      vertex -25 40 0
      vertex 51.1718 49.9452 0
    endloop
  endfacet
  facet normal 0 0 -1
    outer loop
      vertex -29.0729 40.8532 0
      vertex -25 40 0
      vertex -27.8987 40 0
    endloop
  endfacet
  facet normal 0 0 -1
    outer loop
      vertex -51.1718 49.9452 0
      vertex -25 40 0
      vertex -29.0729 40.8532 0
    endloop
  endfacet
  facet normal 0 0 -1
    outer loop
      vertex -51.1718 49.9452 0
      vertex -29.0729 40.8532 0
      vertex -30.9271 40.8532 0
    endloop
  endfacet
  facet normal 0 0 -1
    outer loop
      vertex -45 40 0
      vertex -30.9271 40.8532 0
      vertex -32.1013 40 0
    endloop
  endfacet
  facet normal 0 0 -1
    outer loop
      vertex -51.1718 49.9452 0
      vertex -30.9271 40.8532 0
      vertex -45 40 0
    endloop
  endfacet
  facet normal 0 0 -1
    outer loop
      vertex -25 40 0
      vertex -51.1718 49.9452 0
      vertex 51.1718 49.9452 0
    endloop
  endfacet
  facet normal 0 0 -1
    outer loop
      vertex -45 28 0
      vertex -51.1718 49.9452 0
      vertex -45 40 0
    endloop
  endfacet
  facet normal 0 0 -1
    outer loop
      vertex -45 -5 0
      vertex -58.8908 64.7111 0
      vertex -45 28 0
    endloop
  endfacet
  facet normal 0 0 -1
    outer loop
      vertex -45 28 0
      vertex -58.8908 64.7111 0
      vertex -51.1718 49.9452 0
    endloop
  endfacet
  facet normal 0 0 -1
    outer loop
      vertex 65.6008 79.4616 0
      vertex 62.75 77 0
      vertex 63.5 78.5263 0
    endloop
  endfacet
  facet normal 0 0 -1
    outer loop
      vertex 63.5 78.5263 0
      vertex 62.75 77 0
      vertex 62.3508 77.6914 0
    endloop
  endfacet
  facet normal 0 0 -1
    outer loop
      vertex 61.875 62.5155 0
      vertex 58 69 0
      vertex 61.875 75.4845 0
    endloop
  endfacet
  facet normal 0 0 -1
    outer loop
      vertex 61.875 75.4845 0
      vertex 58.2404 71.287 0
      vertex 58.951 73.4741 0
    endloop
  endfacet
  facet normal 0 0 -1
    outer loop
      vertex 61.875 75.4845 0
      vertex 58 69 0
      vertex 58.2404 71.287 0
    endloop
  endfacet
  facet normal 0 0 -1
    outer loop
      vertex 49.125 -13.7345 0
      vertex 50 15.25 0
      vertex 50 -15.25 0
    endloop
  endfacet
  facet normal 0 0 -1
    outer loop
      vertex 49.125 -13.7345 0
      vertex 49.125 13.7345 0
      vertex 50 15.25 0
    endloop
  endfacet
  facet normal 0 0 -1
    outer loop
      vertex 45 -5 0
      vertex 49.125 -13.7345 0
      vertex 47.375 -13.7345 0
    endloop
  endfacet
  facet normal 0 0 -1
    outer loop
      vertex 49.125 -13.7345 0
      vertex 45 -5 0
      vertex 49.125 13.7345 0
    endloop
  endfacet
  facet normal 0 0 -1
    outer loop
      vertex 45 -5 0
      vertex 47.375 -13.7345 0
      vertex 46.5 -15.25 0
    endloop
  endfacet
  facet normal 0 0 -1
    outer loop
      vertex 43.875 8.48446 0
      vertex 49.125 13.7345 0
      vertex 45 -5 0
    endloop
  endfacet
  facet normal 0 0 -1
    outer loop
      vertex 65 -28 0
      vertex 50 -15.25 0
      vertex 65 28 0
    endloop
  endfacet
  facet normal 0 0 -1
    outer loop
      vertex 65 -28 0
      vertex 49.125 -16.7655 0
      vertex 50 -15.25 0
    endloop
  endfacet
  facet normal 0 0 -1
    outer loop
      vertex 45 -28 0
      vertex 49.125 -16.7655 0
      vertex 65 -28 0
    endloop
  endfacet
  facet normal 0 0 -1
    outer loop
      vertex 45 -5 0
      vertex 46.5 -15.25 0
      vertex 45 -28 0
    endloop
  endfacet
  facet normal -0 0 -1
    outer loop
      vertex 47.375 -16.7655 0
      vertex 45 -28 0
      vertex 46.5 -15.25 0
    endloop
  endfacet
  facet normal -0 0 -1
    outer loop
      vertex 49.125 -16.7655 0
      vertex 45 -28 0
      vertex 47.375 -16.7655 0
    endloop
  endfacet
  facet normal 0 0 -1
    outer loop
      vertex 50 15.25 0
      vertex 65 28 0
      vertex 50 -15.25 0
    endloop
  endfacet
  facet normal 0 0 -1
    outer loop
      vertex 49.125 16.7655 0
      vertex 65 28 0
      vertex 50 15.25 0
    endloop
  endfacet
  facet normal 0 0 -1
    outer loop
      vertex 45 28 0
      vertex 49.125 16.7655 0
      vertex 47.375 16.7655 0
    endloop
  endfacet
  facet normal -0 0 -1
    outer loop
      vertex 49.125 13.7345 0
      vertex 44.75 10 0
      vertex 47.375 13.7345 0
    endloop
  endfacet
  facet normal 0 0 -1
    outer loop
      vertex 49.125 16.7655 0
      vertex 45 28 0
      vertex 65 28 0
    endloop
  endfacet
  facet normal 0 0 -1
    outer loop
      vertex 46.5 15.25 0
      vertex 45 28 0
      vertex 47.375 16.7655 0
    endloop
  endfacet
  facet normal 0 0 -1
    outer loop
      vertex 43.875 11.5155 0
      vertex 47.375 13.7345 0
      vertex 44.75 10 0
    endloop
  endfacet
  facet normal -0 0 -1
    outer loop
      vertex 47.375 13.7345 0
      vertex 43.875 11.5155 0
      vertex 46.5 15.25 0
    endloop
  endfacet
  facet normal 0 0 -1
    outer loop
      vertex 42.125 11.5155 0
      vertex 46.5 15.25 0
      vertex 43.875 11.5155 0
    endloop
  endfacet
  facet normal 0 0 -1
    outer loop
      vertex 49.125 13.7345 0
      vertex 43.875 8.48446 0
      vertex 44.75 10 0
    endloop
  endfacet
  facet normal 0 0 -1
    outer loop
      vertex 45 -5 0
      vertex 42.125 8.48446 0
      vertex 43.875 8.48446 0
    endloop
  endfacet
  facet normal 0 0 -1
    outer loop
      vertex 23.875 8.48446 0
      vertex 42.125 8.48446 0
      vertex 45 -5 0
    endloop
  endfacet
  facet normal 0 0 -1
    outer loop
      vertex 42.125 8.48446 0
      vertex 23.875 8.48446 0
      vertex 41.25 10 0
    endloop
  endfacet
  facet normal 0 0 -1
    outer loop
      vertex 45 40 0
      vertex 32.4271 36.2366 0
      vertex 33 38 0
    endloop
  endfacet
  facet normal 0 0 -1
    outer loop
      vertex 23.875 11.5155 0
      vertex 41.25 10 0
      vertex 24.75 10 0
    endloop
  endfacet
  facet normal 0 0 -1
    outer loop
      vertex 45 28 0
      vertex 30.9271 35.1468 0
      vertex 32.4271 36.2366 0
    endloop
  endfacet
  facet normal 0 0 -1
    outer loop
      vertex 42.125 11.5155 0
      vertex 23.875 11.5155 0
      vertex 30.9271 35.1468 0
    endloop
  endfacet
  facet normal 0 0 -1
    outer loop
      vertex 18.625 16.7655 0
      vertex 29.0729 35.1468 0
      vertex 23.875 11.5155 0
    endloop
  endfacet
  facet normal -0 0 -1
    outer loop
      vertex 30.9271 35.1468 0
      vertex 23.875 11.5155 0
      vertex 29.0729 35.1468 0
    endloop
  endfacet
  facet normal -0 0 -1
    outer loop
      vertex 41.25 10 0
      vertex 23.875 8.48446 0
      vertex 24.75 10 0
    endloop
  endfacet
  facet normal 0 0 -1
    outer loop
      vertex 45 -5 0
      vertex 22.125 8.48446 0
      vertex 23.875 8.48446 0
    endloop
  endfacet
  facet normal 0 0 -1
    outer loop
      vertex 22.125 11.5155 0
      vertex 18.625 13.7345 0
      vertex 19.5 15.25 0
    endloop
  endfacet
  facet normal 0 0 -1
    outer loop
      vertex 16.875 13.7345 0
      vertex 21.25 10 0
      vertex 22.125 8.48446 0
    endloop
  endfacet
  facet normal 0 0 -1
    outer loop
      vertex 21.25 10 0
      vertex 16.875 13.7345 0
      vertex 18.625 13.7345 0
    endloop
  endfacet
  facet normal 0 0 -1
    outer loop
      vertex -3.53647 23.0734 0
      vertex 16 15.25 0
      vertex 16.875 13.7345 0
    endloop
  endfacet
  facet normal 0 0 -1
    outer loop
      vertex -45 -5 0
      vertex 16.875 13.7345 0
      vertex 22.125 8.48446 0
    endloop
  endfacet
  facet normal 0 0 -1
    outer loop
      vertex 16 15.25 0
      vertex -3.53647 23.0734 0
      vertex -2.5 24.5 0
    endloop
  endfacet
  facet normal 0 0 -1
    outer loop
      vertex -45 -5 0
      vertex 22.125 8.48446 0
      vertex 45 -5 0
    endloop
  endfacet
  facet normal -0 0 -1
    outer loop
      vertex 16.875 13.7345 0
      vertex -45 -5 0
      vertex -3.53647 23.0734 0
    endloop
  endfacet
  facet normal 0 0 -1
    outer loop
      vertex -5.21352 23.6183 0
      vertex -25 28 0
      vertex -5.21352 25.3817 0
    endloop
  endfacet
  facet normal -0 0 -1
    outer loop
      vertex -3.53647 23.0734 0
      vertex -45 -5 0
      vertex -5.21352 23.6183 0
    endloop
  endfacet
  facet normal -0 0 -1
    outer loop
      vertex -5.21352 23.6183 0
      vertex -45 -5 0
      vertex -25 28 0
    endloop
  endfacet
  facet normal -0 0 -1
    outer loop
      vertex -25 28 0
      vertex -45 -5 0
      vertex -45 28 0
    endloop
  endfacet
  facet normal 0 0 -1
    outer loop
      vertex 75.25 -61 0
      vertex 72.3992 -58.5384 0
      vertex 74.5 -59.4737 0
    endloop
  endfacet
  facet normal 0 0 -1
    outer loop
      vertex 71.9056 -58.4335 0
      vertex 61.875 -62.5155 0
      vertex 62.75 -61 0
    endloop
  endfacet
  facet normal 0 0 -1
    outer loop
      vertex 60.1008 -75.4656 0
      vertex 61.875 -75.4845 0
      vertex 60.125 -75.4845 0
    endloop
  endfacet
  facet normal 0 0 -1
    outer loop
      vertex 58.2404 -71.287 0
      vertex 61.875 -75.4845 0
      vertex 58.951 -73.4741 0
    endloop
  endfacet
  facet normal 0 0 -1
    outer loop
      vertex 60.1008 -75.4656 0
      vertex 60.125 -75.4845 0
      vertex 60.1222 -75.4894 0
    endloop
  endfacet
  facet normal 0 0 -1
    outer loop
      vertex 61.875 -75.4845 0
      vertex 60.1008 -75.4656 0
      vertex 58.951 -73.4741 0
    endloop
  endfacet
  facet normal 0 0 -1
    outer loop
      vertex 58 -69 0
      vertex 61.875 -75.4845 0
      vertex 58.2404 -71.287 0
    endloop
  endfacet
  facet normal -0 0 -1
    outer loop
      vertex 61.875 -62.5155 0
      vertex 58.8908 -64.7111 0
      vertex 60.125 -62.5155 0
    endloop
  endfacet
  facet normal 0 0 -1
    outer loop
      vertex 63.5 -78.5263 0
      vertex 62.3508 -77.6914 0
      vertex 62.75 -77 0
    endloop
  endfacet
  facet normal 0.886214 -0.463276 0
    outer loop
      vertex -58.8908 -64.7111 5
      vertex -51.1718 -49.9452 0
      vertex -51.1718 -49.9452 5
    endloop
  endfacet
  facet normal 0.886214 -0.463276 0
    outer loop
      vertex -51.1718 -49.9452 0
      vertex -58.8908 -64.7111 5
      vertex -58.8908 -64.7111 0
    endloop
  endfacet
  facet normal 0 0 1
    outer loop
      vertex -76.125 75.4845 5
      vertex -62.75 77 5
      vertex -63.5 78.5263 5
    endloop
  endfacet
  facet normal 0 0 1
    outer loop
      vertex -65 40 5
      vertex -63.2135 23.6183 5
      vertex -63.2135 25.3817 5
    endloop
  endfacet
  facet normal 0 0 1
    outer loop
      vertex -63.2135 23.6183 5
      vertex -65 40 5
      vertex -63.2135 -23.6183 5
    endloop
  endfacet
  facet normal 0 0 1
    outer loop
      vertex -62.75 61 5
      vertex -64.7276 42.245 5
      vertex -63.2135 25.3817 5
    endloop
  endfacet
  facet normal 0 0 1
    outer loop
      vertex -76.125 62.5155 5
      vertex -61.875 62.5155 5
      vertex -76.125 75.4845 5
    endloop
  endfacet
  facet normal 0 0 1
    outer loop
      vertex -63.5 78.5263 5
      vertex -62.75 77 5
      vertex -62.3508 77.6914 5
    endloop
  endfacet
  facet normal -0 0 1
    outer loop
      vertex -61.5365 23.0734 5
      vertex -60.5 -24.5 5
      vertex -60.5 24.5 5
    endloop
  endfacet
  facet normal 0 0 1
    outer loop
      vertex -61.5365 23.0734 5
      vertex -61.5365 -23.0734 5
      vertex -60.5 -24.5 5
    endloop
  endfacet
  facet normal 0 0 1
    outer loop
      vertex -63.2135 23.6183 5
      vertex -61.5365 -23.0734 5
      vertex -61.5365 23.0734 5
    endloop
  endfacet
  facet normal 0 0 1
    outer loop
      vertex -61.5365 -23.0734 5
      vertex -63.2135 23.6183 5
      vertex -63.2135 -23.6183 5
    endloop
  endfacet
  facet normal 0 0 1
    outer loop
      vertex -60.5 24.5 5
      vertex -59.25 61 5
      vertex -60.125 59.4845 5
    endloop
  endfacet
  facet normal 0 0 1
    outer loop
      vertex -59.25 61 5
      vertex -60.5 24.5 5
      vertex -59.25 -61 5
    endloop
  endfacet
  facet normal -0 0 1
    outer loop
      vertex -60.5 -24.5 5
      vertex -59.25 -61 5
      vertex -60.5 24.5 5
    endloop
  endfacet
  facet normal 0 0 1
    outer loop
      vertex -60.125 59.4845 5
      vertex -61.5365 25.9266 5
      vertex -60.5 24.5 5
    endloop
  endfacet
  facet normal -0 0 1
    outer loop
      vertex -61.875 59.4845 5
      vertex -61.5365 25.9266 5
      vertex -60.125 59.4845 5
    endloop
  endfacet
  facet normal 0 0 1
    outer loop
      vertex -63.2135 25.3817 5
      vertex -61.875 59.4845 5
      vertex -62.75 61 5
    endloop
  endfacet
  facet normal 0 0 1
    outer loop
      vertex -61.875 59.4845 5
      vertex -63.2135 25.3817 5
      vertex -61.5365 25.9266 5
    endloop
  endfacet
  facet normal -0 0 1
    outer loop
      vertex -60.125 -62.5155 5
      vertex -58.8908 -64.7111 5
      vertex -59.25 -61 5
    endloop
  endfacet
  facet normal -0 0 1
    outer loop
      vertex -61.875 -62.5155 5
      vertex -58.8908 -64.7111 5
      vertex -60.125 -62.5155 5
    endloop
  endfacet
  facet normal 0 0 1
    outer loop
      vertex -61.875 -75.4845 5
      vertex -58.8908 -64.7111 5
      vertex -61.875 -62.5155 5
    endloop
  endfacet
  facet normal 0 0 1
    outer loop
      vertex -58.8908 -64.7111 5
      vertex -61.875 -75.4845 5
      vertex -58.951 -73.4741 5
    endloop
  endfacet
  facet normal 0 0 1
    outer loop
      vertex -60.1008 -75.4656 5
      vertex -60.125 -75.4845 5
      vertex -60.1222 -75.4894 5
    endloop
  endfacet
  facet normal 0 0 1
    outer loop
      vertex -58.951 -73.4741 5
      vertex -61.875 -75.4845 5
      vertex -60.1008 -75.4656 5
    endloop
  endfacet
  facet normal 0 0 1
    outer loop
      vertex -60.1008 -75.4656 5
      vertex -61.875 -75.4845 5
      vertex -60.125 -75.4845 5
    endloop
  endfacet
  facet normal 0 0 1
    outer loop
      vertex -76.125 -62.5155 5
      vertex -61.875 -62.5155 5
      vertex -62.75 -61 5
    endloop
  endfacet
  facet normal 0 0 1
    outer loop
      vertex -61.875 -62.5155 5
      vertex -76.125 -62.5155 5
      vertex -61.875 -75.4845 5
    endloop
  endfacet
  facet normal 0 0 1
    outer loop
      vertex -59.25 -61 5
      vertex -60.5 -24.5 5
      vertex -60.125 -59.4845 5
    endloop
  endfacet
  facet normal 0 0 1
    outer loop
      vertex -64.7276 -42.245 5
      vertex -60.5 -24.5 5
      vertex -61.5365 -25.9266 5
    endloop
  endfacet
  facet normal 0 0 1
    outer loop
      vertex -60.5 -24.5 5
      vertex -64.7276 -42.245 5
      vertex -60.125 -59.4845 5
    endloop
  endfacet
  facet normal 0 0 1
    outer loop
      vertex -60.125 -59.4845 5
      vertex -64.7276 -42.245 5
      vertex -61.875 -59.4845 5
    endloop
  endfacet
  facet normal -0 0 1
    outer loop
      vertex -71.9056 -58.4335 5
      vertex -61.875 -59.4845 5
      vertex -64.7276 -42.245 5
    endloop
  endfacet
  facet normal 0 0 1
    outer loop
      vertex -64.7276 -42.245 5
      vertex -61.5365 -25.9266 5
      vertex -63.2135 -25.3817 5
    endloop
  endfacet
  facet normal 0 0 1
    outer loop
      vertex -61.875 75.4845 5
      vertex -58 69 5
      vertex -58.2404 71.287 5
    endloop
  endfacet
  facet normal 0 0 1
    outer loop
      vertex -58 69 5
      vertex -61.875 62.5155 5
      vertex -58.2404 66.713 5
    endloop
  endfacet
  facet normal 0 0 1
    outer loop
      vertex -58 69 5
      vertex -61.875 75.4845 5
      vertex -61.875 62.5155 5
    endloop
  endfacet
  facet normal 0 0 1
    outer loop
      vertex -61.875 75.4845 5
      vertex -58.2404 71.287 5
      vertex -58.951 73.4741 5
    endloop
  endfacet
  facet normal 0 0 1
    outer loop
      vertex 61.875 75.4845 5
      vertex 58 69 5
      vertex 61.875 62.5155 5
    endloop
  endfacet
  facet normal 0 0 1
    outer loop
      vertex 61.875 62.5155 5
      vertex 58.2404 66.713 5
      vertex 58.8908 64.7111 5
    endloop
  endfacet
  facet normal 0 0 1
    outer loop
      vertex 61.875 62.5155 5
      vertex 58 69 5
      vertex 58.2404 66.713 5
    endloop
  endfacet
  facet normal 0 0 1
    outer loop
      vertex 72.3992 -58.5384 5
      vertex 75.25 -61 5
      vertex 74.5 -59.4737 5
    endloop
  endfacet
  facet normal 0 0 1
    outer loop
      vertex 74.5 -59.4737 5
      vertex 75.25 -61 5
      vertex 75.6492 -60.3086 5
    endloop
  endfacet
  facet normal 0 0 1
    outer loop
      vertex 76.125 -62.5155 5
      vertex 80 -69 5
      vertex 79.7596 -66.713 5
    endloop
  endfacet
  facet normal 0 0 1
    outer loop
      vertex 76.125 -62.5155 5
      vertex 79.7596 -66.713 5
      vertex 79.049 -64.5259 5
    endloop
  endfacet
  facet normal 0 0 1
    outer loop
      vertex 76.125 -75.4845 5
      vertex 80 -69 5
      vertex 76.125 -62.5155 5
    endloop
  endfacet
  facet normal 0 0 1
    outer loop
      vertex 76.125 -62.5155 5
      vertex 79.049 -64.5259 5
      vertex 77.8992 -62.5344 5
    endloop
  endfacet
  facet normal 0 0 1
    outer loop
      vertex 80 -69 5
      vertex 76.125 -75.4845 5
      vertex 79.7596 -71.287 5
    endloop
  endfacet
  facet normal -0 0 1
    outer loop
      vertex 77.875 -62.5155 5
      vertex 77.8992 -62.5344 5
      vertex 77.8778 -62.5106 5
    endloop
  endfacet
  facet normal -0 0 1
    outer loop
      vertex 76.125 -62.5155 5
      vertex 77.8992 -62.5344 5
      vertex 77.875 -62.5155 5
    endloop
  endfacet
  facet normal 0 0 1
    outer loop
      vertex 79.7596 -71.287 5
      vertex 76.125 -75.4845 5
      vertex 79.049 -73.4741 5
    endloop
  endfacet
  facet normal 0 0 1
    outer loop
      vertex 77.8992 -75.4656 5
      vertex 77.875 -75.4845 5
      vertex 77.8778 -75.4894 5
    endloop
  endfacet
  facet normal 0 0 1
    outer loop
      vertex 79.049 -73.4741 5
      vertex 76.125 -75.4845 5
      vertex 77.8992 -75.4656 5
    endloop
  endfacet
  facet normal 0 0 1
    outer loop
      vertex 77.8992 -75.4656 5
      vertex 76.125 -75.4845 5
      vertex 77.875 -75.4845 5
    endloop
  endfacet
  facet normal 0 0 1
    outer loop
      vertex 75.25 -61 5
      vertex 76.125 -75.4845 5
      vertex 76.125 -62.5155 5
    endloop
  endfacet
  facet normal 0 0 1
    outer loop
      vertex 76.125 -75.4845 5
      vertex 75.25 -61 5
      vertex 75.25 -77 5
    endloop
  endfacet
  facet normal 0 0 1
    outer loop
      vertex 72.3992 79.4616 5
      vertex 75.25 77 5
      vertex 74.5 78.5263 5
    endloop
  endfacet
  facet normal 0 0 1
    outer loop
      vertex 74.5 78.5263 5
      vertex 75.25 77 5
      vertex 75.6492 77.6914 5
    endloop
  endfacet
  facet normal 0 0 1
    outer loop
      vertex 76.125 75.4845 5
      vertex 80 69 5
      vertex 79.7596 71.287 5
    endloop
  endfacet
  facet normal 0 0 1
    outer loop
      vertex 76.125 75.4845 5
      vertex 79.7596 71.287 5
      vertex 79.049 73.4741 5
    endloop
  endfacet
  facet normal 0 0 1
    outer loop
      vertex 76.125 62.5155 5
      vertex 80 69 5
      vertex 76.125 75.4845 5
    endloop
  endfacet
  facet normal 0 0 1
    outer loop
      vertex 76.125 75.4845 5
      vertex 79.049 73.4741 5
      vertex 77.8992 75.4656 5
    endloop
  endfacet
  facet normal 0 0 1
    outer loop
      vertex 80 69 5
      vertex 76.125 62.5155 5
      vertex 79.7596 66.713 5
    endloop
  endfacet
  facet normal -0 0 1
    outer loop
      vertex 77.875 75.4845 5
      vertex 77.8992 75.4656 5
      vertex 77.8778 75.4894 5
    endloop
  endfacet
  facet normal -0 0 1
    outer loop
      vertex 76.125 75.4845 5
      vertex 77.8992 75.4656 5
      vertex 77.875 75.4845 5
    endloop
  endfacet
  facet normal 0 0 1
    outer loop
      vertex 79.7596 66.713 5
      vertex 76.125 62.5155 5
      vertex 79.049 64.5259 5
    endloop
  endfacet
  facet normal 0 0 1
    outer loop
      vertex 77.8992 62.5344 5
      vertex 77.875 62.5155 5
      vertex 77.8778 62.5106 5
    endloop
  endfacet
  facet normal 0 0 1
    outer loop
      vertex 79.049 64.5259 5
      vertex 76.125 62.5155 5
      vertex 77.8992 62.5344 5
    endloop
  endfacet
  facet normal 0 0 1
    outer loop
      vertex 77.8992 62.5344 5
      vertex 76.125 62.5155 5
      vertex 77.875 62.5155 5
    endloop
  endfacet
  facet normal 0 0 1
    outer loop
      vertex 75.25 77 5
      vertex 76.125 62.5155 5
      vertex 76.125 75.4845 5
    endloop
  endfacet
  facet normal 0 0 1
    outer loop
      vertex 76.125 62.5155 5
      vertex 75.25 77 5
      vertex 75.25 61 5
    endloop
  endfacet
  facet normal 0 0 1
    outer loop
      vertex 75.25 61 5
      vertex 74.5 59.4737 5
      vertex 75.6492 60.3086 5
    endloop
  endfacet
  facet normal 0 0 1
    outer loop
      vertex 75.25 77 5
      vertex 61.875 75.4845 5
      vertex 75.25 61 5
    endloop
  endfacet
  facet normal 0 0 1
    outer loop
      vertex 70.1498 79.9397 5
      vertex 75.25 77 5
      vertex 72.3992 79.4616 5
    endloop
  endfacet
  facet normal -0 0 1
    outer loop
      vertex 61.875 62.5155 5
      vertex 75.25 61 5
      vertex 61.875 75.4845 5
    endloop
  endfacet
  facet normal 0 -0 1
    outer loop
      vertex 71.9056 58.4335 5
      vertex 75.25 61 5
      vertex 61.875 62.5155 5
    endloop
  endfacet
  facet normal 0 0 1
    outer loop
      vertex 75.25 77 5
      vertex 70.1498 79.9397 5
      vertex 61.875 75.4845 5
    endloop
  endfacet
  facet normal 0 0 1
    outer loop
      vertex 61.875 75.4845 5
      vertex 70.1498 79.9397 5
      vertex 67.8502 79.9397 5
    endloop
  endfacet
  facet normal 0 0 1
    outer loop
      vertex 62.75 77 5
      vertex 67.8502 79.9397 5
      vertex 65.6008 79.4616 5
    endloop
  endfacet
  facet normal 0 -0 1
    outer loop
      vertex 72.3992 58.5384 5
      vertex 75.25 61 5
      vertex 71.9056 58.4335 5
    endloop
  endfacet
  facet normal 0 0 1
    outer loop
      vertex 62.75 77 5
      vertex 65.6008 79.4616 5
      vertex 63.5 78.5263 5
    endloop
  endfacet
  facet normal 0 0 1
    outer loop
      vertex 75.25 -77 5
      vertex 74.5 -78.5263 5
      vertex 75.6492 -77.6914 5
    endloop
  endfacet
  facet normal 0 0 1
    outer loop
      vertex 75.25 -61 5
      vertex 61.875 -62.5155 5
      vertex 75.25 -77 5
    endloop
  endfacet
  facet normal 0 0 1
    outer loop
      vertex 75.25 -61 5
      vertex 72.3992 -58.5384 5
      vertex 71.9056 -58.4335 5
    endloop
  endfacet
  facet normal -0 0 1
    outer loop
      vertex 61.875 -75.4845 5
      vertex 75.25 -77 5
      vertex 61.875 -62.5155 5
    endloop
  endfacet
  facet normal 0 0 1
    outer loop
      vertex 75.25 -61 5
      vertex 71.9056 -58.4335 5
      vertex 61.875 -62.5155 5
    endloop
  endfacet
  facet normal 0 0 1
    outer loop
      vertex 75.25 -77 5
      vertex 72.3992 -79.4616 5
      vertex 74.5 -78.5263 5
    endloop
  endfacet
  facet normal 0 0 1
    outer loop
      vertex 75.25 -77 5
      vertex 70.1498 -79.9397 5
      vertex 72.3992 -79.4616 5
    endloop
  endfacet
  facet normal 0 0 1
    outer loop
      vertex 70.1498 -79.9397 5
      vertex 61.875 -75.4845 5
      vertex 67.8502 -79.9397 5
    endloop
  endfacet
  facet normal 0 0 1
    outer loop
      vertex 61.875 -59.4845 5
      vertex 71.9056 -58.4335 5
      vertex 64.7276 -42.245 5
    endloop
  endfacet
  facet normal 0 0 1
    outer loop
      vertex 61.875 -62.5155 5
      vertex 71.9056 -58.4335 5
      vertex 62.75 -61 5
    endloop
  endfacet
  facet normal 0 0 1
    outer loop
      vertex 64.7276 42.245 5
      vertex 65 40 5
      vertex 64.7815 42.0791 5
    endloop
  endfacet
  facet normal 0 0 1
    outer loop
      vertex 67.8502 79.9397 5
      vertex 62.75 77 5
      vertex 61.875 75.4845 5
    endloop
  endfacet
  facet normal -0 0 1
    outer loop
      vertex 61.875 59.4845 5
      vertex 71.9056 58.4335 5
      vertex 62.75 61 5
    endloop
  endfacet
  facet normal 0 0 1
    outer loop
      vertex 71.9056 58.4335 5
      vertex 61.875 59.4845 5
      vertex 64.7276 42.245 5
    endloop
  endfacet
  facet normal -0 0 1
    outer loop
      vertex 60.125 59.4845 5
      vertex 64.7276 42.245 5
      vertex 61.875 59.4845 5
    endloop
  endfacet
  facet normal 0 0 1
    outer loop
      vertex 64.7276 42.245 5
      vertex 60.125 59.4845 5
      vertex 51.1718 49.9452 5
    endloop
  endfacet
  facet normal 0 0 1
    outer loop
      vertex 51.1718 49.9452 5
      vertex 60.125 59.4845 5
      vertex 59.25 61 5
    endloop
  endfacet
  facet normal 0 0 1
    outer loop
      vertex 60.125 62.5155 5
      vertex 58.8908 64.7111 5
      vertex 59.25 61 5
    endloop
  endfacet
  facet normal 0 0 1
    outer loop
      vertex 51.1718 49.9452 5
      vertex 59.25 61 5
      vertex 58.8908 64.7111 5
    endloop
  endfacet
  facet normal 0 0 1
    outer loop
      vertex 45 40 5
      vertex 64.7276 42.245 5
      vertex 51.1718 49.9452 5
    endloop
  endfacet
  facet normal 0 0 1
    outer loop
      vertex 64.7276 42.245 5
      vertex 45 40 5
      vertex 65 40 5
    endloop
  endfacet
  facet normal -0 0 1
    outer loop
      vertex 32.4271 36.2366 5
      vertex 45 28 5
      vertex 45 40 5
    endloop
  endfacet
  facet normal 0 0 1
    outer loop
      vertex 45 28 5
      vertex 44.75 10 5
      vertex 45 -5 5
    endloop
  endfacet
  facet normal 0 0 1
    outer loop
      vertex 45 28 5
      vertex 43.875 11.5155 5
      vertex 44.75 10 5
    endloop
  endfacet
  facet normal 0 0 1
    outer loop
      vertex 45 28 5
      vertex 42.125 11.5155 5
      vertex 43.875 11.5155 5
    endloop
  endfacet
  facet normal -0 0 1
    outer loop
      vertex 30.9271 35.1468 5
      vertex 45 28 5
      vertex 32.4271 36.2366 5
    endloop
  endfacet
  facet normal 0 0 1
    outer loop
      vertex 32.4271 36.2366 5
      vertex 45 40 5
      vertex 33 38 5
    endloop
  endfacet
  facet normal -0 0 1
    outer loop
      vertex 30.9271 40.8532 5
      vertex 45 40 5
      vertex 51.1718 49.9452 5
    endloop
  endfacet
  facet normal 0 0 1
    outer loop
      vertex 45 40 5
      vertex 32.4271 39.7634 5
      vertex 33 38 5
    endloop
  endfacet
  facet normal 0 0 1
    outer loop
      vertex 45 40 5
      vertex 30.9271 40.8532 5
      vertex 32.4271 39.7634 5
    endloop
  endfacet
  facet normal 0 0 1
    outer loop
      vertex 51.1718 49.9452 5
      vertex 29.0729 40.8532 5
      vertex 30.9271 40.8532 5
    endloop
  endfacet
  facet normal 0 0 1
    outer loop
      vertex 41.25 10 5
      vertex 23.875 11.5155 5
      vertex 24.75 10 5
    endloop
  endfacet
  facet normal 0 0 1
    outer loop
      vertex 27.5729 36.2366 5
      vertex 18.625 16.7655 5
      vertex 23.875 11.5155 5
    endloop
  endfacet
  facet normal 0 0 1
    outer loop
      vertex 23.875 11.5155 5
      vertex 19.5 15.25 5
      vertex 22.125 11.5155 5
    endloop
  endfacet
  facet normal -0 0 1
    outer loop
      vertex 18.625 13.7345 5
      vertex 22.125 11.5155 5
      vertex 19.5 15.25 5
    endloop
  endfacet
  facet normal 0 0 1
    outer loop
      vertex -3.53647 25.9266 5
      vertex 27 38 5
      vertex 27.5729 39.7634 5
    endloop
  endfacet
  facet normal 0 0 1
    outer loop
      vertex 23.875 11.5155 5
      vertex 18.625 16.7655 5
      vertex 19.5 15.25 5
    endloop
  endfacet
  facet normal 0 0 1
    outer loop
      vertex 27.5729 36.2366 5
      vertex 16.875 16.7655 5
      vertex 18.625 16.7655 5
    endloop
  endfacet
  facet normal 0 0 1
    outer loop
      vertex 27 38 5
      vertex -2.5 24.5 5
      vertex 16.875 16.7655 5
    endloop
  endfacet
  facet normal 0 0 1
    outer loop
      vertex 16.875 16.7655 5
      vertex -2.5 24.5 5
      vertex 16 15.25 5
    endloop
  endfacet
  facet normal -0 0 1
    outer loop
      vertex -25 40 5
      vertex 27.5729 39.7634 5
      vertex 29.0729 40.8532 5
    endloop
  endfacet
  facet normal 0 0 1
    outer loop
      vertex 27 38 5
      vertex -3.53647 25.9266 5
      vertex -2.5 24.5 5
    endloop
  endfacet
  facet normal 0 0 1
    outer loop
      vertex 27.5729 39.7634 5
      vertex -25 40 5
      vertex -3.53647 25.9266 5
    endloop
  endfacet
  facet normal -0 0 1
    outer loop
      vertex -25 28 5
      vertex -5.21352 25.3817 5
      vertex -25 40 5
    endloop
  endfacet
  facet normal 0 0 1
    outer loop
      vertex -3.53647 25.9266 5
      vertex -25 40 5
      vertex -5.21352 25.3817 5
    endloop
  endfacet
  facet normal 0 0 1
    outer loop
      vertex 51.1718 49.9452 5
      vertex -25 40 5
      vertex 29.0729 40.8532 5
    endloop
  endfacet
  facet normal -0 0 1
    outer loop
      vertex -51.1718 49.9452 5
      vertex -25 40 5
      vertex 51.1718 49.9452 5
    endloop
  endfacet
  facet normal 0 0 1
    outer loop
      vertex -25 40 5
      vertex -29.0729 40.8532 5
      vertex -27.8987 40 5
    endloop
  endfacet
  facet normal 0 0 1
    outer loop
      vertex -25 40 5
      vertex -51.1718 49.9452 5
      vertex -29.0729 40.8532 5
    endloop
  endfacet
  facet normal 0 0 1
    outer loop
      vertex -30.9271 40.8532 5
      vertex -45 40 5
      vertex -32.1013 40 5
    endloop
  endfacet
  facet normal 0 0 1
    outer loop
      vertex -29.0729 40.8532 5
      vertex -51.1718 49.9452 5
      vertex -30.9271 40.8532 5
    endloop
  endfacet
  facet normal 0 0 1
    outer loop
      vertex -51.1718 49.9452 5
      vertex -45 28 5
      vertex -45 40 5
    endloop
  endfacet
  facet normal 0 0 1
    outer loop
      vertex -58.8908 64.7111 5
      vertex -45 28 5
      vertex -51.1718 49.9452 5
    endloop
  endfacet
  facet normal 0 0 1
    outer loop
      vertex -45 28 5
      vertex -58.8908 64.7111 5
      vertex -45 -5 5
    endloop
  endfacet
  facet normal 0 0 1
    outer loop
      vertex -30.9271 40.8532 5
      vertex -51.1718 49.9452 5
      vertex -45 40 5
    endloop
  endfacet
  facet normal -0 0 1
    outer loop
      vertex 43.875 8.48446 5
      vertex 45 -5 5
      vertex 44.75 10 5
    endloop
  endfacet
  facet normal -0 0 1
    outer loop
      vertex 42.125 8.48446 5
      vertex 45 -5 5
      vertex 43.875 8.48446 5
    endloop
  endfacet
  facet normal 0 0 1
    outer loop
      vertex 23.875 8.48446 5
      vertex 42.125 8.48446 5
      vertex 41.25 10 5
    endloop
  endfacet
  facet normal 0 0 1
    outer loop
      vertex 45 28 5
      vertex 30.9271 35.1468 5
      vertex 42.125 11.5155 5
    endloop
  endfacet
  facet normal 0 0 1
    outer loop
      vertex 23.875 11.5155 5
      vertex 42.125 11.5155 5
      vertex 30.9271 35.1468 5
    endloop
  endfacet
  facet normal 0 0 1
    outer loop
      vertex 42.125 11.5155 5
      vertex 23.875 11.5155 5
      vertex 41.25 10 5
    endloop
  endfacet
  facet normal 0 0 1
    outer loop
      vertex 23.875 11.5155 5
      vertex 30.9271 35.1468 5
      vertex 29.0729 35.1468 5
    endloop
  endfacet
  facet normal 0 0 1
    outer loop
      vertex 23.875 11.5155 5
      vertex 29.0729 35.1468 5
      vertex 27.5729 36.2366 5
    endloop
  endfacet
  facet normal 0 0 1
    outer loop
      vertex 16.875 16.7655 5
      vertex 27.5729 36.2366 5
      vertex 27 38 5
    endloop
  endfacet
  facet normal 0 0 1
    outer loop
      vertex 23.875 8.48446 5
      vertex 41.25 10 5
      vertex 24.75 10 5
    endloop
  endfacet
  facet normal 0 0 1
    outer loop
      vertex 42.125 8.48446 5
      vertex 23.875 8.48446 5
      vertex 45 -5 5
    endloop
  endfacet
  facet normal -0 0 1
    outer loop
      vertex 22.125 8.48446 5
      vertex 45 -5 5
      vertex 23.875 8.48446 5
    endloop
  endfacet
  facet normal 0 0 1
    outer loop
      vertex 22.125 11.5155 5
      vertex 18.625 13.7345 5
      vertex 21.25 10 5
    endloop
  endfacet
  facet normal -0 0 1
    outer loop
      vertex 16.875 13.7345 5
      vertex 21.25 10 5
      vertex 18.625 13.7345 5
    endloop
  endfacet
  facet normal 0 0 1
    outer loop
      vertex 21.25 10 5
      vertex 16.875 13.7345 5
      vertex 22.125 8.48446 5
    endloop
  endfacet
  facet normal -0 0 1
    outer loop
      vertex -3.53647 23.0734 5
      vertex 16 15.25 5
      vertex -2.5 24.5 5
    endloop
  endfacet
  facet normal 0 0 1
    outer loop
      vertex 16 15.25 5
      vertex -3.53647 23.0734 5
      vertex 16.875 13.7345 5
    endloop
  endfacet
  facet normal 0 0 1
    outer loop
      vertex -45 -5 5
      vertex 16.875 13.7345 5
      vertex -3.53647 23.0734 5
    endloop
  endfacet
  facet normal 0 0 1
    outer loop
      vertex 16.875 13.7345 5
      vertex -45 -5 5
      vertex 22.125 8.48446 5
    endloop
  endfacet
  facet normal 0 0 1
    outer loop
      vertex -45 -5 5
      vertex -3.53647 23.0734 5
      vertex -5.21352 23.6183 5
    endloop
  endfacet
  facet normal 0 0 1
    outer loop
      vertex -5.21352 25.3817 5
      vertex -25 28 5
      vertex -5.21352 23.6183 5
    endloop
  endfacet
  facet normal 0 0 1
    outer loop
      vertex -45 -5 5
      vertex -5.21352 23.6183 5
      vertex -25 28 5
    endloop
  endfacet
  facet normal 0 0 1
    outer loop
      vertex -45 -5 5
      vertex -25 28 5
      vertex -45 28 5
    endloop
  endfacet
  facet normal 0 0 1
    outer loop
      vertex 22.125 8.48446 5
      vertex -45 -5 5
      vertex 45 -5 5
    endloop
  endfacet
  facet normal 0 0 1
    outer loop
      vertex -58.2404 -66.713 5
      vertex -58.2404 -71.287 5
      vertex -58 -69 5
    endloop
  endfacet
  facet normal 0 0 1
    outer loop
      vertex -58.8908 -64.7111 5
      vertex -58.2404 -71.287 5
      vertex -58.2404 -66.713 5
    endloop
  endfacet
  facet normal 0 0 1
    outer loop
      vertex -58.8908 -64.7111 5
      vertex -58.951 -73.4741 5
      vertex -58.2404 -71.287 5
    endloop
  endfacet
  facet normal 0 0 1
    outer loop
      vertex -58.8908 64.7111 5
      vertex -59.25 61 5
      vertex -58.8908 -64.7111 5
    endloop
  endfacet
  facet normal -0 0 1
    outer loop
      vertex -59.25 -61 5
      vertex -58.8908 -64.7111 5
      vertex -59.25 61 5
    endloop
  endfacet
  facet normal 0 0 1
    outer loop
      vertex -61.875 75.4845 5
      vertex -58.951 73.4741 5
      vertex -60.1008 75.4656 5
    endloop
  endfacet
  facet normal -0 0 1
    outer loop
      vertex -60.125 75.4845 5
      vertex -60.1008 75.4656 5
      vertex -60.1222 75.4894 5
    endloop
  endfacet
  facet normal -0 0 1
    outer loop
      vertex -61.875 75.4845 5
      vertex -60.1008 75.4656 5
      vertex -60.125 75.4845 5
    endloop
  endfacet
  facet normal 0 0 1
    outer loop
      vertex -58.8908 64.7111 5
      vertex -60.125 62.5155 5
      vertex -59.25 61 5
    endloop
  endfacet
  facet normal 0 0 1
    outer loop
      vertex -58.2404 66.713 5
      vertex -61.875 62.5155 5
      vertex -58.8908 64.7111 5
    endloop
  endfacet
  facet normal 0 0 1
    outer loop
      vertex -58.8908 64.7111 5
      vertex -61.875 62.5155 5
      vertex -60.125 62.5155 5
    endloop
  endfacet
  facet normal 0 0 1
    outer loop
      vertex -76.125 75.4845 5
      vertex -61.875 75.4845 5
      vertex -62.75 77 5
    endloop
  endfacet
  facet normal 0 0 1
    outer loop
      vertex -61.875 75.4845 5
      vertex -76.125 75.4845 5
      vertex -61.875 62.5155 5
    endloop
  endfacet
  facet normal 0 0 1
    outer loop
      vertex -62.75 -77 5
      vertex -63.5 -78.5263 5
      vertex -62.3508 -77.6914 5
    endloop
  endfacet
  facet normal 0 0 1
    outer loop
      vertex -61.875 -59.4845 5
      vertex -71.9056 -58.4335 5
      vertex -62.75 -61 5
    endloop
  endfacet
  facet normal -0 0 1
    outer loop
      vertex -65 40 5
      vertex -63.2135 25.3817 5
      vertex -64.7276 42.245 5
    endloop
  endfacet
  facet normal 0 0 1
    outer loop
      vertex -65 -40 5
      vertex -63.2135 -23.6183 5
      vertex -65 40 5
    endloop
  endfacet
  facet normal 0 0 1
    outer loop
      vertex -76.125 75.4845 5
      vertex -63.5 78.5263 5
      vertex -65.6008 79.4616 5
    endloop
  endfacet
  facet normal 0 0 1
    outer loop
      vertex -76.125 75.4845 5
      vertex -65.6008 79.4616 5
      vertex -67.8502 79.9397 5
    endloop
  endfacet
  facet normal 0 0 1
    outer loop
      vertex -76.125 75.4845 5
      vertex -67.8502 79.9397 5
      vertex -70.1498 79.9397 5
    endloop
  endfacet
  facet normal 0 0 1
    outer loop
      vertex -62.75 61 5
      vertex -71.9056 58.4335 5
      vertex -64.7276 42.245 5
    endloop
  endfacet
  facet normal 0 0 1
    outer loop
      vertex -75.25 77 5
      vertex -70.1498 79.9397 5
      vertex -72.3992 79.4616 5
    endloop
  endfacet
  facet normal 0 0 1
    outer loop
      vertex -61.875 62.5155 5
      vertex -76.125 62.5155 5
      vertex -62.75 61 5
    endloop
  endfacet
  facet normal 0 0 1
    outer loop
      vertex -75.25 77 5
      vertex -72.3992 79.4616 5
      vertex -74.5 78.5263 5
    endloop
  endfacet
  facet normal 0 0 1
    outer loop
      vertex -70.1498 79.9397 5
      vertex -75.25 77 5
      vertex -76.125 75.4845 5
    endloop
  endfacet
  facet normal 0 0 1
    outer loop
      vertex -62.75 61 5
      vertex -76.125 62.5155 5
      vertex -71.9056 58.4335 5
    endloop
  endfacet
  facet normal 0 -0 1
    outer loop
      vertex -75.25 77 5
      vertex -74.5 78.5263 5
      vertex -75.6492 77.6914 5
    endloop
  endfacet
  facet normal 0 0 1
    outer loop
      vertex -67.8502 -79.9397 5
      vertex -76.125 -75.4845 5
      vertex -75.25 -77 5
    endloop
  endfacet
  facet normal 0 0 1
    outer loop
      vertex -61.875 -75.4845 5
      vertex -67.8502 -79.9397 5
      vertex -62.75 -77 5
    endloop
  endfacet
  facet normal 0 0 1
    outer loop
      vertex -77.8992 -62.5344 5
      vertex -76.125 -62.5155 5
      vertex -77.875 -62.5155 5
    endloop
  endfacet
  facet normal 0 0 1
    outer loop
      vertex -79.7596 -66.713 5
      vertex -76.125 -62.5155 5
      vertex -79.049 -64.5259 5
    endloop
  endfacet
  facet normal 0 0 1
    outer loop
      vertex -77.8992 -62.5344 5
      vertex -77.875 -62.5155 5
      vertex -77.8778 -62.5106 5
    endloop
  endfacet
  facet normal 0 0 1
    outer loop
      vertex -80 -69 5
      vertex -76.125 -62.5155 5
      vertex -79.7596 -66.713 5
    endloop
  endfacet
  facet normal 0 0 1
    outer loop
      vertex -76.125 -62.5155 5
      vertex -77.8992 -62.5344 5
      vertex -79.049 -64.5259 5
    endloop
  endfacet
  facet normal -0 -0 1
    outer loop
      vertex -77.8992 -75.4656 5
      vertex -76.125 -75.4845 5
      vertex -79.049 -73.4741 5
    endloop
  endfacet
  facet normal 0 0 1
    outer loop
      vertex -76.125 -75.4845 5
      vertex -77.8992 -75.4656 5
      vertex -77.875 -75.4845 5
    endloop
  endfacet
  facet normal 0 0 1
    outer loop
      vertex -77.875 -75.4845 5
      vertex -77.8992 -75.4656 5
      vertex -77.8778 -75.4894 5
    endloop
  endfacet
  facet normal 0 0 1
    outer loop
      vertex -76.125 -62.5155 5
      vertex -80 -69 5
      vertex -76.125 -75.4845 5
    endloop
  endfacet
  facet normal 0 0 1
    outer loop
      vertex -76.125 -75.4845 5
      vertex -79.7596 -71.287 5
      vertex -79.049 -73.4741 5
    endloop
  endfacet
  facet normal 0 0 1
    outer loop
      vertex -76.125 -75.4845 5
      vertex -80 -69 5
      vertex -79.7596 -71.287 5
    endloop
  endfacet
  facet normal -0 -0 1
    outer loop
      vertex -75.25 61 5
      vertex -71.9056 58.4335 5
      vertex -76.125 62.5155 5
    endloop
  endfacet
  facet normal 0 0 1
    outer loop
      vertex -71.9056 58.4335 5
      vertex -75.25 61 5
      vertex -72.3992 58.5384 5
    endloop
  endfacet
  facet normal 0 0 1
    outer loop
      vertex -77.8992 75.4656 5
      vertex -76.125 75.4845 5
      vertex -77.875 75.4845 5
    endloop
  endfacet
  facet normal 0 0 1
    outer loop
      vertex -79.7596 71.287 5
      vertex -76.125 75.4845 5
      vertex -79.049 73.4741 5
    endloop
  endfacet
  facet normal 0 0 1
    outer loop
      vertex -77.8992 75.4656 5
      vertex -77.875 75.4845 5
      vertex -77.8778 75.4894 5
    endloop
  endfacet
  facet normal 0 0 1
    outer loop
      vertex -80 69 5
      vertex -76.125 75.4845 5
      vertex -79.7596 71.287 5
    endloop
  endfacet
  facet normal 0 0 1
    outer loop
      vertex -76.125 75.4845 5
      vertex -77.8992 75.4656 5
      vertex -79.049 73.4741 5
    endloop
  endfacet
  facet normal -0 -0 1
    outer loop
      vertex -77.8992 62.5344 5
      vertex -76.125 62.5155 5
      vertex -79.049 64.5259 5
    endloop
  endfacet
  facet normal 0 0 1
    outer loop
      vertex -76.125 62.5155 5
      vertex -77.8992 62.5344 5
      vertex -77.875 62.5155 5
    endloop
  endfacet
  facet normal 0 0 1
    outer loop
      vertex -77.875 62.5155 5
      vertex -77.8992 62.5344 5
      vertex -77.8778 62.5106 5
    endloop
  endfacet
  facet normal 0 0 1
    outer loop
      vertex -76.125 75.4845 5
      vertex -80 69 5
      vertex -76.125 62.5155 5
    endloop
  endfacet
  facet normal 0 0 1
    outer loop
      vertex -76.125 62.5155 5
      vertex -79.7596 66.713 5
      vertex -79.049 64.5259 5
    endloop
  endfacet
  facet normal 0 0 1
    outer loop
      vertex -76.125 62.5155 5
      vertex -80 69 5
      vertex -79.7596 66.713 5
    endloop
  endfacet
  facet normal 0 0 1
    outer loop
      vertex -65 40 5
      vertex -64.7276 42.245 5
      vertex -64.7815 42.0791 5
    endloop
  endfacet
  facet normal 0 0 1
    outer loop
      vertex -63.2135 -23.6183 5
      vertex -65 -40 5
      vertex -63.2135 -25.3817 5
    endloop
  endfacet
  facet normal 0 0 1
    outer loop
      vertex -63.2135 -25.3817 5
      vertex -65 -40 5
      vertex -64.7276 -42.245 5
    endloop
  endfacet
  facet normal 0 0 1
    outer loop
      vertex -64.7276 -42.245 5
      vertex -65 -40 5
      vertex -64.7815 -42.0791 5
    endloop
  endfacet
  facet normal 0 0 1
    outer loop
      vertex -76.125 -62.5155 5
      vertex -62.75 -61 5
      vertex -71.9056 -58.4335 5
    endloop
  endfacet
  facet normal 0 0 1
    outer loop
      vertex -76.125 -75.4845 5
      vertex -61.875 -75.4845 5
      vertex -76.125 -62.5155 5
    endloop
  endfacet
  facet normal 0 0 1
    outer loop
      vertex -76.125 -62.5155 5
      vertex -71.9056 -58.4335 5
      vertex -75.25 -61 5
    endloop
  endfacet
  facet normal 0 -0 1
    outer loop
      vertex -67.8502 -79.9397 5
      vertex -61.875 -75.4845 5
      vertex -76.125 -75.4845 5
    endloop
  endfacet
  facet normal 0 0 1
    outer loop
      vertex -62.75 -77 5
      vertex -65.6008 -79.4616 5
      vertex -63.5 -78.5263 5
    endloop
  endfacet
  facet normal 0 0 1
    outer loop
      vertex -75.25 -61 5
      vertex -71.9056 -58.4335 5
      vertex -72.3992 -58.5384 5
    endloop
  endfacet
  facet normal 0 0 1
    outer loop
      vertex -62.75 -77 5
      vertex -67.8502 -79.9397 5
      vertex -65.6008 -79.4616 5
    endloop
  endfacet
  facet normal 0 0 1
    outer loop
      vertex -75.25 -61 5
      vertex -72.3992 -58.5384 5
      vertex -74.5 -59.4737 5
    endloop
  endfacet
  facet normal 0 0 1
    outer loop
      vertex -67.8502 -79.9397 5
      vertex -75.25 -77 5
      vertex -70.1498 -79.9397 5
    endloop
  endfacet
  facet normal 0 0 1
    outer loop
      vertex -70.1498 -79.9397 5
      vertex -75.25 -77 5
      vertex -72.3992 -79.4616 5
    endloop
  endfacet
  facet normal 0 -0 1
    outer loop
      vertex -75.25 -61 5
      vertex -74.5 -59.4737 5
      vertex -75.6492 -60.3086 5
    endloop
  endfacet
  facet normal 0 0 1
    outer loop
      vertex -72.3992 58.5384 5
      vertex -75.25 61 5
      vertex -74.5 59.4737 5
    endloop
  endfacet
  facet normal 0 0 1
    outer loop
      vertex -74.5 59.4737 5
      vertex -75.25 61 5
      vertex -75.6492 60.3086 5
    endloop
  endfacet
  facet normal 0 0 1
    outer loop
      vertex -72.3992 -79.4616 5
      vertex -75.25 -77 5
      vertex -74.5 -78.5263 5
    endloop
  endfacet
  facet normal 0 0 1
    outer loop
      vertex -74.5 -78.5263 5
      vertex -75.25 -77 5
      vertex -75.6492 -77.6914 5
    endloop
  endfacet
  facet normal 0 0 1
    outer loop
      vertex 45 -35 5
      vertex 33 -38 5
      vertex 45 -40 5
    endloop
  endfacet
  facet normal 0 0 1
    outer loop
      vertex 45 -35 5
      vertex 32.4271 -36.2366 5
      vertex 33 -38 5
    endloop
  endfacet
  facet normal 0 0 1
    outer loop
      vertex 45 -35 5
      vertex 30.9271 -35.1468 5
      vertex 32.4271 -36.2366 5
    endloop
  endfacet
  facet normal 0 0 1
    outer loop
      vertex 45 -35 5
      vertex 29.0729 -35.1468 5
      vertex 30.9271 -35.1468 5
    endloop
  endfacet
  facet normal 0 0 1
    outer loop
      vertex 27.5729 -36.2366 5
      vertex -25 -35 5
      vertex 27 -38 5
    endloop
  endfacet
  facet normal 0 0 1
    outer loop
      vertex 29.0729 -35.1468 5
      vertex -25 -35 5
      vertex 27.5729 -36.2366 5
    endloop
  endfacet
  facet normal -0 0 1
    outer loop
      vertex -25 -35 5
      vertex 29.0729 -35.1468 5
      vertex 45 -35 5
    endloop
  endfacet
  facet normal -0 -0 1
    outer loop
      vertex 62.75 -77 5
      vertex 67.8502 -79.9397 5
      vertex 61.875 -75.4845 5
    endloop
  endfacet
  facet normal 0 0 1
    outer loop
      vertex 67.8502 -79.9397 5
      vertex 62.75 -77 5
      vertex 65.6008 -79.4616 5
    endloop
  endfacet
  facet normal 0 0 1
    outer loop
      vertex 58.8908 -64.7111 5
      vertex 61.875 -62.5155 5
      vertex 60.125 -62.5155 5
    endloop
  endfacet
  facet normal 0 0 1
    outer loop
      vertex 58.2404 -66.713 5
      vertex 61.875 -62.5155 5
      vertex 58.8908 -64.7111 5
    endloop
  endfacet
  facet normal 0 0 1
    outer loop
      vertex 58 -69 5
      vertex 61.875 -62.5155 5
      vertex 58.2404 -66.713 5
    endloop
  endfacet
  facet normal -0 -0 1
    outer loop
      vertex 60.1008 -75.4656 5
      vertex 61.875 -75.4845 5
      vertex 58.951 -73.4741 5
    endloop
  endfacet
  facet normal 0 0 1
    outer loop
      vertex 58.8908 -64.7111 5
      vertex 60.125 -62.5155 5
      vertex 59.25 -61 5
    endloop
  endfacet
  facet normal 0 0 1
    outer loop
      vertex 61.875 -75.4845 5
      vertex 60.1008 -75.4656 5
      vertex 60.125 -75.4845 5
    endloop
  endfacet
  facet normal 0 0 1
    outer loop
      vertex 65 -40 5
      vertex 64.7276 -42.245 5
      vertex 64.7815 -42.0791 5
    endloop
  endfacet
  facet normal 0 -0 1
    outer loop
      vertex 70.1498 -79.9397 5
      vertex 75.25 -77 5
      vertex 61.875 -75.4845 5
    endloop
  endfacet
  facet normal 0 0 1
    outer loop
      vertex 71.9056 -58.4335 5
      vertex 61.875 -59.4845 5
      vertex 62.75 -61 5
    endloop
  endfacet
  facet normal -0 0 1
    outer loop
      vertex 45 -40 5
      vertex 64.7276 -42.245 5
      vertex 65 -40 5
    endloop
  endfacet
  facet normal 0 -0 1
    outer loop
      vertex 60.125 -59.4845 5
      vertex 64.7276 -42.245 5
      vertex 51.1718 -49.9452 5
    endloop
  endfacet
  facet normal 0 0 1
    outer loop
      vertex 64.7276 -42.245 5
      vertex 60.125 -59.4845 5
      vertex 61.875 -59.4845 5
    endloop
  endfacet
  facet normal 0 0 1
    outer loop
      vertex 60.125 -75.4845 5
      vertex 60.1008 -75.4656 5
      vertex 60.1222 -75.4894 5
    endloop
  endfacet
  facet normal 0 0 1
    outer loop
      vertex 59.25 -61 5
      vertex 51.1718 -49.9452 5
      vertex 58.8908 -64.7111 5
    endloop
  endfacet
  facet normal 0 0 1
    outer loop
      vertex 60.125 -59.4845 5
      vertex 51.1718 -49.9452 5
      vertex 59.25 -61 5
    endloop
  endfacet
  facet normal 0 0 1
    outer loop
      vertex 64.7276 -42.245 5
      vertex 45 -40 5
      vertex 51.1718 -49.9452 5
    endloop
  endfacet
  facet normal -0 0 1
    outer loop
      vertex 32.4271 -39.7634 5
      vertex 45 -40 5
      vertex 33 -38 5
    endloop
  endfacet
  facet normal 0 0 1
    outer loop
      vertex 30.9271 -40.8532 5
      vertex 45 -40 5
      vertex 32.4271 -39.7634 5
    endloop
  endfacet
  facet normal 0 0 1
    outer loop
      vertex 45 -40 5
      vertex 30.9271 -40.8532 5
      vertex 51.1718 -49.9452 5
    endloop
  endfacet
  facet normal -0 0 1
    outer loop
      vertex 29.0729 -40.8532 5
      vertex 51.1718 -49.9452 5
      vertex 30.9271 -40.8532 5
    endloop
  endfacet
  facet normal 0 0 1
    outer loop
      vertex -25 -40 5
      vertex 27 -38 5
      vertex -25 -35 5
    endloop
  endfacet
  facet normal 0 0 1
    outer loop
      vertex 27 -38 5
      vertex -25 -40 5
      vertex 27.5729 -39.7634 5
    endloop
  endfacet
  facet normal 0 0 1
    outer loop
      vertex 27.5729 -39.7634 5
      vertex -25 -40 5
      vertex 29.0729 -40.8532 5
    endloop
  endfacet
  facet normal 0 0 1
    outer loop
      vertex 29.0729 -40.8532 5
      vertex -25 -40 5
      vertex 51.1718 -49.9452 5
    endloop
  endfacet
  facet normal 0 0 1
    outer loop
      vertex -29.0729 -40.8532 5
      vertex -25 -40 5
      vertex -27.8987 -40 5
    endloop
  endfacet
  facet normal 0 0 1
    outer loop
      vertex -51.1718 -49.9452 5
      vertex -25 -40 5
      vertex -29.0729 -40.8532 5
    endloop
  endfacet
  facet normal 0 0 1
    outer loop
      vertex -51.1718 -49.9452 5
      vertex -29.0729 -40.8532 5
      vertex -30.9271 -40.8532 5
    endloop
  endfacet
  facet normal -0 0 1
    outer loop
      vertex -45 -40 5
      vertex -30.9271 -40.8532 5
      vertex -32.1013 -40 5
    endloop
  endfacet
  facet normal 0 0 1
    outer loop
      vertex -51.1718 -49.9452 5
      vertex -30.9271 -40.8532 5
      vertex -45 -40 5
    endloop
  endfacet
  facet normal 0 0 1
    outer loop
      vertex -25 -40 5
      vertex -51.1718 -49.9452 5
      vertex 51.1718 -49.9452 5
    endloop
  endfacet
  facet normal 0 0 1
    outer loop
      vertex -45 -5 5
      vertex -51.1718 -49.9452 5
      vertex -45 -40 5
    endloop
  endfacet
  facet normal 0 0 1
    outer loop
      vertex -58.8908 -64.7111 5
      vertex -45 -5 5
      vertex -58.8908 64.7111 5
    endloop
  endfacet
  facet normal 0 0 1
    outer loop
      vertex -45 -5 5
      vertex -58.8908 -64.7111 5
      vertex -51.1718 -49.9452 5
    endloop
  endfacet
  facet normal 0 0 1
    outer loop
      vertex 65.6008 -79.4616 5
      vertex 62.75 -77 5
      vertex 63.5 -78.5263 5
    endloop
  endfacet
  facet normal 0 0 1
    outer loop
      vertex 63.5 -78.5263 5
      vertex 62.75 -77 5
      vertex 62.3508 -77.6914 5
    endloop
  endfacet
  facet normal 0 0 1
    outer loop
      vertex 61.875 -62.5155 5
      vertex 58 -69 5
      vertex 61.875 -75.4845 5
    endloop
  endfacet
  facet normal 0 0 1
    outer loop
      vertex 61.875 -75.4845 5
      vertex 58.2404 -71.287 5
      vertex 58.951 -73.4741 5
    endloop
  endfacet
  facet normal 0 0 1
    outer loop
      vertex 61.875 -75.4845 5
      vertex 58 -69 5
      vertex 58.2404 -71.287 5
    endloop
  endfacet
  facet normal -0 0 1
    outer loop
      vertex 49.125 13.7345 5
      vertex 50 -15.25 5
      vertex 50 15.25 5
    endloop
  endfacet
  facet normal 0 0 1
    outer loop
      vertex 49.125 13.7345 5
      vertex 49.125 -13.7345 5
      vertex 50 -15.25 5
    endloop
  endfacet
  facet normal 0 0 1
    outer loop
      vertex 45 -5 5
      vertex 49.125 13.7345 5
      vertex 47.375 13.7345 5
    endloop
  endfacet
  facet normal 0 0 1
    outer loop
      vertex 49.125 13.7345 5
      vertex 45 -5 5
      vertex 49.125 -13.7345 5
    endloop
  endfacet
  facet normal 0 0 1
    outer loop
      vertex 45 -5 5
      vertex 47.375 13.7345 5
      vertex 46.5 15.25 5
    endloop
  endfacet
  facet normal 0 0 1
    outer loop
      vertex 49.125 -13.7345 5
      vertex 45 -5 5
      vertex 47.375 -13.7345 5
    endloop
  endfacet
  facet normal 0 0 1
    outer loop
      vertex 65 28 5
      vertex 50 15.25 5
      vertex 65 -28 5
    endloop
  endfacet
  facet normal 0 0 1
    outer loop
      vertex 65 28 5
      vertex 49.125 16.7655 5
      vertex 50 15.25 5
    endloop
  endfacet
  facet normal -0 0 1
    outer loop
      vertex 45 28 5
      vertex 49.125 16.7655 5
      vertex 65 28 5
    endloop
  endfacet
  facet normal 0 0 1
    outer loop
      vertex 45 -5 5
      vertex 46.5 15.25 5
      vertex 45 28 5
    endloop
  endfacet
  facet normal 0 0 1
    outer loop
      vertex 47.375 16.7655 5
      vertex 45 28 5
      vertex 46.5 15.25 5
    endloop
  endfacet
  facet normal 0 0 1
    outer loop
      vertex 49.125 16.7655 5
      vertex 45 28 5
      vertex 47.375 16.7655 5
    endloop
  endfacet
  facet normal -0 0 1
    outer loop
      vertex 50 -15.25 5
      vertex 65 -28 5
      vertex 50 15.25 5
    endloop
  endfacet
  facet normal -0 0 1
    outer loop
      vertex 49.125 -16.7655 5
      vertex 65 -28 5
      vertex 50 -15.25 5
    endloop
  endfacet
  facet normal 0 0 1
    outer loop
      vertex 45 -28 5
      vertex 49.125 -16.7655 5
      vertex 47.375 -16.7655 5
    endloop
  endfacet
  facet normal 0 0 1
    outer loop
      vertex 47.375 -13.7345 5
      vertex 45 -5 5
      vertex 46.5 -15.25 5
    endloop
  endfacet
  facet normal 0 0 1
    outer loop
      vertex 49.125 -16.7655 5
      vertex 45 -28 5
      vertex 65 -28 5
    endloop
  endfacet
  facet normal 0 0 1
    outer loop
      vertex 46.5 -15.25 5
      vertex 45 -28 5
      vertex 47.375 -16.7655 5
    endloop
  endfacet
  facet normal 0 0 1
    outer loop
      vertex 45 -28 5
      vertex 46.5 -15.25 5
      vertex 45 -5 5
    endloop
  endfacet
  facet normal 0 0 1
    outer loop
      vertex 75.25 61 5
      vertex 72.3992 58.5384 5
      vertex 74.5 59.4737 5
    endloop
  endfacet
  facet normal 0 0 1
    outer loop
      vertex 71.9056 58.4335 5
      vertex 61.875 62.5155 5
      vertex 62.75 61 5
    endloop
  endfacet
  facet normal 0 0 1
    outer loop
      vertex 60.1008 75.4656 5
      vertex 61.875 75.4845 5
      vertex 60.125 75.4845 5
    endloop
  endfacet
  facet normal 0 0 1
    outer loop
      vertex 58.2404 71.287 5
      vertex 61.875 75.4845 5
      vertex 58.951 73.4741 5
    endloop
  endfacet
  facet normal 0 0 1
    outer loop
      vertex 60.1008 75.4656 5
      vertex 60.125 75.4845 5
      vertex 60.1222 75.4894 5
    endloop
  endfacet
  facet normal 0 0 1
    outer loop
      vertex 61.875 75.4845 5
      vertex 60.1008 75.4656 5
      vertex 58.951 73.4741 5
    endloop
  endfacet
  facet normal 0 0 1
    outer loop
      vertex 58 69 5
      vertex 61.875 75.4845 5
      vertex 58.2404 71.287 5
    endloop
  endfacet
  facet normal 0 0 1
    outer loop
      vertex 61.875 62.5155 5
      vertex 58.8908 64.7111 5
      vertex 60.125 62.5155 5
    endloop
  endfacet
  facet normal 0 0 1
    outer loop
      vertex 63.5 78.5263 5
      vertex 62.3508 77.6914 5
      vertex 62.75 77 5
    endloop
  endfacet
  facet normal 0.914165 0.405342 0
    outer loop
      vertex 71.9056 -58.4335 5
      vertex 64.7276 -42.245 0
      vertex 64.7276 -42.245 5
    endloop
  endfacet
  facet normal 0.914165 0.405342 0
    outer loop
      vertex 64.7276 -42.245 0
      vertex 71.9056 -58.4335 5
      vertex 71.9056 -58.4335 0
    endloop
  endfacet
  facet normal -0.886214 -0.463276 0
    outer loop
      vertex 58.8908 -64.7111 0
      vertex 51.1718 -49.9452 5
      vertex 51.1718 -49.9452 0
    endloop
  endfacet
  facet normal -0.886214 -0.463276 0
    outer loop
      vertex 51.1718 -49.9452 5
      vertex 58.8908 -64.7111 0
      vertex 58.8908 -64.7111 5
    endloop
  endfacet
  facet normal 0.914165 -0.405342 0
    outer loop
      vertex 64.7276 42.245 5
      vertex 71.9056 58.4335 0
      vertex 71.9056 58.4335 5
    endloop
  endfacet
  facet normal 0.914165 -0.405342 0
    outer loop
      vertex 71.9056 58.4335 0
      vertex 64.7276 42.245 5
      vertex 64.7276 42.245 0
    endloop
  endfacet
  facet normal -0.886214 0.463276 0
    outer loop
      vertex 51.1718 49.9452 0
      vertex 58.8908 64.7111 5
      vertex 58.8908 64.7111 0
    endloop
  endfacet
  facet normal -0.886214 0.463276 0
    outer loop
      vertex 58.8908 64.7111 5
      vertex 51.1718 49.9452 0
      vertex 51.1718 49.9452 5
    endloop
  endfacet
  facet normal -0.914165 -0.405342 0
    outer loop
      vertex -64.7276 42.245 0
      vertex -71.9056 58.4335 5
      vertex -71.9056 58.4335 0
    endloop
  endfacet
  facet normal -0.914165 -0.405342 0
    outer loop
      vertex -71.9056 58.4335 5
      vertex -64.7276 42.245 0
      vertex -64.7276 42.245 5
    endloop
  endfacet
  facet normal 0.886214 0.463276 0
    outer loop
      vertex -51.1718 49.9452 5
      vertex -58.8908 64.7111 0
      vertex -58.8908 64.7111 5
    endloop
  endfacet
  facet normal 0.886214 0.463276 0
    outer loop
      vertex -58.8908 64.7111 0
      vertex -51.1718 49.9452 5
      vertex -51.1718 49.9452 0
    endloop
  endfacet
  facet normal 0.951064 0.308993 0
    outer loop
      vertex -58.2404 -66.713 5
      vertex -58.8908 -64.7111 0
      vertex -58.8908 -64.7111 5
    endloop
  endfacet
  facet normal 0.951064 0.308993 0
    outer loop
      vertex -58.8908 -64.7111 0
      vertex -58.2404 -66.713 5
      vertex -58.2404 -66.713 0
    endloop
  endfacet
  facet normal 0.994521 0.10454 0
    outer loop
      vertex -58 -69 5
      vertex -58.2404 -66.713 0
      vertex -58.2404 -66.713 5
    endloop
  endfacet
  facet normal 0.994521 0.10454 0
    outer loop
      vertex -58.2404 -66.713 0
      vertex -58 -69 5
      vertex -58 -69 0
    endloop
  endfacet
  facet normal 0.951061 -0.309004 0
    outer loop
      vertex -58.951 -73.4741 5
      vertex -58.2404 -71.287 0
      vertex -58.2404 -71.287 5
    endloop
  endfacet
  facet normal 0.951061 -0.309004 0
    outer loop
      vertex -58.2404 -71.287 0
      vertex -58.951 -73.4741 5
      vertex -58.951 -73.4741 0
    endloop
  endfacet
  facet normal -0.587766 -0.809031 0
    outer loop
      vertex -75.6492 -77.6914 0
      vertex -74.5 -78.5263 5
      vertex -75.6492 -77.6914 5
    endloop
  endfacet
  facet normal -0.587766 -0.809031 -0
    outer loop
      vertex -74.5 -78.5263 5
      vertex -75.6492 -77.6914 0
      vertex -74.5 -78.5263 0
    endloop
  endfacet
  facet normal 0.207901 -0.97815 0
    outer loop
      vertex -67.8502 -79.9397 0
      vertex -65.6008 -79.4616 5
      vertex -67.8502 -79.9397 5
    endloop
  endfacet
  facet normal 0.207901 -0.97815 0
    outer loop
      vertex -65.6008 -79.4616 5
      vertex -67.8502 -79.9397 0
      vertex -65.6008 -79.4616 0
    endloop
  endfacet
  facet normal -0.866024 -0.500002 0
    outer loop
      vertex -77.8992 -75.4656 0
      vertex -79.049 -73.4741 5
      vertex -79.049 -73.4741 0
    endloop
  endfacet
  facet normal -0.866024 -0.500002 0
    outer loop
      vertex -79.049 -73.4741 5
      vertex -77.8992 -75.4656 0
      vertex -77.8992 -75.4656 5
    endloop
  endfacet
  facet normal -0.207901 -0.97815 0
    outer loop
      vertex -72.3992 -79.4616 0
      vertex -70.1498 -79.9397 5
      vertex -72.3992 -79.4616 5
    endloop
  endfacet
  facet normal -0.207901 -0.97815 -0
    outer loop
      vertex -70.1498 -79.9397 5
      vertex -72.3992 -79.4616 0
      vertex -70.1498 -79.9397 0
    endloop
  endfacet
  facet normal -0.951061 0.309004 0
    outer loop
      vertex -79.7596 -66.713 0
      vertex -79.049 -64.5259 5
      vertex -79.049 -64.5259 0
    endloop
  endfacet
  facet normal -0.951061 0.309004 0
    outer loop
      vertex -79.049 -64.5259 5
      vertex -79.7596 -66.713 0
      vertex -79.7596 -66.713 5
    endloop
  endfacet
  facet normal -0.406723 -0.913551 0
    outer loop
      vertex -74.5 -78.5263 0
      vertex -72.3992 -79.4616 5
      vertex -74.5 -78.5263 5
    endloop
  endfacet
  facet normal -0.406723 -0.913551 -0
    outer loop
      vertex -72.3992 -79.4616 5
      vertex -74.5 -78.5263 0
      vertex -72.3992 -79.4616 0
    endloop
  endfacet
  facet normal -0.866024 0.500002 0
    outer loop
      vertex -79.049 -64.5259 0
      vertex -77.8992 -62.5344 5
      vertex -77.8992 -62.5344 0
    endloop
  endfacet
  facet normal -0.866024 0.500002 0
    outer loop
      vertex -77.8992 -62.5344 5
      vertex -79.049 -64.5259 0
      vertex -79.049 -64.5259 5
    endloop
  endfacet
  facet normal 0.587766 -0.809031 0
    outer loop
      vertex -63.5 -78.5263 0
      vertex -62.3508 -77.6914 5
      vertex -63.5 -78.5263 5
    endloop
  endfacet
  facet normal 0.587766 -0.809031 0
    outer loop
      vertex -62.3508 -77.6914 5
      vertex -63.5 -78.5263 0
      vertex -62.3508 -77.6914 0
    endloop
  endfacet
  facet normal -0.207878 0.978155 0
    outer loop
      vertex -71.9056 -58.4335 0
      vertex -72.3992 -58.5384 5
      vertex -71.9056 -58.4335 5
    endloop
  endfacet
  facet normal -0.207878 0.978155 0
    outer loop
      vertex -72.3992 -58.5384 5
      vertex -71.9056 -58.4335 0
      vertex -72.3992 -58.5384 0
    endloop
  endfacet
  facet normal 0.994521 -0.10454 0
    outer loop
      vertex -58.2404 -71.287 5
      vertex -58 -69 0
      vertex -58 -69 5
    endloop
  endfacet
  facet normal 0.994521 -0.10454 0
    outer loop
      vertex -58 -69 0
      vertex -58.2404 -71.287 5
      vertex -58.2404 -71.287 0
    endloop
  endfacet
  facet normal -0.743605 0.668619 0
    outer loop
      vertex -77.8992 -62.5344 0
      vertex -77.8778 -62.5106 5
      vertex -77.8778 -62.5106 0
    endloop
  endfacet
  facet normal -0.743605 0.668619 0
    outer loop
      vertex -77.8778 -62.5106 5
      vertex -77.8992 -62.5344 0
      vertex -77.8992 -62.5344 5
    endloop
  endfacet
  facet normal 0.866024 -0.500002 0
    outer loop
      vertex -60.1008 -75.4656 5
      vertex -58.951 -73.4741 0
      vertex -58.951 -73.4741 5
    endloop
  endfacet
  facet normal 0.866024 -0.500002 0
    outer loop
      vertex -58.951 -73.4741 0
      vertex -60.1008 -75.4656 5
      vertex -60.1008 -75.4656 0
    endloop
  endfacet
  facet normal -0.587766 0.809031 0
    outer loop
      vertex -74.5 -59.4737 0
      vertex -75.6492 -60.3086 5
      vertex -74.5 -59.4737 5
    endloop
  endfacet
  facet normal -0.587766 0.809031 0
    outer loop
      vertex -75.6492 -60.3086 5
      vertex -74.5 -59.4737 0
      vertex -75.6492 -60.3086 0
    endloop
  endfacet
  facet normal 0.406723 -0.913551 0
    outer loop
      vertex -65.6008 -79.4616 0
      vertex -63.5 -78.5263 5
      vertex -65.6008 -79.4616 5
    endloop
  endfacet
  facet normal 0.406723 -0.913551 0
    outer loop
      vertex -63.5 -78.5263 5
      vertex -65.6008 -79.4616 0
      vertex -63.5 -78.5263 0
    endloop
  endfacet
  facet normal -0.406723 0.913551 0
    outer loop
      vertex -72.3992 -58.5384 0
      vertex -74.5 -59.4737 5
      vertex -72.3992 -58.5384 5
    endloop
  endfacet
  facet normal -0.406723 0.913551 0
    outer loop
      vertex -74.5 -59.4737 5
      vertex -72.3992 -58.5384 0
      vertex -74.5 -59.4737 0
    endloop
  endfacet
  facet normal 0.743605 -0.668619 0
    outer loop
      vertex -60.1222 -75.4894 5
      vertex -60.1008 -75.4656 0
      vertex -60.1008 -75.4656 5
    endloop
  endfacet
  facet normal 0.743605 -0.668619 0
    outer loop
      vertex -60.1008 -75.4656 0
      vertex -60.1222 -75.4894 5
      vertex -60.1222 -75.4894 0
    endloop
  endfacet
  facet normal -0.994521 0.10454 0
    outer loop
      vertex -80 -69 0
      vertex -79.7596 -66.713 5
      vertex -79.7596 -66.713 0
    endloop
  endfacet
  facet normal -0.994521 0.10454 0
    outer loop
      vertex -79.7596 -66.713 5
      vertex -80 -69 0
      vertex -80 -69 5
    endloop
  endfacet
  facet normal 0 -1 0
    outer loop
      vertex -70.1498 -79.9397 0
      vertex -67.8502 -79.9397 5
      vertex -70.1498 -79.9397 5
    endloop
  endfacet
  facet normal 0 -1 -0
    outer loop
      vertex -67.8502 -79.9397 5
      vertex -70.1498 -79.9397 0
      vertex -67.8502 -79.9397 0
    endloop
  endfacet
  facet normal -0.951061 -0.309004 0
    outer loop
      vertex -79.049 -73.4741 0
      vertex -79.7596 -71.287 5
      vertex -79.7596 -71.287 0
    endloop
  endfacet
  facet normal -0.951061 -0.309004 0
    outer loop
      vertex -79.7596 -71.287 5
      vertex -79.049 -73.4741 0
      vertex -79.049 -73.4741 5
    endloop
  endfacet
  facet normal -0.743605 -0.668619 0
    outer loop
      vertex -77.8778 -75.4894 0
      vertex -77.8992 -75.4656 5
      vertex -77.8992 -75.4656 0
    endloop
  endfacet
  facet normal -0.743605 -0.668619 0
    outer loop
      vertex -77.8992 -75.4656 5
      vertex -77.8778 -75.4894 0
      vertex -77.8778 -75.4894 5
    endloop
  endfacet
  facet normal -0.994521 -0.10454 0
    outer loop
      vertex -79.7596 -71.287 0
      vertex -80 -69 5
      vertex -80 -69 0
    endloop
  endfacet
  facet normal -0.994521 -0.10454 0
    outer loop
      vertex -80 -69 5
      vertex -79.7596 -71.287 0
      vertex -79.7596 -71.287 5
    endloop
  endfacet
  facet normal 0.951061 0.309004 0
    outer loop
      vertex 79.7596 -66.713 5
      vertex 79.049 -64.5259 0
      vertex 79.049 -64.5259 5
    endloop
  endfacet
  facet normal 0.951061 0.309004 0
    outer loop
      vertex 79.049 -64.5259 0
      vertex 79.7596 -66.713 5
      vertex 79.7596 -66.713 0
    endloop
  endfacet
  facet normal 0.994521 0.10454 0
    outer loop
      vertex 80 -69 5
      vertex 79.7596 -66.713 0
      vertex 79.7596 -66.713 5
    endloop
  endfacet
  facet normal 0.994521 0.10454 0
    outer loop
      vertex 79.7596 -66.713 0
      vertex 80 -69 5
      vertex 80 -69 0
    endloop
  endfacet
  facet normal 0.866024 0.500002 0
    outer loop
      vertex 79.049 -64.5259 5
      vertex 77.8992 -62.5344 0
      vertex 77.8992 -62.5344 5
    endloop
  endfacet
  facet normal 0.866024 0.500002 0
    outer loop
      vertex 77.8992 -62.5344 0
      vertex 79.049 -64.5259 5
      vertex 79.049 -64.5259 0
    endloop
  endfacet
  facet normal -0.587766 -0.809031 0
    outer loop
      vertex 62.3508 -77.6914 0
      vertex 63.5 -78.5263 5
      vertex 62.3508 -77.6914 5
    endloop
  endfacet
  facet normal -0.587766 -0.809031 -0
    outer loop
      vertex 63.5 -78.5263 5
      vertex 62.3508 -77.6914 0
      vertex 63.5 -78.5263 0
    endloop
  endfacet
  facet normal 0 -1 0
    outer loop
      vertex 67.8502 -79.9397 0
      vertex 70.1498 -79.9397 5
      vertex 67.8502 -79.9397 5
    endloop
  endfacet
  facet normal 0 -1 -0
    outer loop
      vertex 70.1498 -79.9397 5
      vertex 67.8502 -79.9397 0
      vertex 70.1498 -79.9397 0
    endloop
  endfacet
  facet normal 0.994521 -0.10454 0
    outer loop
      vertex 79.7596 -71.287 5
      vertex 80 -69 0
      vertex 80 -69 5
    endloop
  endfacet
  facet normal 0.994521 -0.10454 0
    outer loop
      vertex 80 -69 0
      vertex 79.7596 -71.287 5
      vertex 79.7596 -71.287 0
    endloop
  endfacet
  facet normal -0.994521 0.10454 0
    outer loop
      vertex 58 -69 0
      vertex 58.2404 -66.713 5
      vertex 58.2404 -66.713 0
    endloop
  endfacet
  facet normal -0.994521 0.10454 0
    outer loop
      vertex 58.2404 -66.713 5
      vertex 58 -69 0
      vertex 58 -69 5
    endloop
  endfacet
  facet normal 0.866024 -0.500002 0
    outer loop
      vertex 77.8992 -75.4656 5
      vertex 79.049 -73.4741 0
      vertex 79.049 -73.4741 5
    endloop
  endfacet
  facet normal 0.866024 -0.500002 0
    outer loop
      vertex 79.049 -73.4741 0
      vertex 77.8992 -75.4656 5
      vertex 77.8992 -75.4656 0
    endloop
  endfacet
  facet normal -0.743605 -0.668619 0
    outer loop
      vertex 60.1222 -75.4894 0
      vertex 60.1008 -75.4656 5
      vertex 60.1008 -75.4656 0
    endloop
  endfacet
  facet normal -0.743605 -0.668619 0
    outer loop
      vertex 60.1008 -75.4656 5
      vertex 60.1222 -75.4894 0
      vertex 60.1222 -75.4894 5
    endloop
  endfacet
  facet normal 0.587766 0.809031 -0
    outer loop
      vertex 75.6492 -60.3086 0
      vertex 74.5 -59.4737 5
      vertex 75.6492 -60.3086 5
    endloop
  endfacet
  facet normal 0.587766 0.809031 0
    outer loop
      vertex 74.5 -59.4737 5
      vertex 75.6492 -60.3086 0
      vertex 74.5 -59.4737 0
    endloop
  endfacet
  facet normal -0.951064 0.308993 0
    outer loop
      vertex 58.2404 -66.713 0
      vertex 58.8908 -64.7111 5
      vertex 58.8908 -64.7111 0
    endloop
  endfacet
  facet normal -0.951064 0.308993 0
    outer loop
      vertex 58.8908 -64.7111 5
      vertex 58.2404 -66.713 0
      vertex 58.2404 -66.713 5
    endloop
  endfacet
  facet normal 0.951061 -0.309004 0
    outer loop
      vertex 79.049 -73.4741 5
      vertex 79.7596 -71.287 0
      vertex 79.7596 -71.287 5
    endloop
  endfacet
  facet normal 0.951061 -0.309004 0
    outer loop
      vertex 79.7596 -71.287 0
      vertex 79.049 -73.4741 5
      vertex 79.049 -73.4741 0
    endloop
  endfacet
  facet normal 0.207878 0.978155 -0
    outer loop
      vertex 72.3992 -58.5384 0
      vertex 71.9056 -58.4335 5
      vertex 72.3992 -58.5384 5
    endloop
  endfacet
  facet normal 0.207878 0.978155 0
    outer loop
      vertex 71.9056 -58.4335 5
      vertex 72.3992 -58.5384 0
      vertex 71.9056 -58.4335 0
    endloop
  endfacet
  facet normal -0.207901 -0.97815 0
    outer loop
      vertex 65.6008 -79.4616 0
      vertex 67.8502 -79.9397 5
      vertex 65.6008 -79.4616 5
    endloop
  endfacet
  facet normal -0.207901 -0.97815 -0
    outer loop
      vertex 67.8502 -79.9397 5
      vertex 65.6008 -79.4616 0
      vertex 67.8502 -79.9397 0
    endloop
  endfacet
  facet normal 0.743605 -0.668619 0
    outer loop
      vertex 77.8778 -75.4894 5
      vertex 77.8992 -75.4656 0
      vertex 77.8992 -75.4656 5
    endloop
  endfacet
  facet normal 0.743605 -0.668619 0
    outer loop
      vertex 77.8992 -75.4656 0
      vertex 77.8778 -75.4894 5
      vertex 77.8778 -75.4894 0
    endloop
  endfacet
  facet normal -0.406723 -0.913551 0
    outer loop
      vertex 63.5 -78.5263 0
      vertex 65.6008 -79.4616 5
      vertex 63.5 -78.5263 5
    endloop
  endfacet
  facet normal -0.406723 -0.913551 -0
    outer loop
      vertex 65.6008 -79.4616 5
      vertex 63.5 -78.5263 0
      vertex 65.6008 -79.4616 0
    endloop
  endfacet
  facet normal -0.994521 -0.10454 0
    outer loop
      vertex 58.2404 -71.287 0
      vertex 58 -69 5
      vertex 58 -69 0
    endloop
  endfacet
  facet normal -0.994521 -0.10454 0
    outer loop
      vertex 58 -69 5
      vertex 58.2404 -71.287 0
      vertex 58.2404 -71.287 5
    endloop
  endfacet
  facet normal 0.587766 -0.809031 0
    outer loop
      vertex 74.5 -78.5263 0
      vertex 75.6492 -77.6914 5
      vertex 74.5 -78.5263 5
    endloop
  endfacet
  facet normal 0.587766 -0.809031 0
    outer loop
      vertex 75.6492 -77.6914 5
      vertex 74.5 -78.5263 0
      vertex 75.6492 -77.6914 0
    endloop
  endfacet
  facet normal 0.743605 0.668619 0
    outer loop
      vertex 77.8992 -62.5344 5
      vertex 77.8778 -62.5106 0
      vertex 77.8778 -62.5106 5
    endloop
  endfacet
  facet normal 0.743605 0.668619 0
    outer loop
      vertex 77.8778 -62.5106 0
      vertex 77.8992 -62.5344 5
      vertex 77.8992 -62.5344 0
    endloop
  endfacet
  facet normal -0.951061 -0.309004 0
    outer loop
      vertex 58.951 -73.4741 0
      vertex 58.2404 -71.287 5
      vertex 58.2404 -71.287 0
    endloop
  endfacet
  facet normal -0.951061 -0.309004 0
    outer loop
      vertex 58.2404 -71.287 5
      vertex 58.951 -73.4741 0
      vertex 58.951 -73.4741 5
    endloop
  endfacet
  facet normal 0.406723 0.913551 -0
    outer loop
      vertex 74.5 -59.4737 0
      vertex 72.3992 -58.5384 5
      vertex 74.5 -59.4737 5
    endloop
  endfacet
  facet normal 0.406723 0.913551 0
    outer loop
      vertex 72.3992 -58.5384 5
      vertex 74.5 -59.4737 0
      vertex 72.3992 -58.5384 0
    endloop
  endfacet
  facet normal -0.866024 -0.500002 0
    outer loop
      vertex 60.1008 -75.4656 0
      vertex 58.951 -73.4741 5
      vertex 58.951 -73.4741 0
    endloop
  endfacet
  facet normal -0.866024 -0.500002 0
    outer loop
      vertex 58.951 -73.4741 5
      vertex 60.1008 -75.4656 0
      vertex 60.1008 -75.4656 5
    endloop
  endfacet
  facet normal 0.207901 -0.97815 0
    outer loop
      vertex 70.1498 -79.9397 0
      vertex 72.3992 -79.4616 5
      vertex 70.1498 -79.9397 5
    endloop
  endfacet
  facet normal 0.207901 -0.97815 0
    outer loop
      vertex 72.3992 -79.4616 5
      vertex 70.1498 -79.9397 0
      vertex 72.3992 -79.4616 0
    endloop
  endfacet
  facet normal 0.406723 -0.913551 0
    outer loop
      vertex 72.3992 -79.4616 0
      vertex 74.5 -78.5263 5
      vertex 72.3992 -79.4616 5
    endloop
  endfacet
  facet normal 0.406723 -0.913551 0
    outer loop
      vertex 74.5 -78.5263 5
      vertex 72.3992 -79.4616 0
      vertex 74.5 -78.5263 0
    endloop
  endfacet
  facet normal 0.951061 0.309004 0
    outer loop
      vertex 79.7596 71.287 5
      vertex 79.049 73.4741 0
      vertex 79.049 73.4741 5
    endloop
  endfacet
  facet normal 0.951061 0.309004 0
    outer loop
      vertex 79.049 73.4741 0
      vertex 79.7596 71.287 5
      vertex 79.7596 71.287 0
    endloop
  endfacet
  facet normal 0.994521 0.10454 0
    outer loop
      vertex 80 69 5
      vertex 79.7596 71.287 0
      vertex 79.7596 71.287 5
    endloop
  endfacet
  facet normal 0.994521 0.10454 0
    outer loop
      vertex 79.7596 71.287 0
      vertex 80 69 5
      vertex 80 69 0
    endloop
  endfacet
  facet normal 0.866024 0.500002 0
    outer loop
      vertex 79.049 73.4741 5
      vertex 77.8992 75.4656 0
      vertex 77.8992 75.4656 5
    endloop
  endfacet
  facet normal 0.866024 0.500002 0
    outer loop
      vertex 77.8992 75.4656 0
      vertex 79.049 73.4741 5
      vertex 79.049 73.4741 0
    endloop
  endfacet
  facet normal 0.994521 -0.10454 0
    outer loop
      vertex 79.7596 66.713 5
      vertex 80 69 0
      vertex 80 69 5
    endloop
  endfacet
  facet normal 0.994521 -0.10454 0
    outer loop
      vertex 80 69 0
      vertex 79.7596 66.713 5
      vertex 79.7596 66.713 0
    endloop
  endfacet
  facet normal -0.994521 0.10454 0
    outer loop
      vertex 58 69 0
      vertex 58.2404 71.287 5
      vertex 58.2404 71.287 0
    endloop
  endfacet
  facet normal -0.994521 0.10454 0
    outer loop
      vertex 58.2404 71.287 5
      vertex 58 69 0
      vertex 58 69 5
    endloop
  endfacet
  facet normal 0.587766 0.809031 -0
    outer loop
      vertex 75.6492 77.6914 0
      vertex 74.5 78.5263 5
      vertex 75.6492 77.6914 5
    endloop
  endfacet
  facet normal 0.587766 0.809031 0
    outer loop
      vertex 74.5 78.5263 5
      vertex 75.6492 77.6914 0
      vertex 74.5 78.5263 0
    endloop
  endfacet
  facet normal 0.866024 -0.500002 0
    outer loop
      vertex 77.8992 62.5344 5
      vertex 79.049 64.5259 0
      vertex 79.049 64.5259 5
    endloop
  endfacet
  facet normal 0.866024 -0.500002 0
    outer loop
      vertex 79.049 64.5259 0
      vertex 77.8992 62.5344 5
      vertex 77.8992 62.5344 0
    endloop
  endfacet
  facet normal 0.207901 0.97815 -0
    outer loop
      vertex 72.3992 79.4616 0
      vertex 70.1498 79.9397 5
      vertex 72.3992 79.4616 5
    endloop
  endfacet
  facet normal 0.207901 0.97815 0
    outer loop
      vertex 70.1498 79.9397 5
      vertex 72.3992 79.4616 0
      vertex 70.1498 79.9397 0
    endloop
  endfacet
  facet normal 0.951061 -0.309004 0
    outer loop
      vertex 79.049 64.5259 5
      vertex 79.7596 66.713 0
      vertex 79.7596 66.713 5
    endloop
  endfacet
  facet normal 0.951061 -0.309004 0
    outer loop
      vertex 79.7596 66.713 0
      vertex 79.049 64.5259 5
      vertex 79.049 64.5259 0
    endloop
  endfacet
  facet normal 0.743605 -0.668619 0
    outer loop
      vertex 77.8778 62.5106 5
      vertex 77.8992 62.5344 0
      vertex 77.8992 62.5344 5
    endloop
  endfacet
  facet normal 0.743605 -0.668619 0
    outer loop
      vertex 77.8992 62.5344 0
      vertex 77.8778 62.5106 5
      vertex 77.8778 62.5106 0
    endloop
  endfacet
  facet normal 0 1 -0
    outer loop
      vertex 70.1498 79.9397 0
      vertex 67.8502 79.9397 5
      vertex 70.1498 79.9397 5
    endloop
  endfacet
  facet normal 0 1 0
    outer loop
      vertex 67.8502 79.9397 5
      vertex 70.1498 79.9397 0
      vertex 67.8502 79.9397 0
    endloop
  endfacet
  facet normal -0.951061 0.309004 0
    outer loop
      vertex 58.2404 71.287 0
      vertex 58.951 73.4741 5
      vertex 58.951 73.4741 0
    endloop
  endfacet
  facet normal -0.951061 0.309004 0
    outer loop
      vertex 58.951 73.4741 5
      vertex 58.2404 71.287 0
      vertex 58.2404 71.287 5
    endloop
  endfacet
  facet normal -0.587766 0.809031 0
    outer loop
      vertex 63.5 78.5263 0
      vertex 62.3508 77.6914 5
      vertex 63.5 78.5263 5
    endloop
  endfacet
  facet normal -0.587766 0.809031 0
    outer loop
      vertex 62.3508 77.6914 5
      vertex 63.5 78.5263 0
      vertex 62.3508 77.6914 0
    endloop
  endfacet
  facet normal 0.587766 -0.809031 0
    outer loop
      vertex 74.5 59.4737 0
      vertex 75.6492 60.3086 5
      vertex 74.5 59.4737 5
    endloop
  endfacet
  facet normal 0.587766 -0.809031 0
    outer loop
      vertex 75.6492 60.3086 5
      vertex 74.5 59.4737 0
      vertex 75.6492 60.3086 0
    endloop
  endfacet
  facet normal -0.743605 0.668619 0
    outer loop
      vertex 60.1008 75.4656 0
      vertex 60.1222 75.4894 5
      vertex 60.1222 75.4894 0
    endloop
  endfacet
  facet normal -0.743605 0.668619 0
    outer loop
      vertex 60.1222 75.4894 5
      vertex 60.1008 75.4656 0
      vertex 60.1008 75.4656 5
    endloop
  endfacet
  facet normal 0.743605 0.668619 0
    outer loop
      vertex 77.8992 75.4656 5
      vertex 77.8778 75.4894 0
      vertex 77.8778 75.4894 5
    endloop
  endfacet
  facet normal 0.743605 0.668619 0
    outer loop
      vertex 77.8778 75.4894 0
      vertex 77.8992 75.4656 5
      vertex 77.8992 75.4656 0
    endloop
  endfacet
  facet normal -0.951064 -0.308993 0
    outer loop
      vertex 58.8908 64.7111 0
      vertex 58.2404 66.713 5
      vertex 58.2404 66.713 0
    endloop
  endfacet
  facet normal -0.951064 -0.308993 0
    outer loop
      vertex 58.2404 66.713 5
      vertex 58.8908 64.7111 0
      vertex 58.8908 64.7111 5
    endloop
  endfacet
  facet normal 0.406723 0.913551 -0
    outer loop
      vertex 74.5 78.5263 0
      vertex 72.3992 79.4616 5
      vertex 74.5 78.5263 5
    endloop
  endfacet
  facet normal 0.406723 0.913551 0
    outer loop
      vertex 72.3992 79.4616 5
      vertex 74.5 78.5263 0
      vertex 72.3992 79.4616 0
    endloop
  endfacet
  facet normal -0.406723 0.913551 0
    outer loop
      vertex 65.6008 79.4616 0
      vertex 63.5 78.5263 5
      vertex 65.6008 79.4616 5
    endloop
  endfacet
  facet normal -0.406723 0.913551 0
    outer loop
      vertex 63.5 78.5263 5
      vertex 65.6008 79.4616 0
      vertex 63.5 78.5263 0
    endloop
  endfacet
  facet normal -0.866024 0.500002 0
    outer loop
      vertex 58.951 73.4741 0
      vertex 60.1008 75.4656 5
      vertex 60.1008 75.4656 0
    endloop
  endfacet
  facet normal -0.866024 0.500002 0
    outer loop
      vertex 60.1008 75.4656 5
      vertex 58.951 73.4741 0
      vertex 58.951 73.4741 5
    endloop
  endfacet
  facet normal 0.207878 -0.978155 0
    outer loop
      vertex 71.9056 58.4335 0
      vertex 72.3992 58.5384 5
      vertex 71.9056 58.4335 5
    endloop
  endfacet
  facet normal 0.207878 -0.978155 0
    outer loop
      vertex 72.3992 58.5384 5
      vertex 71.9056 58.4335 0
      vertex 72.3992 58.5384 0
    endloop
  endfacet
  facet normal -0.994521 -0.10454 0
    outer loop
      vertex 58.2404 66.713 0
      vertex 58 69 5
      vertex 58 69 0
    endloop
  endfacet
  facet normal -0.994521 -0.10454 0
    outer loop
      vertex 58 69 5
      vertex 58.2404 66.713 0
      vertex 58.2404 66.713 5
    endloop
  endfacet
  facet normal 0.406723 -0.913551 0
    outer loop
      vertex 72.3992 58.5384 0
      vertex 74.5 59.4737 5
      vertex 72.3992 58.5384 5
    endloop
  endfacet
  facet normal 0.406723 -0.913551 0
    outer loop
      vertex 74.5 59.4737 5
      vertex 72.3992 58.5384 0
      vertex 74.5 59.4737 0
    endloop
  endfacet
  facet normal -0.207901 0.97815 0
    outer loop
      vertex 67.8502 79.9397 0
      vertex 65.6008 79.4616 5
      vertex 67.8502 79.9397 5
    endloop
  endfacet
  facet normal -0.207901 0.97815 0
    outer loop
      vertex 65.6008 79.4616 5
      vertex 67.8502 79.9397 0
      vertex 65.6008 79.4616 0
    endloop
  endfacet
  facet normal 0.951061 0.309004 0
    outer loop
      vertex -58.2404 71.287 5
      vertex -58.951 73.4741 0
      vertex -58.951 73.4741 5
    endloop
  endfacet
  facet normal 0.951061 0.309004 0
    outer loop
      vertex -58.951 73.4741 0
      vertex -58.2404 71.287 5
      vertex -58.2404 71.287 0
    endloop
  endfacet
  facet normal 0.994521 0.10454 0
    outer loop
      vertex -58 69 5
      vertex -58.2404 71.287 0
      vertex -58.2404 71.287 5
    endloop
  endfacet
  facet normal 0.994521 0.10454 0
    outer loop
      vertex -58.2404 71.287 0
      vertex -58 69 5
      vertex -58 69 0
    endloop
  endfacet
  facet normal 0.951064 -0.308993 0
    outer loop
      vertex -58.8908 64.7111 5
      vertex -58.2404 66.713 0
      vertex -58.2404 66.713 5
    endloop
  endfacet
  facet normal 0.951064 -0.308993 0
    outer loop
      vertex -58.2404 66.713 0
      vertex -58.8908 64.7111 5
      vertex -58.8908 64.7111 0
    endloop
  endfacet
  facet normal -0.587766 -0.809031 0
    outer loop
      vertex -75.6492 60.3086 0
      vertex -74.5 59.4737 5
      vertex -75.6492 60.3086 5
    endloop
  endfacet
  facet normal -0.587766 -0.809031 -0
    outer loop
      vertex -74.5 59.4737 5
      vertex -75.6492 60.3086 0
      vertex -74.5 59.4737 0
    endloop
  endfacet
  facet normal -0.866024 -0.500002 0
    outer loop
      vertex -77.8992 62.5344 0
      vertex -79.049 64.5259 5
      vertex -79.049 64.5259 0
    endloop
  endfacet
  facet normal -0.866024 -0.500002 0
    outer loop
      vertex -79.049 64.5259 5
      vertex -77.8992 62.5344 0
      vertex -77.8992 62.5344 5
    endloop
  endfacet
  facet normal 0.207901 0.97815 -0
    outer loop
      vertex -65.6008 79.4616 0
      vertex -67.8502 79.9397 5
      vertex -65.6008 79.4616 5
    endloop
  endfacet
  facet normal 0.207901 0.97815 0
    outer loop
      vertex -67.8502 79.9397 5
      vertex -65.6008 79.4616 0
      vertex -67.8502 79.9397 0
    endloop
  endfacet
  facet normal -0.207878 -0.978155 0
    outer loop
      vertex -72.3992 58.5384 0
      vertex -71.9056 58.4335 5
      vertex -72.3992 58.5384 5
    endloop
  endfacet
  facet normal -0.207878 -0.978155 -0
    outer loop
      vertex -71.9056 58.4335 5
      vertex -72.3992 58.5384 0
      vertex -71.9056 58.4335 0
    endloop
  endfacet
  facet normal 0.587766 0.809031 -0
    outer loop
      vertex -62.3508 77.6914 0
      vertex -63.5 78.5263 5
      vertex -62.3508 77.6914 5
    endloop
  endfacet
  facet normal 0.587766 0.809031 0
    outer loop
      vertex -63.5 78.5263 5
      vertex -62.3508 77.6914 0
      vertex -63.5 78.5263 0
    endloop
  endfacet
  facet normal 0.406723 0.913551 -0
    outer loop
      vertex -63.5 78.5263 0
      vertex -65.6008 79.4616 5
      vertex -63.5 78.5263 5
    endloop
  endfacet
  facet normal 0.406723 0.913551 0
    outer loop
      vertex -65.6008 79.4616 5
      vertex -63.5 78.5263 0
      vertex -65.6008 79.4616 0
    endloop
  endfacet
  facet normal -0.951061 0.309004 0
    outer loop
      vertex -79.7596 71.287 0
      vertex -79.049 73.4741 5
      vertex -79.049 73.4741 0
    endloop
  endfacet
  facet normal -0.951061 0.309004 0
    outer loop
      vertex -79.049 73.4741 5
      vertex -79.7596 71.287 0
      vertex -79.7596 71.287 5
    endloop
  endfacet
  facet normal -0.406723 -0.913551 0
    outer loop
      vertex -74.5 59.4737 0
      vertex -72.3992 58.5384 5
      vertex -74.5 59.4737 5
    endloop
  endfacet
  facet normal -0.406723 -0.913551 -0
    outer loop
      vertex -72.3992 58.5384 5
      vertex -74.5 59.4737 0
      vertex -72.3992 58.5384 0
    endloop
  endfacet
  facet normal -0.866024 0.500002 0
    outer loop
      vertex -79.049 73.4741 0
      vertex -77.8992 75.4656 5
      vertex -77.8992 75.4656 0
    endloop
  endfacet
  facet normal -0.866024 0.500002 0
    outer loop
      vertex -77.8992 75.4656 5
      vertex -79.049 73.4741 0
      vertex -79.049 73.4741 5
    endloop
  endfacet
  facet normal -0.207901 0.97815 0
    outer loop
      vertex -70.1498 79.9397 0
      vertex -72.3992 79.4616 5
      vertex -70.1498 79.9397 5
    endloop
  endfacet
  facet normal -0.207901 0.97815 0
    outer loop
      vertex -72.3992 79.4616 5
      vertex -70.1498 79.9397 0
      vertex -72.3992 79.4616 0
    endloop
  endfacet
  facet normal 0.994521 -0.10454 0
    outer loop
      vertex -58.2404 66.713 5
      vertex -58 69 0
      vertex -58 69 5
    endloop
  endfacet
  facet normal 0.994521 -0.10454 0
    outer loop
      vertex -58 69 0
      vertex -58.2404 66.713 5
      vertex -58.2404 66.713 0
    endloop
  endfacet
  facet normal -0.743605 0.668619 0
    outer loop
      vertex -77.8992 75.4656 0
      vertex -77.8778 75.4894 5
      vertex -77.8778 75.4894 0
    endloop
  endfacet
  facet normal -0.743605 0.668619 0
    outer loop
      vertex -77.8778 75.4894 5
      vertex -77.8992 75.4656 0
      vertex -77.8992 75.4656 5
    endloop
  endfacet
  facet normal 0 1 -0
    outer loop
      vertex -67.8502 79.9397 0
      vertex -70.1498 79.9397 5
      vertex -67.8502 79.9397 5
    endloop
  endfacet
  facet normal 0 1 0
    outer loop
      vertex -70.1498 79.9397 5
      vertex -67.8502 79.9397 0
      vertex -70.1498 79.9397 0
    endloop
  endfacet
  facet normal -0.587766 0.809031 0
    outer loop
      vertex -74.5 78.5263 0
      vertex -75.6492 77.6914 5
      vertex -74.5 78.5263 5
    endloop
  endfacet
  facet normal -0.587766 0.809031 0
    outer loop
      vertex -75.6492 77.6914 5
      vertex -74.5 78.5263 0
      vertex -75.6492 77.6914 0
    endloop
  endfacet
  facet normal -0.406723 0.913551 0
    outer loop
      vertex -72.3992 79.4616 0
      vertex -74.5 78.5263 5
      vertex -72.3992 79.4616 5
    endloop
  endfacet
  facet normal -0.406723 0.913551 0
    outer loop
      vertex -74.5 78.5263 5
      vertex -72.3992 79.4616 0
      vertex -74.5 78.5263 0
    endloop
  endfacet
  facet normal 0.743605 0.668619 0
    outer loop
      vertex -60.1008 75.4656 5
      vertex -60.1222 75.4894 0
      vertex -60.1222 75.4894 5
    endloop
  endfacet
  facet normal 0.743605 0.668619 0
    outer loop
      vertex -60.1222 75.4894 0
      vertex -60.1008 75.4656 5
      vertex -60.1008 75.4656 0
    endloop
  endfacet
  facet normal -0.994521 0.10454 0
    outer loop
      vertex -80 69 0
      vertex -79.7596 71.287 5
      vertex -79.7596 71.287 0
    endloop
  endfacet
  facet normal -0.994521 0.10454 0
    outer loop
      vertex -79.7596 71.287 5
      vertex -80 69 0
      vertex -80 69 5
    endloop
  endfacet
  facet normal 0.866024 0.500002 0
    outer loop
      vertex -58.951 73.4741 5
      vertex -60.1008 75.4656 0
      vertex -60.1008 75.4656 5
    endloop
  endfacet
  facet normal 0.866024 0.500002 0
    outer loop
      vertex -60.1008 75.4656 0
      vertex -58.951 73.4741 5
      vertex -58.951 73.4741 0
    endloop
  endfacet
  facet normal -0.951061 -0.309004 0
    outer loop
      vertex -79.049 64.5259 0
      vertex -79.7596 66.713 5
      vertex -79.7596 66.713 0
    endloop
  endfacet
  facet normal -0.951061 -0.309004 0
    outer loop
      vertex -79.7596 66.713 5
      vertex -79.049 64.5259 0
      vertex -79.049 64.5259 5
    endloop
  endfacet
  facet normal -0.743605 -0.668619 0
    outer loop
      vertex -77.8778 62.5106 0
      vertex -77.8992 62.5344 5
      vertex -77.8992 62.5344 0
    endloop
  endfacet
  facet normal -0.743605 -0.668619 0
    outer loop
      vertex -77.8992 62.5344 5
      vertex -77.8778 62.5106 0
      vertex -77.8778 62.5106 5
    endloop
  endfacet
  facet normal -0.994521 -0.10454 0
    outer loop
      vertex -79.7596 66.713 0
      vertex -80 69 5
      vertex -80 69 0
    endloop
  endfacet
  facet normal -0.994521 -0.10454 0
    outer loop
      vertex -80 69 5
      vertex -79.7596 66.713 0
      vertex -79.7596 66.713 5
    endloop
  endfacet
  facet normal 1 -0 0
    outer loop
      vertex 65 -28 5
      vertex 65 28 0
      vertex 65 28 5
    endloop
  endfacet
  facet normal 1 0 0
    outer loop
      vertex 65 28 0
      vertex 65 -28 5
      vertex 65 -28 0
    endloop
  endfacet
  facet normal -0.951064 -0.308995 0
    outer loop
      vertex -64.7276 -42.245 0
      vertex -64.7815 -42.0791 5
      vertex -64.7815 -42.0791 0
    endloop
  endfacet
  facet normal -0.951064 -0.308995 0
    outer loop
      vertex -64.7815 -42.0791 5
      vertex -64.7276 -42.245 0
      vertex -64.7276 -42.245 5
    endloop
  endfacet
  facet normal 0 1 -0
    outer loop
      vertex 51.1718 49.9452 0
      vertex -51.1718 49.9452 5
      vertex 51.1718 49.9452 5
    endloop
  endfacet
  facet normal 0 1 0
    outer loop
      vertex -51.1718 49.9452 5
      vertex 51.1718 49.9452 0
      vertex -51.1718 49.9452 0
    endloop
  endfacet
  facet normal -1 0 0
    outer loop
      vertex -65 -40 0
      vertex -65 40 5
      vertex -65 40 0
    endloop
  endfacet
  facet normal -1 -0 0
    outer loop
      vertex -65 40 5
      vertex -65 -40 0
      vertex -65 -40 5
    endloop
  endfacet
  facet normal -0.951064 0.308995 0
    outer loop
      vertex -64.7815 42.0791 0
      vertex -64.7276 42.245 5
      vertex -64.7276 42.245 0
    endloop
  endfacet
  facet normal -0.951064 0.308995 0
    outer loop
      vertex -64.7276 42.245 5
      vertex -64.7815 42.0791 0
      vertex -64.7815 42.0791 5
    endloop
  endfacet
  facet normal 0.994523 -0.104518 0
    outer loop
      vertex 64.7815 -42.0791 5
      vertex 65 -40 0
      vertex 65 -40 5
    endloop
  endfacet
  facet normal 0.994523 -0.104518 0
    outer loop
      vertex 65 -40 0
      vertex 64.7815 -42.0791 5
      vertex 64.7815 -42.0791 0
    endloop
  endfacet
  facet normal 0.951064 -0.308995 0
    outer loop
      vertex 64.7276 -42.245 5
      vertex 64.7815 -42.0791 0
      vertex 64.7815 -42.0791 5
    endloop
  endfacet
  facet normal 0.951064 -0.308995 0
    outer loop
      vertex 64.7815 -42.0791 0
      vertex 64.7276 -42.245 5
      vertex 64.7276 -42.245 0
    endloop
  endfacet
  facet normal 0 -1 0
    outer loop
      vertex -51.1718 -49.9452 0
      vertex 51.1718 -49.9452 5
      vertex -51.1718 -49.9452 5
    endloop
  endfacet
  facet normal 0 -1 -0
    outer loop
      vertex 51.1718 -49.9452 5
      vertex -51.1718 -49.9452 0
      vertex 51.1718 -49.9452 0
    endloop
  endfacet
  facet normal -0.994523 0.104518 0
    outer loop
      vertex -65 40 0
      vertex -64.7815 42.0791 5
      vertex -64.7815 42.0791 0
    endloop
  endfacet
  facet normal -0.994523 0.104518 0
    outer loop
      vertex -64.7815 42.0791 5
      vertex -65 40 0
      vertex -65 40 5
    endloop
  endfacet
  facet normal 0.951064 0.308995 0
    outer loop
      vertex 64.7815 42.0791 5
      vertex 64.7276 42.245 0
      vertex 64.7276 42.245 5
    endloop
  endfacet
  facet normal 0.951064 0.308995 0
    outer loop
      vertex 64.7276 42.245 0
      vertex 64.7815 42.0791 5
      vertex 64.7815 42.0791 0
    endloop
  endfacet
  facet normal -0.994523 -0.104518 0
    outer loop
      vertex -64.7815 -42.0791 0
      vertex -65 -40 5
      vertex -65 -40 0
    endloop
  endfacet
  facet normal -0.994523 -0.104518 0
    outer loop
      vertex -65 -40 5
      vertex -64.7815 -42.0791 0
      vertex -64.7815 -42.0791 5
    endloop
  endfacet
  facet normal 0.994523 0.104518 0
    outer loop
      vertex 65 40 5
      vertex 64.7815 42.0791 0
      vertex 64.7815 42.0791 5
    endloop
  endfacet
  facet normal 0.994523 0.104518 0
    outer loop
      vertex 64.7815 42.0791 0
      vertex 65 40 5
      vertex 65 40 0
    endloop
  endfacet
  facet normal -1 0 0
    outer loop
      vertex -25 -40 0
      vertex -25 -35 5
      vertex -25 -35 0
    endloop
  endfacet
  facet normal -1 -0 0
    outer loop
      vertex -25 -35 5
      vertex -25 -40 0
      vertex -25 -40 5
    endloop
  endfacet
  facet normal 1 -0 0
    outer loop
      vertex -45 -40 5
      vertex -45 -5 0
      vertex -45 -5 5
    endloop
  endfacet
  facet normal 1 0 0
    outer loop
      vertex -45 -5 0
      vertex -45 -40 5
      vertex -45 -40 0
    endloop
  endfacet
  facet normal 0 1 -0
    outer loop
      vertex -32.1013 -40 0
      vertex -45 -40 5
      vertex -32.1013 -40 5
    endloop
  endfacet
  facet normal 0 1 0
    outer loop
      vertex -45 -40 5
      vertex -32.1013 -40 0
      vertex -45 -40 0
    endloop
  endfacet
  facet normal 0 1 -0
    outer loop
      vertex -25 -40 0
      vertex -27.8987 -40 5
      vertex -25 -40 5
    endloop
  endfacet
  facet normal 0 1 0
    outer loop
      vertex -27.8987 -40 5
      vertex -25 -40 0
      vertex -27.8987 -40 0
    endloop
  endfacet
  facet normal -1 0 0
    outer loop
      vertex -25 28 0
      vertex -25 40 5
      vertex -25 40 0
    endloop
  endfacet
  facet normal -1 -0 0
    outer loop
      vertex -25 40 5
      vertex -25 28 0
      vertex -25 28 5
    endloop
  endfacet
  facet normal 1 -0 0
    outer loop
      vertex -45 28 5
      vertex -45 40 0
      vertex -45 40 5
    endloop
  endfacet
  facet normal 1 0 0
    outer loop
      vertex -45 40 0
      vertex -45 28 5
      vertex -45 28 0
    endloop
  endfacet
  facet normal 0 -1 0
    outer loop
      vertex -45 40 0
      vertex -32.1013 40 5
      vertex -45 40 5
    endloop
  endfacet
  facet normal 0 -1 -0
    outer loop
      vertex -32.1013 40 5
      vertex -45 40 0
      vertex -32.1013 40 0
    endloop
  endfacet
  facet normal 0 -1 0
    outer loop
      vertex -27.8987 40 0
      vertex -25 40 5
      vertex -27.8987 40 5
    endloop
  endfacet
  facet normal 0 -1 -0
    outer loop
      vertex -25 40 5
      vertex -27.8987 40 0
      vertex -25 40 0
    endloop
  endfacet
  facet normal 0 1 -0
    outer loop
      vertex -25 28 0
      vertex -45 28 5
      vertex -25 28 5
    endloop
  endfacet
  facet normal 0 1 0
    outer loop
      vertex -45 28 5
      vertex -25 28 0
      vertex -45 28 0
    endloop
  endfacet
  facet normal -1 0 0
    outer loop
      vertex 45 -28 0
      vertex 45 -5 5
      vertex 45 -5 0
    endloop
  endfacet
  facet normal -1 -0 0
    outer loop
      vertex 45 -5 5
      vertex 45 -28 0
      vertex 45 -28 5
    endloop
  endfacet
  facet normal 1 -0 0
    outer loop
      vertex 45 -40 5
      vertex 45 -35 0
      vertex 45 -35 5
    endloop
  endfacet
  facet normal 1 0 0
    outer loop
      vertex 45 -35 0
      vertex 45 -40 5
      vertex 45 -40 0
    endloop
  endfacet
  facet normal 0 -1 0
    outer loop
      vertex 45 -28 0
      vertex 65 -28 5
      vertex 45 -28 5
    endloop
  endfacet
  facet normal 0 -1 -0
    outer loop
      vertex 65 -28 5
      vertex 45 -28 0
      vertex 65 -28 0
    endloop
  endfacet
  facet normal 0 1 -0
    outer loop
      vertex 65 -40 0
      vertex 45 -40 5
      vertex 65 -40 5
    endloop
  endfacet
  facet normal 0 1 0
    outer loop
      vertex 45 -40 5
      vertex 65 -40 0
      vertex 45 -40 0
    endloop
  endfacet
  facet normal 1 -0 0
    outer loop
      vertex 45 28 5
      vertex 45 40 0
      vertex 45 40 5
    endloop
  endfacet
  facet normal 1 0 0
    outer loop
      vertex 45 40 0
      vertex 45 28 5
      vertex 45 28 0
    endloop
  endfacet
  facet normal 0 -1 0
    outer loop
      vertex 45 40 0
      vertex 65 40 5
      vertex 45 40 5
    endloop
  endfacet
  facet normal 0 -1 -0
    outer loop
      vertex 65 40 5
      vertex 45 40 0
      vertex 65 40 0
    endloop
  endfacet
  facet normal 0 1 -0
    outer loop
      vertex 65 28 0
      vertex 45 28 5
      vertex 65 28 5
    endloop
  endfacet
  facet normal 0 1 0
    outer loop
      vertex 45 28 5
      vertex 65 28 0
      vertex 45 28 0
    endloop
  endfacet
  facet normal -0.866015 0.500019 0
    outer loop
      vertex -75.6492 -77.6914 0
      vertex -75.25 -77 5
      vertex -75.25 -77 0
    endloop
  endfacet
  facet normal -0.866015 0.500019 0
    outer loop
      vertex -75.25 -77 5
      vertex -75.6492 -77.6914 0
      vertex -75.6492 -77.6914 5
    endloop
  endfacet
  facet normal 0 -1 0
    outer loop
      vertex -77.875 -75.4845 0
      vertex -76.125 -75.4845 5
      vertex -77.875 -75.4845 5
    endloop
  endfacet
  facet normal 0 -1 -0
    outer loop
      vertex -76.125 -75.4845 5
      vertex -77.875 -75.4845 0
      vertex -76.125 -75.4845 0
    endloop
  endfacet
  facet normal -0.866019 -0.500011 0
    outer loop
      vertex -75.25 -77 0
      vertex -76.125 -75.4845 5
      vertex -76.125 -75.4845 0
    endloop
  endfacet
  facet normal -0.866019 -0.500011 0
    outer loop
      vertex -76.125 -75.4845 5
      vertex -75.25 -77 0
      vertex -75.25 -77 5
    endloop
  endfacet
  facet normal 0.868243 -0.496139 0
    outer loop
      vertex -77.8778 -75.4894 5
      vertex -77.875 -75.4845 0
      vertex -77.875 -75.4845 5
    endloop
  endfacet
  facet normal 0.868243 -0.496139 0
    outer loop
      vertex -77.875 -75.4845 0
      vertex -77.8778 -75.4894 5
      vertex -77.8778 -75.4894 0
    endloop
  endfacet
  facet normal 0 1 -0
    outer loop
      vertex -76.125 -62.5155 0
      vertex -77.875 -62.5155 5
      vertex -76.125 -62.5155 5
    endloop
  endfacet
  facet normal 0 1 0
    outer loop
      vertex -77.875 -62.5155 5
      vertex -76.125 -62.5155 0
      vertex -77.875 -62.5155 0
    endloop
  endfacet
  facet normal -0.866019 0.500011 0
    outer loop
      vertex -76.125 -62.5155 0
      vertex -75.25 -61 5
      vertex -75.25 -61 0
    endloop
  endfacet
  facet normal -0.866019 0.500011 0
    outer loop
      vertex -75.25 -61 5
      vertex -76.125 -62.5155 0
      vertex -76.125 -62.5155 5
    endloop
  endfacet
  facet normal -0.866015 -0.500019 0
    outer loop
      vertex -75.25 -61 0
      vertex -75.6492 -60.3086 5
      vertex -75.6492 -60.3086 0
    endloop
  endfacet
  facet normal -0.866015 -0.500019 0
    outer loop
      vertex -75.6492 -60.3086 5
      vertex -75.25 -61 0
      vertex -75.25 -61 5
    endloop
  endfacet
  facet normal 0.868243 0.496139 0
    outer loop
      vertex -77.875 -62.5155 5
      vertex -77.8778 -62.5106 0
      vertex -77.8778 -62.5106 5
    endloop
  endfacet
  facet normal 0.868243 0.496139 0
    outer loop
      vertex -77.8778 -62.5106 0
      vertex -77.875 -62.5155 5
      vertex -77.875 -62.5155 0
    endloop
  endfacet
  facet normal 0 -1 0
    outer loop
      vertex -61.875 -75.4845 0
      vertex -60.125 -75.4845 5
      vertex -61.875 -75.4845 5
    endloop
  endfacet
  facet normal 0 -1 -0
    outer loop
      vertex -60.125 -75.4845 5
      vertex -61.875 -75.4845 0
      vertex -60.125 -75.4845 0
    endloop
  endfacet
  facet normal -0.868243 -0.496139 0
    outer loop
      vertex -60.1222 -75.4894 0
      vertex -60.125 -75.4845 5
      vertex -60.125 -75.4845 0
    endloop
  endfacet
  facet normal -0.868243 -0.496139 0
    outer loop
      vertex -60.125 -75.4845 5
      vertex -60.1222 -75.4894 0
      vertex -60.1222 -75.4894 5
    endloop
  endfacet
  facet normal 0.866019 -0.500011 0
    outer loop
      vertex -62.75 -77 5
      vertex -61.875 -75.4845 0
      vertex -61.875 -75.4845 5
    endloop
  endfacet
  facet normal 0.866019 -0.500011 0
    outer loop
      vertex -61.875 -75.4845 0
      vertex -62.75 -77 5
      vertex -62.75 -77 0
    endloop
  endfacet
  facet normal 0.866015 0.500019 0
    outer loop
      vertex -62.3508 -77.6914 5
      vertex -62.75 -77 0
      vertex -62.75 -77 5
    endloop
  endfacet
  facet normal 0.866015 0.500019 0
    outer loop
      vertex -62.75 -77 0
      vertex -62.3508 -77.6914 5
      vertex -62.3508 -77.6914 0
    endloop
  endfacet
  facet normal 0 1 -0
    outer loop
      vertex -60.125 -62.5155 0
      vertex -61.875 -62.5155 5
      vertex -60.125 -62.5155 5
    endloop
  endfacet
  facet normal 0 1 0
    outer loop
      vertex -61.875 -62.5155 5
      vertex -60.125 -62.5155 0
      vertex -61.875 -62.5155 0
    endloop
  endfacet
  facet normal -0.866019 0.500011 0
    outer loop
      vertex -60.125 -62.5155 0
      vertex -59.25 -61 5
      vertex -59.25 -61 0
    endloop
  endfacet
  facet normal -0.866019 0.500011 0
    outer loop
      vertex -59.25 -61 5
      vertex -60.125 -62.5155 0
      vertex -60.125 -62.5155 5
    endloop
  endfacet
  facet normal 0 -1 0
    outer loop
      vertex -61.875 -59.4845 0
      vertex -60.125 -59.4845 5
      vertex -61.875 -59.4845 5
    endloop
  endfacet
  facet normal 0 -1 -0
    outer loop
      vertex -60.125 -59.4845 5
      vertex -61.875 -59.4845 0
      vertex -60.125 -59.4845 0
    endloop
  endfacet
  facet normal -0.866019 -0.500011 0
    outer loop
      vertex -59.25 -61 0
      vertex -60.125 -59.4845 5
      vertex -60.125 -59.4845 0
    endloop
  endfacet
  facet normal -0.866019 -0.500011 0
    outer loop
      vertex -60.125 -59.4845 5
      vertex -59.25 -61 0
      vertex -59.25 -61 5
    endloop
  endfacet
  facet normal 0.866019 -0.500011 0
    outer loop
      vertex -62.75 -61 5
      vertex -61.875 -59.4845 0
      vertex -61.875 -59.4845 5
    endloop
  endfacet
  facet normal 0.866019 -0.500011 0
    outer loop
      vertex -61.875 -59.4845 0
      vertex -62.75 -61 5
      vertex -62.75 -61 0
    endloop
  endfacet
  facet normal 0.866019 0.500011 0
    outer loop
      vertex -61.875 -62.5155 5
      vertex -62.75 -61 0
      vertex -62.75 -61 5
    endloop
  endfacet
  facet normal 0.866019 0.500011 0
    outer loop
      vertex -62.75 -61 0
      vertex -61.875 -62.5155 5
      vertex -61.875 -62.5155 0
    endloop
  endfacet
  facet normal -0.866015 0.500019 0
    outer loop
      vertex 62.3508 -77.6914 0
      vertex 62.75 -77 5
      vertex 62.75 -77 0
    endloop
  endfacet
  facet normal -0.866015 0.500019 0
    outer loop
      vertex 62.75 -77 5
      vertex 62.3508 -77.6914 0
      vertex 62.3508 -77.6914 5
    endloop
  endfacet
  facet normal 0 -1 0
    outer loop
      vertex 60.125 -75.4845 0
      vertex 61.875 -75.4845 5
      vertex 60.125 -75.4845 5
    endloop
  endfacet
  facet normal 0 -1 -0
    outer loop
      vertex 61.875 -75.4845 5
      vertex 60.125 -75.4845 0
      vertex 61.875 -75.4845 0
    endloop
  endfacet
  facet normal -0.866019 -0.500011 0
    outer loop
      vertex 62.75 -77 0
      vertex 61.875 -75.4845 5
      vertex 61.875 -75.4845 0
    endloop
  endfacet
  facet normal -0.866019 -0.500011 0
    outer loop
      vertex 61.875 -75.4845 5
      vertex 62.75 -77 0
      vertex 62.75 -77 5
    endloop
  endfacet
  facet normal 0.868243 -0.496139 0
    outer loop
      vertex 60.1222 -75.4894 5
      vertex 60.125 -75.4845 0
      vertex 60.125 -75.4845 5
    endloop
  endfacet
  facet normal 0.868243 -0.496139 0
    outer loop
      vertex 60.125 -75.4845 0
      vertex 60.1222 -75.4894 5
      vertex 60.1222 -75.4894 0
    endloop
  endfacet
  facet normal 0 1 -0
    outer loop
      vertex 61.875 -62.5155 0
      vertex 60.125 -62.5155 5
      vertex 61.875 -62.5155 5
    endloop
  endfacet
  facet normal 0 1 0
    outer loop
      vertex 60.125 -62.5155 5
      vertex 61.875 -62.5155 0
      vertex 60.125 -62.5155 0
    endloop
  endfacet
  facet normal -0.866019 0.500011 0
    outer loop
      vertex 61.875 -62.5155 0
      vertex 62.75 -61 5
      vertex 62.75 -61 0
    endloop
  endfacet
  facet normal -0.866019 0.500011 0
    outer loop
      vertex 62.75 -61 5
      vertex 61.875 -62.5155 0
      vertex 61.875 -62.5155 5
    endloop
  endfacet
  facet normal 0 -1 0
    outer loop
      vertex 60.125 -59.4845 0
      vertex 61.875 -59.4845 5
      vertex 60.125 -59.4845 5
    endloop
  endfacet
  facet normal 0 -1 -0
    outer loop
      vertex 61.875 -59.4845 5
      vertex 60.125 -59.4845 0
      vertex 61.875 -59.4845 0
    endloop
  endfacet
  facet normal -0.866019 -0.500011 0
    outer loop
      vertex 62.75 -61 0
      vertex 61.875 -59.4845 5
      vertex 61.875 -59.4845 0
    endloop
  endfacet
  facet normal -0.866019 -0.500011 0
    outer loop
      vertex 61.875 -59.4845 5
      vertex 62.75 -61 0
      vertex 62.75 -61 5
    endloop
  endfacet
  facet normal 0.866019 -0.500011 0
    outer loop
      vertex 59.25 -61 5
      vertex 60.125 -59.4845 0
      vertex 60.125 -59.4845 5
    endloop
  endfacet
  facet normal 0.866019 -0.500011 0
    outer loop
      vertex 60.125 -59.4845 0
      vertex 59.25 -61 5
      vertex 59.25 -61 0
    endloop
  endfacet
  facet normal 0.866019 0.500011 0
    outer loop
      vertex 60.125 -62.5155 5
      vertex 59.25 -61 0
      vertex 59.25 -61 5
    endloop
  endfacet
  facet normal 0.866019 0.500011 0
    outer loop
      vertex 59.25 -61 0
      vertex 60.125 -62.5155 5
      vertex 60.125 -62.5155 0
    endloop
  endfacet
  facet normal 0 -1 0
    outer loop
      vertex 76.125 -75.4845 0
      vertex 77.875 -75.4845 5
      vertex 76.125 -75.4845 5
    endloop
  endfacet
  facet normal 0 -1 -0
    outer loop
      vertex 77.875 -75.4845 5
      vertex 76.125 -75.4845 0
      vertex 77.875 -75.4845 0
    endloop
  endfacet
  facet normal -0.868243 -0.496139 0
    outer loop
      vertex 77.8778 -75.4894 0
      vertex 77.875 -75.4845 5
      vertex 77.875 -75.4845 0
    endloop
  endfacet
  facet normal -0.868243 -0.496139 0
    outer loop
      vertex 77.875 -75.4845 5
      vertex 77.8778 -75.4894 0
      vertex 77.8778 -75.4894 5
    endloop
  endfacet
  facet normal 0.866019 -0.500011 0
    outer loop
      vertex 75.25 -77 5
      vertex 76.125 -75.4845 0
      vertex 76.125 -75.4845 5
    endloop
  endfacet
  facet normal 0.866019 -0.500011 0
    outer loop
      vertex 76.125 -75.4845 0
      vertex 75.25 -77 5
      vertex 75.25 -77 0
    endloop
  endfacet
  facet normal 0.866015 0.500019 0
    outer loop
      vertex 75.6492 -77.6914 5
      vertex 75.25 -77 0
      vertex 75.25 -77 5
    endloop
  endfacet
  facet normal 0.866015 0.500019 0
    outer loop
      vertex 75.25 -77 0
      vertex 75.6492 -77.6914 5
      vertex 75.6492 -77.6914 0
    endloop
  endfacet
  facet normal 0 1 -0
    outer loop
      vertex 77.875 -62.5155 0
      vertex 76.125 -62.5155 5
      vertex 77.875 -62.5155 5
    endloop
  endfacet
  facet normal 0 1 0
    outer loop
      vertex 76.125 -62.5155 5
      vertex 77.875 -62.5155 0
      vertex 76.125 -62.5155 0
    endloop
  endfacet
  facet normal -0.868243 0.496139 0
    outer loop
      vertex 77.875 -62.5155 0
      vertex 77.8778 -62.5106 5
      vertex 77.8778 -62.5106 0
    endloop
  endfacet
  facet normal -0.868243 0.496139 0
    outer loop
      vertex 77.8778 -62.5106 5
      vertex 77.875 -62.5155 0
      vertex 77.875 -62.5155 5
    endloop
  endfacet
  facet normal 0.866015 -0.500019 0
    outer loop
      vertex 75.25 -61 5
      vertex 75.6492 -60.3086 0
      vertex 75.6492 -60.3086 5
    endloop
  endfacet
  facet normal 0.866015 -0.500019 0
    outer loop
      vertex 75.6492 -60.3086 0
      vertex 75.25 -61 5
      vertex 75.25 -61 0
    endloop
  endfacet
  facet normal 0.866019 0.500011 0
    outer loop
      vertex 76.125 -62.5155 5
      vertex 75.25 -61 0
      vertex 75.25 -61 5
    endloop
  endfacet
  facet normal 0.866019 0.500011 0
    outer loop
      vertex 75.25 -61 0
      vertex 76.125 -62.5155 5
      vertex 76.125 -62.5155 0
    endloop
  endfacet
  facet normal 0 -1 0
    outer loop
      vertex 60.125 62.5155 0
      vertex 61.875 62.5155 5
      vertex 60.125 62.5155 5
    endloop
  endfacet
  facet normal 0 -1 -0
    outer loop
      vertex 61.875 62.5155 5
      vertex 60.125 62.5155 0
      vertex 61.875 62.5155 0
    endloop
  endfacet
  facet normal -0.866019 -0.500011 0
    outer loop
      vertex 62.75 61 0
      vertex 61.875 62.5155 5
      vertex 61.875 62.5155 0
    endloop
  endfacet
  facet normal -0.866019 -0.500011 0
    outer loop
      vertex 61.875 62.5155 5
      vertex 62.75 61 0
      vertex 62.75 61 5
    endloop
  endfacet
  facet normal 0.866019 -0.500011 0
    outer loop
      vertex 59.25 61 5
      vertex 60.125 62.5155 0
      vertex 60.125 62.5155 5
    endloop
  endfacet
  facet normal 0.866019 -0.500011 0
    outer loop
      vertex 60.125 62.5155 0
      vertex 59.25 61 5
      vertex 59.25 61 0
    endloop
  endfacet
  facet normal 0.866019 0.500011 0
    outer loop
      vertex 60.125 59.4845 5
      vertex 59.25 61 0
      vertex 59.25 61 5
    endloop
  endfacet
  facet normal 0.866019 0.500011 0
    outer loop
      vertex 59.25 61 0
      vertex 60.125 59.4845 5
      vertex 60.125 59.4845 0
    endloop
  endfacet
  facet normal 0 1 -0
    outer loop
      vertex 61.875 59.4845 0
      vertex 60.125 59.4845 5
      vertex 61.875 59.4845 5
    endloop
  endfacet
  facet normal 0 1 0
    outer loop
      vertex 60.125 59.4845 5
      vertex 61.875 59.4845 0
      vertex 60.125 59.4845 0
    endloop
  endfacet
  facet normal -0.866019 0.500011 0
    outer loop
      vertex 61.875 59.4845 0
      vertex 62.75 61 5
      vertex 62.75 61 0
    endloop
  endfacet
  facet normal -0.866019 0.500011 0
    outer loop
      vertex 62.75 61 5
      vertex 61.875 59.4845 0
      vertex 61.875 59.4845 5
    endloop
  endfacet
  facet normal -0.866015 -0.500019 0
    outer loop
      vertex 62.75 77 0
      vertex 62.3508 77.6914 5
      vertex 62.3508 77.6914 0
    endloop
  endfacet
  facet normal -0.866015 -0.500019 0
    outer loop
      vertex 62.3508 77.6914 5
      vertex 62.75 77 0
      vertex 62.75 77 5
    endloop
  endfacet
  facet normal 0.868243 0.496139 0
    outer loop
      vertex 60.125 75.4845 5
      vertex 60.1222 75.4894 0
      vertex 60.1222 75.4894 5
    endloop
  endfacet
  facet normal 0.868243 0.496139 0
    outer loop
      vertex 60.1222 75.4894 0
      vertex 60.125 75.4845 5
      vertex 60.125 75.4845 0
    endloop
  endfacet
  facet normal 0 1 -0
    outer loop
      vertex 61.875 75.4845 0
      vertex 60.125 75.4845 5
      vertex 61.875 75.4845 5
    endloop
  endfacet
  facet normal 0 1 0
    outer loop
      vertex 60.125 75.4845 5
      vertex 61.875 75.4845 0
      vertex 60.125 75.4845 0
    endloop
  endfacet
  facet normal -0.866019 0.500011 0
    outer loop
      vertex 61.875 75.4845 0
      vertex 62.75 77 5
      vertex 62.75 77 0
    endloop
  endfacet
  facet normal -0.866019 0.500011 0
    outer loop
      vertex 62.75 77 5
      vertex 61.875 75.4845 0
      vertex 61.875 75.4845 5
    endloop
  endfacet
  facet normal 0 -1 0
    outer loop
      vertex 76.125 62.5155 0
      vertex 77.875 62.5155 5
      vertex 76.125 62.5155 5
    endloop
  endfacet
  facet normal 0 -1 -0
    outer loop
      vertex 77.875 62.5155 5
      vertex 76.125 62.5155 0
      vertex 77.875 62.5155 0
    endloop
  endfacet
  facet normal -0.868243 -0.496139 0
    outer loop
      vertex 77.8778 62.5106 0
      vertex 77.875 62.5155 5
      vertex 77.875 62.5155 0
    endloop
  endfacet
  facet normal -0.868243 -0.496139 0
    outer loop
      vertex 77.875 62.5155 5
      vertex 77.8778 62.5106 0
      vertex 77.8778 62.5106 5
    endloop
  endfacet
  facet normal 0.866019 -0.500011 0
    outer loop
      vertex 75.25 61 5
      vertex 76.125 62.5155 0
      vertex 76.125 62.5155 5
    endloop
  endfacet
  facet normal 0.866019 -0.500011 0
    outer loop
      vertex 76.125 62.5155 0
      vertex 75.25 61 5
      vertex 75.25 61 0
    endloop
  endfacet
  facet normal 0.866015 0.500019 0
    outer loop
      vertex 75.6492 60.3086 5
      vertex 75.25 61 0
      vertex 75.25 61 5
    endloop
  endfacet
  facet normal 0.866015 0.500019 0
    outer loop
      vertex 75.25 61 0
      vertex 75.6492 60.3086 5
      vertex 75.6492 60.3086 0
    endloop
  endfacet
  facet normal 0 1 -0
    outer loop
      vertex 77.875 75.4845 0
      vertex 76.125 75.4845 5
      vertex 77.875 75.4845 5
    endloop
  endfacet
  facet normal 0 1 0
    outer loop
      vertex 76.125 75.4845 5
      vertex 77.875 75.4845 0
      vertex 76.125 75.4845 0
    endloop
  endfacet
  facet normal 0.866015 -0.500019 0
    outer loop
      vertex 75.25 77 5
      vertex 75.6492 77.6914 0
      vertex 75.6492 77.6914 5
    endloop
  endfacet
  facet normal 0.866015 -0.500019 0
    outer loop
      vertex 75.6492 77.6914 0
      vertex 75.25 77 5
      vertex 75.25 77 0
    endloop
  endfacet
  facet normal 0.866019 0.500011 0
    outer loop
      vertex 76.125 75.4845 5
      vertex 75.25 77 0
      vertex 75.25 77 5
    endloop
  endfacet
  facet normal 0.866019 0.500011 0
    outer loop
      vertex 75.25 77 0
      vertex 76.125 75.4845 5
      vertex 76.125 75.4845 0
    endloop
  endfacet
  facet normal -0.868243 0.496139 0
    outer loop
      vertex 77.875 75.4845 0
      vertex 77.8778 75.4894 5
      vertex 77.8778 75.4894 0
    endloop
  endfacet
  facet normal -0.868243 0.496139 0
    outer loop
      vertex 77.8778 75.4894 5
      vertex 77.875 75.4845 0
      vertex 77.875 75.4845 5
    endloop
  endfacet
  facet normal 0 -1 0
    outer loop
      vertex -77.875 62.5155 0
      vertex -76.125 62.5155 5
      vertex -77.875 62.5155 5
    endloop
  endfacet
  facet normal 0 -1 -0
    outer loop
      vertex -76.125 62.5155 5
      vertex -77.875 62.5155 0
      vertex -76.125 62.5155 0
    endloop
  endfacet
  facet normal -0.866019 -0.500011 0
    outer loop
      vertex -75.25 61 0
      vertex -76.125 62.5155 5
      vertex -76.125 62.5155 0
    endloop
  endfacet
  facet normal -0.866019 -0.500011 0
    outer loop
      vertex -76.125 62.5155 5
      vertex -75.25 61 0
      vertex -75.25 61 5
    endloop
  endfacet
  facet normal 0.868243 -0.496139 0
    outer loop
      vertex -77.8778 62.5106 5
      vertex -77.875 62.5155 0
      vertex -77.875 62.5155 5
    endloop
  endfacet
  facet normal 0.868243 -0.496139 0
    outer loop
      vertex -77.875 62.5155 0
      vertex -77.8778 62.5106 5
      vertex -77.8778 62.5106 0
    endloop
  endfacet
  facet normal -0.866015 0.500019 0
    outer loop
      vertex -75.6492 60.3086 0
      vertex -75.25 61 5
      vertex -75.25 61 0
    endloop
  endfacet
  facet normal -0.866015 0.500019 0
    outer loop
      vertex -75.25 61 5
      vertex -75.6492 60.3086 0
      vertex -75.6492 60.3086 5
    endloop
  endfacet
  facet normal -0.866015 -0.500019 0
    outer loop
      vertex -75.25 77 0
      vertex -75.6492 77.6914 5
      vertex -75.6492 77.6914 0
    endloop
  endfacet
  facet normal -0.866015 -0.500019 0
    outer loop
      vertex -75.6492 77.6914 5
      vertex -75.25 77 0
      vertex -75.25 77 5
    endloop
  endfacet
  facet normal 0.868243 0.496139 0
    outer loop
      vertex -77.875 75.4845 5
      vertex -77.8778 75.4894 0
      vertex -77.8778 75.4894 5
    endloop
  endfacet
  facet normal 0.868243 0.496139 0
    outer loop
      vertex -77.8778 75.4894 0
      vertex -77.875 75.4845 5
      vertex -77.875 75.4845 0
    endloop
  endfacet
  facet normal 0 1 -0
    outer loop
      vertex -76.125 75.4845 0
      vertex -77.875 75.4845 5
      vertex -76.125 75.4845 5
    endloop
  endfacet
  facet normal 0 1 0
    outer loop
      vertex -77.875 75.4845 5
      vertex -76.125 75.4845 0
      vertex -77.875 75.4845 0
    endloop
  endfacet
  facet normal -0.866019 0.500011 0
    outer loop
      vertex -76.125 75.4845 0
      vertex -75.25 77 5
      vertex -75.25 77 0
    endloop
  endfacet
  facet normal -0.866019 0.500011 0
    outer loop
      vertex -75.25 77 5
      vertex -76.125 75.4845 0
      vertex -76.125 75.4845 5
    endloop
  endfacet
  facet normal 0 1 -0
    outer loop
      vertex -60.125 59.4845 0
      vertex -61.875 59.4845 5
      vertex -60.125 59.4845 5
    endloop
  endfacet
  facet normal 0 1 0
    outer loop
      vertex -61.875 59.4845 5
      vertex -60.125 59.4845 0
      vertex -61.875 59.4845 0
    endloop
  endfacet
  facet normal 0 -1 0
    outer loop
      vertex -61.875 62.5155 0
      vertex -60.125 62.5155 5
      vertex -61.875 62.5155 5
    endloop
  endfacet
  facet normal 0 -1 -0
    outer loop
      vertex -60.125 62.5155 5
      vertex -61.875 62.5155 0
      vertex -60.125 62.5155 0
    endloop
  endfacet
  facet normal -0.866019 -0.500011 0
    outer loop
      vertex -59.25 61 0
      vertex -60.125 62.5155 5
      vertex -60.125 62.5155 0
    endloop
  endfacet
  facet normal -0.866019 -0.500011 0
    outer loop
      vertex -60.125 62.5155 5
      vertex -59.25 61 0
      vertex -59.25 61 5
    endloop
  endfacet
  facet normal 0.866019 -0.500011 0
    outer loop
      vertex -62.75 61 5
      vertex -61.875 62.5155 0
      vertex -61.875 62.5155 5
    endloop
  endfacet
  facet normal 0.866019 -0.500011 0
    outer loop
      vertex -61.875 62.5155 0
      vertex -62.75 61 5
      vertex -62.75 61 0
    endloop
  endfacet
  facet normal 0.866019 0.500011 0
    outer loop
      vertex -61.875 59.4845 5
      vertex -62.75 61 0
      vertex -62.75 61 5
    endloop
  endfacet
  facet normal 0.866019 0.500011 0
    outer loop
      vertex -62.75 61 0
      vertex -61.875 59.4845 5
      vertex -61.875 59.4845 0
    endloop
  endfacet
  facet normal -0.866019 0.500011 0
    outer loop
      vertex -60.125 59.4845 0
      vertex -59.25 61 5
      vertex -59.25 61 0
    endloop
  endfacet
  facet normal -0.866019 0.500011 0
    outer loop
      vertex -59.25 61 5
      vertex -60.125 59.4845 0
      vertex -60.125 59.4845 5
    endloop
  endfacet
  facet normal 0.866015 -0.500019 0
    outer loop
      vertex -62.75 77 5
      vertex -62.3508 77.6914 0
      vertex -62.3508 77.6914 5
    endloop
  endfacet
  facet normal 0.866015 -0.500019 0
    outer loop
      vertex -62.3508 77.6914 0
      vertex -62.75 77 5
      vertex -62.75 77 0
    endloop
  endfacet
  facet normal 0.866019 0.500011 0
    outer loop
      vertex -61.875 75.4845 5
      vertex -62.75 77 0
      vertex -62.75 77 5
    endloop
  endfacet
  facet normal 0.866019 0.500011 0
    outer loop
      vertex -62.75 77 0
      vertex -61.875 75.4845 5
      vertex -61.875 75.4845 0
    endloop
  endfacet
  facet normal 0 1 -0
    outer loop
      vertex -60.125 75.4845 0
      vertex -61.875 75.4845 5
      vertex -60.125 75.4845 5
    endloop
  endfacet
  facet normal 0 1 0
    outer loop
      vertex -61.875 75.4845 5
      vertex -60.125 75.4845 0
      vertex -61.875 75.4845 0
    endloop
  endfacet
  facet normal -0.868243 0.496139 0
    outer loop
      vertex -60.125 75.4845 0
      vertex -60.1222 75.4894 5
      vertex -60.1222 75.4894 0
    endloop
  endfacet
  facet normal -0.868243 0.496139 0
    outer loop
      vertex -60.1222 75.4894 5
      vertex -60.125 75.4845 0
      vertex -60.125 75.4845 5
    endloop
  endfacet
  facet normal 0 1 -0
    outer loop
      vertex 23.875 8.48446 0
      vertex 22.125 8.48446 5
      vertex 23.875 8.48446 5
    endloop
  endfacet
  facet normal 0 1 0
    outer loop
      vertex 22.125 8.48446 5
      vertex 23.875 8.48446 0
      vertex 22.125 8.48446 0
    endloop
  endfacet
  facet normal 0 -1 0
    outer loop
      vertex 22.125 11.5155 0
      vertex 23.875 11.5155 5
      vertex 22.125 11.5155 5
    endloop
  endfacet
  facet normal 0 -1 -0
    outer loop
      vertex 23.875 11.5155 5
      vertex 22.125 11.5155 0
      vertex 23.875 11.5155 0
    endloop
  endfacet
  facet normal -0.866019 -0.500011 0
    outer loop
      vertex 24.75 10 0
      vertex 23.875 11.5155 5
      vertex 23.875 11.5155 0
    endloop
  endfacet
  facet normal -0.866019 -0.500011 0
    outer loop
      vertex 23.875 11.5155 5
      vertex 24.75 10 0
      vertex 24.75 10 5
    endloop
  endfacet
  facet normal 0.866019 -0.500011 0
    outer loop
      vertex 21.25 10 5
      vertex 22.125 11.5155 0
      vertex 22.125 11.5155 5
    endloop
  endfacet
  facet normal 0.866019 -0.500011 0
    outer loop
      vertex 22.125 11.5155 0
      vertex 21.25 10 5
      vertex 21.25 10 0
    endloop
  endfacet
  facet normal 0.866025 0.500001 0
    outer loop
      vertex 22.125 8.48446 5
      vertex 21.25 10 0
      vertex 21.25 10 5
    endloop
  endfacet
  facet normal 0.866025 0.500001 0
    outer loop
      vertex 21.25 10 0
      vertex 22.125 8.48446 5
      vertex 22.125 8.48446 0
    endloop
  endfacet
  facet normal -0.866025 0.500001 0
    outer loop
      vertex 23.875 8.48446 0
      vertex 24.75 10 5
      vertex 24.75 10 0
    endloop
  endfacet
  facet normal -0.866025 0.500001 0
    outer loop
      vertex 24.75 10 5
      vertex 23.875 8.48446 0
      vertex 23.875 8.48446 5
    endloop
  endfacet
  facet normal 0 1 -0
    outer loop
      vertex 43.875 8.48446 0
      vertex 42.125 8.48446 5
      vertex 43.875 8.48446 5
    endloop
  endfacet
  facet normal 0 1 0
    outer loop
      vertex 42.125 8.48446 5
      vertex 43.875 8.48446 0
      vertex 42.125 8.48446 0
    endloop
  endfacet
  facet normal 0 -1 0
    outer loop
      vertex 42.125 11.5155 0
      vertex 43.875 11.5155 5
      vertex 42.125 11.5155 5
    endloop
  endfacet
  facet normal 0 -1 -0
    outer loop
      vertex 43.875 11.5155 5
      vertex 42.125 11.5155 0
      vertex 43.875 11.5155 0
    endloop
  endfacet
  facet normal -0.866019 -0.500011 0
    outer loop
      vertex 44.75 10 0
      vertex 43.875 11.5155 5
      vertex 43.875 11.5155 0
    endloop
  endfacet
  facet normal -0.866019 -0.500011 0
    outer loop
      vertex 43.875 11.5155 5
      vertex 44.75 10 0
      vertex 44.75 10 5
    endloop
  endfacet
  facet normal 0.866019 -0.500011 0
    outer loop
      vertex 41.25 10 5
      vertex 42.125 11.5155 0
      vertex 42.125 11.5155 5
    endloop
  endfacet
  facet normal 0.866019 -0.500011 0
    outer loop
      vertex 42.125 11.5155 0
      vertex 41.25 10 5
      vertex 41.25 10 0
    endloop
  endfacet
  facet normal 0.866025 0.500001 0
    outer loop
      vertex 42.125 8.48446 5
      vertex 41.25 10 0
      vertex 41.25 10 5
    endloop
  endfacet
  facet normal 0.866025 0.500001 0
    outer loop
      vertex 41.25 10 0
      vertex 42.125 8.48446 5
      vertex 42.125 8.48446 0
    endloop
  endfacet
  facet normal -0.866025 0.500001 0
    outer loop
      vertex 43.875 8.48446 0
      vertex 44.75 10 5
      vertex 44.75 10 0
    endloop
  endfacet
  facet normal -0.866025 0.500001 0
    outer loop
      vertex 44.75 10 5
      vertex 43.875 8.48446 0
      vertex 43.875 8.48446 5
    endloop
  endfacet
  facet normal 0.309022 0.951055 -0
    outer loop
      vertex -61.5365 -25.9266 0
      vertex -63.2135 -25.3817 5
      vertex -61.5365 -25.9266 5
    endloop
  endfacet
  facet normal 0.309022 0.951055 0
    outer loop
      vertex -63.2135 -25.3817 5
      vertex -61.5365 -25.9266 0
      vertex -63.2135 -25.3817 0
    endloop
  endfacet
  facet normal 0.309022 -0.951055 0
    outer loop
      vertex -63.2135 -23.6183 0
      vertex -61.5365 -23.0734 5
      vertex -63.2135 -23.6183 5
    endloop
  endfacet
  facet normal 0.309022 -0.951055 0
    outer loop
      vertex -61.5365 -23.0734 5
      vertex -63.2135 -23.6183 0
      vertex -61.5365 -23.0734 0
    endloop
  endfacet
  facet normal -0.809013 -0.587791 0
    outer loop
      vertex -60.5 -24.5 0
      vertex -61.5365 -23.0734 5
      vertex -61.5365 -23.0734 0
    endloop
  endfacet
  facet normal -0.809013 -0.587791 0
    outer loop
      vertex -61.5365 -23.0734 5
      vertex -60.5 -24.5 0
      vertex -60.5 -24.5 5
    endloop
  endfacet
  facet normal 1 -0 0
    outer loop
      vertex -63.2135 -25.3817 5
      vertex -63.2135 -23.6183 0
      vertex -63.2135 -23.6183 5
    endloop
  endfacet
  facet normal 1 0 0
    outer loop
      vertex -63.2135 -23.6183 0
      vertex -63.2135 -25.3817 5
      vertex -63.2135 -25.3817 0
    endloop
  endfacet
  facet normal -0.809013 0.587791 0
    outer loop
      vertex -61.5365 -25.9266 0
      vertex -60.5 -24.5 5
      vertex -60.5 -24.5 0
    endloop
  endfacet
  facet normal -0.809013 0.587791 0
    outer loop
      vertex -60.5 -24.5 5
      vertex -61.5365 -25.9266 0
      vertex -61.5365 -25.9266 5
    endloop
  endfacet
  facet normal 0.309022 0.951055 -0
    outer loop
      vertex -61.5365 23.0734 0
      vertex -63.2135 23.6183 5
      vertex -61.5365 23.0734 5
    endloop
  endfacet
  facet normal 0.309022 0.951055 0
    outer loop
      vertex -63.2135 23.6183 5
      vertex -61.5365 23.0734 0
      vertex -63.2135 23.6183 0
    endloop
  endfacet
  facet normal 0.309022 -0.951055 0
    outer loop
      vertex -63.2135 25.3817 0
      vertex -61.5365 25.9266 5
      vertex -63.2135 25.3817 5
    endloop
  endfacet
  facet normal 0.309022 -0.951055 0
    outer loop
      vertex -61.5365 25.9266 5
      vertex -63.2135 25.3817 0
      vertex -61.5365 25.9266 0
    endloop
  endfacet
  facet normal -0.809013 -0.587791 0
    outer loop
      vertex -60.5 24.5 0
      vertex -61.5365 25.9266 5
      vertex -61.5365 25.9266 0
    endloop
  endfacet
  facet normal -0.809013 -0.587791 0
    outer loop
      vertex -61.5365 25.9266 5
      vertex -60.5 24.5 0
      vertex -60.5 24.5 5
    endloop
  endfacet
  facet normal 1 -0 0
    outer loop
      vertex -63.2135 23.6183 5
      vertex -63.2135 25.3817 0
      vertex -63.2135 25.3817 5
    endloop
  endfacet
  facet normal 1 0 0
    outer loop
      vertex -63.2135 25.3817 0
      vertex -63.2135 23.6183 5
      vertex -63.2135 23.6183 0
    endloop
  endfacet
  facet normal -0.809013 0.587791 0
    outer loop
      vertex -61.5365 23.0734 0
      vertex -60.5 24.5 5
      vertex -60.5 24.5 0
    endloop
  endfacet
  facet normal -0.809013 0.587791 0
    outer loop
      vertex -60.5 24.5 5
      vertex -61.5365 23.0734 0
      vertex -61.5365 23.0734 5
    endloop
  endfacet
  facet normal 0.309014 0.951058 -0
    outer loop
      vertex -3.53647 23.0734 0
      vertex -5.21352 23.6183 5
      vertex -3.53647 23.0734 5
    endloop
  endfacet
  facet normal 0.309014 0.951058 0
    outer loop
      vertex -5.21352 23.6183 5
      vertex -3.53647 23.0734 0
      vertex -5.21352 23.6183 0
    endloop
  endfacet
  facet normal 0.309014 -0.951058 0
    outer loop
      vertex -5.21352 25.3817 0
      vertex -3.53647 25.9266 5
      vertex -5.21352 25.3817 5
    endloop
  endfacet
  facet normal 0.309014 -0.951058 0
    outer loop
      vertex -3.53647 25.9266 5
      vertex -5.21352 25.3817 0
      vertex -3.53647 25.9266 0
    endloop
  endfacet
  facet normal -0.809021 -0.587779 0
    outer loop
      vertex -2.5 24.5 0
      vertex -3.53647 25.9266 5
      vertex -3.53647 25.9266 0
    endloop
  endfacet
  facet normal -0.809021 -0.587779 0
    outer loop
      vertex -3.53647 25.9266 5
      vertex -2.5 24.5 0
      vertex -2.5 24.5 5
    endloop
  endfacet
  facet normal 1 -0 0
    outer loop
      vertex -5.21352 23.6183 5
      vertex -5.21352 25.3817 0
      vertex -5.21352 25.3817 5
    endloop
  endfacet
  facet normal 1 0 0
    outer loop
      vertex -5.21352 25.3817 0
      vertex -5.21352 23.6183 5
      vertex -5.21352 23.6183 0
    endloop
  endfacet
  facet normal -0.809021 0.587779 0
    outer loop
      vertex -3.53647 23.0734 0
      vertex -2.5 24.5 5
      vertex -2.5 24.5 0
    endloop
  endfacet
  facet normal -0.809021 0.587779 0
    outer loop
      vertex -2.5 24.5 5
      vertex -3.53647 23.0734 0
      vertex -3.53647 23.0734 5
    endloop
  endfacet
  facet normal 0 -1 0
    outer loop
      vertex 16.875 16.7655 0
      vertex 18.625 16.7655 5
      vertex 16.875 16.7655 5
    endloop
  endfacet
  facet normal 0 -1 -0
    outer loop
      vertex 18.625 16.7655 5
      vertex 16.875 16.7655 0
      vertex 18.625 16.7655 0
    endloop
  endfacet
  facet normal -0.866019 -0.500011 0
    outer loop
      vertex 19.5 15.25 0
      vertex 18.625 16.7655 5
      vertex 18.625 16.7655 0
    endloop
  endfacet
  facet normal -0.866019 -0.500011 0
    outer loop
      vertex 18.625 16.7655 5
      vertex 19.5 15.25 0
      vertex 19.5 15.25 5
    endloop
  endfacet
  facet normal 0.866019 -0.500011 0
    outer loop
      vertex 16 15.25 5
      vertex 16.875 16.7655 0
      vertex 16.875 16.7655 5
    endloop
  endfacet
  facet normal 0.866019 -0.500011 0
    outer loop
      vertex 16.875 16.7655 0
      vertex 16 15.25 5
      vertex 16 15.25 0
    endloop
  endfacet
  facet normal 0.866019 0.500011 0
    outer loop
      vertex 16.875 13.7345 5
      vertex 16 15.25 0
      vertex 16 15.25 5
    endloop
  endfacet
  facet normal 0.866019 0.500011 0
    outer loop
      vertex 16 15.25 0
      vertex 16.875 13.7345 5
      vertex 16.875 13.7345 0
    endloop
  endfacet
  facet normal 0 1 -0
    outer loop
      vertex 18.625 13.7345 0
      vertex 16.875 13.7345 5
      vertex 18.625 13.7345 5
    endloop
  endfacet
  facet normal 0 1 0
    outer loop
      vertex 16.875 13.7345 5
      vertex 18.625 13.7345 0
      vertex 16.875 13.7345 0
    endloop
  endfacet
  facet normal -0.866019 0.500011 0
    outer loop
      vertex 18.625 13.7345 0
      vertex 19.5 15.25 5
      vertex 19.5 15.25 0
    endloop
  endfacet
  facet normal -0.866019 0.500011 0
    outer loop
      vertex 19.5 15.25 5
      vertex 18.625 13.7345 0
      vertex 18.625 13.7345 5
    endloop
  endfacet
  facet normal 0 1 -0
    outer loop
      vertex 49.125 -16.7655 0
      vertex 47.375 -16.7655 5
      vertex 49.125 -16.7655 5
    endloop
  endfacet
  facet normal 0 1 0
    outer loop
      vertex 47.375 -16.7655 5
      vertex 49.125 -16.7655 0
      vertex 47.375 -16.7655 0
    endloop
  endfacet
  facet normal -0.866019 0.500011 0
    outer loop
      vertex 49.125 -16.7655 0
      vertex 50 -15.25 5
      vertex 50 -15.25 0
    endloop
  endfacet
  facet normal -0.866019 0.500011 0
    outer loop
      vertex 50 -15.25 5
      vertex 49.125 -16.7655 0
      vertex 49.125 -16.7655 5
    endloop
  endfacet
  facet normal 0 -1 0
    outer loop
      vertex 47.375 -13.7345 0
      vertex 49.125 -13.7345 5
      vertex 47.375 -13.7345 5
    endloop
  endfacet
  facet normal 0 -1 -0
    outer loop
      vertex 49.125 -13.7345 5
      vertex 47.375 -13.7345 0
      vertex 49.125 -13.7345 0
    endloop
  endfacet
  facet normal -0.866019 -0.500011 0
    outer loop
      vertex 50 -15.25 0
      vertex 49.125 -13.7345 5
      vertex 49.125 -13.7345 0
    endloop
  endfacet
  facet normal -0.866019 -0.500011 0
    outer loop
      vertex 49.125 -13.7345 5
      vertex 50 -15.25 0
      vertex 50 -15.25 5
    endloop
  endfacet
  facet normal 0.866019 -0.500011 0
    outer loop
      vertex 46.5 -15.25 5
      vertex 47.375 -13.7345 0
      vertex 47.375 -13.7345 5
    endloop
  endfacet
  facet normal 0.866019 -0.500011 0
    outer loop
      vertex 47.375 -13.7345 0
      vertex 46.5 -15.25 5
      vertex 46.5 -15.25 0
    endloop
  endfacet
  facet normal 0.866019 0.500011 0
    outer loop
      vertex 47.375 -16.7655 5
      vertex 46.5 -15.25 0
      vertex 46.5 -15.25 5
    endloop
  endfacet
  facet normal 0.866019 0.500011 0
    outer loop
      vertex 46.5 -15.25 0
      vertex 47.375 -16.7655 5
      vertex 47.375 -16.7655 0
    endloop
  endfacet
  facet normal 0 -1 0
    outer loop
      vertex 47.375 16.7655 0
      vertex 49.125 16.7655 5
      vertex 47.375 16.7655 5
    endloop
  endfacet
  facet normal 0 -1 -0
    outer loop
      vertex 49.125 16.7655 5
      vertex 47.375 16.7655 0
      vertex 49.125 16.7655 0
    endloop
  endfacet
  facet normal -0.866019 -0.500011 0
    outer loop
      vertex 50 15.25 0
      vertex 49.125 16.7655 5
      vertex 49.125 16.7655 0
    endloop
  endfacet
  facet normal -0.866019 -0.500011 0
    outer loop
      vertex 49.125 16.7655 5
      vertex 50 15.25 0
      vertex 50 15.25 5
    endloop
  endfacet
  facet normal 0.866019 -0.500011 0
    outer loop
      vertex 46.5 15.25 5
      vertex 47.375 16.7655 0
      vertex 47.375 16.7655 5
    endloop
  endfacet
  facet normal 0.866019 -0.500011 0
    outer loop
      vertex 47.375 16.7655 0
      vertex 46.5 15.25 5
      vertex 46.5 15.25 0
    endloop
  endfacet
  facet normal 0.866019 0.500011 0
    outer loop
      vertex 47.375 13.7345 5
      vertex 46.5 15.25 0
      vertex 46.5 15.25 5
    endloop
  endfacet
  facet normal 0.866019 0.500011 0
    outer loop
      vertex 46.5 15.25 0
      vertex 47.375 13.7345 5
      vertex 47.375 13.7345 0
    endloop
  endfacet
  facet normal 0 1 -0
    outer loop
      vertex 49.125 13.7345 0
      vertex 47.375 13.7345 5
      vertex 49.125 13.7345 5
    endloop
  endfacet
  facet normal 0 1 0
    outer loop
      vertex 47.375 13.7345 5
      vertex 49.125 13.7345 0
      vertex 47.375 13.7345 0
    endloop
  endfacet
  facet normal -0.866019 0.500011 0
    outer loop
      vertex 49.125 13.7345 0
      vertex 50 15.25 5
      vertex 50 15.25 0
    endloop
  endfacet
  facet normal -0.866019 0.500011 0
    outer loop
      vertex 50 15.25 5
      vertex 49.125 13.7345 0
      vertex 49.125 13.7345 5
    endloop
  endfacet
  facet normal 0.587828 0.808986 -0
    outer loop
      vertex -30.9271 -40.8532 0
      vertex -32.1013 -40 5
      vertex -30.9271 -40.8532 5
    endloop
  endfacet
  facet normal 0.587828 0.808986 0
    outer loop
      vertex -32.1013 -40 5
      vertex -30.9271 -40.8532 0
      vertex -32.1013 -40 0
    endloop
  endfacet
  facet normal 0 1 -0
    outer loop
      vertex -29.0729 -40.8532 0
      vertex -30.9271 -40.8532 5
      vertex -29.0729 -40.8532 5
    endloop
  endfacet
  facet normal 0 1 0
    outer loop
      vertex -30.9271 -40.8532 5
      vertex -29.0729 -40.8532 0
      vertex -30.9271 -40.8532 0
    endloop
  endfacet
  facet normal -0.587828 0.808986 0
    outer loop
      vertex -27.8987 -40 0
      vertex -29.0729 -40.8532 5
      vertex -27.8987 -40 5
    endloop
  endfacet
  facet normal -0.587828 0.808986 0
    outer loop
      vertex -29.0729 -40.8532 5
      vertex -27.8987 -40 0
      vertex -29.0729 -40.8532 0
    endloop
  endfacet
  facet normal -0.587828 -0.808986 0
    outer loop
      vertex -29.0729 40.8532 0
      vertex -27.8987 40 5
      vertex -29.0729 40.8532 5
    endloop
  endfacet
  facet normal -0.587828 -0.808986 -0
    outer loop
      vertex -27.8987 40 5
      vertex -29.0729 40.8532 0
      vertex -27.8987 40 0
    endloop
  endfacet
  facet normal 0 -1 0
    outer loop
      vertex -30.9271 40.8532 0
      vertex -29.0729 40.8532 5
      vertex -30.9271 40.8532 5
    endloop
  endfacet
  facet normal 0 -1 -0
    outer loop
      vertex -29.0729 40.8532 5
      vertex -30.9271 40.8532 0
      vertex -29.0729 40.8532 0
    endloop
  endfacet
  facet normal 0.587828 -0.808986 0
    outer loop
      vertex -32.1013 40 0
      vertex -30.9271 40.8532 5
      vertex -32.1013 40 5
    endloop
  endfacet
  facet normal 0.587828 -0.808986 0
    outer loop
      vertex -30.9271 40.8532 5
      vertex -32.1013 40 0
      vertex -30.9271 40.8532 0
    endloop
  endfacet
  facet normal 0.951067 -0.308986 0
    outer loop
      vertex 27 -38 5
      vertex 27.5729 -36.2366 0
      vertex 27.5729 -36.2366 5
    endloop
  endfacet
  facet normal 0.951067 -0.308986 0
    outer loop
      vertex 27.5729 -36.2366 0
      vertex 27 -38 5
      vertex 27 -38 0
    endloop
  endfacet
  facet normal 0.58778 0.809021 -0
    outer loop
      vertex 29.0729 -40.8532 0
      vertex 27.5729 -39.7634 5
      vertex 29.0729 -40.8532 5
    endloop
  endfacet
  facet normal 0.58778 0.809021 0
    outer loop
      vertex 27.5729 -39.7634 5
      vertex 29.0729 -40.8532 0
      vertex 27.5729 -39.7634 0
    endloop
  endfacet
  facet normal -0.58778 -0.809021 0
    outer loop
      vertex 30.9271 -35.1468 0
      vertex 32.4271 -36.2366 5
      vertex 30.9271 -35.1468 5
    endloop
  endfacet
  facet normal -0.58778 -0.809021 -0
    outer loop
      vertex 32.4271 -36.2366 5
      vertex 30.9271 -35.1468 0
      vertex 32.4271 -36.2366 0
    endloop
  endfacet
  facet normal -0.951067 -0.308986 0
    outer loop
      vertex 33 -38 0
      vertex 32.4271 -36.2366 5
      vertex 32.4271 -36.2366 0
    endloop
  endfacet
  facet normal -0.951067 -0.308986 0
    outer loop
      vertex 32.4271 -36.2366 5
      vertex 33 -38 0
      vertex 33 -38 5
    endloop
  endfacet
  facet normal 0 -1 0
    outer loop
      vertex 29.0729 -35.1468 0
      vertex 30.9271 -35.1468 5
      vertex 29.0729 -35.1468 5
    endloop
  endfacet
  facet normal 0 -1 -0
    outer loop
      vertex 30.9271 -35.1468 5
      vertex 29.0729 -35.1468 0
      vertex 30.9271 -35.1468 0
    endloop
  endfacet
  facet normal -0.58778 0.809021 0
    outer loop
      vertex 32.4271 -39.7634 0
      vertex 30.9271 -40.8532 5
      vertex 32.4271 -39.7634 5
    endloop
  endfacet
  facet normal -0.58778 0.809021 0
    outer loop
      vertex 30.9271 -40.8532 5
      vertex 32.4271 -39.7634 0
      vertex 30.9271 -40.8532 0
    endloop
  endfacet
  facet normal 0 1 -0
    outer loop
      vertex 30.9271 -40.8532 0
      vertex 29.0729 -40.8532 5
      vertex 30.9271 -40.8532 5
    endloop
  endfacet
  facet normal 0 1 0
    outer loop
      vertex 29.0729 -40.8532 5
      vertex 30.9271 -40.8532 0
      vertex 29.0729 -40.8532 0
    endloop
  endfacet
  facet normal 0.58778 -0.809021 0
    outer loop
      vertex 27.5729 -36.2366 0
      vertex 29.0729 -35.1468 5
      vertex 27.5729 -36.2366 5
    endloop
  endfacet
  facet normal 0.58778 -0.809021 0
    outer loop
      vertex 29.0729 -35.1468 5
      vertex 27.5729 -36.2366 0
      vertex 29.0729 -35.1468 0
    endloop
  endfacet
  facet normal -0.951067 0.308986 0
    outer loop
      vertex 32.4271 -39.7634 0
      vertex 33 -38 5
      vertex 33 -38 0
    endloop
  endfacet
  facet normal -0.951067 0.308986 0
    outer loop
      vertex 33 -38 5
      vertex 32.4271 -39.7634 0
      vertex 32.4271 -39.7634 5
    endloop
  endfacet
  facet normal 0.951067 0.308986 0
    outer loop
      vertex 27.5729 -39.7634 5
      vertex 27 -38 0
      vertex 27 -38 5
    endloop
  endfacet
  facet normal 0.951067 0.308986 0
    outer loop
      vertex 27 -38 0
      vertex 27.5729 -39.7634 5
      vertex 27.5729 -39.7634 0
    endloop
  endfacet
  facet normal 0.951067 -0.308986 0
    outer loop
      vertex 27 38 5
      vertex 27.5729 39.7634 0
      vertex 27.5729 39.7634 5
    endloop
  endfacet
  facet normal 0.951067 -0.308986 0
    outer loop
      vertex 27.5729 39.7634 0
      vertex 27 38 5
      vertex 27 38 0
    endloop
  endfacet
  facet normal 0.58778 0.809021 -0
    outer loop
      vertex 29.0729 35.1468 0
      vertex 27.5729 36.2366 5
      vertex 29.0729 35.1468 5
    endloop
  endfacet
  facet normal 0.58778 0.809021 0
    outer loop
      vertex 27.5729 36.2366 5
      vertex 29.0729 35.1468 0
      vertex 27.5729 36.2366 0
    endloop
  endfacet
  facet normal -0.58778 -0.809021 0
    outer loop
      vertex 30.9271 40.8532 0
      vertex 32.4271 39.7634 5
      vertex 30.9271 40.8532 5
    endloop
  endfacet
  facet normal -0.58778 -0.809021 -0
    outer loop
      vertex 32.4271 39.7634 5
      vertex 30.9271 40.8532 0
      vertex 32.4271 39.7634 0
    endloop
  endfacet
  facet normal -0.951067 -0.308986 0
    outer loop
      vertex 33 38 0
      vertex 32.4271 39.7634 5
      vertex 32.4271 39.7634 0
    endloop
  endfacet
  facet normal -0.951067 -0.308986 0
    outer loop
      vertex 32.4271 39.7634 5
      vertex 33 38 0
      vertex 33 38 5
    endloop
  endfacet
  facet normal 0 -1 0
    outer loop
      vertex 29.0729 40.8532 0
      vertex 30.9271 40.8532 5
      vertex 29.0729 40.8532 5
    endloop
  endfacet
  facet normal 0 -1 -0
    outer loop
      vertex 30.9271 40.8532 5
      vertex 29.0729 40.8532 0
      vertex 30.9271 40.8532 0
    endloop
  endfacet
  facet normal -0.58778 0.809021 0
    outer loop
      vertex 32.4271 36.2366 0
      vertex 30.9271 35.1468 5
      vertex 32.4271 36.2366 5
    endloop
  endfacet
  facet normal -0.58778 0.809021 0
    outer loop
      vertex 30.9271 35.1468 5
      vertex 32.4271 36.2366 0
      vertex 30.9271 35.1468 0
    endloop
  endfacet
  facet normal 0 1 -0
    outer loop
      vertex 30.9271 35.1468 0
      vertex 29.0729 35.1468 5
      vertex 30.9271 35.1468 5
    endloop
  endfacet
  facet normal 0 1 0
    outer loop
      vertex 29.0729 35.1468 5
      vertex 30.9271 35.1468 0
      vertex 29.0729 35.1468 0
    endloop
  endfacet
  facet normal 0.58778 -0.809021 0
    outer loop
      vertex 27.5729 39.7634 0
      vertex 29.0729 40.8532 5
      vertex 27.5729 39.7634 5
    endloop
  endfacet
  facet normal 0.58778 -0.809021 0
    outer loop
      vertex 29.0729 40.8532 5
      vertex 27.5729 39.7634 0
      vertex 29.0729 40.8532 0
    endloop
  endfacet
  facet normal -0.951067 0.308986 0
    outer loop
      vertex 32.4271 36.2366 0
      vertex 33 38 5
      vertex 33 38 0
    endloop
  endfacet
  facet normal -0.951067 0.308986 0
    outer loop
      vertex 33 38 5
      vertex 32.4271 36.2366 0
      vertex 32.4271 36.2366 5
    endloop
  endfacet
  facet normal 0.951067 0.308986 0
    outer loop
      vertex 27.5729 36.2366 5
      vertex 27 38 0
      vertex 27 38 5
    endloop
  endfacet
  facet normal 0.951067 0.308986 0
    outer loop
      vertex 27 38 0
      vertex 27.5729 36.2366 5
      vertex 27.5729 36.2366 0
    endloop
  endfacet
  facet normal 0 -1 0
    outer loop
      vertex -45 -5 0
      vertex 45 -5 5
      vertex -45 -5 5
    endloop
  endfacet
  facet normal 0 -1 -0
    outer loop
      vertex 45 -5 5
      vertex -45 -5 0
      vertex 45 -5 0
    endloop
  endfacet
  facet normal 0 1 -0
    outer loop
      vertex 45 -35 0
      vertex -25 -35 5
      vertex 45 -35 5
    endloop
  endfacet
  facet normal 0 1 0
    outer loop
      vertex -25 -35 5
      vertex 45 -35 0
      vertex -25 -35 0
    endloop
  endfacet
endsolid OpenSCAD_Model
