solid OpenSCAD_Model
  facet normal -1 0 0
    outer loop
      vertex -59 -71 36.5
      vertex -59 -67 37
      vertex -59 -67 36.5
    endloop
  endfacet
  facet normal -1 -0 0
    outer loop
      vertex -59 -67 37
      vertex -59 -71 36.5
      vertex -59 -71 37
    endloop
  endfacet
  facet normal 0.0293991 0 -0.999568
    outer loop
      vertex -53 -71 36.5
      vertex -36 -72.375 37
      vertex -36 -74 37
    endloop
  endfacet
  facet normal 0.0293991 0 -0.999568
    outer loop
      vertex -36 -72.375 37
      vertex -53 -71 36.5
      vertex -53 -70.8571 36.5
    endloop
  endfacet
  facet normal 0.0293991 0 -0.999568
    outer loop
      vertex -53 -67 36.5
      vertex -36 -65.625 37
      vertex -53 -67.1429 36.5
    endloop
  endfacet
  facet normal 0.0293991 0 -0.999568
    outer loop
      vertex -36 -65.625 37
      vertex -53 -67 36.5
      vertex -36 -64 37
    endloop
  endfacet
  facet normal -0.196116 0.980581 0
    outer loop
      vertex -44 -64 37
      vertex -59 -67 37
      vertex -44 -64 37.5
    endloop
  endfacet
  facet normal -0.196116 0.980581 0
    outer loop
      vertex -59 -67 37
      vertex -44 -64 37
      vertex -59 -67 36.5
    endloop
  endfacet
  facet normal 0 0 -1
    outer loop
      vertex -53 -71 36.5
      vertex -57 -70.5 36.5
      vertex -53 -70.8571 36.5
    endloop
  endfacet
  facet normal -0 0 -1
    outer loop
      vertex -57 -70.5 36.5
      vertex -59 -71 36.5
      vertex -57 -67.5 36.5
    endloop
  endfacet
  facet normal 0 0 -1
    outer loop
      vertex -59 -71 36.5
      vertex -57 -70.5 36.5
      vertex -53 -71 36.5
    endloop
  endfacet
  facet normal 0 0 -1
    outer loop
      vertex -57 -67.5 36.5
      vertex -53 -67 36.5
      vertex -53 -67.1429 36.5
    endloop
  endfacet
  facet normal 0 0 -1
    outer loop
      vertex -57 -67.5 36.5
      vertex -59 -67 36.5
      vertex -53 -67 36.5
    endloop
  endfacet
  facet normal 0 0 -1
    outer loop
      vertex -59 -67 36.5
      vertex -57 -67.5 36.5
      vertex -59 -71 36.5
    endloop
  endfacet
  facet normal 0 0.164399 -0.986394
    outer loop
      vertex -53 -67 36.5
      vertex -44 -64 37
      vertex -36 -64 37
    endloop
  endfacet
  facet normal 0 0.164399 -0.986394
    outer loop
      vertex -44 -64 37
      vertex -53 -67 36.5
      vertex -59 -67 36.5
    endloop
  endfacet
  facet normal 0 -0.164399 -0.986394
    outer loop
      vertex -44 -74 37
      vertex -53 -71 36.5
      vertex -36 -74 37
    endloop
  endfacet
  facet normal -0 -0.164399 -0.986394
    outer loop
      vertex -53 -71 36.5
      vertex -44 -74 37
      vertex -59 -71 36.5
    endloop
  endfacet
  facet normal -0.0333123 0 0.999445
    outer loop
      vertex -44 -64 37.5
      vertex -57 -67.5 37.0667
      vertex -44 -66.3393 37.5
    endloop
  endfacet
  facet normal -0.0333315 0 0.999444
    outer loop
      vertex -57 -67.5 37.0667
      vertex -59 -67 37
      vertex -57 -70.5 37.0667
    endloop
  endfacet
  facet normal -0.0333222 3.70165e-05 0.999445
    outer loop
      vertex -59 -67 37
      vertex -57 -67.5 37.0667
      vertex -44 -64 37.5
    endloop
  endfacet
  facet normal -0.0333123 0 0.999445
    outer loop
      vertex -57 -70.5 37.0667
      vertex -44 -74 37.5
      vertex -44 -71.6607 37.5
    endloop
  endfacet
  facet normal -0.0333222 -3.70165e-05 0.999445
    outer loop
      vertex -57 -70.5 37.0667
      vertex -59 -71 37
      vertex -44 -74 37.5
    endloop
  endfacet
  facet normal -0.0333315 0 0.999444
    outer loop
      vertex -59 -71 37
      vertex -57 -70.5 37.0667
      vertex -59 -67 37
    endloop
  endfacet
  facet normal -0.196116 -0.980581 0
    outer loop
      vertex -59 -71 37
      vertex -44 -74 37
      vertex -44 -74 37.5
    endloop
  endfacet
  facet normal -0.196116 -0.980581 0
    outer loop
      vertex -44 -74 37
      vertex -59 -71 37
      vertex -59 -71 36.5
    endloop
  endfacet
  facet normal 0 -1 0
    outer loop
      vertex -27 -76 37.5
      vertex -21 -76 38
      vertex -27 -76 38
    endloop
  endfacet
  facet normal 0 -1 -0
    outer loop
      vertex -21 -76 38
      vertex -27 -76 37.5
      vertex -21 -76 37.5
    endloop
  endfacet
  facet normal 0 0.242536 -0.970143
    outer loop
      vertex -36 -64 37
      vertex -27 -62 37.5
      vertex -21 -62 37.5
    endloop
  endfacet
  facet normal 0 0.242536 -0.970143
    outer loop
      vertex -27 -62 37.5
      vertex -36 -64 37
      vertex -44 -64 37
    endloop
  endfacet
  facet normal 0.0333065 0 -0.999445
    outer loop
      vertex -21 -76 37.5
      vertex -25 -73 37.3667
      vertex -21 -62 37.5
    endloop
  endfacet
  facet normal 0.0333315 3.33148e-05 -0.999444
    outer loop
      vertex -21 -76 37.5
      vertex -29 -73 37.2333
      vertex -25 -73 37.3667
    endloop
  endfacet
  facet normal 0.0333125 -1.72318e-05 -0.999445
    outer loop
      vertex -36 -74 37
      vertex -29 -73 37.2333
      vertex -21 -76 37.5
    endloop
  endfacet
  facet normal 0.0333101 0 -0.999445
    outer loop
      vertex -29 -73 37.2333
      vertex -36 -74 37
      vertex -36 -72.375 37
    endloop
  endfacet
  facet normal 0.0333065 0 -0.999445
    outer loop
      vertex -25 -65 37.3667
      vertex -21 -62 37.5
      vertex -25 -73 37.3667
    endloop
  endfacet
  facet normal 0.0333315 -3.33148e-05 -0.999444
    outer loop
      vertex -29 -65 37.2333
      vertex -21 -62 37.5
      vertex -25 -65 37.3667
    endloop
  endfacet
  facet normal 0.0333101 0 -0.999445
    outer loop
      vertex -36 -64 37
      vertex -29 -65 37.2333
      vertex -36 -65.625 37
    endloop
  endfacet
  facet normal 0.0333125 1.72318e-05 -0.999445
    outer loop
      vertex -29 -65 37.2333
      vertex -36 -64 37
      vertex -21 -62 37.5
    endloop
  endfacet
  facet normal -0.116841 0.993151 0
    outer loop
      vertex -27 -62 37.5
      vertex -44 -64 37.5
      vertex -27 -62 38
    endloop
  endfacet
  facet normal -0.116841 0.993151 0
    outer loop
      vertex -44 -64 37.5
      vertex -27 -62 37.5
      vertex -44 -64 37
    endloop
  endfacet
  facet normal -0.0293873 0 0.999568
    outer loop
      vertex -27 -62 38
      vertex -29 -65 37.9412
      vertex -27 -65 38
    endloop
  endfacet
  facet normal -0.0294001 8.50696e-06 0.999568
    outer loop
      vertex -44 -64 37.5
      vertex -29 -65 37.9412
      vertex -27 -62 38
    endloop
  endfacet
  facet normal -0.0294006 0 0.999568
    outer loop
      vertex -29 -65 37.9412
      vertex -44 -64 37.5
      vertex -44 -66.3393 37.5
    endloop
  endfacet
  facet normal -0.0293873 0 0.999568
    outer loop
      vertex -29 -73 37.9412
      vertex -27 -76 38
      vertex -27 -73 38
    endloop
  endfacet
  facet normal -0.0294006 0 0.999568
    outer loop
      vertex -44 -74 37.5
      vertex -29 -73 37.9412
      vertex -44 -71.6607 37.5
    endloop
  endfacet
  facet normal -0.0294001 -8.50696e-06 0.999568
    outer loop
      vertex -29 -73 37.9412
      vertex -44 -74 37.5
      vertex -27 -76 38
    endloop
  endfacet
  facet normal 0 -0.242536 -0.970143
    outer loop
      vertex -27 -76 37.5
      vertex -36 -74 37
      vertex -21 -76 37.5
    endloop
  endfacet
  facet normal -0 -0.242536 -0.970143
    outer loop
      vertex -36 -74 37
      vertex -27 -76 37.5
      vertex -44 -74 37
    endloop
  endfacet
  facet normal 0 1 -0
    outer loop
      vertex -21 -62 37.5
      vertex -27 -62 38
      vertex -21 -62 38
    endloop
  endfacet
  facet normal 0 1 0
    outer loop
      vertex -27 -62 38
      vertex -21 -62 37.5
      vertex -27 -62 37.5
    endloop
  endfacet
  facet normal -0.116841 -0.993151 0
    outer loop
      vertex -44 -74 37.5
      vertex -27 -76 37.5
      vertex -27 -76 38
    endloop
  endfacet
  facet normal -0.116841 -0.993151 0
    outer loop
      vertex -27 -76 37.5
      vertex -44 -74 37.5
      vertex -44 -74 37
    endloop
  endfacet
  facet normal 0.164399 0 -0.986394
    outer loop
      vertex -21 -76 37.5
      vertex -18 -64 38
      vertex -18 -74 38
    endloop
  endfacet
  facet normal 0.164399 0 -0.986394
    outer loop
      vertex -18 -64 38
      vertex -21 -76 37.5
      vertex -21 -62 37.5
    endloop
  endfacet
  facet normal 0 -0.14834 0.988936
    outer loop
      vertex -20 -74 38.3
      vertex -21 -76 38
      vertex -18 -74 38.3
    endloop
  endfacet
  facet normal 0 -0.14834 0.988936
    outer loop
      vertex -21 -76 38
      vertex -20 -74 38.3
      vertex -27 -76 38
    endloop
  endfacet
  facet normal 1 -0 0
    outer loop
      vertex -18 -74 38.3
      vertex -18 -64 38
      vertex -18 -64 38.3
    endloop
  endfacet
  facet normal 1 0 0
    outer loop
      vertex -18 -64 38
      vertex -18 -74 38.3
      vertex -18 -74 38
    endloop
  endfacet
  facet normal 0.5547 0.83205 -0
    outer loop
      vertex -18 -64 38
      vertex -21 -62 38
      vertex -18 -64 38.3
    endloop
  endfacet
  facet normal 0.5547 0.83205 0
    outer loop
      vertex -21 -62 38
      vertex -18 -64 38
      vertex -21 -62 37.5
    endloop
  endfacet
  facet normal -0.0428207 0 0.999083
    outer loop
      vertex -20 -64 38.3
      vertex -25 -65 38.0857
      vertex -20 -74 38.3
    endloop
  endfacet
  facet normal -0.0428195 -5.87696e-06 0.999083
    outer loop
      vertex -27 -62 38
      vertex -25 -65 38.0857
      vertex -20 -64 38.3
    endloop
  endfacet
  facet normal -0.0428107 0 0.999083
    outer loop
      vertex -25 -65 38.0857
      vertex -27 -62 38
      vertex -27 -65 38
    endloop
  endfacet
  facet normal -0.0428207 0 0.999083
    outer loop
      vertex -25 -73 38.0857
      vertex -20 -74 38.3
      vertex -25 -65 38.0857
    endloop
  endfacet
  facet normal -0.0428107 0 0.999083
    outer loop
      vertex -27 -76 38
      vertex -25 -73 38.0857
      vertex -27 -73 38
    endloop
  endfacet
  facet normal -0.0428195 5.87696e-06 0.999083
    outer loop
      vertex -25 -73 38.0857
      vertex -27 -76 38
      vertex -20 -74 38.3
    endloop
  endfacet
  facet normal -0 0 1
    outer loop
      vertex -20 -64 38.3
      vertex -18 -74 38.3
      vertex -18 -64 38.3
    endloop
  endfacet
  facet normal 0 0 1
    outer loop
      vertex -18 -74 38.3
      vertex -20 -64 38.3
      vertex -20 -74 38.3
    endloop
  endfacet
  facet normal 0.5547 -0.83205 0
    outer loop
      vertex -21 -76 38
      vertex -18 -74 38
      vertex -18 -74 38.3
    endloop
  endfacet
  facet normal 0.5547 -0.83205 0
    outer loop
      vertex -18 -74 38
      vertex -21 -76 38
      vertex -21 -76 37.5
    endloop
  endfacet
  facet normal 0 0.14834 0.988936
    outer loop
      vertex -21 -62 38
      vertex -20 -64 38.3
      vertex -18 -64 38.3
    endloop
  endfacet
  facet normal 0 0.14834 0.988936
    outer loop
      vertex -20 -64 38.3
      vertex -21 -62 38
      vertex -27 -62 38
    endloop
  endfacet
  facet normal 1 -0 0
    outer loop
      vertex -25 -73 37.3667
      vertex -25 -65 37
      vertex -25 -65 37.3667
    endloop
  endfacet
  facet normal 1 0 0
    outer loop
      vertex -25 -65 37
      vertex -25 -73 37.3667
      vertex -25 -73 37
    endloop
  endfacet
  facet normal 1 -0 0
    outer loop
      vertex -25 -73 39
      vertex -25 -65 38.0857
      vertex -25 -65 39
    endloop
  endfacet
  facet normal 1 0 0
    outer loop
      vertex -25 -65 38.0857
      vertex -25 -73 39
      vertex -25 -73 38.0857
    endloop
  endfacet
  facet normal -0.0889319 0.996038 0
    outer loop
      vertex -29 -65 37
      vertex -36 -65.625 37
      vertex -29 -65 37.2333
    endloop
  endfacet
  facet normal -0.0889319 0.996038 0
    outer loop
      vertex -57 -67.5 36
      vertex -36 -65.625 37
      vertex -29 -65 37
    endloop
  endfacet
  facet normal -0.0889214 0.996039 0
    outer loop
      vertex -53 -67.1429 36.5
      vertex -57 -67.5 36
      vertex -57 -67.5 36.5
    endloop
  endfacet
  facet normal -0.0889385 0.996037 0.000137913
    outer loop
      vertex -36 -65.625 37
      vertex -57 -67.5 36
      vertex -53 -67.1429 36.5
    endloop
  endfacet
  facet normal -0.0889329 0.996038 0
    outer loop
      vertex -44 -66.3393 37.5
      vertex -29 -65 39
      vertex -29 -65 37.9412
    endloop
  endfacet
  facet normal -0.0889309 0.996038 -2.04315e-05
    outer loop
      vertex -44 -66.3393 37.5
      vertex -57 -67.5 37.5
      vertex -29 -65 39
    endloop
  endfacet
  facet normal -0.0889309 0.996038 0
    outer loop
      vertex -57 -67.5 37.5
      vertex -44 -66.3393 37.5
      vertex -57 -67.5 37.0667
    endloop
  endfacet
  facet normal -1 0 0
    outer loop
      vertex -57 -70.5 36
      vertex -57 -67.5 36.5
      vertex -57 -67.5 36
    endloop
  endfacet
  facet normal -1 -0 0
    outer loop
      vertex -57 -67.5 36.5
      vertex -57 -70.5 36
      vertex -57 -70.5 36.5
    endloop
  endfacet
  facet normal -1 0 0
    outer loop
      vertex -57 -70.5 37.0667
      vertex -57 -67.5 37.5
      vertex -57 -67.5 37.0667
    endloop
  endfacet
  facet normal -1 -0 0
    outer loop
      vertex -57 -67.5 37.5
      vertex -57 -70.5 37.0667
      vertex -57 -70.5 37.5
    endloop
  endfacet
  facet normal -0.0534947 0 0.998568
    outer loop
      vertex -57 -67.5 37.5
      vertex -29 -73 39
      vertex -29 -65 39
    endloop
  endfacet
  facet normal -0.0534947 0 0.998568
    outer loop
      vertex -29 -73 39
      vertex -57 -67.5 37.5
      vertex -57 -70.5 37.5
    endloop
  endfacet
  facet normal 0 -1 0
    outer loop
      vertex -27 -73 38
      vertex -25 -73 39
      vertex -29 -73 39
    endloop
  endfacet
  facet normal 0 -1 -0
    outer loop
      vertex -25 -73 39
      vertex -27 -73 38
      vertex -25 -73 38.0857
    endloop
  endfacet
  facet normal -0 -1 0
    outer loop
      vertex -27 -73 38
      vertex -29 -73 39
      vertex -29 -73 37.9412
    endloop
  endfacet
  facet normal 0 -1 0
    outer loop
      vertex -25 -73 37
      vertex -29 -73 37.2333
      vertex -29 -73 37
    endloop
  endfacet
  facet normal 0 -1 0
    outer loop
      vertex -29 -73 37.2333
      vertex -25 -73 37
      vertex -25 -73 37.3667
    endloop
  endfacet
  facet normal 0 0.371391 -0.928477
    outer loop
      vertex -53 -67.5 36
      vertex -29 -65 37
      vertex -25 -65 37
    endloop
  endfacet
  facet normal 0 0.371391 -0.928477
    outer loop
      vertex -29 -65 37
      vertex -53 -67.5 36
      vertex -57 -67.5 36
    endloop
  endfacet
  facet normal -0.0889214 -0.996039 -0
    outer loop
      vertex -57 -70.5 36.5
      vertex -57 -70.5 36
      vertex -53 -70.8571 36.5
    endloop
  endfacet
  facet normal -0.0889319 -0.996038 0
    outer loop
      vertex -36 -72.375 37
      vertex -29 -73 37
      vertex -29 -73 37.2333
    endloop
  endfacet
  facet normal -0.0889385 -0.996037 0.000137913
    outer loop
      vertex -57 -70.5 36
      vertex -36 -72.375 37
      vertex -53 -70.8571 36.5
    endloop
  endfacet
  facet normal -0.0889319 -0.996038 0
    outer loop
      vertex -36 -72.375 37
      vertex -57 -70.5 36
      vertex -29 -73 37
    endloop
  endfacet
  facet normal -0.0889309 -0.996038 -2.04315e-05
    outer loop
      vertex -44 -71.6607 37.5
      vertex -29 -73 39
      vertex -57 -70.5 37.5
    endloop
  endfacet
  facet normal -0.0889329 -0.996038 -0
    outer loop
      vertex -29 -73 39
      vertex -44 -71.6607 37.5
      vertex -29 -73 37.9412
    endloop
  endfacet
  facet normal -0.0889309 -0.996038 0
    outer loop
      vertex -44 -71.6607 37.5
      vertex -57 -70.5 37.5
      vertex -57 -70.5 37.0667
    endloop
  endfacet
  facet normal -0 0 1
    outer loop
      vertex -29 -65 39
      vertex -25 -73 39
      vertex -25 -65 39
    endloop
  endfacet
  facet normal 0 0 1
    outer loop
      vertex -25 -73 39
      vertex -29 -65 39
      vertex -29 -73 39
    endloop
  endfacet
  facet normal 0 0 -1
    outer loop
      vertex -57 -70.5 36
      vertex -53 -67.5 36
      vertex -53 -70.5 36
    endloop
  endfacet
  facet normal -0 0 -1
    outer loop
      vertex -53 -67.5 36
      vertex -57 -70.5 36
      vertex -57 -67.5 36
    endloop
  endfacet
  facet normal 0 -0.371391 -0.928477
    outer loop
      vertex -29 -73 37
      vertex -53 -70.5 36
      vertex -25 -73 37
    endloop
  endfacet
  facet normal -0 -0.371391 -0.928477
    outer loop
      vertex -53 -70.5 36
      vertex -29 -73 37
      vertex -57 -70.5 36
    endloop
  endfacet
  facet normal 0 1 -0
    outer loop
      vertex -25 -65 37
      vertex -29 -65 37.2333
      vertex -25 -65 37.3667
    endloop
  endfacet
  facet normal 0 1 0
    outer loop
      vertex -29 -65 37.2333
      vertex -25 -65 37
      vertex -29 -65 37
    endloop
  endfacet
  facet normal 0 1 0
    outer loop
      vertex -27 -65 38
      vertex -25 -65 39
      vertex -25 -65 38.0857
    endloop
  endfacet
  facet normal 0 1 0
    outer loop
      vertex -25 -65 39
      vertex -27 -65 38
      vertex -29 -65 39
    endloop
  endfacet
  facet normal 0 1 0
    outer loop
      vertex -29 -65 39
      vertex -27 -65 38
      vertex -29 -65 37.9412
    endloop
  endfacet
  facet normal 0.0356915 0 -0.999363
    outer loop
      vertex -53 -70.5 36
      vertex -25 -65 37
      vertex -25 -73 37
    endloop
  endfacet
  facet normal 0.0356915 0 -0.999363
    outer loop
      vertex -25 -65 37
      vertex -53 -70.5 36
      vertex -53 -67.5 36
    endloop
  endfacet
  facet normal 1 -0 0
    outer loop
      vertex -79 -71 37
      vertex -79 -67 36.5
      vertex -79 -67 37
    endloop
  endfacet
  facet normal 1 0 0
    outer loop
      vertex -79 -67 36.5
      vertex -79 -71 37
      vertex -79 -71 36.5
    endloop
  endfacet
  facet normal -0.0293991 0 -0.999568
    outer loop
      vertex -102 -65.625 37
      vertex -85 -67 36.5
      vertex -85 -67.1429 36.5
    endloop
  endfacet
  facet normal -0.0293991 0 -0.999568
    outer loop
      vertex -85 -67 36.5
      vertex -102 -65.625 37
      vertex -102 -64 37
    endloop
  endfacet
  facet normal -0.0293991 -0 -0.999568
    outer loop
      vertex -102 -72.375 37
      vertex -85 -71 36.5
      vertex -102 -74 37
    endloop
  endfacet
  facet normal -0.0293991 0 -0.999568
    outer loop
      vertex -85 -71 36.5
      vertex -102 -72.375 37
      vertex -85 -70.8571 36.5
    endloop
  endfacet
  facet normal 0.196116 -0.980581 0
    outer loop
      vertex -94 -74 37
      vertex -79 -71 37
      vertex -94 -74 37.5
    endloop
  endfacet
  facet normal 0.196116 -0.980581 0
    outer loop
      vertex -79 -71 37
      vertex -94 -74 37
      vertex -79 -71 36.5
    endloop
  endfacet
  facet normal 0 0 -1
    outer loop
      vertex -79 -71 36.5
      vertex -81 -70.5 36.5
      vertex -79 -67 36.5
    endloop
  endfacet
  facet normal 0 0 -1
    outer loop
      vertex -85 -71 36.5
      vertex -81 -70.5 36.5
      vertex -79 -71 36.5
    endloop
  endfacet
  facet normal 0 0 -1
    outer loop
      vertex -81 -70.5 36.5
      vertex -85 -71 36.5
      vertex -85 -70.8571 36.5
    endloop
  endfacet
  facet normal 0 0 -1
    outer loop
      vertex -81 -67.5 36.5
      vertex -79 -67 36.5
      vertex -81 -70.5 36.5
    endloop
  endfacet
  facet normal 0 0 -1
    outer loop
      vertex -85 -67 36.5
      vertex -81 -67.5 36.5
      vertex -85 -67.1429 36.5
    endloop
  endfacet
  facet normal 0 0 -1
    outer loop
      vertex -81 -67.5 36.5
      vertex -85 -67 36.5
      vertex -79 -67 36.5
    endloop
  endfacet
  facet normal 0 -0.164399 -0.986394
    outer loop
      vertex -94 -74 37
      vertex -85 -71 36.5
      vertex -79 -71 36.5
    endloop
  endfacet
  facet normal 0 -0.164399 -0.986394
    outer loop
      vertex -85 -71 36.5
      vertex -94 -74 37
      vertex -102 -74 37
    endloop
  endfacet
  facet normal 0 0.164399 -0.986394
    outer loop
      vertex -85 -67 36.5
      vertex -94 -64 37
      vertex -79 -67 36.5
    endloop
  endfacet
  facet normal 0 0.164399 -0.986394
    outer loop
      vertex -94 -64 37
      vertex -85 -67 36.5
      vertex -102 -64 37
    endloop
  endfacet
  facet normal 0.0333315 0 0.999444
    outer loop
      vertex -79 -67 37
      vertex -81 -67.5 37.0667
      vertex -79 -71 37
    endloop
  endfacet
  facet normal 0.0333222 3.70165e-05 0.999445
    outer loop
      vertex -94 -64 37.5
      vertex -81 -67.5 37.0667
      vertex -79 -67 37
    endloop
  endfacet
  facet normal 0.0333123 0 0.999445
    outer loop
      vertex -81 -67.5 37.0667
      vertex -94 -64 37.5
      vertex -94 -66.3393 37.5
    endloop
  endfacet
  facet normal 0.0333315 -0 0.999444
    outer loop
      vertex -81 -70.5 37.0667
      vertex -79 -71 37
      vertex -81 -67.5 37.0667
    endloop
  endfacet
  facet normal 0.0333123 -0 0.999445
    outer loop
      vertex -94 -74 37.5
      vertex -81 -70.5 37.0667
      vertex -94 -71.6607 37.5
    endloop
  endfacet
  facet normal 0.0333222 -3.70165e-05 0.999445
    outer loop
      vertex -81 -70.5 37.0667
      vertex -94 -74 37.5
      vertex -79 -71 37
    endloop
  endfacet
  facet normal 0.196116 0.980581 0
    outer loop
      vertex -79 -67 37
      vertex -94 -64 37
      vertex -94 -64 37.5
    endloop
  endfacet
  facet normal 0.196116 0.980581 0
    outer loop
      vertex -94 -64 37
      vertex -79 -67 37
      vertex -79 -67 36.5
    endloop
  endfacet
  facet normal 0 1 -0
    outer loop
      vertex -111 -62 37.5
      vertex -117 -62 38
      vertex -111 -62 38
    endloop
  endfacet
  facet normal 0 1 0
    outer loop
      vertex -117 -62 38
      vertex -111 -62 37.5
      vertex -117 -62 37.5
    endloop
  endfacet
  facet normal 0 -0.242536 -0.970143
    outer loop
      vertex -111 -76 37.5
      vertex -102 -74 37
      vertex -94 -74 37
    endloop
  endfacet
  facet normal 0 -0.242536 -0.970143
    outer loop
      vertex -102 -74 37
      vertex -111 -76 37.5
      vertex -117 -76 37.5
    endloop
  endfacet
  facet normal -0.0333101 0 -0.999445
    outer loop
      vertex -102 -74 37
      vertex -109 -73 37.2333
      vertex -102 -72.375 37
    endloop
  endfacet
  facet normal -0.0333125 -1.72318e-05 -0.999445
    outer loop
      vertex -117 -76 37.5
      vertex -109 -73 37.2333
      vertex -102 -74 37
    endloop
  endfacet
  facet normal -0.0333065 0 -0.999445
    outer loop
      vertex -113 -73 37.3667
      vertex -117 -76 37.5
      vertex -113 -65 37.3667
    endloop
  endfacet
  facet normal -0.0333315 3.33148e-05 -0.999444
    outer loop
      vertex -109 -73 37.2333
      vertex -117 -76 37.5
      vertex -113 -73 37.3667
    endloop
  endfacet
  facet normal -0.0333101 0 -0.999445
    outer loop
      vertex -109 -65 37.2333
      vertex -102 -64 37
      vertex -102 -65.625 37
    endloop
  endfacet
  facet normal -0.0333315 -3.33148e-05 -0.999444
    outer loop
      vertex -117 -62 37.5
      vertex -109 -65 37.2333
      vertex -113 -65 37.3667
    endloop
  endfacet
  facet normal -0.0333125 1.72318e-05 -0.999445
    outer loop
      vertex -109 -65 37.2333
      vertex -117 -62 37.5
      vertex -102 -64 37
    endloop
  endfacet
  facet normal -0.0333065 -0 -0.999445
    outer loop
      vertex -117 -62 37.5
      vertex -113 -65 37.3667
      vertex -117 -76 37.5
    endloop
  endfacet
  facet normal 0.116841 -0.993151 0
    outer loop
      vertex -111 -76 37.5
      vertex -94 -74 37.5
      vertex -111 -76 38
    endloop
  endfacet
  facet normal 0.116841 -0.993151 0
    outer loop
      vertex -94 -74 37.5
      vertex -111 -76 37.5
      vertex -94 -74 37
    endloop
  endfacet
  facet normal 0.0294006 0 0.999568
    outer loop
      vertex -109 -73 37.9412
      vertex -94 -74 37.5
      vertex -94 -71.6607 37.5
    endloop
  endfacet
  facet normal 0.0293873 -0 0.999568
    outer loop
      vertex -111 -76 38
      vertex -109 -73 37.9412
      vertex -111 -73 38
    endloop
  endfacet
  facet normal 0.0294001 -8.50696e-06 0.999568
    outer loop
      vertex -109 -73 37.9412
      vertex -111 -76 38
      vertex -94 -74 37.5
    endloop
  endfacet
  facet normal 0.0294006 0 0.999568
    outer loop
      vertex -94 -64 37.5
      vertex -109 -65 37.9412
      vertex -94 -66.3393 37.5
    endloop
  endfacet
  facet normal 0.0294001 8.50696e-06 0.999568
    outer loop
      vertex -111 -62 38
      vertex -109 -65 37.9412
      vertex -94 -64 37.5
    endloop
  endfacet
  facet normal 0.0293873 0 0.999568
    outer loop
      vertex -109 -65 37.9412
      vertex -111 -62 38
      vertex -111 -65 38
    endloop
  endfacet
  facet normal 0 0.242536 -0.970143
    outer loop
      vertex -102 -64 37
      vertex -111 -62 37.5
      vertex -94 -64 37
    endloop
  endfacet
  facet normal 0 0.242536 -0.970143
    outer loop
      vertex -111 -62 37.5
      vertex -102 -64 37
      vertex -117 -62 37.5
    endloop
  endfacet
  facet normal 0.116841 0.993151 0
    outer loop
      vertex -94 -64 37.5
      vertex -111 -62 37.5
      vertex -111 -62 38
    endloop
  endfacet
  facet normal 0.116841 0.993151 0
    outer loop
      vertex -111 -62 37.5
      vertex -94 -64 37.5
      vertex -94 -64 37
    endloop
  endfacet
  facet normal 0 -1 0
    outer loop
      vertex -117 -76 37.5
      vertex -111 -76 38
      vertex -117 -76 38
    endloop
  endfacet
  facet normal 0 -1 -0
    outer loop
      vertex -111 -76 38
      vertex -117 -76 37.5
      vertex -111 -76 37.5
    endloop
  endfacet
  facet normal -0.164399 0 -0.986394
    outer loop
      vertex -120 -74 38
      vertex -117 -62 37.5
      vertex -117 -76 37.5
    endloop
  endfacet
  facet normal -0.164399 0 -0.986394
    outer loop
      vertex -117 -62 37.5
      vertex -120 -74 38
      vertex -120 -64 38
    endloop
  endfacet
  facet normal -0 0.14834 0.988936
    outer loop
      vertex -117 -62 38
      vertex -118 -64 38.3
      vertex -111 -62 38
    endloop
  endfacet
  facet normal 0 0.14834 0.988936
    outer loop
      vertex -118 -64 38.3
      vertex -117 -62 38
      vertex -120 -64 38.3
    endloop
  endfacet
  facet normal -1 0 0
    outer loop
      vertex -120 -74 38
      vertex -120 -64 38.3
      vertex -120 -64 38
    endloop
  endfacet
  facet normal -1 -0 0
    outer loop
      vertex -120 -64 38.3
      vertex -120 -74 38
      vertex -120 -74 38.3
    endloop
  endfacet
  facet normal -0.5547 -0.83205 0
    outer loop
      vertex -120 -74 38
      vertex -117 -76 38
      vertex -120 -74 38.3
    endloop
  endfacet
  facet normal -0.5547 -0.83205 -0
    outer loop
      vertex -117 -76 38
      vertex -120 -74 38
      vertex -117 -76 37.5
    endloop
  endfacet
  facet normal 0.0428107 0 0.999083
    outer loop
      vertex -111 -62 38
      vertex -113 -65 38.0857
      vertex -111 -65 38
    endloop
  endfacet
  facet normal 0.0428207 0 0.999083
    outer loop
      vertex -113 -65 38.0857
      vertex -118 -64 38.3
      vertex -113 -73 38.0857
    endloop
  endfacet
  facet normal 0.0428195 -5.87696e-06 0.999083
    outer loop
      vertex -118 -64 38.3
      vertex -113 -65 38.0857
      vertex -111 -62 38
    endloop
  endfacet
  facet normal 0.0428107 0 0.999083
    outer loop
      vertex -113 -73 38.0857
      vertex -111 -76 38
      vertex -111 -73 38
    endloop
  endfacet
  facet normal 0.0428195 5.87696e-06 0.999083
    outer loop
      vertex -113 -73 38.0857
      vertex -118 -74 38.3
      vertex -111 -76 38
    endloop
  endfacet
  facet normal 0.0428207 -0 0.999083
    outer loop
      vertex -118 -74 38.3
      vertex -113 -73 38.0857
      vertex -118 -64 38.3
    endloop
  endfacet
  facet normal -0 0 1
    outer loop
      vertex -120 -64 38.3
      vertex -118 -74 38.3
      vertex -118 -64 38.3
    endloop
  endfacet
  facet normal 0 0 1
    outer loop
      vertex -118 -74 38.3
      vertex -120 -64 38.3
      vertex -120 -74 38.3
    endloop
  endfacet
  facet normal -0.5547 0.83205 0
    outer loop
      vertex -117 -62 38
      vertex -120 -64 38
      vertex -120 -64 38.3
    endloop
  endfacet
  facet normal -0.5547 0.83205 0
    outer loop
      vertex -120 -64 38
      vertex -117 -62 38
      vertex -117 -62 37.5
    endloop
  endfacet
  facet normal 0 -0.14834 0.988936
    outer loop
      vertex -118 -74 38.3
      vertex -117 -76 38
      vertex -111 -76 38
    endloop
  endfacet
  facet normal 0 -0.14834 0.988936
    outer loop
      vertex -117 -76 38
      vertex -118 -74 38.3
      vertex -120 -74 38.3
    endloop
  endfacet
  facet normal -1 0 0
    outer loop
      vertex -113 -73 37
      vertex -113 -65 37.3667
      vertex -113 -65 37
    endloop
  endfacet
  facet normal -1 -0 0
    outer loop
      vertex -113 -65 37.3667
      vertex -113 -73 37
      vertex -113 -73 37.3667
    endloop
  endfacet
  facet normal -1 0 0
    outer loop
      vertex -113 -73 38.0857
      vertex -113 -65 39
      vertex -113 -65 38.0857
    endloop
  endfacet
  facet normal -1 -0 0
    outer loop
      vertex -113 -65 39
      vertex -113 -73 38.0857
      vertex -113 -73 39
    endloop
  endfacet
  facet normal 0.0889319 -0.996038 0
    outer loop
      vertex -109 -73 37
      vertex -102 -72.375 37
      vertex -109 -73 37.2333
    endloop
  endfacet
  facet normal 0.0889319 -0.996038 0
    outer loop
      vertex -81 -70.5 36
      vertex -102 -72.375 37
      vertex -109 -73 37
    endloop
  endfacet
  facet normal 0.0889214 -0.996039 0
    outer loop
      vertex -85 -70.8571 36.5
      vertex -81 -70.5 36
      vertex -81 -70.5 36.5
    endloop
  endfacet
  facet normal 0.0889385 -0.996037 0.000137913
    outer loop
      vertex -102 -72.375 37
      vertex -81 -70.5 36
      vertex -85 -70.8571 36.5
    endloop
  endfacet
  facet normal 0.0889329 -0.996038 0
    outer loop
      vertex -94 -71.6607 37.5
      vertex -109 -73 39
      vertex -109 -73 37.9412
    endloop
  endfacet
  facet normal 0.0889309 -0.996038 -2.04315e-05
    outer loop
      vertex -94 -71.6607 37.5
      vertex -81 -70.5 37.5
      vertex -109 -73 39
    endloop
  endfacet
  facet normal 0.0889309 -0.996038 0
    outer loop
      vertex -81 -70.5 37.5
      vertex -94 -71.6607 37.5
      vertex -81 -70.5 37.0667
    endloop
  endfacet
  facet normal 1 -0 0
    outer loop
      vertex -81 -70.5 36.5
      vertex -81 -67.5 36
      vertex -81 -67.5 36.5
    endloop
  endfacet
  facet normal 1 0 0
    outer loop
      vertex -81 -67.5 36
      vertex -81 -70.5 36.5
      vertex -81 -70.5 36
    endloop
  endfacet
  facet normal 1 -0 0
    outer loop
      vertex -81 -70.5 37.5
      vertex -81 -67.5 37.0667
      vertex -81 -67.5 37.5
    endloop
  endfacet
  facet normal 1 0 0
    outer loop
      vertex -81 -67.5 37.0667
      vertex -81 -70.5 37.5
      vertex -81 -70.5 37.0667
    endloop
  endfacet
  facet normal 0.0534947 0 0.998568
    outer loop
      vertex -109 -65 39
      vertex -81 -70.5 37.5
      vertex -81 -67.5 37.5
    endloop
  endfacet
  facet normal 0.0534947 0 0.998568
    outer loop
      vertex -81 -70.5 37.5
      vertex -109 -65 39
      vertex -109 -73 39
    endloop
  endfacet
  facet normal 0 1 -0
    outer loop
      vertex -111 -65 38
      vertex -113 -65 39
      vertex -109 -65 39
    endloop
  endfacet
  facet normal 0 1 0
    outer loop
      vertex -113 -65 39
      vertex -111 -65 38
      vertex -113 -65 38.0857
    endloop
  endfacet
  facet normal -0 1 0
    outer loop
      vertex -111 -65 38
      vertex -109 -65 39
      vertex -109 -65 37.9412
    endloop
  endfacet
  facet normal 0 1 0
    outer loop
      vertex -113 -65 37
      vertex -109 -65 37.2333
      vertex -109 -65 37
    endloop
  endfacet
  facet normal 0 1 0
    outer loop
      vertex -109 -65 37.2333
      vertex -113 -65 37
      vertex -113 -65 37.3667
    endloop
  endfacet
  facet normal 0 -0.371391 -0.928477
    outer loop
      vertex -109 -73 37
      vertex -85 -70.5 36
      vertex -81 -70.5 36
    endloop
  endfacet
  facet normal 0 -0.371391 -0.928477
    outer loop
      vertex -85 -70.5 36
      vertex -109 -73 37
      vertex -113 -73 37
    endloop
  endfacet
  facet normal 0.0889214 0.996039 0
    outer loop
      vertex -81 -67.5 36.5
      vertex -81 -67.5 36
      vertex -85 -67.1429 36.5
    endloop
  endfacet
  facet normal 0.0889319 0.996038 0
    outer loop
      vertex -102 -65.625 37
      vertex -109 -65 37
      vertex -109 -65 37.2333
    endloop
  endfacet
  facet normal 0.0889385 0.996037 0.000137913
    outer loop
      vertex -81 -67.5 36
      vertex -102 -65.625 37
      vertex -85 -67.1429 36.5
    endloop
  endfacet
  facet normal 0.0889319 0.996038 0
    outer loop
      vertex -102 -65.625 37
      vertex -81 -67.5 36
      vertex -109 -65 37
    endloop
  endfacet
  facet normal 0.0889309 0.996038 -2.04315e-05
    outer loop
      vertex -94 -66.3393 37.5
      vertex -109 -65 39
      vertex -81 -67.5 37.5
    endloop
  endfacet
  facet normal 0.0889329 0.996038 0
    outer loop
      vertex -109 -65 39
      vertex -94 -66.3393 37.5
      vertex -109 -65 37.9412
    endloop
  endfacet
  facet normal 0.0889309 0.996038 0
    outer loop
      vertex -94 -66.3393 37.5
      vertex -81 -67.5 37.5
      vertex -81 -67.5 37.0667
    endloop
  endfacet
  facet normal -0 0 1
    outer loop
      vertex -113 -65 39
      vertex -109 -73 39
      vertex -109 -65 39
    endloop
  endfacet
  facet normal 0 0 1
    outer loop
      vertex -109 -73 39
      vertex -113 -65 39
      vertex -113 -73 39
    endloop
  endfacet
  facet normal 0 0 -1
    outer loop
      vertex -85 -70.5 36
      vertex -81 -67.5 36
      vertex -81 -70.5 36
    endloop
  endfacet
  facet normal -0 0 -1
    outer loop
      vertex -81 -67.5 36
      vertex -85 -70.5 36
      vertex -85 -67.5 36
    endloop
  endfacet
  facet normal 0 0.371391 -0.928477
    outer loop
      vertex -85 -67.5 36
      vertex -109 -65 37
      vertex -81 -67.5 36
    endloop
  endfacet
  facet normal 0 0.371391 -0.928477
    outer loop
      vertex -109 -65 37
      vertex -85 -67.5 36
      vertex -113 -65 37
    endloop
  endfacet
  facet normal 0 -1 0
    outer loop
      vertex -113 -73 37
      vertex -109 -73 37.2333
      vertex -113 -73 37.3667
    endloop
  endfacet
  facet normal 0 -1 -0
    outer loop
      vertex -109 -73 37.2333
      vertex -113 -73 37
      vertex -109 -73 37
    endloop
  endfacet
  facet normal 0 -1 0
    outer loop
      vertex -111 -73 38
      vertex -113 -73 39
      vertex -113 -73 38.0857
    endloop
  endfacet
  facet normal 0 -1 0
    outer loop
      vertex -113 -73 39
      vertex -111 -73 38
      vertex -109 -73 39
    endloop
  endfacet
  facet normal 0 -1 -0
    outer loop
      vertex -109 -73 39
      vertex -111 -73 38
      vertex -109 -73 37.9412
    endloop
  endfacet
  facet normal -0.0356915 0 -0.999363
    outer loop
      vertex -113 -73 37
      vertex -85 -67.5 36
      vertex -85 -70.5 36
    endloop
  endfacet
  facet normal -0.0356915 0 -0.999363
    outer loop
      vertex -85 -67.5 36
      vertex -113 -73 37
      vertex -113 -65 37
    endloop
  endfacet
  facet normal 0.784886 0.193466 0.588664
    outer loop
      vertex -65.4582 -67.1411 36
      vertex -66.5 -69 38
      vertex -65 -69 36
    endloop
  endfacet
  facet normal 0.605112 0.536001 0.588678
    outer loop
      vertex -65.4582 -67.1411 36
      vertex -67.5798 -66.9425 38
      vertex -66.7864 -67.8382 38
    endloop
  endfacet
  facet normal 0.784886 -0.193466 0.588664
    outer loop
      vertex -65 -69 36
      vertex -66.5 -69 38
      vertex -65.4582 -70.8589 36
    endloop
  endfacet
  facet normal -0.459224 0.665276 0.58866
    outer loop
      vertex -70.4184 -65.2599 36
      vertex -71.994 -66.3475 36
      vertex -70.8713 -67.3422 38
    endloop
  endfacet
  facet normal -0.0974142 0.802496 0.588652
    outer loop
      vertex -68.5179 -65.0292 36
      vertex -70.4184 -65.2599 36
      vertex -68.6987 -66.5182 38
    endloop
  endfacet
  facet normal -0.0974142 -0.802496 0.588652
    outer loop
      vertex -68.6987 -71.4818 38
      vertex -70.4184 -72.7401 36
      vertex -68.5179 -72.9708 36
    endloop
  endfacet
  facet normal -0.459176 0.665288 0.588684
    outer loop
      vertex -70.4184 -65.2599 36
      vertex -70.8713 -67.3422 38
      vertex -69.8865 -66.6625 38
    endloop
  endfacet
  facet normal 0.784875 -0.193483 0.588674
    outer loop
      vertex -66.5 -69 38
      vertex -66.7864 -70.1618 38
      vertex -65.4582 -70.8589 36
    endloop
  endfacet
  facet normal 0.605092 0.536053 0.588652
    outer loop
      vertex -66.7277 -65.7081 36
      vertex -67.5798 -66.9425 38
      vertex -65.4582 -67.1411 36
    endloop
  endfacet
  facet normal 0.286635 -0.75587 0.588644
    outer loop
      vertex -67.5798 -71.0575 38
      vertex -68.6987 -71.4818 38
      vertex -66.7277 -72.2919 36
    endloop
  endfacet
  facet normal -0.715773 -0.375705 0.588656
    outer loop
      vertex -70.8713 -70.6578 38
      vertex -72.8838 -69.9573 36
      vertex -71.994 -71.6525 36
    endloop
  endfacet
  facet normal 0.605092 -0.536053 0.588652
    outer loop
      vertex -65.4582 -70.8589 36
      vertex -67.5798 -71.0575 38
      vertex -66.7277 -72.2919 36
    endloop
  endfacet
  facet normal 0 0 1
    outer loop
      vertex -65 -69 36
      vertex -64 -69 36
      vertex -64.3806 -67.0866 36
    endloop
  endfacet
  facet normal 0 0 1
    outer loop
      vertex -64 -69 36
      vertex -65 -69 36
      vertex -64.3806 -70.9134 36
    endloop
  endfacet
  facet normal 0 0 1
    outer loop
      vertex -64.3806 -67.0866 36
      vertex -65.4582 -67.1411 36
      vertex -65 -69 36
    endloop
  endfacet
  facet normal 0 0 1
    outer loop
      vertex -65.4645 -65.4645 36
      vertex -65.4582 -67.1411 36
      vertex -64.3806 -67.0866 36
    endloop
  endfacet
  facet normal 0 0 1
    outer loop
      vertex -65.4645 -65.4645 36
      vertex -66.7277 -65.7081 36
      vertex -65.4582 -67.1411 36
    endloop
  endfacet
  facet normal 0 0 1
    outer loop
      vertex -67.0866 -64.3806 36
      vertex -66.7277 -65.7081 36
      vertex -65.4645 -65.4645 36
    endloop
  endfacet
  facet normal 0 0 1
    outer loop
      vertex -67.0866 -64.3806 36
      vertex -68.5179 -65.0292 36
      vertex -66.7277 -65.7081 36
    endloop
  endfacet
  facet normal 0 0 1
    outer loop
      vertex -69 -64 36
      vertex -68.5179 -65.0292 36
      vertex -67.0866 -64.3806 36
    endloop
  endfacet
  facet normal 0 0 1
    outer loop
      vertex -69 -64 36
      vertex -70.4184 -65.2599 36
      vertex -68.5179 -65.0292 36
    endloop
  endfacet
  facet normal -0 0 1
    outer loop
      vertex -70.9134 -64.3806 36
      vertex -70.4184 -65.2599 36
      vertex -69 -64 36
    endloop
  endfacet
  facet normal 0 0 1
    outer loop
      vertex -72.5355 -65.4645 36
      vertex -70.4184 -65.2599 36
      vertex -70.9134 -64.3806 36
    endloop
  endfacet
  facet normal 0 0 1
    outer loop
      vertex -70.4184 -65.2599 36
      vertex -72.5355 -65.4645 36
      vertex -71.994 -66.3475 36
    endloop
  endfacet
  facet normal 0 0 1
    outer loop
      vertex -73.6194 -67.0866 36
      vertex -71.994 -66.3475 36
      vertex -72.5355 -65.4645 36
    endloop
  endfacet
  facet normal 0 0 1
    outer loop
      vertex -74 -69 36
      vertex -72.8838 -68.0427 36
      vertex -73.6194 -67.0866 36
    endloop
  endfacet
  facet normal 0 0 1
    outer loop
      vertex -71.994 -66.3475 36
      vertex -73.6194 -67.0866 36
      vertex -72.8838 -68.0427 36
    endloop
  endfacet
  facet normal -0 0 1
    outer loop
      vertex -65.4582 -70.8589 36
      vertex -64.3806 -70.9134 36
      vertex -65 -69 36
    endloop
  endfacet
  facet normal 0 0 1
    outer loop
      vertex -65.4582 -70.8589 36
      vertex -65.4645 -72.5355 36
      vertex -64.3806 -70.9134 36
    endloop
  endfacet
  facet normal -0 0 1
    outer loop
      vertex -66.7277 -72.2919 36
      vertex -65.4645 -72.5355 36
      vertex -65.4582 -70.8589 36
    endloop
  endfacet
  facet normal 0 0 1
    outer loop
      vertex -66.7277 -72.2919 36
      vertex -67.0866 -73.6194 36
      vertex -65.4645 -72.5355 36
    endloop
  endfacet
  facet normal -0 0 1
    outer loop
      vertex -68.5179 -72.9708 36
      vertex -67.0866 -73.6194 36
      vertex -66.7277 -72.2919 36
    endloop
  endfacet
  facet normal 0 0 1
    outer loop
      vertex -68.5179 -72.9708 36
      vertex -69 -74 36
      vertex -67.0866 -73.6194 36
    endloop
  endfacet
  facet normal 0 0 1
    outer loop
      vertex -70.4184 -72.7401 36
      vertex -69 -74 36
      vertex -68.5179 -72.9708 36
    endloop
  endfacet
  facet normal 0 0 1
    outer loop
      vertex -70.4184 -72.7401 36
      vertex -70.9134 -73.6194 36
      vertex -69 -74 36
    endloop
  endfacet
  facet normal -0 0 1
    outer loop
      vertex -72.5355 -72.5355 36
      vertex -70.4184 -72.7401 36
      vertex -71.994 -71.6525 36
    endloop
  endfacet
  facet normal 0 0 1
    outer loop
      vertex -70.4184 -72.7401 36
      vertex -72.5355 -72.5355 36
      vertex -70.9134 -73.6194 36
    endloop
  endfacet
  facet normal -0 0 1
    outer loop
      vertex -73.6194 -70.9134 36
      vertex -71.994 -71.6525 36
      vertex -72.8838 -69.9573 36
    endloop
  endfacet
  facet normal 0 0 1
    outer loop
      vertex -72.8838 -68.0427 36
      vertex -74 -69 36
      vertex -72.8838 -69.9573 36
    endloop
  endfacet
  facet normal 0 0 1
    outer loop
      vertex -71.994 -71.6525 36
      vertex -73.6194 -70.9134 36
      vertex -72.5355 -72.5355 36
    endloop
  endfacet
  facet normal 0 0 1
    outer loop
      vertex -72.8838 -69.9573 36
      vertex -74 -69 36
      vertex -73.6194 -70.9134 36
    endloop
  endfacet
  facet normal 0.286646 -0.75586 0.588651
    outer loop
      vertex -66.7277 -72.2919 36
      vertex -68.6987 -71.4818 38
      vertex -68.5179 -72.9708 36
    endloop
  endfacet
  facet normal 0.286635 0.75587 0.588644
    outer loop
      vertex -66.7277 -65.7081 36
      vertex -68.6987 -66.5182 38
      vertex -67.5798 -66.9425 38
    endloop
  endfacet
  facet normal 0.605112 -0.536001 0.588678
    outer loop
      vertex -66.7864 -70.1618 38
      vertex -67.5798 -71.0575 38
      vertex -65.4582 -70.8589 36
    endloop
  endfacet
  facet normal -0.715773 0.375705 0.588656
    outer loop
      vertex -71.994 -66.3475 36
      vertex -72.8838 -68.0427 36
      vertex -70.8713 -67.3422 38
    endloop
  endfacet
  facet normal 0.286646 0.75586 0.588651
    outer loop
      vertex -68.5179 -65.0292 36
      vertex -68.6987 -66.5182 38
      vertex -66.7277 -65.7081 36
    endloop
  endfacet
  facet normal -0.0974867 0.802458 0.588691
    outer loop
      vertex -68.6987 -66.5182 38
      vertex -70.4184 -65.2599 36
      vertex -69.8865 -66.6625 38
    endloop
  endfacet
  facet normal -0.715775 0.375689 0.588663
    outer loop
      vertex -70.8713 -67.3422 38
      vertex -72.8838 -68.0427 36
      vertex -71.4274 -68.4017 38
    endloop
  endfacet
  facet normal -0.808379 0 0.588662
    outer loop
      vertex -72.8838 -68.0427 36
      vertex -71.4274 -69.5983 38
      vertex -71.4274 -68.4017 38
    endloop
  endfacet
  facet normal -0.808379 0 0.588662
    outer loop
      vertex -71.4274 -69.5983 38
      vertex -72.8838 -68.0427 36
      vertex -72.8838 -69.9573 36
    endloop
  endfacet
  facet normal 0.784875 0.193483 0.588674
    outer loop
      vertex -65.4582 -67.1411 36
      vertex -66.7864 -67.8382 38
      vertex -66.5 -69 38
    endloop
  endfacet
  facet normal 0 0 1
    outer loop
      vertex -66.7864 -67.8382 38
      vertex -66.7864 -70.1618 38
      vertex -66.5 -69 38
    endloop
  endfacet
  facet normal 0 0 1
    outer loop
      vertex -67.5798 -66.9425 38
      vertex -66.7864 -70.1618 38
      vertex -66.7864 -67.8382 38
    endloop
  endfacet
  facet normal 0 0 1
    outer loop
      vertex -67.5798 -66.9425 38
      vertex -67.5798 -71.0575 38
      vertex -66.7864 -70.1618 38
    endloop
  endfacet
  facet normal 0 0 1
    outer loop
      vertex -68.6987 -66.5182 38
      vertex -67.5798 -71.0575 38
      vertex -67.5798 -66.9425 38
    endloop
  endfacet
  facet normal 0 0 1
    outer loop
      vertex -68.6987 -66.5182 38
      vertex -68.6987 -71.4818 38
      vertex -67.5798 -71.0575 38
    endloop
  endfacet
  facet normal -0 0 1
    outer loop
      vertex -69.8865 -66.6625 38
      vertex -68.6987 -71.4818 38
      vertex -68.6987 -66.5182 38
    endloop
  endfacet
  facet normal 0 0 1
    outer loop
      vertex -69.8865 -66.6625 38
      vertex -69.8865 -71.3375 38
      vertex -68.6987 -71.4818 38
    endloop
  endfacet
  facet normal -0 0 1
    outer loop
      vertex -70.8713 -67.3422 38
      vertex -69.8865 -71.3375 38
      vertex -69.8865 -66.6625 38
    endloop
  endfacet
  facet normal 0 0 1
    outer loop
      vertex -70.8713 -67.3422 38
      vertex -70.8713 -70.6578 38
      vertex -69.8865 -71.3375 38
    endloop
  endfacet
  facet normal -0 0 1
    outer loop
      vertex -71.4274 -68.4017 38
      vertex -70.8713 -70.6578 38
      vertex -70.8713 -67.3422 38
    endloop
  endfacet
  facet normal 0 0 1
    outer loop
      vertex -70.8713 -70.6578 38
      vertex -71.4274 -68.4017 38
      vertex -71.4274 -69.5983 38
    endloop
  endfacet
  facet normal -0.459224 -0.665276 0.58866
    outer loop
      vertex -70.8713 -70.6578 38
      vertex -71.994 -71.6525 36
      vertex -70.4184 -72.7401 36
    endloop
  endfacet
  facet normal -0.715775 -0.375689 0.588663
    outer loop
      vertex -71.4274 -69.5983 38
      vertex -72.8838 -69.9573 36
      vertex -70.8713 -70.6578 38
    endloop
  endfacet
  facet normal -0.459176 -0.665288 0.588684
    outer loop
      vertex -69.8865 -71.3375 38
      vertex -70.8713 -70.6578 38
      vertex -70.4184 -72.7401 36
    endloop
  endfacet
  facet normal -0.0974867 -0.802458 0.588691
    outer loop
      vertex -69.8865 -71.3375 38
      vertex -70.4184 -72.7401 36
      vertex -68.6987 -71.4818 38
    endloop
  endfacet
  facet normal 0.831458 0.555587 0
    outer loop
      vertex -64.3806 -67.0866 36
      vertex -65.4645 -65.4645 32
      vertex -65.4645 -65.4645 36
    endloop
  endfacet
  facet normal 0.831458 0.555587 0
    outer loop
      vertex -65.4645 -65.4645 32
      vertex -64.3806 -67.0866 36
      vertex -64.3806 -67.0866 32
    endloop
  endfacet
  facet normal 0.980785 0.195091 0
    outer loop
      vertex -64 -69 36
      vertex -64.3806 -67.0866 32
      vertex -64.3806 -67.0866 36
    endloop
  endfacet
  facet normal 0.980785 0.195091 0
    outer loop
      vertex -64.3806 -67.0866 32
      vertex -64 -69 36
      vertex -64 -69 32
    endloop
  endfacet
  facet normal -0.980785 0.195091 0
    outer loop
      vertex -74 -69 32
      vertex -73.6194 -67.0866 36
      vertex -73.6194 -67.0866 32
    endloop
  endfacet
  facet normal -0.980785 0.195091 0
    outer loop
      vertex -73.6194 -67.0866 36
      vertex -74 -69 32
      vertex -74 -69 36
    endloop
  endfacet
  facet normal -0.980785 -0.195091 0
    outer loop
      vertex -73.6194 -70.9134 32
      vertex -74 -69 36
      vertex -74 -69 32
    endloop
  endfacet
  facet normal -0.980785 -0.195091 0
    outer loop
      vertex -74 -69 36
      vertex -73.6194 -70.9134 32
      vertex -73.6194 -70.9134 36
    endloop
  endfacet
  facet normal -0.195091 0.980785 0
    outer loop
      vertex -69 -64 32
      vertex -70.9134 -64.3806 36
      vertex -69 -64 36
    endloop
  endfacet
  facet normal -0.195091 0.980785 0
    outer loop
      vertex -70.9134 -64.3806 36
      vertex -69 -64 32
      vertex -70.9134 -64.3806 32
    endloop
  endfacet
  facet normal 0.195091 -0.980785 0
    outer loop
      vertex -69 -74 32
      vertex -67.0866 -73.6194 36
      vertex -69 -74 36
    endloop
  endfacet
  facet normal 0.195091 -0.980785 0
    outer loop
      vertex -67.0866 -73.6194 36
      vertex -69 -74 32
      vertex -67.0866 -73.6194 32
    endloop
  endfacet
  facet normal 0.831458 -0.555587 0
    outer loop
      vertex -65.4645 -72.5355 36
      vertex -64.3806 -70.9134 32
      vertex -64.3806 -70.9134 36
    endloop
  endfacet
  facet normal 0.831458 -0.555587 0
    outer loop
      vertex -64.3806 -70.9134 32
      vertex -65.4645 -72.5355 36
      vertex -65.4645 -72.5355 32
    endloop
  endfacet
  facet normal 0.555587 0.831458 -0
    outer loop
      vertex -65.4645 -65.4645 32
      vertex -67.0866 -64.3806 36
      vertex -65.4645 -65.4645 36
    endloop
  endfacet
  facet normal 0.555587 0.831458 0
    outer loop
      vertex -67.0866 -64.3806 36
      vertex -65.4645 -65.4645 32
      vertex -67.0866 -64.3806 32
    endloop
  endfacet
  facet normal 0.980785 -0.195091 0
    outer loop
      vertex -64.3806 -70.9134 36
      vertex -64 -69 32
      vertex -64 -69 36
    endloop
  endfacet
  facet normal 0.980785 -0.195091 0
    outer loop
      vertex -64 -69 32
      vertex -64.3806 -70.9134 36
      vertex -64.3806 -70.9134 32
    endloop
  endfacet
  facet normal -0.831458 0.555587 0
    outer loop
      vertex -73.6194 -67.0866 32
      vertex -72.5355 -65.4645 36
      vertex -72.5355 -65.4645 32
    endloop
  endfacet
  facet normal -0.831458 0.555587 0
    outer loop
      vertex -72.5355 -65.4645 36
      vertex -73.6194 -67.0866 32
      vertex -73.6194 -67.0866 36
    endloop
  endfacet
  facet normal 0.555587 -0.831458 0
    outer loop
      vertex -67.0866 -73.6194 32
      vertex -65.4645 -72.5355 36
      vertex -67.0866 -73.6194 36
    endloop
  endfacet
  facet normal 0.555587 -0.831458 0
    outer loop
      vertex -65.4645 -72.5355 36
      vertex -67.0866 -73.6194 32
      vertex -65.4645 -72.5355 32
    endloop
  endfacet
  facet normal 0.195091 0.980785 -0
    outer loop
      vertex -67.0866 -64.3806 32
      vertex -69 -64 36
      vertex -67.0866 -64.3806 36
    endloop
  endfacet
  facet normal 0.195091 0.980785 0
    outer loop
      vertex -69 -64 36
      vertex -67.0866 -64.3806 32
      vertex -69 -64 32
    endloop
  endfacet
  facet normal -0.555587 0.831458 0
    outer loop
      vertex -70.9134 -64.3806 32
      vertex -72.5355 -65.4645 36
      vertex -70.9134 -64.3806 36
    endloop
  endfacet
  facet normal -0.555587 0.831458 0
    outer loop
      vertex -72.5355 -65.4645 36
      vertex -70.9134 -64.3806 32
      vertex -72.5355 -65.4645 32
    endloop
  endfacet
  facet normal 0 0 -1
    outer loop
      vertex -64.3806 -70.9134 32
      vertex -64.3806 -67.0866 32
      vertex -64 -69 32
    endloop
  endfacet
  facet normal 0 0 -1
    outer loop
      vertex -65.4645 -72.5355 32
      vertex -64.3806 -67.0866 32
      vertex -64.3806 -70.9134 32
    endloop
  endfacet
  facet normal 0 0 -1
    outer loop
      vertex -65.4645 -72.5355 32
      vertex -65.4645 -65.4645 32
      vertex -64.3806 -67.0866 32
    endloop
  endfacet
  facet normal 0 0 -1
    outer loop
      vertex -67.0866 -73.6194 32
      vertex -65.4645 -65.4645 32
      vertex -65.4645 -72.5355 32
    endloop
  endfacet
  facet normal 0 0 -1
    outer loop
      vertex -67.0866 -73.6194 32
      vertex -67.0866 -64.3806 32
      vertex -65.4645 -65.4645 32
    endloop
  endfacet
  facet normal 0 0 -1
    outer loop
      vertex -69 -74 32
      vertex -67.0866 -64.3806 32
      vertex -67.0866 -73.6194 32
    endloop
  endfacet
  facet normal 0 0 -1
    outer loop
      vertex -69 -74 32
      vertex -69 -64 32
      vertex -67.0866 -64.3806 32
    endloop
  endfacet
  facet normal 0 0 -1
    outer loop
      vertex -70.9134 -73.6194 32
      vertex -69 -64 32
      vertex -69 -74 32
    endloop
  endfacet
  facet normal 0 0 -1
    outer loop
      vertex -70.9134 -73.6194 32
      vertex -70.9134 -64.3806 32
      vertex -69 -64 32
    endloop
  endfacet
  facet normal 0 0 -1
    outer loop
      vertex -72.5355 -72.5355 32
      vertex -70.9134 -64.3806 32
      vertex -70.9134 -73.6194 32
    endloop
  endfacet
  facet normal 0 0 -1
    outer loop
      vertex -72.5355 -72.5355 32
      vertex -72.5355 -65.4645 32
      vertex -70.9134 -64.3806 32
    endloop
  endfacet
  facet normal 0 0 -1
    outer loop
      vertex -73.6194 -70.9134 32
      vertex -72.5355 -65.4645 32
      vertex -72.5355 -72.5355 32
    endloop
  endfacet
  facet normal 0 0 -1
    outer loop
      vertex -73.6194 -70.9134 32
      vertex -73.6194 -67.0866 32
      vertex -72.5355 -65.4645 32
    endloop
  endfacet
  facet normal 0 -0 -1
    outer loop
      vertex -73.6194 -67.0866 32
      vertex -73.6194 -70.9134 32
      vertex -74 -69 32
    endloop
  endfacet
  facet normal -0.831458 -0.555587 0
    outer loop
      vertex -72.5355 -72.5355 32
      vertex -73.6194 -70.9134 36
      vertex -73.6194 -70.9134 32
    endloop
  endfacet
  facet normal -0.831458 -0.555587 0
    outer loop
      vertex -73.6194 -70.9134 36
      vertex -72.5355 -72.5355 32
      vertex -72.5355 -72.5355 36
    endloop
  endfacet
  facet normal -0.195091 -0.980785 0
    outer loop
      vertex -70.9134 -73.6194 32
      vertex -69 -74 36
      vertex -70.9134 -73.6194 36
    endloop
  endfacet
  facet normal -0.195091 -0.980785 -0
    outer loop
      vertex -69 -74 36
      vertex -70.9134 -73.6194 32
      vertex -69 -74 32
    endloop
  endfacet
  facet normal -0.555587 -0.831458 0
    outer loop
      vertex -72.5355 -72.5355 32
      vertex -70.9134 -73.6194 36
      vertex -72.5355 -72.5355 36
    endloop
  endfacet
  facet normal -0.555587 -0.831458 -0
    outer loop
      vertex -70.9134 -73.6194 36
      vertex -72.5355 -72.5355 32
      vertex -70.9134 -73.6194 32
    endloop
  endfacet
  facet normal -1 0 0
    outer loop
      vertex 79 -71 36.5
      vertex 79 -67 37
      vertex 79 -67 36.5
    endloop
  endfacet
  facet normal -1 -0 0
    outer loop
      vertex 79 -67 37
      vertex 79 -71 36.5
      vertex 79 -71 37
    endloop
  endfacet
  facet normal 0.0293991 0 -0.999568
    outer loop
      vertex 85 -71 36.5
      vertex 102 -72.375 37
      vertex 102 -74 37
    endloop
  endfacet
  facet normal 0.0293991 0 -0.999568
    outer loop
      vertex 102 -72.375 37
      vertex 85 -71 36.5
      vertex 85 -70.8571 36.5
    endloop
  endfacet
  facet normal 0.0293991 0 -0.999568
    outer loop
      vertex 85 -67 36.5
      vertex 102 -65.625 37
      vertex 85 -67.1429 36.5
    endloop
  endfacet
  facet normal 0.0293991 0 -0.999568
    outer loop
      vertex 102 -65.625 37
      vertex 85 -67 36.5
      vertex 102 -64 37
    endloop
  endfacet
  facet normal -0.196116 0.980581 0
    outer loop
      vertex 94 -64 37
      vertex 79 -67 37
      vertex 94 -64 37.5
    endloop
  endfacet
  facet normal -0.196116 0.980581 0
    outer loop
      vertex 79 -67 37
      vertex 94 -64 37
      vertex 79 -67 36.5
    endloop
  endfacet
  facet normal 0 0 -1
    outer loop
      vertex 85 -71 36.5
      vertex 81 -70.5 36.5
      vertex 85 -70.8571 36.5
    endloop
  endfacet
  facet normal -0 0 -1
    outer loop
      vertex 81 -70.5 36.5
      vertex 79 -71 36.5
      vertex 81 -67.5 36.5
    endloop
  endfacet
  facet normal 0 0 -1
    outer loop
      vertex 79 -71 36.5
      vertex 81 -70.5 36.5
      vertex 85 -71 36.5
    endloop
  endfacet
  facet normal 0 0 -1
    outer loop
      vertex 81 -67.5 36.5
      vertex 85 -67 36.5
      vertex 85 -67.1429 36.5
    endloop
  endfacet
  facet normal 0 0 -1
    outer loop
      vertex 81 -67.5 36.5
      vertex 79 -67 36.5
      vertex 85 -67 36.5
    endloop
  endfacet
  facet normal 0 0 -1
    outer loop
      vertex 79 -67 36.5
      vertex 81 -67.5 36.5
      vertex 79 -71 36.5
    endloop
  endfacet
  facet normal 0 0.164399 -0.986394
    outer loop
      vertex 85 -67 36.5
      vertex 94 -64 37
      vertex 102 -64 37
    endloop
  endfacet
  facet normal 0 0.164399 -0.986394
    outer loop
      vertex 94 -64 37
      vertex 85 -67 36.5
      vertex 79 -67 36.5
    endloop
  endfacet
  facet normal 0 -0.164399 -0.986394
    outer loop
      vertex 94 -74 37
      vertex 85 -71 36.5
      vertex 102 -74 37
    endloop
  endfacet
  facet normal -0 -0.164399 -0.986394
    outer loop
      vertex 85 -71 36.5
      vertex 94 -74 37
      vertex 79 -71 36.5
    endloop
  endfacet
  facet normal -0.0333123 0 0.999445
    outer loop
      vertex 94 -64 37.5
      vertex 81 -67.5 37.0667
      vertex 94 -66.3393 37.5
    endloop
  endfacet
  facet normal -0.0333315 0 0.999444
    outer loop
      vertex 81 -67.5 37.0667
      vertex 79 -67 37
      vertex 81 -70.5 37.0667
    endloop
  endfacet
  facet normal -0.0333222 3.70165e-05 0.999445
    outer loop
      vertex 79 -67 37
      vertex 81 -67.5 37.0667
      vertex 94 -64 37.5
    endloop
  endfacet
  facet normal -0.0333123 0 0.999445
    outer loop
      vertex 81 -70.5 37.0667
      vertex 94 -74 37.5
      vertex 94 -71.6607 37.5
    endloop
  endfacet
  facet normal -0.0333222 -3.70165e-05 0.999445
    outer loop
      vertex 81 -70.5 37.0667
      vertex 79 -71 37
      vertex 94 -74 37.5
    endloop
  endfacet
  facet normal -0.0333315 0 0.999444
    outer loop
      vertex 79 -71 37
      vertex 81 -70.5 37.0667
      vertex 79 -67 37
    endloop
  endfacet
  facet normal -0.196116 -0.980581 0
    outer loop
      vertex 79 -71 37
      vertex 94 -74 37
      vertex 94 -74 37.5
    endloop
  endfacet
  facet normal -0.196116 -0.980581 0
    outer loop
      vertex 94 -74 37
      vertex 79 -71 37
      vertex 79 -71 36.5
    endloop
  endfacet
  facet normal 0 -1 0
    outer loop
      vertex 111 -76 37.5
      vertex 117 -76 38
      vertex 111 -76 38
    endloop
  endfacet
  facet normal 0 -1 -0
    outer loop
      vertex 117 -76 38
      vertex 111 -76 37.5
      vertex 117 -76 37.5
    endloop
  endfacet
  facet normal 0 0.242536 -0.970143
    outer loop
      vertex 102 -64 37
      vertex 111 -62 37.5
      vertex 117 -62 37.5
    endloop
  endfacet
  facet normal 0 0.242536 -0.970143
    outer loop
      vertex 111 -62 37.5
      vertex 102 -64 37
      vertex 94 -64 37
    endloop
  endfacet
  facet normal 0.0333065 0 -0.999445
    outer loop
      vertex 117 -76 37.5
      vertex 113 -73 37.3667
      vertex 117 -62 37.5
    endloop
  endfacet
  facet normal 0.0333315 3.33148e-05 -0.999444
    outer loop
      vertex 117 -76 37.5
      vertex 109 -73 37.2333
      vertex 113 -73 37.3667
    endloop
  endfacet
  facet normal 0.0333125 -1.72318e-05 -0.999445
    outer loop
      vertex 102 -74 37
      vertex 109 -73 37.2333
      vertex 117 -76 37.5
    endloop
  endfacet
  facet normal 0.0333101 0 -0.999445
    outer loop
      vertex 109 -73 37.2333
      vertex 102 -74 37
      vertex 102 -72.375 37
    endloop
  endfacet
  facet normal 0.0333065 0 -0.999445
    outer loop
      vertex 113 -65 37.3667
      vertex 117 -62 37.5
      vertex 113 -73 37.3667
    endloop
  endfacet
  facet normal 0.0333315 -3.33148e-05 -0.999444
    outer loop
      vertex 109 -65 37.2333
      vertex 117 -62 37.5
      vertex 113 -65 37.3667
    endloop
  endfacet
  facet normal 0.0333101 0 -0.999445
    outer loop
      vertex 102 -64 37
      vertex 109 -65 37.2333
      vertex 102 -65.625 37
    endloop
  endfacet
  facet normal 0.0333125 1.72318e-05 -0.999445
    outer loop
      vertex 109 -65 37.2333
      vertex 102 -64 37
      vertex 117 -62 37.5
    endloop
  endfacet
  facet normal -0.116841 0.993151 0
    outer loop
      vertex 111 -62 37.5
      vertex 94 -64 37.5
      vertex 111 -62 38
    endloop
  endfacet
  facet normal -0.116841 0.993151 0
    outer loop
      vertex 94 -64 37.5
      vertex 111 -62 37.5
      vertex 94 -64 37
    endloop
  endfacet
  facet normal -0.0293873 0 0.999568
    outer loop
      vertex 111 -62 38
      vertex 109 -65 37.9412
      vertex 111 -65 38
    endloop
  endfacet
  facet normal -0.0294001 8.50696e-06 0.999568
    outer loop
      vertex 94 -64 37.5
      vertex 109 -65 37.9412
      vertex 111 -62 38
    endloop
  endfacet
  facet normal -0.0294006 0 0.999568
    outer loop
      vertex 109 -65 37.9412
      vertex 94 -64 37.5
      vertex 94 -66.3393 37.5
    endloop
  endfacet
  facet normal -0.0293873 0 0.999568
    outer loop
      vertex 109 -73 37.9412
      vertex 111 -76 38
      vertex 111 -73 38
    endloop
  endfacet
  facet normal -0.0294006 0 0.999568
    outer loop
      vertex 94 -74 37.5
      vertex 109 -73 37.9412
      vertex 94 -71.6607 37.5
    endloop
  endfacet
  facet normal -0.0294001 -8.50696e-06 0.999568
    outer loop
      vertex 109 -73 37.9412
      vertex 94 -74 37.5
      vertex 111 -76 38
    endloop
  endfacet
  facet normal 0 -0.242536 -0.970143
    outer loop
      vertex 111 -76 37.5
      vertex 102 -74 37
      vertex 117 -76 37.5
    endloop
  endfacet
  facet normal -0 -0.242536 -0.970143
    outer loop
      vertex 102 -74 37
      vertex 111 -76 37.5
      vertex 94 -74 37
    endloop
  endfacet
  facet normal 0 1 -0
    outer loop
      vertex 117 -62 37.5
      vertex 111 -62 38
      vertex 117 -62 38
    endloop
  endfacet
  facet normal 0 1 0
    outer loop
      vertex 111 -62 38
      vertex 117 -62 37.5
      vertex 111 -62 37.5
    endloop
  endfacet
  facet normal -0.116841 -0.993151 0
    outer loop
      vertex 94 -74 37.5
      vertex 111 -76 37.5
      vertex 111 -76 38
    endloop
  endfacet
  facet normal -0.116841 -0.993151 0
    outer loop
      vertex 111 -76 37.5
      vertex 94 -74 37.5
      vertex 94 -74 37
    endloop
  endfacet
  facet normal 0.164399 0 -0.986394
    outer loop
      vertex 117 -76 37.5
      vertex 120 -64 38
      vertex 120 -74 38
    endloop
  endfacet
  facet normal 0.164399 0 -0.986394
    outer loop
      vertex 120 -64 38
      vertex 117 -76 37.5
      vertex 117 -62 37.5
    endloop
  endfacet
  facet normal 0 -0.14834 0.988936
    outer loop
      vertex 118 -74 38.3
      vertex 117 -76 38
      vertex 120 -74 38.3
    endloop
  endfacet
  facet normal 0 -0.14834 0.988936
    outer loop
      vertex 117 -76 38
      vertex 118 -74 38.3
      vertex 111 -76 38
    endloop
  endfacet
  facet normal 1 -0 0
    outer loop
      vertex 120 -74 38.3
      vertex 120 -64 38
      vertex 120 -64 38.3
    endloop
  endfacet
  facet normal 1 0 0
    outer loop
      vertex 120 -64 38
      vertex 120 -74 38.3
      vertex 120 -74 38
    endloop
  endfacet
  facet normal 0.5547 0.83205 -0
    outer loop
      vertex 120 -64 38
      vertex 117 -62 38
      vertex 120 -64 38.3
    endloop
  endfacet
  facet normal 0.5547 0.83205 0
    outer loop
      vertex 117 -62 38
      vertex 120 -64 38
      vertex 117 -62 37.5
    endloop
  endfacet
  facet normal -0.0428207 0 0.999083
    outer loop
      vertex 118 -64 38.3
      vertex 113 -65 38.0857
      vertex 118 -74 38.3
    endloop
  endfacet
  facet normal -0.0428195 -5.87696e-06 0.999083
    outer loop
      vertex 111 -62 38
      vertex 113 -65 38.0857
      vertex 118 -64 38.3
    endloop
  endfacet
  facet normal -0.0428107 0 0.999083
    outer loop
      vertex 113 -65 38.0857
      vertex 111 -62 38
      vertex 111 -65 38
    endloop
  endfacet
  facet normal -0.0428207 0 0.999083
    outer loop
      vertex 113 -73 38.0857
      vertex 118 -74 38.3
      vertex 113 -65 38.0857
    endloop
  endfacet
  facet normal -0.0428107 0 0.999083
    outer loop
      vertex 111 -76 38
      vertex 113 -73 38.0857
      vertex 111 -73 38
    endloop
  endfacet
  facet normal -0.0428195 5.87696e-06 0.999083
    outer loop
      vertex 113 -73 38.0857
      vertex 111 -76 38
      vertex 118 -74 38.3
    endloop
  endfacet
  facet normal -0 0 1
    outer loop
      vertex 118 -64 38.3
      vertex 120 -74 38.3
      vertex 120 -64 38.3
    endloop
  endfacet
  facet normal 0 0 1
    outer loop
      vertex 120 -74 38.3
      vertex 118 -64 38.3
      vertex 118 -74 38.3
    endloop
  endfacet
  facet normal 0.5547 -0.83205 0
    outer loop
      vertex 117 -76 38
      vertex 120 -74 38
      vertex 120 -74 38.3
    endloop
  endfacet
  facet normal 0.5547 -0.83205 0
    outer loop
      vertex 120 -74 38
      vertex 117 -76 38
      vertex 117 -76 37.5
    endloop
  endfacet
  facet normal 0 0.14834 0.988936
    outer loop
      vertex 117 -62 38
      vertex 118 -64 38.3
      vertex 120 -64 38.3
    endloop
  endfacet
  facet normal 0 0.14834 0.988936
    outer loop
      vertex 118 -64 38.3
      vertex 117 -62 38
      vertex 111 -62 38
    endloop
  endfacet
  facet normal 1 -0 0
    outer loop
      vertex 113 -73 37.3667
      vertex 113 -65 37
      vertex 113 -65 37.3667
    endloop
  endfacet
  facet normal 1 0 0
    outer loop
      vertex 113 -65 37
      vertex 113 -73 37.3667
      vertex 113 -73 37
    endloop
  endfacet
  facet normal 1 -0 0
    outer loop
      vertex 113 -73 39
      vertex 113 -65 38.0857
      vertex 113 -65 39
    endloop
  endfacet
  facet normal 1 0 0
    outer loop
      vertex 113 -65 38.0857
      vertex 113 -73 39
      vertex 113 -73 38.0857
    endloop
  endfacet
  facet normal -0.0889319 0.996038 0
    outer loop
      vertex 109 -65 37
      vertex 102 -65.625 37
      vertex 109 -65 37.2333
    endloop
  endfacet
  facet normal -0.0889319 0.996038 0
    outer loop
      vertex 81 -67.5 36
      vertex 102 -65.625 37
      vertex 109 -65 37
    endloop
  endfacet
  facet normal -0.0889214 0.996039 0
    outer loop
      vertex 85 -67.1429 36.5
      vertex 81 -67.5 36
      vertex 81 -67.5 36.5
    endloop
  endfacet
  facet normal -0.0889385 0.996037 0.000137913
    outer loop
      vertex 102 -65.625 37
      vertex 81 -67.5 36
      vertex 85 -67.1429 36.5
    endloop
  endfacet
  facet normal -0.0889329 0.996038 0
    outer loop
      vertex 94 -66.3393 37.5
      vertex 109 -65 39
      vertex 109 -65 37.9412
    endloop
  endfacet
  facet normal -0.0889309 0.996038 -2.04315e-05
    outer loop
      vertex 94 -66.3393 37.5
      vertex 81 -67.5 37.5
      vertex 109 -65 39
    endloop
  endfacet
  facet normal -0.0889309 0.996038 0
    outer loop
      vertex 81 -67.5 37.5
      vertex 94 -66.3393 37.5
      vertex 81 -67.5 37.0667
    endloop
  endfacet
  facet normal -1 0 0
    outer loop
      vertex 81 -70.5 36
      vertex 81 -67.5 36.5
      vertex 81 -67.5 36
    endloop
  endfacet
  facet normal -1 -0 0
    outer loop
      vertex 81 -67.5 36.5
      vertex 81 -70.5 36
      vertex 81 -70.5 36.5
    endloop
  endfacet
  facet normal -1 0 0
    outer loop
      vertex 81 -70.5 37.0667
      vertex 81 -67.5 37.5
      vertex 81 -67.5 37.0667
    endloop
  endfacet
  facet normal -1 -0 0
    outer loop
      vertex 81 -67.5 37.5
      vertex 81 -70.5 37.0667
      vertex 81 -70.5 37.5
    endloop
  endfacet
  facet normal -0.0534947 0 0.998568
    outer loop
      vertex 81 -67.5 37.5
      vertex 109 -73 39
      vertex 109 -65 39
    endloop
  endfacet
  facet normal -0.0534947 0 0.998568
    outer loop
      vertex 109 -73 39
      vertex 81 -67.5 37.5
      vertex 81 -70.5 37.5
    endloop
  endfacet
  facet normal 0 -1 0
    outer loop
      vertex 111 -73 38
      vertex 113 -73 39
      vertex 109 -73 39
    endloop
  endfacet
  facet normal 0 -1 -0
    outer loop
      vertex 113 -73 39
      vertex 111 -73 38
      vertex 113 -73 38.0857
    endloop
  endfacet
  facet normal -0 -1 0
    outer loop
      vertex 111 -73 38
      vertex 109 -73 39
      vertex 109 -73 37.9412
    endloop
  endfacet
  facet normal 0 -1 0
    outer loop
      vertex 113 -73 37
      vertex 109 -73 37.2333
      vertex 109 -73 37
    endloop
  endfacet
  facet normal 0 -1 0
    outer loop
      vertex 109 -73 37.2333
      vertex 113 -73 37
      vertex 113 -73 37.3667
    endloop
  endfacet
  facet normal 0 0.371391 -0.928477
    outer loop
      vertex 85 -67.5 36
      vertex 109 -65 37
      vertex 113 -65 37
    endloop
  endfacet
  facet normal 0 0.371391 -0.928477
    outer loop
      vertex 109 -65 37
      vertex 85 -67.5 36
      vertex 81 -67.5 36
    endloop
  endfacet
  facet normal -0.0889214 -0.996039 -0
    outer loop
      vertex 81 -70.5 36.5
      vertex 81 -70.5 36
      vertex 85 -70.8571 36.5
    endloop
  endfacet
  facet normal -0.0889319 -0.996038 0
    outer loop
      vertex 102 -72.375 37
      vertex 109 -73 37
      vertex 109 -73 37.2333
    endloop
  endfacet
  facet normal -0.0889385 -0.996037 0.000137913
    outer loop
      vertex 81 -70.5 36
      vertex 102 -72.375 37
      vertex 85 -70.8571 36.5
    endloop
  endfacet
  facet normal -0.0889319 -0.996038 0
    outer loop
      vertex 102 -72.375 37
      vertex 81 -70.5 36
      vertex 109 -73 37
    endloop
  endfacet
  facet normal -0.0889309 -0.996038 -2.04315e-05
    outer loop
      vertex 94 -71.6607 37.5
      vertex 109 -73 39
      vertex 81 -70.5 37.5
    endloop
  endfacet
  facet normal -0.0889329 -0.996038 -0
    outer loop
      vertex 109 -73 39
      vertex 94 -71.6607 37.5
      vertex 109 -73 37.9412
    endloop
  endfacet
  facet normal -0.0889309 -0.996038 0
    outer loop
      vertex 94 -71.6607 37.5
      vertex 81 -70.5 37.5
      vertex 81 -70.5 37.0667
    endloop
  endfacet
  facet normal -0 0 1
    outer loop
      vertex 109 -65 39
      vertex 113 -73 39
      vertex 113 -65 39
    endloop
  endfacet
  facet normal 0 0 1
    outer loop
      vertex 113 -73 39
      vertex 109 -65 39
      vertex 109 -73 39
    endloop
  endfacet
  facet normal 0 0 -1
    outer loop
      vertex 81 -70.5 36
      vertex 85 -67.5 36
      vertex 85 -70.5 36
    endloop
  endfacet
  facet normal -0 0 -1
    outer loop
      vertex 85 -67.5 36
      vertex 81 -70.5 36
      vertex 81 -67.5 36
    endloop
  endfacet
  facet normal 0 -0.371391 -0.928477
    outer loop
      vertex 109 -73 37
      vertex 85 -70.5 36
      vertex 113 -73 37
    endloop
  endfacet
  facet normal -0 -0.371391 -0.928477
    outer loop
      vertex 85 -70.5 36
      vertex 109 -73 37
      vertex 81 -70.5 36
    endloop
  endfacet
  facet normal 0 1 -0
    outer loop
      vertex 113 -65 37
      vertex 109 -65 37.2333
      vertex 113 -65 37.3667
    endloop
  endfacet
  facet normal 0 1 0
    outer loop
      vertex 109 -65 37.2333
      vertex 113 -65 37
      vertex 109 -65 37
    endloop
  endfacet
  facet normal 0 1 0
    outer loop
      vertex 111 -65 38
      vertex 113 -65 39
      vertex 113 -65 38.0857
    endloop
  endfacet
  facet normal 0 1 0
    outer loop
      vertex 113 -65 39
      vertex 111 -65 38
      vertex 109 -65 39
    endloop
  endfacet
  facet normal 0 1 0
    outer loop
      vertex 109 -65 39
      vertex 111 -65 38
      vertex 109 -65 37.9412
    endloop
  endfacet
  facet normal 0.0356915 0 -0.999363
    outer loop
      vertex 85 -70.5 36
      vertex 113 -65 37
      vertex 113 -73 37
    endloop
  endfacet
  facet normal 0.0356915 0 -0.999363
    outer loop
      vertex 113 -65 37
      vertex 85 -70.5 36
      vertex 85 -67.5 36
    endloop
  endfacet
  facet normal 1 -0 0
    outer loop
      vertex 59 -71 37
      vertex 59 -67 36.5
      vertex 59 -67 37
    endloop
  endfacet
  facet normal 1 0 0
    outer loop
      vertex 59 -67 36.5
      vertex 59 -71 37
      vertex 59 -71 36.5
    endloop
  endfacet
  facet normal -0.0293991 0 -0.999568
    outer loop
      vertex 36 -65.625 37
      vertex 53 -67 36.5
      vertex 53 -67.1429 36.5
    endloop
  endfacet
  facet normal -0.0293991 0 -0.999568
    outer loop
      vertex 53 -67 36.5
      vertex 36 -65.625 37
      vertex 36 -64 37
    endloop
  endfacet
  facet normal -0.0293991 -0 -0.999568
    outer loop
      vertex 36 -72.375 37
      vertex 53 -71 36.5
      vertex 36 -74 37
    endloop
  endfacet
  facet normal -0.0293991 0 -0.999568
    outer loop
      vertex 53 -71 36.5
      vertex 36 -72.375 37
      vertex 53 -70.8571 36.5
    endloop
  endfacet
  facet normal 0.196116 -0.980581 0
    outer loop
      vertex 44 -74 37
      vertex 59 -71 37
      vertex 44 -74 37.5
    endloop
  endfacet
  facet normal 0.196116 -0.980581 0
    outer loop
      vertex 59 -71 37
      vertex 44 -74 37
      vertex 59 -71 36.5
    endloop
  endfacet
  facet normal 0 0 -1
    outer loop
      vertex 59 -71 36.5
      vertex 57 -70.5 36.5
      vertex 59 -67 36.5
    endloop
  endfacet
  facet normal 0 0 -1
    outer loop
      vertex 53 -71 36.5
      vertex 57 -70.5 36.5
      vertex 59 -71 36.5
    endloop
  endfacet
  facet normal 0 0 -1
    outer loop
      vertex 57 -70.5 36.5
      vertex 53 -71 36.5
      vertex 53 -70.8571 36.5
    endloop
  endfacet
  facet normal 0 0 -1
    outer loop
      vertex 57 -67.5 36.5
      vertex 59 -67 36.5
      vertex 57 -70.5 36.5
    endloop
  endfacet
  facet normal 0 0 -1
    outer loop
      vertex 53 -67 36.5
      vertex 57 -67.5 36.5
      vertex 53 -67.1429 36.5
    endloop
  endfacet
  facet normal 0 0 -1
    outer loop
      vertex 57 -67.5 36.5
      vertex 53 -67 36.5
      vertex 59 -67 36.5
    endloop
  endfacet
  facet normal 0 -0.164399 -0.986394
    outer loop
      vertex 44 -74 37
      vertex 53 -71 36.5
      vertex 59 -71 36.5
    endloop
  endfacet
  facet normal 0 -0.164399 -0.986394
    outer loop
      vertex 53 -71 36.5
      vertex 44 -74 37
      vertex 36 -74 37
    endloop
  endfacet
  facet normal 0 0.164399 -0.986394
    outer loop
      vertex 53 -67 36.5
      vertex 44 -64 37
      vertex 59 -67 36.5
    endloop
  endfacet
  facet normal 0 0.164399 -0.986394
    outer loop
      vertex 44 -64 37
      vertex 53 -67 36.5
      vertex 36 -64 37
    endloop
  endfacet
  facet normal 0.0333315 0 0.999444
    outer loop
      vertex 59 -67 37
      vertex 57 -67.5 37.0667
      vertex 59 -71 37
    endloop
  endfacet
  facet normal 0.0333222 3.70165e-05 0.999445
    outer loop
      vertex 44 -64 37.5
      vertex 57 -67.5 37.0667
      vertex 59 -67 37
    endloop
  endfacet
  facet normal 0.0333123 0 0.999445
    outer loop
      vertex 57 -67.5 37.0667
      vertex 44 -64 37.5
      vertex 44 -66.3393 37.5
    endloop
  endfacet
  facet normal 0.0333315 -0 0.999444
    outer loop
      vertex 57 -70.5 37.0667
      vertex 59 -71 37
      vertex 57 -67.5 37.0667
    endloop
  endfacet
  facet normal 0.0333123 -0 0.999445
    outer loop
      vertex 44 -74 37.5
      vertex 57 -70.5 37.0667
      vertex 44 -71.6607 37.5
    endloop
  endfacet
  facet normal 0.0333222 -3.70165e-05 0.999445
    outer loop
      vertex 57 -70.5 37.0667
      vertex 44 -74 37.5
      vertex 59 -71 37
    endloop
  endfacet
  facet normal 0.196116 0.980581 0
    outer loop
      vertex 59 -67 37
      vertex 44 -64 37
      vertex 44 -64 37.5
    endloop
  endfacet
  facet normal 0.196116 0.980581 0
    outer loop
      vertex 44 -64 37
      vertex 59 -67 37
      vertex 59 -67 36.5
    endloop
  endfacet
  facet normal 0 1 -0
    outer loop
      vertex 27 -62 37.5
      vertex 21 -62 38
      vertex 27 -62 38
    endloop
  endfacet
  facet normal 0 1 0
    outer loop
      vertex 21 -62 38
      vertex 27 -62 37.5
      vertex 21 -62 37.5
    endloop
  endfacet
  facet normal 0 -0.242536 -0.970143
    outer loop
      vertex 27 -76 37.5
      vertex 36 -74 37
      vertex 44 -74 37
    endloop
  endfacet
  facet normal 0 -0.242536 -0.970143
    outer loop
      vertex 36 -74 37
      vertex 27 -76 37.5
      vertex 21 -76 37.5
    endloop
  endfacet
  facet normal -0.0333101 0 -0.999445
    outer loop
      vertex 36 -74 37
      vertex 29 -73 37.2333
      vertex 36 -72.375 37
    endloop
  endfacet
  facet normal -0.0333125 -1.72318e-05 -0.999445
    outer loop
      vertex 21 -76 37.5
      vertex 29 -73 37.2333
      vertex 36 -74 37
    endloop
  endfacet
  facet normal -0.0333065 0 -0.999445
    outer loop
      vertex 25 -73 37.3667
      vertex 21 -76 37.5
      vertex 25 -65 37.3667
    endloop
  endfacet
  facet normal -0.0333315 3.33148e-05 -0.999444
    outer loop
      vertex 29 -73 37.2333
      vertex 21 -76 37.5
      vertex 25 -73 37.3667
    endloop
  endfacet
  facet normal -0.0333101 0 -0.999445
    outer loop
      vertex 29 -65 37.2333
      vertex 36 -64 37
      vertex 36 -65.625 37
    endloop
  endfacet
  facet normal -0.0333315 -3.33148e-05 -0.999444
    outer loop
      vertex 21 -62 37.5
      vertex 29 -65 37.2333
      vertex 25 -65 37.3667
    endloop
  endfacet
  facet normal -0.0333125 1.72318e-05 -0.999445
    outer loop
      vertex 29 -65 37.2333
      vertex 21 -62 37.5
      vertex 36 -64 37
    endloop
  endfacet
  facet normal -0.0333065 -0 -0.999445
    outer loop
      vertex 21 -62 37.5
      vertex 25 -65 37.3667
      vertex 21 -76 37.5
    endloop
  endfacet
  facet normal 0.116841 -0.993151 0
    outer loop
      vertex 27 -76 37.5
      vertex 44 -74 37.5
      vertex 27 -76 38
    endloop
  endfacet
  facet normal 0.116841 -0.993151 0
    outer loop
      vertex 44 -74 37.5
      vertex 27 -76 37.5
      vertex 44 -74 37
    endloop
  endfacet
  facet normal 0.0294006 0 0.999568
    outer loop
      vertex 29 -73 37.9412
      vertex 44 -74 37.5
      vertex 44 -71.6607 37.5
    endloop
  endfacet
  facet normal 0.0293873 -0 0.999568
    outer loop
      vertex 27 -76 38
      vertex 29 -73 37.9412
      vertex 27 -73 38
    endloop
  endfacet
  facet normal 0.0294001 -8.50696e-06 0.999568
    outer loop
      vertex 29 -73 37.9412
      vertex 27 -76 38
      vertex 44 -74 37.5
    endloop
  endfacet
  facet normal 0.0294006 0 0.999568
    outer loop
      vertex 44 -64 37.5
      vertex 29 -65 37.9412
      vertex 44 -66.3393 37.5
    endloop
  endfacet
  facet normal 0.0294001 8.50696e-06 0.999568
    outer loop
      vertex 27 -62 38
      vertex 29 -65 37.9412
      vertex 44 -64 37.5
    endloop
  endfacet
  facet normal 0.0293873 0 0.999568
    outer loop
      vertex 29 -65 37.9412
      vertex 27 -62 38
      vertex 27 -65 38
    endloop
  endfacet
  facet normal 0 0.242536 -0.970143
    outer loop
      vertex 36 -64 37
      vertex 27 -62 37.5
      vertex 44 -64 37
    endloop
  endfacet
  facet normal 0 0.242536 -0.970143
    outer loop
      vertex 27 -62 37.5
      vertex 36 -64 37
      vertex 21 -62 37.5
    endloop
  endfacet
  facet normal 0.116841 0.993151 0
    outer loop
      vertex 44 -64 37.5
      vertex 27 -62 37.5
      vertex 27 -62 38
    endloop
  endfacet
  facet normal 0.116841 0.993151 0
    outer loop
      vertex 27 -62 37.5
      vertex 44 -64 37.5
      vertex 44 -64 37
    endloop
  endfacet
  facet normal 0 -1 0
    outer loop
      vertex 21 -76 37.5
      vertex 27 -76 38
      vertex 21 -76 38
    endloop
  endfacet
  facet normal 0 -1 -0
    outer loop
      vertex 27 -76 38
      vertex 21 -76 37.5
      vertex 27 -76 37.5
    endloop
  endfacet
  facet normal -0.164399 0 -0.986394
    outer loop
      vertex 18 -74 38
      vertex 21 -62 37.5
      vertex 21 -76 37.5
    endloop
  endfacet
  facet normal -0.164399 0 -0.986394
    outer loop
      vertex 21 -62 37.5
      vertex 18 -74 38
      vertex 18 -64 38
    endloop
  endfacet
  facet normal -0 0.14834 0.988936
    outer loop
      vertex 21 -62 38
      vertex 20 -64 38.3
      vertex 27 -62 38
    endloop
  endfacet
  facet normal 0 0.14834 0.988936
    outer loop
      vertex 20 -64 38.3
      vertex 21 -62 38
      vertex 18 -64 38.3
    endloop
  endfacet
  facet normal -1 0 0
    outer loop
      vertex 18 -74 38
      vertex 18 -64 38.3
      vertex 18 -64 38
    endloop
  endfacet
  facet normal -1 -0 0
    outer loop
      vertex 18 -64 38.3
      vertex 18 -74 38
      vertex 18 -74 38.3
    endloop
  endfacet
  facet normal -0.5547 -0.83205 0
    outer loop
      vertex 18 -74 38
      vertex 21 -76 38
      vertex 18 -74 38.3
    endloop
  endfacet
  facet normal -0.5547 -0.83205 -0
    outer loop
      vertex 21 -76 38
      vertex 18 -74 38
      vertex 21 -76 37.5
    endloop
  endfacet
  facet normal 0.0428107 0 0.999083
    outer loop
      vertex 27 -62 38
      vertex 25 -65 38.0857
      vertex 27 -65 38
    endloop
  endfacet
  facet normal 0.0428207 0 0.999083
    outer loop
      vertex 25 -65 38.0857
      vertex 20 -64 38.3
      vertex 25 -73 38.0857
    endloop
  endfacet
  facet normal 0.0428195 -5.87696e-06 0.999083
    outer loop
      vertex 20 -64 38.3
      vertex 25 -65 38.0857
      vertex 27 -62 38
    endloop
  endfacet
  facet normal 0.0428107 0 0.999083
    outer loop
      vertex 25 -73 38.0857
      vertex 27 -76 38
      vertex 27 -73 38
    endloop
  endfacet
  facet normal 0.0428195 5.87696e-06 0.999083
    outer loop
      vertex 25 -73 38.0857
      vertex 20 -74 38.3
      vertex 27 -76 38
    endloop
  endfacet
  facet normal 0.0428207 -0 0.999083
    outer loop
      vertex 20 -74 38.3
      vertex 25 -73 38.0857
      vertex 20 -64 38.3
    endloop
  endfacet
  facet normal -0 0 1
    outer loop
      vertex 18 -64 38.3
      vertex 20 -74 38.3
      vertex 20 -64 38.3
    endloop
  endfacet
  facet normal 0 0 1
    outer loop
      vertex 20 -74 38.3
      vertex 18 -64 38.3
      vertex 18 -74 38.3
    endloop
  endfacet
  facet normal -0.5547 0.83205 0
    outer loop
      vertex 21 -62 38
      vertex 18 -64 38
      vertex 18 -64 38.3
    endloop
  endfacet
  facet normal -0.5547 0.83205 0
    outer loop
      vertex 18 -64 38
      vertex 21 -62 38
      vertex 21 -62 37.5
    endloop
  endfacet
  facet normal 0 -0.14834 0.988936
    outer loop
      vertex 20 -74 38.3
      vertex 21 -76 38
      vertex 27 -76 38
    endloop
  endfacet
  facet normal 0 -0.14834 0.988936
    outer loop
      vertex 21 -76 38
      vertex 20 -74 38.3
      vertex 18 -74 38.3
    endloop
  endfacet
  facet normal -1 0 0
    outer loop
      vertex 25 -73 37
      vertex 25 -65 37.3667
      vertex 25 -65 37
    endloop
  endfacet
  facet normal -1 -0 0
    outer loop
      vertex 25 -65 37.3667
      vertex 25 -73 37
      vertex 25 -73 37.3667
    endloop
  endfacet
  facet normal -1 0 0
    outer loop
      vertex 25 -73 38.0857
      vertex 25 -65 39
      vertex 25 -65 38.0857
    endloop
  endfacet
  facet normal -1 -0 0
    outer loop
      vertex 25 -65 39
      vertex 25 -73 38.0857
      vertex 25 -73 39
    endloop
  endfacet
  facet normal 0.0889319 -0.996038 0
    outer loop
      vertex 29 -73 37
      vertex 36 -72.375 37
      vertex 29 -73 37.2333
    endloop
  endfacet
  facet normal 0.0889319 -0.996038 0
    outer loop
      vertex 57 -70.5 36
      vertex 36 -72.375 37
      vertex 29 -73 37
    endloop
  endfacet
  facet normal 0.0889214 -0.996039 0
    outer loop
      vertex 53 -70.8571 36.5
      vertex 57 -70.5 36
      vertex 57 -70.5 36.5
    endloop
  endfacet
  facet normal 0.0889385 -0.996037 0.000137913
    outer loop
      vertex 36 -72.375 37
      vertex 57 -70.5 36
      vertex 53 -70.8571 36.5
    endloop
  endfacet
  facet normal 0.0889329 -0.996038 0
    outer loop
      vertex 44 -71.6607 37.5
      vertex 29 -73 39
      vertex 29 -73 37.9412
    endloop
  endfacet
  facet normal 0.0889309 -0.996038 -2.04315e-05
    outer loop
      vertex 44 -71.6607 37.5
      vertex 57 -70.5 37.5
      vertex 29 -73 39
    endloop
  endfacet
  facet normal 0.0889309 -0.996038 0
    outer loop
      vertex 57 -70.5 37.5
      vertex 44 -71.6607 37.5
      vertex 57 -70.5 37.0667
    endloop
  endfacet
  facet normal 1 -0 0
    outer loop
      vertex 57 -70.5 36.5
      vertex 57 -67.5 36
      vertex 57 -67.5 36.5
    endloop
  endfacet
  facet normal 1 0 0
    outer loop
      vertex 57 -67.5 36
      vertex 57 -70.5 36.5
      vertex 57 -70.5 36
    endloop
  endfacet
  facet normal 1 -0 0
    outer loop
      vertex 57 -70.5 37.5
      vertex 57 -67.5 37.0667
      vertex 57 -67.5 37.5
    endloop
  endfacet
  facet normal 1 0 0
    outer loop
      vertex 57 -67.5 37.0667
      vertex 57 -70.5 37.5
      vertex 57 -70.5 37.0667
    endloop
  endfacet
  facet normal 0.0534947 0 0.998568
    outer loop
      vertex 29 -65 39
      vertex 57 -70.5 37.5
      vertex 57 -67.5 37.5
    endloop
  endfacet
  facet normal 0.0534947 0 0.998568
    outer loop
      vertex 57 -70.5 37.5
      vertex 29 -65 39
      vertex 29 -73 39
    endloop
  endfacet
  facet normal 0 1 -0
    outer loop
      vertex 27 -65 38
      vertex 25 -65 39
      vertex 29 -65 39
    endloop
  endfacet
  facet normal 0 1 0
    outer loop
      vertex 25 -65 39
      vertex 27 -65 38
      vertex 25 -65 38.0857
    endloop
  endfacet
  facet normal -0 1 0
    outer loop
      vertex 27 -65 38
      vertex 29 -65 39
      vertex 29 -65 37.9412
    endloop
  endfacet
  facet normal 0 1 0
    outer loop
      vertex 25 -65 37
      vertex 29 -65 37.2333
      vertex 29 -65 37
    endloop
  endfacet
  facet normal 0 1 0
    outer loop
      vertex 29 -65 37.2333
      vertex 25 -65 37
      vertex 25 -65 37.3667
    endloop
  endfacet
  facet normal 0 -0.371391 -0.928477
    outer loop
      vertex 29 -73 37
      vertex 53 -70.5 36
      vertex 57 -70.5 36
    endloop
  endfacet
  facet normal 0 -0.371391 -0.928477
    outer loop
      vertex 53 -70.5 36
      vertex 29 -73 37
      vertex 25 -73 37
    endloop
  endfacet
  facet normal 0.0889214 0.996039 0
    outer loop
      vertex 57 -67.5 36.5
      vertex 57 -67.5 36
      vertex 53 -67.1429 36.5
    endloop
  endfacet
  facet normal 0.0889319 0.996038 0
    outer loop
      vertex 36 -65.625 37
      vertex 29 -65 37
      vertex 29 -65 37.2333
    endloop
  endfacet
  facet normal 0.0889385 0.996037 0.000137913
    outer loop
      vertex 57 -67.5 36
      vertex 36 -65.625 37
      vertex 53 -67.1429 36.5
    endloop
  endfacet
  facet normal 0.0889319 0.996038 0
    outer loop
      vertex 36 -65.625 37
      vertex 57 -67.5 36
      vertex 29 -65 37
    endloop
  endfacet
  facet normal 0.0889309 0.996038 -2.04315e-05
    outer loop
      vertex 44 -66.3393 37.5
      vertex 29 -65 39
      vertex 57 -67.5 37.5
    endloop
  endfacet
  facet normal 0.0889329 0.996038 0
    outer loop
      vertex 29 -65 39
      vertex 44 -66.3393 37.5
      vertex 29 -65 37.9412
    endloop
  endfacet
  facet normal 0.0889309 0.996038 0
    outer loop
      vertex 44 -66.3393 37.5
      vertex 57 -67.5 37.5
      vertex 57 -67.5 37.0667
    endloop
  endfacet
  facet normal -0 0 1
    outer loop
      vertex 25 -65 39
      vertex 29 -73 39
      vertex 29 -65 39
    endloop
  endfacet
  facet normal 0 0 1
    outer loop
      vertex 29 -73 39
      vertex 25 -65 39
      vertex 25 -73 39
    endloop
  endfacet
  facet normal 0 0 -1
    outer loop
      vertex 53 -70.5 36
      vertex 57 -67.5 36
      vertex 57 -70.5 36
    endloop
  endfacet
  facet normal -0 0 -1
    outer loop
      vertex 57 -67.5 36
      vertex 53 -70.5 36
      vertex 53 -67.5 36
    endloop
  endfacet
  facet normal 0 0.371391 -0.928477
    outer loop
      vertex 53 -67.5 36
      vertex 29 -65 37
      vertex 57 -67.5 36
    endloop
  endfacet
  facet normal 0 0.371391 -0.928477
    outer loop
      vertex 29 -65 37
      vertex 53 -67.5 36
      vertex 25 -65 37
    endloop
  endfacet
  facet normal 0 -1 0
    outer loop
      vertex 25 -73 37
      vertex 29 -73 37.2333
      vertex 25 -73 37.3667
    endloop
  endfacet
  facet normal 0 -1 -0
    outer loop
      vertex 29 -73 37.2333
      vertex 25 -73 37
      vertex 29 -73 37
    endloop
  endfacet
  facet normal 0 -1 0
    outer loop
      vertex 27 -73 38
      vertex 25 -73 39
      vertex 25 -73 38.0857
    endloop
  endfacet
  facet normal 0 -1 0
    outer loop
      vertex 25 -73 39
      vertex 27 -73 38
      vertex 29 -73 39
    endloop
  endfacet
  facet normal 0 -1 -0
    outer loop
      vertex 29 -73 39
      vertex 27 -73 38
      vertex 29 -73 37.9412
    endloop
  endfacet
  facet normal -0.0356915 0 -0.999363
    outer loop
      vertex 25 -73 37
      vertex 53 -67.5 36
      vertex 53 -70.5 36
    endloop
  endfacet
  facet normal -0.0356915 0 -0.999363
    outer loop
      vertex 53 -67.5 36
      vertex 25 -73 37
      vertex 25 -65 37
    endloop
  endfacet
  facet normal 0.784886 0.193466 0.588664
    outer loop
      vertex 72.5418 -67.1411 36
      vertex 71.5 -69 38
      vertex 73 -69 36
    endloop
  endfacet
  facet normal 0.605112 0.536001 0.588678
    outer loop
      vertex 72.5418 -67.1411 36
      vertex 70.4202 -66.9425 38
      vertex 71.2136 -67.8382 38
    endloop
  endfacet
  facet normal 0.784886 -0.193466 0.588664
    outer loop
      vertex 73 -69 36
      vertex 71.5 -69 38
      vertex 72.5418 -70.8589 36
    endloop
  endfacet
  facet normal -0.459224 0.665276 0.58866
    outer loop
      vertex 67.5816 -65.2599 36
      vertex 66.006 -66.3475 36
      vertex 67.1287 -67.3422 38
    endloop
  endfacet
  facet normal -0.0974142 0.802496 0.588652
    outer loop
      vertex 69.4821 -65.0292 36
      vertex 67.5816 -65.2599 36
      vertex 69.3013 -66.5182 38
    endloop
  endfacet
  facet normal -0.0974142 -0.802496 0.588652
    outer loop
      vertex 69.3013 -71.4818 38
      vertex 67.5816 -72.7401 36
      vertex 69.4821 -72.9708 36
    endloop
  endfacet
  facet normal -0.459176 0.665288 0.588684
    outer loop
      vertex 67.5816 -65.2599 36
      vertex 67.1287 -67.3422 38
      vertex 68.1135 -66.6625 38
    endloop
  endfacet
  facet normal 0.784875 -0.193483 0.588674
    outer loop
      vertex 71.5 -69 38
      vertex 71.2136 -70.1618 38
      vertex 72.5418 -70.8589 36
    endloop
  endfacet
  facet normal 0.605092 0.536053 0.588652
    outer loop
      vertex 71.2723 -65.7081 36
      vertex 70.4202 -66.9425 38
      vertex 72.5418 -67.1411 36
    endloop
  endfacet
  facet normal 0.286635 -0.75587 0.588644
    outer loop
      vertex 70.4202 -71.0575 38
      vertex 69.3013 -71.4818 38
      vertex 71.2723 -72.2919 36
    endloop
  endfacet
  facet normal -0.715773 -0.375705 0.588656
    outer loop
      vertex 67.1287 -70.6578 38
      vertex 65.1162 -69.9573 36
      vertex 66.006 -71.6525 36
    endloop
  endfacet
  facet normal 0.605092 -0.536053 0.588652
    outer loop
      vertex 72.5418 -70.8589 36
      vertex 70.4202 -71.0575 38
      vertex 71.2723 -72.2919 36
    endloop
  endfacet
  facet normal 0 0 1
    outer loop
      vertex 73 -69 36
      vertex 74 -69 36
      vertex 73.6194 -67.0866 36
    endloop
  endfacet
  facet normal 0 0 1
    outer loop
      vertex 74 -69 36
      vertex 73 -69 36
      vertex 73.6194 -70.9134 36
    endloop
  endfacet
  facet normal 0 0 1
    outer loop
      vertex 73.6194 -67.0866 36
      vertex 72.5418 -67.1411 36
      vertex 73 -69 36
    endloop
  endfacet
  facet normal 0 0 1
    outer loop
      vertex 72.5355 -65.4645 36
      vertex 72.5418 -67.1411 36
      vertex 73.6194 -67.0866 36
    endloop
  endfacet
  facet normal 0 0 1
    outer loop
      vertex 72.5355 -65.4645 36
      vertex 71.2723 -65.7081 36
      vertex 72.5418 -67.1411 36
    endloop
  endfacet
  facet normal 0 0 1
    outer loop
      vertex 70.9134 -64.3806 36
      vertex 71.2723 -65.7081 36
      vertex 72.5355 -65.4645 36
    endloop
  endfacet
  facet normal 0 0 1
    outer loop
      vertex 70.9134 -64.3806 36
      vertex 69.4821 -65.0292 36
      vertex 71.2723 -65.7081 36
    endloop
  endfacet
  facet normal 0 0 1
    outer loop
      vertex 69 -64 36
      vertex 69.4821 -65.0292 36
      vertex 70.9134 -64.3806 36
    endloop
  endfacet
  facet normal 0 0 1
    outer loop
      vertex 69 -64 36
      vertex 67.5816 -65.2599 36
      vertex 69.4821 -65.0292 36
    endloop
  endfacet
  facet normal -0 0 1
    outer loop
      vertex 67.0866 -64.3806 36
      vertex 67.5816 -65.2599 36
      vertex 69 -64 36
    endloop
  endfacet
  facet normal 0 0 1
    outer loop
      vertex 65.4645 -65.4645 36
      vertex 67.5816 -65.2599 36
      vertex 67.0866 -64.3806 36
    endloop
  endfacet
  facet normal 0 0 1
    outer loop
      vertex 67.5816 -65.2599 36
      vertex 65.4645 -65.4645 36
      vertex 66.006 -66.3475 36
    endloop
  endfacet
  facet normal 0 0 1
    outer loop
      vertex 64.3806 -67.0866 36
      vertex 66.006 -66.3475 36
      vertex 65.4645 -65.4645 36
    endloop
  endfacet
  facet normal 0 0 1
    outer loop
      vertex 64 -69 36
      vertex 65.1162 -68.0427 36
      vertex 64.3806 -67.0866 36
    endloop
  endfacet
  facet normal 0 0 1
    outer loop
      vertex 66.006 -66.3475 36
      vertex 64.3806 -67.0866 36
      vertex 65.1162 -68.0427 36
    endloop
  endfacet
  facet normal -0 0 1
    outer loop
      vertex 72.5418 -70.8589 36
      vertex 73.6194 -70.9134 36
      vertex 73 -69 36
    endloop
  endfacet
  facet normal 0 0 1
    outer loop
      vertex 72.5418 -70.8589 36
      vertex 72.5355 -72.5355 36
      vertex 73.6194 -70.9134 36
    endloop
  endfacet
  facet normal -0 0 1
    outer loop
      vertex 71.2723 -72.2919 36
      vertex 72.5355 -72.5355 36
      vertex 72.5418 -70.8589 36
    endloop
  endfacet
  facet normal 0 0 1
    outer loop
      vertex 71.2723 -72.2919 36
      vertex 70.9134 -73.6194 36
      vertex 72.5355 -72.5355 36
    endloop
  endfacet
  facet normal -0 0 1
    outer loop
      vertex 69.4821 -72.9708 36
      vertex 70.9134 -73.6194 36
      vertex 71.2723 -72.2919 36
    endloop
  endfacet
  facet normal 0 0 1
    outer loop
      vertex 69.4821 -72.9708 36
      vertex 69 -74 36
      vertex 70.9134 -73.6194 36
    endloop
  endfacet
  facet normal 0 0 1
    outer loop
      vertex 67.5816 -72.7401 36
      vertex 69 -74 36
      vertex 69.4821 -72.9708 36
    endloop
  endfacet
  facet normal 0 0 1
    outer loop
      vertex 67.5816 -72.7401 36
      vertex 67.0866 -73.6194 36
      vertex 69 -74 36
    endloop
  endfacet
  facet normal -0 0 1
    outer loop
      vertex 65.4645 -72.5355 36
      vertex 67.5816 -72.7401 36
      vertex 66.006 -71.6525 36
    endloop
  endfacet
  facet normal 0 0 1
    outer loop
      vertex 67.5816 -72.7401 36
      vertex 65.4645 -72.5355 36
      vertex 67.0866 -73.6194 36
    endloop
  endfacet
  facet normal -0 0 1
    outer loop
      vertex 64.3806 -70.9134 36
      vertex 66.006 -71.6525 36
      vertex 65.1162 -69.9573 36
    endloop
  endfacet
  facet normal 0 0 1
    outer loop
      vertex 65.1162 -68.0427 36
      vertex 64 -69 36
      vertex 65.1162 -69.9573 36
    endloop
  endfacet
  facet normal 0 0 1
    outer loop
      vertex 66.006 -71.6525 36
      vertex 64.3806 -70.9134 36
      vertex 65.4645 -72.5355 36
    endloop
  endfacet
  facet normal 0 0 1
    outer loop
      vertex 65.1162 -69.9573 36
      vertex 64 -69 36
      vertex 64.3806 -70.9134 36
    endloop
  endfacet
  facet normal 0.286646 -0.75586 0.588651
    outer loop
      vertex 71.2723 -72.2919 36
      vertex 69.3013 -71.4818 38
      vertex 69.4821 -72.9708 36
    endloop
  endfacet
  facet normal 0.286635 0.75587 0.588644
    outer loop
      vertex 71.2723 -65.7081 36
      vertex 69.3013 -66.5182 38
      vertex 70.4202 -66.9425 38
    endloop
  endfacet
  facet normal 0.605112 -0.536001 0.588678
    outer loop
      vertex 71.2136 -70.1618 38
      vertex 70.4202 -71.0575 38
      vertex 72.5418 -70.8589 36
    endloop
  endfacet
  facet normal -0.715773 0.375705 0.588656
    outer loop
      vertex 66.006 -66.3475 36
      vertex 65.1162 -68.0427 36
      vertex 67.1287 -67.3422 38
    endloop
  endfacet
  facet normal 0.286646 0.75586 0.588651
    outer loop
      vertex 69.4821 -65.0292 36
      vertex 69.3013 -66.5182 38
      vertex 71.2723 -65.7081 36
    endloop
  endfacet
  facet normal -0.0974867 0.802458 0.588691
    outer loop
      vertex 69.3013 -66.5182 38
      vertex 67.5816 -65.2599 36
      vertex 68.1135 -66.6625 38
    endloop
  endfacet
  facet normal -0.715775 0.375689 0.588663
    outer loop
      vertex 67.1287 -67.3422 38
      vertex 65.1162 -68.0427 36
      vertex 66.5726 -68.4017 38
    endloop
  endfacet
  facet normal -0.808379 0 0.588662
    outer loop
      vertex 65.1162 -68.0427 36
      vertex 66.5726 -69.5983 38
      vertex 66.5726 -68.4017 38
    endloop
  endfacet
  facet normal -0.808379 0 0.588662
    outer loop
      vertex 66.5726 -69.5983 38
      vertex 65.1162 -68.0427 36
      vertex 65.1162 -69.9573 36
    endloop
  endfacet
  facet normal 0.784875 0.193483 0.588674
    outer loop
      vertex 72.5418 -67.1411 36
      vertex 71.2136 -67.8382 38
      vertex 71.5 -69 38
    endloop
  endfacet
  facet normal 0 0 1
    outer loop
      vertex 71.2136 -67.8382 38
      vertex 71.2136 -70.1618 38
      vertex 71.5 -69 38
    endloop
  endfacet
  facet normal 0 0 1
    outer loop
      vertex 70.4202 -66.9425 38
      vertex 71.2136 -70.1618 38
      vertex 71.2136 -67.8382 38
    endloop
  endfacet
  facet normal 0 0 1
    outer loop
      vertex 70.4202 -66.9425 38
      vertex 70.4202 -71.0575 38
      vertex 71.2136 -70.1618 38
    endloop
  endfacet
  facet normal 0 0 1
    outer loop
      vertex 69.3013 -66.5182 38
      vertex 70.4202 -71.0575 38
      vertex 70.4202 -66.9425 38
    endloop
  endfacet
  facet normal 0 0 1
    outer loop
      vertex 69.3013 -66.5182 38
      vertex 69.3013 -71.4818 38
      vertex 70.4202 -71.0575 38
    endloop
  endfacet
  facet normal -0 0 1
    outer loop
      vertex 68.1135 -66.6625 38
      vertex 69.3013 -71.4818 38
      vertex 69.3013 -66.5182 38
    endloop
  endfacet
  facet normal 0 0 1
    outer loop
      vertex 68.1135 -66.6625 38
      vertex 68.1135 -71.3375 38
      vertex 69.3013 -71.4818 38
    endloop
  endfacet
  facet normal -0 0 1
    outer loop
      vertex 67.1287 -67.3422 38
      vertex 68.1135 -71.3375 38
      vertex 68.1135 -66.6625 38
    endloop
  endfacet
  facet normal 0 0 1
    outer loop
      vertex 67.1287 -67.3422 38
      vertex 67.1287 -70.6578 38
      vertex 68.1135 -71.3375 38
    endloop
  endfacet
  facet normal -0 0 1
    outer loop
      vertex 66.5726 -68.4017 38
      vertex 67.1287 -70.6578 38
      vertex 67.1287 -67.3422 38
    endloop
  endfacet
  facet normal 0 0 1
    outer loop
      vertex 67.1287 -70.6578 38
      vertex 66.5726 -68.4017 38
      vertex 66.5726 -69.5983 38
    endloop
  endfacet
  facet normal -0.459224 -0.665276 0.58866
    outer loop
      vertex 67.1287 -70.6578 38
      vertex 66.006 -71.6525 36
      vertex 67.5816 -72.7401 36
    endloop
  endfacet
  facet normal -0.715775 -0.375689 0.588663
    outer loop
      vertex 66.5726 -69.5983 38
      vertex 65.1162 -69.9573 36
      vertex 67.1287 -70.6578 38
    endloop
  endfacet
  facet normal -0.459176 -0.665288 0.588684
    outer loop
      vertex 68.1135 -71.3375 38
      vertex 67.1287 -70.6578 38
      vertex 67.5816 -72.7401 36
    endloop
  endfacet
  facet normal -0.0974867 -0.802458 0.588691
    outer loop
      vertex 68.1135 -71.3375 38
      vertex 67.5816 -72.7401 36
      vertex 69.3013 -71.4818 38
    endloop
  endfacet
  facet normal 0.831458 0.555587 0
    outer loop
      vertex 73.6194 -67.0866 36
      vertex 72.5355 -65.4645 32
      vertex 72.5355 -65.4645 36
    endloop
  endfacet
  facet normal 0.831458 0.555587 0
    outer loop
      vertex 72.5355 -65.4645 32
      vertex 73.6194 -67.0866 36
      vertex 73.6194 -67.0866 32
    endloop
  endfacet
  facet normal 0.980785 0.195091 0
    outer loop
      vertex 74 -69 36
      vertex 73.6194 -67.0866 32
      vertex 73.6194 -67.0866 36
    endloop
  endfacet
  facet normal 0.980785 0.195091 0
    outer loop
      vertex 73.6194 -67.0866 32
      vertex 74 -69 36
      vertex 74 -69 32
    endloop
  endfacet
  facet normal -0.980785 0.195091 0
    outer loop
      vertex 64 -69 32
      vertex 64.3806 -67.0866 36
      vertex 64.3806 -67.0866 32
    endloop
  endfacet
  facet normal -0.980785 0.195091 0
    outer loop
      vertex 64.3806 -67.0866 36
      vertex 64 -69 32
      vertex 64 -69 36
    endloop
  endfacet
  facet normal -0.980785 -0.195091 0
    outer loop
      vertex 64.3806 -70.9134 32
      vertex 64 -69 36
      vertex 64 -69 32
    endloop
  endfacet
  facet normal -0.980785 -0.195091 0
    outer loop
      vertex 64 -69 36
      vertex 64.3806 -70.9134 32
      vertex 64.3806 -70.9134 36
    endloop
  endfacet
  facet normal -0.195091 0.980785 0
    outer loop
      vertex 69 -64 32
      vertex 67.0866 -64.3806 36
      vertex 69 -64 36
    endloop
  endfacet
  facet normal -0.195091 0.980785 0
    outer loop
      vertex 67.0866 -64.3806 36
      vertex 69 -64 32
      vertex 67.0866 -64.3806 32
    endloop
  endfacet
  facet normal 0.195091 -0.980785 0
    outer loop
      vertex 69 -74 32
      vertex 70.9134 -73.6194 36
      vertex 69 -74 36
    endloop
  endfacet
  facet normal 0.195091 -0.980785 0
    outer loop
      vertex 70.9134 -73.6194 36
      vertex 69 -74 32
      vertex 70.9134 -73.6194 32
    endloop
  endfacet
  facet normal 0.831458 -0.555587 0
    outer loop
      vertex 72.5355 -72.5355 36
      vertex 73.6194 -70.9134 32
      vertex 73.6194 -70.9134 36
    endloop
  endfacet
  facet normal 0.831458 -0.555587 0
    outer loop
      vertex 73.6194 -70.9134 32
      vertex 72.5355 -72.5355 36
      vertex 72.5355 -72.5355 32
    endloop
  endfacet
  facet normal 0.555587 0.831458 -0
    outer loop
      vertex 72.5355 -65.4645 32
      vertex 70.9134 -64.3806 36
      vertex 72.5355 -65.4645 36
    endloop
  endfacet
  facet normal 0.555587 0.831458 0
    outer loop
      vertex 70.9134 -64.3806 36
      vertex 72.5355 -65.4645 32
      vertex 70.9134 -64.3806 32
    endloop
  endfacet
  facet normal 0.980785 -0.195091 0
    outer loop
      vertex 73.6194 -70.9134 36
      vertex 74 -69 32
      vertex 74 -69 36
    endloop
  endfacet
  facet normal 0.980785 -0.195091 0
    outer loop
      vertex 74 -69 32
      vertex 73.6194 -70.9134 36
      vertex 73.6194 -70.9134 32
    endloop
  endfacet
  facet normal -0.831458 0.555587 0
    outer loop
      vertex 64.3806 -67.0866 32
      vertex 65.4645 -65.4645 36
      vertex 65.4645 -65.4645 32
    endloop
  endfacet
  facet normal -0.831458 0.555587 0
    outer loop
      vertex 65.4645 -65.4645 36
      vertex 64.3806 -67.0866 32
      vertex 64.3806 -67.0866 36
    endloop
  endfacet
  facet normal 0.555587 -0.831458 0
    outer loop
      vertex 70.9134 -73.6194 32
      vertex 72.5355 -72.5355 36
      vertex 70.9134 -73.6194 36
    endloop
  endfacet
  facet normal 0.555587 -0.831458 0
    outer loop
      vertex 72.5355 -72.5355 36
      vertex 70.9134 -73.6194 32
      vertex 72.5355 -72.5355 32
    endloop
  endfacet
  facet normal 0.195091 0.980785 -0
    outer loop
      vertex 70.9134 -64.3806 32
      vertex 69 -64 36
      vertex 70.9134 -64.3806 36
    endloop
  endfacet
  facet normal 0.195091 0.980785 0
    outer loop
      vertex 69 -64 36
      vertex 70.9134 -64.3806 32
      vertex 69 -64 32
    endloop
  endfacet
  facet normal -0.555587 0.831458 0
    outer loop
      vertex 67.0866 -64.3806 32
      vertex 65.4645 -65.4645 36
      vertex 67.0866 -64.3806 36
    endloop
  endfacet
  facet normal -0.555587 0.831458 0
    outer loop
      vertex 65.4645 -65.4645 36
      vertex 67.0866 -64.3806 32
      vertex 65.4645 -65.4645 32
    endloop
  endfacet
  facet normal 0 0 -1
    outer loop
      vertex 73.6194 -70.9134 32
      vertex 73.6194 -67.0866 32
      vertex 74 -69 32
    endloop
  endfacet
  facet normal 0 0 -1
    outer loop
      vertex 72.5355 -72.5355 32
      vertex 73.6194 -67.0866 32
      vertex 73.6194 -70.9134 32
    endloop
  endfacet
  facet normal 0 0 -1
    outer loop
      vertex 72.5355 -72.5355 32
      vertex 72.5355 -65.4645 32
      vertex 73.6194 -67.0866 32
    endloop
  endfacet
  facet normal 0 0 -1
    outer loop
      vertex 70.9134 -73.6194 32
      vertex 72.5355 -65.4645 32
      vertex 72.5355 -72.5355 32
    endloop
  endfacet
  facet normal 0 0 -1
    outer loop
      vertex 70.9134 -73.6194 32
      vertex 70.9134 -64.3806 32
      vertex 72.5355 -65.4645 32
    endloop
  endfacet
  facet normal 0 0 -1
    outer loop
      vertex 69 -74 32
      vertex 70.9134 -64.3806 32
      vertex 70.9134 -73.6194 32
    endloop
  endfacet
  facet normal 0 0 -1
    outer loop
      vertex 69 -74 32
      vertex 69 -64 32
      vertex 70.9134 -64.3806 32
    endloop
  endfacet
  facet normal 0 0 -1
    outer loop
      vertex 67.0866 -73.6194 32
      vertex 69 -64 32
      vertex 69 -74 32
    endloop
  endfacet
  facet normal 0 0 -1
    outer loop
      vertex 67.0866 -73.6194 32
      vertex 67.0866 -64.3806 32
      vertex 69 -64 32
    endloop
  endfacet
  facet normal 0 0 -1
    outer loop
      vertex 65.4645 -72.5355 32
      vertex 67.0866 -64.3806 32
      vertex 67.0866 -73.6194 32
    endloop
  endfacet
  facet normal 0 0 -1
    outer loop
      vertex 65.4645 -72.5355 32
      vertex 65.4645 -65.4645 32
      vertex 67.0866 -64.3806 32
    endloop
  endfacet
  facet normal 0 0 -1
    outer loop
      vertex 64.3806 -70.9134 32
      vertex 65.4645 -65.4645 32
      vertex 65.4645 -72.5355 32
    endloop
  endfacet
  facet normal 0 0 -1
    outer loop
      vertex 64.3806 -70.9134 32
      vertex 64.3806 -67.0866 32
      vertex 65.4645 -65.4645 32
    endloop
  endfacet
  facet normal 0 -0 -1
    outer loop
      vertex 64.3806 -67.0866 32
      vertex 64.3806 -70.9134 32
      vertex 64 -69 32
    endloop
  endfacet
  facet normal -0.831458 -0.555587 0
    outer loop
      vertex 65.4645 -72.5355 32
      vertex 64.3806 -70.9134 36
      vertex 64.3806 -70.9134 32
    endloop
  endfacet
  facet normal -0.831458 -0.555587 0
    outer loop
      vertex 64.3806 -70.9134 36
      vertex 65.4645 -72.5355 32
      vertex 65.4645 -72.5355 36
    endloop
  endfacet
  facet normal -0.195091 -0.980785 0
    outer loop
      vertex 67.0866 -73.6194 32
      vertex 69 -74 36
      vertex 67.0866 -73.6194 36
    endloop
  endfacet
  facet normal -0.195091 -0.980785 -0
    outer loop
      vertex 69 -74 36
      vertex 67.0866 -73.6194 32
      vertex 69 -74 32
    endloop
  endfacet
  facet normal -0.555587 -0.831458 0
    outer loop
      vertex 65.4645 -72.5355 32
      vertex 67.0866 -73.6194 36
      vertex 65.4645 -72.5355 36
    endloop
  endfacet
  facet normal -0.555587 -0.831458 -0
    outer loop
      vertex 67.0866 -73.6194 36
      vertex 65.4645 -72.5355 32
      vertex 67.0866 -73.6194 32
    endloop
  endfacet
  facet normal -1 0 0
    outer loop
      vertex 79 67 36.5
      vertex 79 71 37
      vertex 79 71 36.5
    endloop
  endfacet
  facet normal -1 -0 0
    outer loop
      vertex 79 71 37
      vertex 79 67 36.5
      vertex 79 67 37
    endloop
  endfacet
  facet normal 0.0293991 0 -0.999568
    outer loop
      vertex 85 67 36.5
      vertex 102 65.625 37
      vertex 102 64 37
    endloop
  endfacet
  facet normal 0.0293991 0 -0.999568
    outer loop
      vertex 102 65.625 37
      vertex 85 67 36.5
      vertex 85 67.1429 36.5
    endloop
  endfacet
  facet normal 0.0293991 0 -0.999568
    outer loop
      vertex 85 71 36.5
      vertex 102 72.375 37
      vertex 85 70.8571 36.5
    endloop
  endfacet
  facet normal 0.0293991 0 -0.999568
    outer loop
      vertex 102 72.375 37
      vertex 85 71 36.5
      vertex 102 74 37
    endloop
  endfacet
  facet normal -0.196116 0.980581 0
    outer loop
      vertex 94 74 37
      vertex 79 71 37
      vertex 94 74 37.5
    endloop
  endfacet
  facet normal -0.196116 0.980581 0
    outer loop
      vertex 79 71 37
      vertex 94 74 37
      vertex 79 71 36.5
    endloop
  endfacet
  facet normal 0 0 -1
    outer loop
      vertex 85 67 36.5
      vertex 81 67.5 36.5
      vertex 85 67.1429 36.5
    endloop
  endfacet
  facet normal -0 0 -1
    outer loop
      vertex 81 67.5 36.5
      vertex 79 67 36.5
      vertex 81 70.5 36.5
    endloop
  endfacet
  facet normal 0 0 -1
    outer loop
      vertex 79 67 36.5
      vertex 81 67.5 36.5
      vertex 85 67 36.5
    endloop
  endfacet
  facet normal 0 0 -1
    outer loop
      vertex 81 70.5 36.5
      vertex 85 71 36.5
      vertex 85 70.8571 36.5
    endloop
  endfacet
  facet normal 0 0 -1
    outer loop
      vertex 81 70.5 36.5
      vertex 79 71 36.5
      vertex 85 71 36.5
    endloop
  endfacet
  facet normal 0 0 -1
    outer loop
      vertex 79 71 36.5
      vertex 81 70.5 36.5
      vertex 79 67 36.5
    endloop
  endfacet
  facet normal 0 0.164399 -0.986394
    outer loop
      vertex 85 71 36.5
      vertex 94 74 37
      vertex 102 74 37
    endloop
  endfacet
  facet normal 0 0.164399 -0.986394
    outer loop
      vertex 94 74 37
      vertex 85 71 36.5
      vertex 79 71 36.5
    endloop
  endfacet
  facet normal 0 -0.164399 -0.986394
    outer loop
      vertex 94 64 37
      vertex 85 67 36.5
      vertex 102 64 37
    endloop
  endfacet
  facet normal -0 -0.164399 -0.986394
    outer loop
      vertex 85 67 36.5
      vertex 94 64 37
      vertex 79 67 36.5
    endloop
  endfacet
  facet normal -0.0333123 0 0.999445
    outer loop
      vertex 94 74 37.5
      vertex 81 70.5 37.0667
      vertex 94 71.6607 37.5
    endloop
  endfacet
  facet normal -0.0333315 0 0.999444
    outer loop
      vertex 81 70.5 37.0667
      vertex 79 71 37
      vertex 81 67.5 37.0667
    endloop
  endfacet
  facet normal -0.0333222 3.70165e-05 0.999445
    outer loop
      vertex 79 71 37
      vertex 81 70.5 37.0667
      vertex 94 74 37.5
    endloop
  endfacet
  facet normal -0.0333123 0 0.999445
    outer loop
      vertex 81 67.5 37.0667
      vertex 94 64 37.5
      vertex 94 66.3393 37.5
    endloop
  endfacet
  facet normal -0.0333222 -3.70165e-05 0.999445
    outer loop
      vertex 81 67.5 37.0667
      vertex 79 67 37
      vertex 94 64 37.5
    endloop
  endfacet
  facet normal -0.0333315 0 0.999444
    outer loop
      vertex 79 67 37
      vertex 81 67.5 37.0667
      vertex 79 71 37
    endloop
  endfacet
  facet normal -0.196116 -0.980581 0
    outer loop
      vertex 79 67 37
      vertex 94 64 37
      vertex 94 64 37.5
    endloop
  endfacet
  facet normal -0.196116 -0.980581 0
    outer loop
      vertex 94 64 37
      vertex 79 67 37
      vertex 79 67 36.5
    endloop
  endfacet
  facet normal 0 -1 0
    outer loop
      vertex 111 62 37.5
      vertex 117 62 38
      vertex 111 62 38
    endloop
  endfacet
  facet normal 0 -1 -0
    outer loop
      vertex 117 62 38
      vertex 111 62 37.5
      vertex 117 62 37.5
    endloop
  endfacet
  facet normal 0 0.242536 -0.970143
    outer loop
      vertex 102 74 37
      vertex 111 76 37.5
      vertex 117 76 37.5
    endloop
  endfacet
  facet normal 0 0.242536 -0.970143
    outer loop
      vertex 111 76 37.5
      vertex 102 74 37
      vertex 94 74 37
    endloop
  endfacet
  facet normal 0.0333065 0 -0.999445
    outer loop
      vertex 117 62 37.5
      vertex 113 65 37.3667
      vertex 117 76 37.5
    endloop
  endfacet
  facet normal 0.0333315 3.33148e-05 -0.999444
    outer loop
      vertex 117 62 37.5
      vertex 109 65 37.2333
      vertex 113 65 37.3667
    endloop
  endfacet
  facet normal 0.0333125 -1.72318e-05 -0.999445
    outer loop
      vertex 102 64 37
      vertex 109 65 37.2333
      vertex 117 62 37.5
    endloop
  endfacet
  facet normal 0.0333101 0 -0.999445
    outer loop
      vertex 109 65 37.2333
      vertex 102 64 37
      vertex 102 65.625 37
    endloop
  endfacet
  facet normal 0.0333065 0 -0.999445
    outer loop
      vertex 113 73 37.3667
      vertex 117 76 37.5
      vertex 113 65 37.3667
    endloop
  endfacet
  facet normal 0.0333315 -3.33148e-05 -0.999444
    outer loop
      vertex 109 73 37.2333
      vertex 117 76 37.5
      vertex 113 73 37.3667
    endloop
  endfacet
  facet normal 0.0333101 0 -0.999445
    outer loop
      vertex 102 74 37
      vertex 109 73 37.2333
      vertex 102 72.375 37
    endloop
  endfacet
  facet normal 0.0333125 1.72318e-05 -0.999445
    outer loop
      vertex 109 73 37.2333
      vertex 102 74 37
      vertex 117 76 37.5
    endloop
  endfacet
  facet normal -0.116841 0.993151 0
    outer loop
      vertex 111 76 37.5
      vertex 94 74 37.5
      vertex 111 76 38
    endloop
  endfacet
  facet normal -0.116841 0.993151 0
    outer loop
      vertex 94 74 37.5
      vertex 111 76 37.5
      vertex 94 74 37
    endloop
  endfacet
  facet normal -0.0293873 0 0.999568
    outer loop
      vertex 111 76 38
      vertex 109 73 37.9412
      vertex 111 73 38
    endloop
  endfacet
  facet normal -0.0294001 8.50696e-06 0.999568
    outer loop
      vertex 94 74 37.5
      vertex 109 73 37.9412
      vertex 111 76 38
    endloop
  endfacet
  facet normal -0.0294006 0 0.999568
    outer loop
      vertex 109 73 37.9412
      vertex 94 74 37.5
      vertex 94 71.6607 37.5
    endloop
  endfacet
  facet normal -0.0293873 0 0.999568
    outer loop
      vertex 109 65 37.9412
      vertex 111 62 38
      vertex 111 65 38
    endloop
  endfacet
  facet normal -0.0294006 0 0.999568
    outer loop
      vertex 94 64 37.5
      vertex 109 65 37.9412
      vertex 94 66.3393 37.5
    endloop
  endfacet
  facet normal -0.0294001 -8.50696e-06 0.999568
    outer loop
      vertex 109 65 37.9412
      vertex 94 64 37.5
      vertex 111 62 38
    endloop
  endfacet
  facet normal 0 -0.242536 -0.970143
    outer loop
      vertex 111 62 37.5
      vertex 102 64 37
      vertex 117 62 37.5
    endloop
  endfacet
  facet normal -0 -0.242536 -0.970143
    outer loop
      vertex 102 64 37
      vertex 111 62 37.5
      vertex 94 64 37
    endloop
  endfacet
  facet normal 0 1 -0
    outer loop
      vertex 117 76 37.5
      vertex 111 76 38
      vertex 117 76 38
    endloop
  endfacet
  facet normal 0 1 0
    outer loop
      vertex 111 76 38
      vertex 117 76 37.5
      vertex 111 76 37.5
    endloop
  endfacet
  facet normal -0.116841 -0.993151 0
    outer loop
      vertex 94 64 37.5
      vertex 111 62 37.5
      vertex 111 62 38
    endloop
  endfacet
  facet normal -0.116841 -0.993151 0
    outer loop
      vertex 111 62 37.5
      vertex 94 64 37.5
      vertex 94 64 37
    endloop
  endfacet
  facet normal 0.164399 0 -0.986394
    outer loop
      vertex 117 62 37.5
      vertex 120 74 38
      vertex 120 64 38
    endloop
  endfacet
  facet normal 0.164399 0 -0.986394
    outer loop
      vertex 120 74 38
      vertex 117 62 37.5
      vertex 117 76 37.5
    endloop
  endfacet
  facet normal 0 -0.14834 0.988936
    outer loop
      vertex 118 64 38.3
      vertex 117 62 38
      vertex 120 64 38.3
    endloop
  endfacet
  facet normal 0 -0.14834 0.988936
    outer loop
      vertex 117 62 38
      vertex 118 64 38.3
      vertex 111 62 38
    endloop
  endfacet
  facet normal 1 -0 0
    outer loop
      vertex 120 64 38.3
      vertex 120 74 38
      vertex 120 74 38.3
    endloop
  endfacet
  facet normal 1 0 0
    outer loop
      vertex 120 74 38
      vertex 120 64 38.3
      vertex 120 64 38
    endloop
  endfacet
  facet normal 0.5547 0.83205 -0
    outer loop
      vertex 120 74 38
      vertex 117 76 38
      vertex 120 74 38.3
    endloop
  endfacet
  facet normal 0.5547 0.83205 0
    outer loop
      vertex 117 76 38
      vertex 120 74 38
      vertex 117 76 37.5
    endloop
  endfacet
  facet normal -0.0428207 0 0.999083
    outer loop
      vertex 118 74 38.3
      vertex 113 73 38.0857
      vertex 118 64 38.3
    endloop
  endfacet
  facet normal -0.0428195 -5.87696e-06 0.999083
    outer loop
      vertex 111 76 38
      vertex 113 73 38.0857
      vertex 118 74 38.3
    endloop
  endfacet
  facet normal -0.0428107 0 0.999083
    outer loop
      vertex 113 73 38.0857
      vertex 111 76 38
      vertex 111 73 38
    endloop
  endfacet
  facet normal -0.0428207 0 0.999083
    outer loop
      vertex 113 65 38.0857
      vertex 118 64 38.3
      vertex 113 73 38.0857
    endloop
  endfacet
  facet normal -0.0428107 0 0.999083
    outer loop
      vertex 111 62 38
      vertex 113 65 38.0857
      vertex 111 65 38
    endloop
  endfacet
  facet normal -0.0428195 5.87696e-06 0.999083
    outer loop
      vertex 113 65 38.0857
      vertex 111 62 38
      vertex 118 64 38.3
    endloop
  endfacet
  facet normal -0 0 1
    outer loop
      vertex 118 74 38.3
      vertex 120 64 38.3
      vertex 120 74 38.3
    endloop
  endfacet
  facet normal 0 0 1
    outer loop
      vertex 120 64 38.3
      vertex 118 74 38.3
      vertex 118 64 38.3
    endloop
  endfacet
  facet normal 0.5547 -0.83205 0
    outer loop
      vertex 117 62 38
      vertex 120 64 38
      vertex 120 64 38.3
    endloop
  endfacet
  facet normal 0.5547 -0.83205 0
    outer loop
      vertex 120 64 38
      vertex 117 62 38
      vertex 117 62 37.5
    endloop
  endfacet
  facet normal 0 0.14834 0.988936
    outer loop
      vertex 117 76 38
      vertex 118 74 38.3
      vertex 120 74 38.3
    endloop
  endfacet
  facet normal 0 0.14834 0.988936
    outer loop
      vertex 118 74 38.3
      vertex 117 76 38
      vertex 111 76 38
    endloop
  endfacet
  facet normal 1 -0 0
    outer loop
      vertex 113 65 37.3667
      vertex 113 73 37
      vertex 113 73 37.3667
    endloop
  endfacet
  facet normal 1 0 0
    outer loop
      vertex 113 73 37
      vertex 113 65 37.3667
      vertex 113 65 37
    endloop
  endfacet
  facet normal 1 -0 0
    outer loop
      vertex 113 65 39
      vertex 113 73 38.0857
      vertex 113 73 39
    endloop
  endfacet
  facet normal 1 0 0
    outer loop
      vertex 113 73 38.0857
      vertex 113 65 39
      vertex 113 65 38.0857
    endloop
  endfacet
  facet normal -0.0889319 0.996038 0
    outer loop
      vertex 109 73 37
      vertex 102 72.375 37
      vertex 109 73 37.2333
    endloop
  endfacet
  facet normal -0.0889319 0.996038 0
    outer loop
      vertex 81 70.5 36
      vertex 102 72.375 37
      vertex 109 73 37
    endloop
  endfacet
  facet normal -0.0889214 0.996039 0
    outer loop
      vertex 85 70.8571 36.5
      vertex 81 70.5 36
      vertex 81 70.5 36.5
    endloop
  endfacet
  facet normal -0.0889385 0.996037 0.000137913
    outer loop
      vertex 102 72.375 37
      vertex 81 70.5 36
      vertex 85 70.8571 36.5
    endloop
  endfacet
  facet normal -0.0889329 0.996038 0
    outer loop
      vertex 94 71.6607 37.5
      vertex 109 73 39
      vertex 109 73 37.9412
    endloop
  endfacet
  facet normal -0.0889309 0.996038 -2.04315e-05
    outer loop
      vertex 94 71.6607 37.5
      vertex 81 70.5 37.5
      vertex 109 73 39
    endloop
  endfacet
  facet normal -0.0889309 0.996038 0
    outer loop
      vertex 81 70.5 37.5
      vertex 94 71.6607 37.5
      vertex 81 70.5 37.0667
    endloop
  endfacet
  facet normal -1 0 0
    outer loop
      vertex 81 67.5 36
      vertex 81 70.5 36.5
      vertex 81 70.5 36
    endloop
  endfacet
  facet normal -1 -0 0
    outer loop
      vertex 81 70.5 36.5
      vertex 81 67.5 36
      vertex 81 67.5 36.5
    endloop
  endfacet
  facet normal -1 0 0
    outer loop
      vertex 81 67.5 37.0667
      vertex 81 70.5 37.5
      vertex 81 70.5 37.0667
    endloop
  endfacet
  facet normal -1 -0 0
    outer loop
      vertex 81 70.5 37.5
      vertex 81 67.5 37.0667
      vertex 81 67.5 37.5
    endloop
  endfacet
  facet normal -0.0534947 0 0.998568
    outer loop
      vertex 81 70.5 37.5
      vertex 109 65 39
      vertex 109 73 39
    endloop
  endfacet
  facet normal -0.0534947 0 0.998568
    outer loop
      vertex 109 65 39
      vertex 81 70.5 37.5
      vertex 81 67.5 37.5
    endloop
  endfacet
  facet normal 0 -1 0
    outer loop
      vertex 111 65 38
      vertex 113 65 39
      vertex 109 65 39
    endloop
  endfacet
  facet normal 0 -1 -0
    outer loop
      vertex 113 65 39
      vertex 111 65 38
      vertex 113 65 38.0857
    endloop
  endfacet
  facet normal -0 -1 0
    outer loop
      vertex 111 65 38
      vertex 109 65 39
      vertex 109 65 37.9412
    endloop
  endfacet
  facet normal 0 -1 0
    outer loop
      vertex 113 65 37
      vertex 109 65 37.2333
      vertex 109 65 37
    endloop
  endfacet
  facet normal 0 -1 0
    outer loop
      vertex 109 65 37.2333
      vertex 113 65 37
      vertex 113 65 37.3667
    endloop
  endfacet
  facet normal 0 0.371391 -0.928477
    outer loop
      vertex 85 70.5 36
      vertex 109 73 37
      vertex 113 73 37
    endloop
  endfacet
  facet normal 0 0.371391 -0.928477
    outer loop
      vertex 109 73 37
      vertex 85 70.5 36
      vertex 81 70.5 36
    endloop
  endfacet
  facet normal -0.0889214 -0.996039 -0
    outer loop
      vertex 81 67.5 36.5
      vertex 81 67.5 36
      vertex 85 67.1429 36.5
    endloop
  endfacet
  facet normal -0.0889319 -0.996038 0
    outer loop
      vertex 102 65.625 37
      vertex 109 65 37
      vertex 109 65 37.2333
    endloop
  endfacet
  facet normal -0.0889385 -0.996037 0.000137913
    outer loop
      vertex 81 67.5 36
      vertex 102 65.625 37
      vertex 85 67.1429 36.5
    endloop
  endfacet
  facet normal -0.0889319 -0.996038 0
    outer loop
      vertex 102 65.625 37
      vertex 81 67.5 36
      vertex 109 65 37
    endloop
  endfacet
  facet normal -0.0889309 -0.996038 -2.04315e-05
    outer loop
      vertex 94 66.3393 37.5
      vertex 109 65 39
      vertex 81 67.5 37.5
    endloop
  endfacet
  facet normal -0.0889329 -0.996038 -0
    outer loop
      vertex 109 65 39
      vertex 94 66.3393 37.5
      vertex 109 65 37.9412
    endloop
  endfacet
  facet normal -0.0889309 -0.996038 0
    outer loop
      vertex 94 66.3393 37.5
      vertex 81 67.5 37.5
      vertex 81 67.5 37.0667
    endloop
  endfacet
  facet normal -0 0 1
    outer loop
      vertex 109 73 39
      vertex 113 65 39
      vertex 113 73 39
    endloop
  endfacet
  facet normal 0 0 1
    outer loop
      vertex 113 65 39
      vertex 109 73 39
      vertex 109 65 39
    endloop
  endfacet
  facet normal 0 0 -1
    outer loop
      vertex 81 67.5 36
      vertex 85 70.5 36
      vertex 85 67.5 36
    endloop
  endfacet
  facet normal -0 0 -1
    outer loop
      vertex 85 70.5 36
      vertex 81 67.5 36
      vertex 81 70.5 36
    endloop
  endfacet
  facet normal 0 -0.371391 -0.928477
    outer loop
      vertex 109 65 37
      vertex 85 67.5 36
      vertex 113 65 37
    endloop
  endfacet
  facet normal -0 -0.371391 -0.928477
    outer loop
      vertex 85 67.5 36
      vertex 109 65 37
      vertex 81 67.5 36
    endloop
  endfacet
  facet normal 0 1 -0
    outer loop
      vertex 113 73 37
      vertex 109 73 37.2333
      vertex 113 73 37.3667
    endloop
  endfacet
  facet normal 0 1 0
    outer loop
      vertex 109 73 37.2333
      vertex 113 73 37
      vertex 109 73 37
    endloop
  endfacet
  facet normal 0 1 0
    outer loop
      vertex 111 73 38
      vertex 113 73 39
      vertex 113 73 38.0857
    endloop
  endfacet
  facet normal 0 1 0
    outer loop
      vertex 113 73 39
      vertex 111 73 38
      vertex 109 73 39
    endloop
  endfacet
  facet normal 0 1 0
    outer loop
      vertex 109 73 39
      vertex 111 73 38
      vertex 109 73 37.9412
    endloop
  endfacet
  facet normal 0.0356915 0 -0.999363
    outer loop
      vertex 85 67.5 36
      vertex 113 73 37
      vertex 113 65 37
    endloop
  endfacet
  facet normal 0.0356915 0 -0.999363
    outer loop
      vertex 113 73 37
      vertex 85 67.5 36
      vertex 85 70.5 36
    endloop
  endfacet
  facet normal 1 -0 0
    outer loop
      vertex 59 67 37
      vertex 59 71 36.5
      vertex 59 71 37
    endloop
  endfacet
  facet normal 1 0 0
    outer loop
      vertex 59 71 36.5
      vertex 59 67 37
      vertex 59 67 36.5
    endloop
  endfacet
  facet normal -0.0293991 0 -0.999568
    outer loop
      vertex 36 72.375 37
      vertex 53 71 36.5
      vertex 53 70.8571 36.5
    endloop
  endfacet
  facet normal -0.0293991 0 -0.999568
    outer loop
      vertex 53 71 36.5
      vertex 36 72.375 37
      vertex 36 74 37
    endloop
  endfacet
  facet normal -0.0293991 -0 -0.999568
    outer loop
      vertex 36 65.625 37
      vertex 53 67 36.5
      vertex 36 64 37
    endloop
  endfacet
  facet normal -0.0293991 0 -0.999568
    outer loop
      vertex 53 67 36.5
      vertex 36 65.625 37
      vertex 53 67.1429 36.5
    endloop
  endfacet
  facet normal 0.196116 -0.980581 0
    outer loop
      vertex 44 64 37
      vertex 59 67 37
      vertex 44 64 37.5
    endloop
  endfacet
  facet normal 0.196116 -0.980581 0
    outer loop
      vertex 59 67 37
      vertex 44 64 37
      vertex 59 67 36.5
    endloop
  endfacet
  facet normal 0 0 -1
    outer loop
      vertex 59 67 36.5
      vertex 57 67.5 36.5
      vertex 59 71 36.5
    endloop
  endfacet
  facet normal 0 0 -1
    outer loop
      vertex 53 67 36.5
      vertex 57 67.5 36.5
      vertex 59 67 36.5
    endloop
  endfacet
  facet normal 0 0 -1
    outer loop
      vertex 57 67.5 36.5
      vertex 53 67 36.5
      vertex 53 67.1429 36.5
    endloop
  endfacet
  facet normal 0 0 -1
    outer loop
      vertex 57 70.5 36.5
      vertex 59 71 36.5
      vertex 57 67.5 36.5
    endloop
  endfacet
  facet normal 0 0 -1
    outer loop
      vertex 53 71 36.5
      vertex 57 70.5 36.5
      vertex 53 70.8571 36.5
    endloop
  endfacet
  facet normal 0 0 -1
    outer loop
      vertex 57 70.5 36.5
      vertex 53 71 36.5
      vertex 59 71 36.5
    endloop
  endfacet
  facet normal 0 -0.164399 -0.986394
    outer loop
      vertex 44 64 37
      vertex 53 67 36.5
      vertex 59 67 36.5
    endloop
  endfacet
  facet normal 0 -0.164399 -0.986394
    outer loop
      vertex 53 67 36.5
      vertex 44 64 37
      vertex 36 64 37
    endloop
  endfacet
  facet normal 0 0.164399 -0.986394
    outer loop
      vertex 53 71 36.5
      vertex 44 74 37
      vertex 59 71 36.5
    endloop
  endfacet
  facet normal 0 0.164399 -0.986394
    outer loop
      vertex 44 74 37
      vertex 53 71 36.5
      vertex 36 74 37
    endloop
  endfacet
  facet normal 0.0333315 0 0.999444
    outer loop
      vertex 59 71 37
      vertex 57 70.5 37.0667
      vertex 59 67 37
    endloop
  endfacet
  facet normal 0.0333222 3.70165e-05 0.999445
    outer loop
      vertex 44 74 37.5
      vertex 57 70.5 37.0667
      vertex 59 71 37
    endloop
  endfacet
  facet normal 0.0333123 0 0.999445
    outer loop
      vertex 57 70.5 37.0667
      vertex 44 74 37.5
      vertex 44 71.6607 37.5
    endloop
  endfacet
  facet normal 0.0333315 -0 0.999444
    outer loop
      vertex 57 67.5 37.0667
      vertex 59 67 37
      vertex 57 70.5 37.0667
    endloop
  endfacet
  facet normal 0.0333123 -0 0.999445
    outer loop
      vertex 44 64 37.5
      vertex 57 67.5 37.0667
      vertex 44 66.3393 37.5
    endloop
  endfacet
  facet normal 0.0333222 -3.70165e-05 0.999445
    outer loop
      vertex 57 67.5 37.0667
      vertex 44 64 37.5
      vertex 59 67 37
    endloop
  endfacet
  facet normal 0.196116 0.980581 0
    outer loop
      vertex 59 71 37
      vertex 44 74 37
      vertex 44 74 37.5
    endloop
  endfacet
  facet normal 0.196116 0.980581 0
    outer loop
      vertex 44 74 37
      vertex 59 71 37
      vertex 59 71 36.5
    endloop
  endfacet
  facet normal 0 1 -0
    outer loop
      vertex 27 76 37.5
      vertex 21 76 38
      vertex 27 76 38
    endloop
  endfacet
  facet normal 0 1 0
    outer loop
      vertex 21 76 38
      vertex 27 76 37.5
      vertex 21 76 37.5
    endloop
  endfacet
  facet normal 0 -0.242536 -0.970143
    outer loop
      vertex 27 62 37.5
      vertex 36 64 37
      vertex 44 64 37
    endloop
  endfacet
  facet normal 0 -0.242536 -0.970143
    outer loop
      vertex 36 64 37
      vertex 27 62 37.5
      vertex 21 62 37.5
    endloop
  endfacet
  facet normal -0.0333101 0 -0.999445
    outer loop
      vertex 36 64 37
      vertex 29 65 37.2333
      vertex 36 65.625 37
    endloop
  endfacet
  facet normal -0.0333125 -1.72318e-05 -0.999445
    outer loop
      vertex 21 62 37.5
      vertex 29 65 37.2333
      vertex 36 64 37
    endloop
  endfacet
  facet normal -0.0333065 0 -0.999445
    outer loop
      vertex 25 65 37.3667
      vertex 21 62 37.5
      vertex 25 73 37.3667
    endloop
  endfacet
  facet normal -0.0333315 3.33148e-05 -0.999444
    outer loop
      vertex 29 65 37.2333
      vertex 21 62 37.5
      vertex 25 65 37.3667
    endloop
  endfacet
  facet normal -0.0333101 0 -0.999445
    outer loop
      vertex 29 73 37.2333
      vertex 36 74 37
      vertex 36 72.375 37
    endloop
  endfacet
  facet normal -0.0333315 -3.33148e-05 -0.999444
    outer loop
      vertex 21 76 37.5
      vertex 29 73 37.2333
      vertex 25 73 37.3667
    endloop
  endfacet
  facet normal -0.0333125 1.72318e-05 -0.999445
    outer loop
      vertex 29 73 37.2333
      vertex 21 76 37.5
      vertex 36 74 37
    endloop
  endfacet
  facet normal -0.0333065 -0 -0.999445
    outer loop
      vertex 21 76 37.5
      vertex 25 73 37.3667
      vertex 21 62 37.5
    endloop
  endfacet
  facet normal 0.116841 -0.993151 0
    outer loop
      vertex 27 62 37.5
      vertex 44 64 37.5
      vertex 27 62 38
    endloop
  endfacet
  facet normal 0.116841 -0.993151 0
    outer loop
      vertex 44 64 37.5
      vertex 27 62 37.5
      vertex 44 64 37
    endloop
  endfacet
  facet normal 0.0294006 0 0.999568
    outer loop
      vertex 29 65 37.9412
      vertex 44 64 37.5
      vertex 44 66.3393 37.5
    endloop
  endfacet
  facet normal 0.0293873 -0 0.999568
    outer loop
      vertex 27 62 38
      vertex 29 65 37.9412
      vertex 27 65 38
    endloop
  endfacet
  facet normal 0.0294001 -8.50696e-06 0.999568
    outer loop
      vertex 29 65 37.9412
      vertex 27 62 38
      vertex 44 64 37.5
    endloop
  endfacet
  facet normal 0.0294006 0 0.999568
    outer loop
      vertex 44 74 37.5
      vertex 29 73 37.9412
      vertex 44 71.6607 37.5
    endloop
  endfacet
  facet normal 0.0294001 8.50696e-06 0.999568
    outer loop
      vertex 27 76 38
      vertex 29 73 37.9412
      vertex 44 74 37.5
    endloop
  endfacet
  facet normal 0.0293873 0 0.999568
    outer loop
      vertex 29 73 37.9412
      vertex 27 76 38
      vertex 27 73 38
    endloop
  endfacet
  facet normal 0 0.242536 -0.970143
    outer loop
      vertex 36 74 37
      vertex 27 76 37.5
      vertex 44 74 37
    endloop
  endfacet
  facet normal 0 0.242536 -0.970143
    outer loop
      vertex 27 76 37.5
      vertex 36 74 37
      vertex 21 76 37.5
    endloop
  endfacet
  facet normal 0.116841 0.993151 0
    outer loop
      vertex 44 74 37.5
      vertex 27 76 37.5
      vertex 27 76 38
    endloop
  endfacet
  facet normal 0.116841 0.993151 0
    outer loop
      vertex 27 76 37.5
      vertex 44 74 37.5
      vertex 44 74 37
    endloop
  endfacet
  facet normal 0 -1 0
    outer loop
      vertex 21 62 37.5
      vertex 27 62 38
      vertex 21 62 38
    endloop
  endfacet
  facet normal 0 -1 -0
    outer loop
      vertex 27 62 38
      vertex 21 62 37.5
      vertex 27 62 37.5
    endloop
  endfacet
  facet normal -0.164399 0 -0.986394
    outer loop
      vertex 18 64 38
      vertex 21 76 37.5
      vertex 21 62 37.5
    endloop
  endfacet
  facet normal -0.164399 0 -0.986394
    outer loop
      vertex 21 76 37.5
      vertex 18 64 38
      vertex 18 74 38
    endloop
  endfacet
  facet normal -0 0.14834 0.988936
    outer loop
      vertex 21 76 38
      vertex 20 74 38.3
      vertex 27 76 38
    endloop
  endfacet
  facet normal 0 0.14834 0.988936
    outer loop
      vertex 20 74 38.3
      vertex 21 76 38
      vertex 18 74 38.3
    endloop
  endfacet
  facet normal -1 0 0
    outer loop
      vertex 18 64 38
      vertex 18 74 38.3
      vertex 18 74 38
    endloop
  endfacet
  facet normal -1 -0 0
    outer loop
      vertex 18 74 38.3
      vertex 18 64 38
      vertex 18 64 38.3
    endloop
  endfacet
  facet normal -0.5547 -0.83205 0
    outer loop
      vertex 18 64 38
      vertex 21 62 38
      vertex 18 64 38.3
    endloop
  endfacet
  facet normal -0.5547 -0.83205 -0
    outer loop
      vertex 21 62 38
      vertex 18 64 38
      vertex 21 62 37.5
    endloop
  endfacet
  facet normal 0.0428107 0 0.999083
    outer loop
      vertex 27 76 38
      vertex 25 73 38.0857
      vertex 27 73 38
    endloop
  endfacet
  facet normal 0.0428207 0 0.999083
    outer loop
      vertex 25 73 38.0857
      vertex 20 74 38.3
      vertex 25 65 38.0857
    endloop
  endfacet
  facet normal 0.0428195 -5.87696e-06 0.999083
    outer loop
      vertex 20 74 38.3
      vertex 25 73 38.0857
      vertex 27 76 38
    endloop
  endfacet
  facet normal 0.0428107 0 0.999083
    outer loop
      vertex 25 65 38.0857
      vertex 27 62 38
      vertex 27 65 38
    endloop
  endfacet
  facet normal 0.0428195 5.87696e-06 0.999083
    outer loop
      vertex 25 65 38.0857
      vertex 20 64 38.3
      vertex 27 62 38
    endloop
  endfacet
  facet normal 0.0428207 -0 0.999083
    outer loop
      vertex 20 64 38.3
      vertex 25 65 38.0857
      vertex 20 74 38.3
    endloop
  endfacet
  facet normal -0 0 1
    outer loop
      vertex 18 74 38.3
      vertex 20 64 38.3
      vertex 20 74 38.3
    endloop
  endfacet
  facet normal 0 0 1
    outer loop
      vertex 20 64 38.3
      vertex 18 74 38.3
      vertex 18 64 38.3
    endloop
  endfacet
  facet normal -0.5547 0.83205 0
    outer loop
      vertex 21 76 38
      vertex 18 74 38
      vertex 18 74 38.3
    endloop
  endfacet
  facet normal -0.5547 0.83205 0
    outer loop
      vertex 18 74 38
      vertex 21 76 38
      vertex 21 76 37.5
    endloop
  endfacet
  facet normal 0 -0.14834 0.988936
    outer loop
      vertex 20 64 38.3
      vertex 21 62 38
      vertex 27 62 38
    endloop
  endfacet
  facet normal 0 -0.14834 0.988936
    outer loop
      vertex 21 62 38
      vertex 20 64 38.3
      vertex 18 64 38.3
    endloop
  endfacet
  facet normal -1 0 0
    outer loop
      vertex 25 65 37
      vertex 25 73 37.3667
      vertex 25 73 37
    endloop
  endfacet
  facet normal -1 -0 0
    outer loop
      vertex 25 73 37.3667
      vertex 25 65 37
      vertex 25 65 37.3667
    endloop
  endfacet
  facet normal -1 0 0
    outer loop
      vertex 25 65 38.0857
      vertex 25 73 39
      vertex 25 73 38.0857
    endloop
  endfacet
  facet normal -1 -0 0
    outer loop
      vertex 25 73 39
      vertex 25 65 38.0857
      vertex 25 65 39
    endloop
  endfacet
  facet normal 0.0889319 -0.996038 0
    outer loop
      vertex 29 65 37
      vertex 36 65.625 37
      vertex 29 65 37.2333
    endloop
  endfacet
  facet normal 0.0889319 -0.996038 0
    outer loop
      vertex 57 67.5 36
      vertex 36 65.625 37
      vertex 29 65 37
    endloop
  endfacet
  facet normal 0.0889214 -0.996039 0
    outer loop
      vertex 53 67.1429 36.5
      vertex 57 67.5 36
      vertex 57 67.5 36.5
    endloop
  endfacet
  facet normal 0.0889385 -0.996037 0.000137913
    outer loop
      vertex 36 65.625 37
      vertex 57 67.5 36
      vertex 53 67.1429 36.5
    endloop
  endfacet
  facet normal 0.0889329 -0.996038 0
    outer loop
      vertex 44 66.3393 37.5
      vertex 29 65 39
      vertex 29 65 37.9412
    endloop
  endfacet
  facet normal 0.0889309 -0.996038 -2.04315e-05
    outer loop
      vertex 44 66.3393 37.5
      vertex 57 67.5 37.5
      vertex 29 65 39
    endloop
  endfacet
  facet normal 0.0889309 -0.996038 0
    outer loop
      vertex 57 67.5 37.5
      vertex 44 66.3393 37.5
      vertex 57 67.5 37.0667
    endloop
  endfacet
  facet normal 1 -0 0
    outer loop
      vertex 57 67.5 36.5
      vertex 57 70.5 36
      vertex 57 70.5 36.5
    endloop
  endfacet
  facet normal 1 0 0
    outer loop
      vertex 57 70.5 36
      vertex 57 67.5 36.5
      vertex 57 67.5 36
    endloop
  endfacet
  facet normal 1 -0 0
    outer loop
      vertex 57 67.5 37.5
      vertex 57 70.5 37.0667
      vertex 57 70.5 37.5
    endloop
  endfacet
  facet normal 1 0 0
    outer loop
      vertex 57 70.5 37.0667
      vertex 57 67.5 37.5
      vertex 57 67.5 37.0667
    endloop
  endfacet
  facet normal 0.0534947 0 0.998568
    outer loop
      vertex 29 73 39
      vertex 57 67.5 37.5
      vertex 57 70.5 37.5
    endloop
  endfacet
  facet normal 0.0534947 0 0.998568
    outer loop
      vertex 57 67.5 37.5
      vertex 29 73 39
      vertex 29 65 39
    endloop
  endfacet
  facet normal 0 1 -0
    outer loop
      vertex 27 73 38
      vertex 25 73 39
      vertex 29 73 39
    endloop
  endfacet
  facet normal 0 1 0
    outer loop
      vertex 25 73 39
      vertex 27 73 38
      vertex 25 73 38.0857
    endloop
  endfacet
  facet normal -0 1 0
    outer loop
      vertex 27 73 38
      vertex 29 73 39
      vertex 29 73 37.9412
    endloop
  endfacet
  facet normal 0 1 0
    outer loop
      vertex 25 73 37
      vertex 29 73 37.2333
      vertex 29 73 37
    endloop
  endfacet
  facet normal 0 1 0
    outer loop
      vertex 29 73 37.2333
      vertex 25 73 37
      vertex 25 73 37.3667
    endloop
  endfacet
  facet normal 0 -0.371391 -0.928477
    outer loop
      vertex 29 65 37
      vertex 53 67.5 36
      vertex 57 67.5 36
    endloop
  endfacet
  facet normal 0 -0.371391 -0.928477
    outer loop
      vertex 53 67.5 36
      vertex 29 65 37
      vertex 25 65 37
    endloop
  endfacet
  facet normal 0.0889214 0.996039 0
    outer loop
      vertex 57 70.5 36.5
      vertex 57 70.5 36
      vertex 53 70.8571 36.5
    endloop
  endfacet
  facet normal 0.0889319 0.996038 0
    outer loop
      vertex 36 72.375 37
      vertex 29 73 37
      vertex 29 73 37.2333
    endloop
  endfacet
  facet normal 0.0889385 0.996037 0.000137913
    outer loop
      vertex 57 70.5 36
      vertex 36 72.375 37
      vertex 53 70.8571 36.5
    endloop
  endfacet
  facet normal 0.0889319 0.996038 0
    outer loop
      vertex 36 72.375 37
      vertex 57 70.5 36
      vertex 29 73 37
    endloop
  endfacet
  facet normal 0.0889309 0.996038 -2.04315e-05
    outer loop
      vertex 44 71.6607 37.5
      vertex 29 73 39
      vertex 57 70.5 37.5
    endloop
  endfacet
  facet normal 0.0889329 0.996038 0
    outer loop
      vertex 29 73 39
      vertex 44 71.6607 37.5
      vertex 29 73 37.9412
    endloop
  endfacet
  facet normal 0.0889309 0.996038 0
    outer loop
      vertex 44 71.6607 37.5
      vertex 57 70.5 37.5
      vertex 57 70.5 37.0667
    endloop
  endfacet
  facet normal -0 0 1
    outer loop
      vertex 25 73 39
      vertex 29 65 39
      vertex 29 73 39
    endloop
  endfacet
  facet normal 0 0 1
    outer loop
      vertex 29 65 39
      vertex 25 73 39
      vertex 25 65 39
    endloop
  endfacet
  facet normal 0 0 -1
    outer loop
      vertex 53 67.5 36
      vertex 57 70.5 36
      vertex 57 67.5 36
    endloop
  endfacet
  facet normal -0 0 -1
    outer loop
      vertex 57 70.5 36
      vertex 53 67.5 36
      vertex 53 70.5 36
    endloop
  endfacet
  facet normal 0 0.371391 -0.928477
    outer loop
      vertex 53 70.5 36
      vertex 29 73 37
      vertex 57 70.5 36
    endloop
  endfacet
  facet normal 0 0.371391 -0.928477
    outer loop
      vertex 29 73 37
      vertex 53 70.5 36
      vertex 25 73 37
    endloop
  endfacet
  facet normal 0 -1 0
    outer loop
      vertex 25 65 37
      vertex 29 65 37.2333
      vertex 25 65 37.3667
    endloop
  endfacet
  facet normal 0 -1 -0
    outer loop
      vertex 29 65 37.2333
      vertex 25 65 37
      vertex 29 65 37
    endloop
  endfacet
  facet normal 0 -1 0
    outer loop
      vertex 27 65 38
      vertex 25 65 39
      vertex 25 65 38.0857
    endloop
  endfacet
  facet normal 0 -1 0
    outer loop
      vertex 25 65 39
      vertex 27 65 38
      vertex 29 65 39
    endloop
  endfacet
  facet normal 0 -1 -0
    outer loop
      vertex 29 65 39
      vertex 27 65 38
      vertex 29 65 37.9412
    endloop
  endfacet
  facet normal -0.0356915 0 -0.999363
    outer loop
      vertex 25 65 37
      vertex 53 70.5 36
      vertex 53 67.5 36
    endloop
  endfacet
  facet normal -0.0356915 0 -0.999363
    outer loop
      vertex 53 70.5 36
      vertex 25 65 37
      vertex 25 73 37
    endloop
  endfacet
  facet normal 0.784886 0.193466 0.588664
    outer loop
      vertex 72.5418 70.8589 36
      vertex 71.5 69 38
      vertex 73 69 36
    endloop
  endfacet
  facet normal 0.605112 0.536001 0.588678
    outer loop
      vertex 72.5418 70.8589 36
      vertex 70.4202 71.0575 38
      vertex 71.2136 70.1618 38
    endloop
  endfacet
  facet normal 0.784886 -0.193466 0.588664
    outer loop
      vertex 73 69 36
      vertex 71.5 69 38
      vertex 72.5418 67.1411 36
    endloop
  endfacet
  facet normal -0.459224 0.665276 0.58866
    outer loop
      vertex 67.5816 72.7401 36
      vertex 66.006 71.6525 36
      vertex 67.1287 70.6578 38
    endloop
  endfacet
  facet normal -0.0974142 0.802496 0.588652
    outer loop
      vertex 69.4821 72.9708 36
      vertex 67.5816 72.7401 36
      vertex 69.3013 71.4818 38
    endloop
  endfacet
  facet normal -0.0974142 -0.802496 0.588652
    outer loop
      vertex 69.3013 66.5182 38
      vertex 67.5816 65.2599 36
      vertex 69.4821 65.0292 36
    endloop
  endfacet
  facet normal -0.459176 0.665288 0.588684
    outer loop
      vertex 67.5816 72.7401 36
      vertex 67.1287 70.6578 38
      vertex 68.1135 71.3375 38
    endloop
  endfacet
  facet normal 0.784875 -0.193483 0.588674
    outer loop
      vertex 71.5 69 38
      vertex 71.2136 67.8382 38
      vertex 72.5418 67.1411 36
    endloop
  endfacet
  facet normal 0.605092 0.536053 0.588652
    outer loop
      vertex 71.2723 72.2919 36
      vertex 70.4202 71.0575 38
      vertex 72.5418 70.8589 36
    endloop
  endfacet
  facet normal 0.286635 -0.75587 0.588644
    outer loop
      vertex 70.4202 66.9425 38
      vertex 69.3013 66.5182 38
      vertex 71.2723 65.7081 36
    endloop
  endfacet
  facet normal -0.715773 -0.375705 0.588656
    outer loop
      vertex 67.1287 67.3422 38
      vertex 65.1162 68.0427 36
      vertex 66.006 66.3475 36
    endloop
  endfacet
  facet normal 0.605092 -0.536053 0.588652
    outer loop
      vertex 72.5418 67.1411 36
      vertex 70.4202 66.9425 38
      vertex 71.2723 65.7081 36
    endloop
  endfacet
  facet normal 0 0 1
    outer loop
      vertex 73 69 36
      vertex 74 69 36
      vertex 73.6194 70.9134 36
    endloop
  endfacet
  facet normal 0 0 1
    outer loop
      vertex 74 69 36
      vertex 73 69 36
      vertex 73.6194 67.0866 36
    endloop
  endfacet
  facet normal 0 0 1
    outer loop
      vertex 73.6194 70.9134 36
      vertex 72.5418 70.8589 36
      vertex 73 69 36
    endloop
  endfacet
  facet normal 0 0 1
    outer loop
      vertex 72.5355 72.5355 36
      vertex 72.5418 70.8589 36
      vertex 73.6194 70.9134 36
    endloop
  endfacet
  facet normal 0 0 1
    outer loop
      vertex 72.5355 72.5355 36
      vertex 71.2723 72.2919 36
      vertex 72.5418 70.8589 36
    endloop
  endfacet
  facet normal 0 0 1
    outer loop
      vertex 70.9134 73.6194 36
      vertex 71.2723 72.2919 36
      vertex 72.5355 72.5355 36
    endloop
  endfacet
  facet normal 0 0 1
    outer loop
      vertex 70.9134 73.6194 36
      vertex 69.4821 72.9708 36
      vertex 71.2723 72.2919 36
    endloop
  endfacet
  facet normal 0 0 1
    outer loop
      vertex 69 74 36
      vertex 69.4821 72.9708 36
      vertex 70.9134 73.6194 36
    endloop
  endfacet
  facet normal 0 0 1
    outer loop
      vertex 69 74 36
      vertex 67.5816 72.7401 36
      vertex 69.4821 72.9708 36
    endloop
  endfacet
  facet normal -0 0 1
    outer loop
      vertex 67.0866 73.6194 36
      vertex 67.5816 72.7401 36
      vertex 69 74 36
    endloop
  endfacet
  facet normal 0 0 1
    outer loop
      vertex 65.4645 72.5355 36
      vertex 67.5816 72.7401 36
      vertex 67.0866 73.6194 36
    endloop
  endfacet
  facet normal 0 0 1
    outer loop
      vertex 67.5816 72.7401 36
      vertex 65.4645 72.5355 36
      vertex 66.006 71.6525 36
    endloop
  endfacet
  facet normal 0 0 1
    outer loop
      vertex 64.3806 70.9134 36
      vertex 66.006 71.6525 36
      vertex 65.4645 72.5355 36
    endloop
  endfacet
  facet normal 0 0 1
    outer loop
      vertex 64 69 36
      vertex 65.1162 69.9573 36
      vertex 64.3806 70.9134 36
    endloop
  endfacet
  facet normal 0 0 1
    outer loop
      vertex 66.006 71.6525 36
      vertex 64.3806 70.9134 36
      vertex 65.1162 69.9573 36
    endloop
  endfacet
  facet normal -0 0 1
    outer loop
      vertex 72.5418 67.1411 36
      vertex 73.6194 67.0866 36
      vertex 73 69 36
    endloop
  endfacet
  facet normal 0 0 1
    outer loop
      vertex 72.5418 67.1411 36
      vertex 72.5355 65.4645 36
      vertex 73.6194 67.0866 36
    endloop
  endfacet
  facet normal -0 0 1
    outer loop
      vertex 71.2723 65.7081 36
      vertex 72.5355 65.4645 36
      vertex 72.5418 67.1411 36
    endloop
  endfacet
  facet normal 0 0 1
    outer loop
      vertex 71.2723 65.7081 36
      vertex 70.9134 64.3806 36
      vertex 72.5355 65.4645 36
    endloop
  endfacet
  facet normal -0 0 1
    outer loop
      vertex 69.4821 65.0292 36
      vertex 70.9134 64.3806 36
      vertex 71.2723 65.7081 36
    endloop
  endfacet
  facet normal 0 0 1
    outer loop
      vertex 69.4821 65.0292 36
      vertex 69 64 36
      vertex 70.9134 64.3806 36
    endloop
  endfacet
  facet normal 0 0 1
    outer loop
      vertex 67.5816 65.2599 36
      vertex 69 64 36
      vertex 69.4821 65.0292 36
    endloop
  endfacet
  facet normal 0 0 1
    outer loop
      vertex 67.5816 65.2599 36
      vertex 67.0866 64.3806 36
      vertex 69 64 36
    endloop
  endfacet
  facet normal -0 0 1
    outer loop
      vertex 65.4645 65.4645 36
      vertex 67.5816 65.2599 36
      vertex 66.006 66.3475 36
    endloop
  endfacet
  facet normal 0 0 1
    outer loop
      vertex 67.5816 65.2599 36
      vertex 65.4645 65.4645 36
      vertex 67.0866 64.3806 36
    endloop
  endfacet
  facet normal -0 0 1
    outer loop
      vertex 64.3806 67.0866 36
      vertex 66.006 66.3475 36
      vertex 65.1162 68.0427 36
    endloop
  endfacet
  facet normal 0 0 1
    outer loop
      vertex 65.1162 69.9573 36
      vertex 64 69 36
      vertex 65.1162 68.0427 36
    endloop
  endfacet
  facet normal 0 0 1
    outer loop
      vertex 66.006 66.3475 36
      vertex 64.3806 67.0866 36
      vertex 65.4645 65.4645 36
    endloop
  endfacet
  facet normal 0 0 1
    outer loop
      vertex 65.1162 68.0427 36
      vertex 64 69 36
      vertex 64.3806 67.0866 36
    endloop
  endfacet
  facet normal 0.286646 -0.75586 0.588651
    outer loop
      vertex 71.2723 65.7081 36
      vertex 69.3013 66.5182 38
      vertex 69.4821 65.0292 36
    endloop
  endfacet
  facet normal 0.286635 0.75587 0.588644
    outer loop
      vertex 71.2723 72.2919 36
      vertex 69.3013 71.4818 38
      vertex 70.4202 71.0575 38
    endloop
  endfacet
  facet normal 0.605112 -0.536001 0.588678
    outer loop
      vertex 71.2136 67.8382 38
      vertex 70.4202 66.9425 38
      vertex 72.5418 67.1411 36
    endloop
  endfacet
  facet normal -0.715773 0.375705 0.588656
    outer loop
      vertex 66.006 71.6525 36
      vertex 65.1162 69.9573 36
      vertex 67.1287 70.6578 38
    endloop
  endfacet
  facet normal 0.286646 0.75586 0.588651
    outer loop
      vertex 69.4821 72.9708 36
      vertex 69.3013 71.4818 38
      vertex 71.2723 72.2919 36
    endloop
  endfacet
  facet normal -0.0974867 0.802458 0.588691
    outer loop
      vertex 69.3013 71.4818 38
      vertex 67.5816 72.7401 36
      vertex 68.1135 71.3375 38
    endloop
  endfacet
  facet normal -0.715775 0.375689 0.588663
    outer loop
      vertex 67.1287 70.6578 38
      vertex 65.1162 69.9573 36
      vertex 66.5726 69.5983 38
    endloop
  endfacet
  facet normal -0.808379 0 0.588662
    outer loop
      vertex 65.1162 69.9573 36
      vertex 66.5726 68.4017 38
      vertex 66.5726 69.5983 38
    endloop
  endfacet
  facet normal -0.808379 0 0.588662
    outer loop
      vertex 66.5726 68.4017 38
      vertex 65.1162 69.9573 36
      vertex 65.1162 68.0427 36
    endloop
  endfacet
  facet normal 0.784875 0.193483 0.588674
    outer loop
      vertex 72.5418 70.8589 36
      vertex 71.2136 70.1618 38
      vertex 71.5 69 38
    endloop
  endfacet
  facet normal 0 0 1
    outer loop
      vertex 71.2136 70.1618 38
      vertex 71.2136 67.8382 38
      vertex 71.5 69 38
    endloop
  endfacet
  facet normal 0 0 1
    outer loop
      vertex 70.4202 71.0575 38
      vertex 71.2136 67.8382 38
      vertex 71.2136 70.1618 38
    endloop
  endfacet
  facet normal 0 0 1
    outer loop
      vertex 70.4202 71.0575 38
      vertex 70.4202 66.9425 38
      vertex 71.2136 67.8382 38
    endloop
  endfacet
  facet normal 0 0 1
    outer loop
      vertex 69.3013 71.4818 38
      vertex 70.4202 66.9425 38
      vertex 70.4202 71.0575 38
    endloop
  endfacet
  facet normal 0 0 1
    outer loop
      vertex 69.3013 71.4818 38
      vertex 69.3013 66.5182 38
      vertex 70.4202 66.9425 38
    endloop
  endfacet
  facet normal -0 0 1
    outer loop
      vertex 68.1135 71.3375 38
      vertex 69.3013 66.5182 38
      vertex 69.3013 71.4818 38
    endloop
  endfacet
  facet normal 0 0 1
    outer loop
      vertex 68.1135 71.3375 38
      vertex 68.1135 66.6625 38
      vertex 69.3013 66.5182 38
    endloop
  endfacet
  facet normal -0 0 1
    outer loop
      vertex 67.1287 70.6578 38
      vertex 68.1135 66.6625 38
      vertex 68.1135 71.3375 38
    endloop
  endfacet
  facet normal 0 0 1
    outer loop
      vertex 67.1287 70.6578 38
      vertex 67.1287 67.3422 38
      vertex 68.1135 66.6625 38
    endloop
  endfacet
  facet normal -0 0 1
    outer loop
      vertex 66.5726 69.5983 38
      vertex 67.1287 67.3422 38
      vertex 67.1287 70.6578 38
    endloop
  endfacet
  facet normal 0 0 1
    outer loop
      vertex 67.1287 67.3422 38
      vertex 66.5726 69.5983 38
      vertex 66.5726 68.4017 38
    endloop
  endfacet
  facet normal -0.459224 -0.665276 0.58866
    outer loop
      vertex 67.1287 67.3422 38
      vertex 66.006 66.3475 36
      vertex 67.5816 65.2599 36
    endloop
  endfacet
  facet normal -0.715775 -0.375689 0.588663
    outer loop
      vertex 66.5726 68.4017 38
      vertex 65.1162 68.0427 36
      vertex 67.1287 67.3422 38
    endloop
  endfacet
  facet normal -0.459176 -0.665288 0.588684
    outer loop
      vertex 68.1135 66.6625 38
      vertex 67.1287 67.3422 38
      vertex 67.5816 65.2599 36
    endloop
  endfacet
  facet normal -0.0974867 -0.802458 0.588691
    outer loop
      vertex 68.1135 66.6625 38
      vertex 67.5816 65.2599 36
      vertex 69.3013 66.5182 38
    endloop
  endfacet
  facet normal 0.831458 0.555587 0
    outer loop
      vertex 73.6194 70.9134 36
      vertex 72.5355 72.5355 32
      vertex 72.5355 72.5355 36
    endloop
  endfacet
  facet normal 0.831458 0.555587 0
    outer loop
      vertex 72.5355 72.5355 32
      vertex 73.6194 70.9134 36
      vertex 73.6194 70.9134 32
    endloop
  endfacet
  facet normal 0.980785 0.195091 0
    outer loop
      vertex 74 69 36
      vertex 73.6194 70.9134 32
      vertex 73.6194 70.9134 36
    endloop
  endfacet
  facet normal 0.980785 0.195091 0
    outer loop
      vertex 73.6194 70.9134 32
      vertex 74 69 36
      vertex 74 69 32
    endloop
  endfacet
  facet normal -0.980785 0.195091 0
    outer loop
      vertex 64 69 32
      vertex 64.3806 70.9134 36
      vertex 64.3806 70.9134 32
    endloop
  endfacet
  facet normal -0.980785 0.195091 0
    outer loop
      vertex 64.3806 70.9134 36
      vertex 64 69 32
      vertex 64 69 36
    endloop
  endfacet
  facet normal -0.980785 -0.195091 0
    outer loop
      vertex 64.3806 67.0866 32
      vertex 64 69 36
      vertex 64 69 32
    endloop
  endfacet
  facet normal -0.980785 -0.195091 0
    outer loop
      vertex 64 69 36
      vertex 64.3806 67.0866 32
      vertex 64.3806 67.0866 36
    endloop
  endfacet
  facet normal -0.195091 0.980785 0
    outer loop
      vertex 69 74 32
      vertex 67.0866 73.6194 36
      vertex 69 74 36
    endloop
  endfacet
  facet normal -0.195091 0.980785 0
    outer loop
      vertex 67.0866 73.6194 36
      vertex 69 74 32
      vertex 67.0866 73.6194 32
    endloop
  endfacet
  facet normal 0.195091 -0.980785 0
    outer loop
      vertex 69 64 32
      vertex 70.9134 64.3806 36
      vertex 69 64 36
    endloop
  endfacet
  facet normal 0.195091 -0.980785 0
    outer loop
      vertex 70.9134 64.3806 36
      vertex 69 64 32
      vertex 70.9134 64.3806 32
    endloop
  endfacet
  facet normal 0.831458 -0.555587 0
    outer loop
      vertex 72.5355 65.4645 36
      vertex 73.6194 67.0866 32
      vertex 73.6194 67.0866 36
    endloop
  endfacet
  facet normal 0.831458 -0.555587 0
    outer loop
      vertex 73.6194 67.0866 32
      vertex 72.5355 65.4645 36
      vertex 72.5355 65.4645 32
    endloop
  endfacet
  facet normal 0.555587 0.831458 -0
    outer loop
      vertex 72.5355 72.5355 32
      vertex 70.9134 73.6194 36
      vertex 72.5355 72.5355 36
    endloop
  endfacet
  facet normal 0.555587 0.831458 0
    outer loop
      vertex 70.9134 73.6194 36
      vertex 72.5355 72.5355 32
      vertex 70.9134 73.6194 32
    endloop
  endfacet
  facet normal 0.980785 -0.195091 0
    outer loop
      vertex 73.6194 67.0866 36
      vertex 74 69 32
      vertex 74 69 36
    endloop
  endfacet
  facet normal 0.980785 -0.195091 0
    outer loop
      vertex 74 69 32
      vertex 73.6194 67.0866 36
      vertex 73.6194 67.0866 32
    endloop
  endfacet
  facet normal -0.831458 0.555587 0
    outer loop
      vertex 64.3806 70.9134 32
      vertex 65.4645 72.5355 36
      vertex 65.4645 72.5355 32
    endloop
  endfacet
  facet normal -0.831458 0.555587 0
    outer loop
      vertex 65.4645 72.5355 36
      vertex 64.3806 70.9134 32
      vertex 64.3806 70.9134 36
    endloop
  endfacet
  facet normal 0.555587 -0.831458 0
    outer loop
      vertex 70.9134 64.3806 32
      vertex 72.5355 65.4645 36
      vertex 70.9134 64.3806 36
    endloop
  endfacet
  facet normal 0.555587 -0.831458 0
    outer loop
      vertex 72.5355 65.4645 36
      vertex 70.9134 64.3806 32
      vertex 72.5355 65.4645 32
    endloop
  endfacet
  facet normal 0.195091 0.980785 -0
    outer loop
      vertex 70.9134 73.6194 32
      vertex 69 74 36
      vertex 70.9134 73.6194 36
    endloop
  endfacet
  facet normal 0.195091 0.980785 0
    outer loop
      vertex 69 74 36
      vertex 70.9134 73.6194 32
      vertex 69 74 32
    endloop
  endfacet
  facet normal -0.555587 0.831458 0
    outer loop
      vertex 67.0866 73.6194 32
      vertex 65.4645 72.5355 36
      vertex 67.0866 73.6194 36
    endloop
  endfacet
  facet normal -0.555587 0.831458 0
    outer loop
      vertex 65.4645 72.5355 36
      vertex 67.0866 73.6194 32
      vertex 65.4645 72.5355 32
    endloop
  endfacet
  facet normal 0 0 -1
    outer loop
      vertex 73.6194 67.0866 32
      vertex 73.6194 70.9134 32
      vertex 74 69 32
    endloop
  endfacet
  facet normal 0 0 -1
    outer loop
      vertex 72.5355 65.4645 32
      vertex 73.6194 70.9134 32
      vertex 73.6194 67.0866 32
    endloop
  endfacet
  facet normal 0 0 -1
    outer loop
      vertex 72.5355 65.4645 32
      vertex 72.5355 72.5355 32
      vertex 73.6194 70.9134 32
    endloop
  endfacet
  facet normal 0 0 -1
    outer loop
      vertex 70.9134 64.3806 32
      vertex 72.5355 72.5355 32
      vertex 72.5355 65.4645 32
    endloop
  endfacet
  facet normal 0 0 -1
    outer loop
      vertex 70.9134 64.3806 32
      vertex 70.9134 73.6194 32
      vertex 72.5355 72.5355 32
    endloop
  endfacet
  facet normal 0 0 -1
    outer loop
      vertex 69 64 32
      vertex 70.9134 73.6194 32
      vertex 70.9134 64.3806 32
    endloop
  endfacet
  facet normal 0 0 -1
    outer loop
      vertex 69 64 32
      vertex 69 74 32
      vertex 70.9134 73.6194 32
    endloop
  endfacet
  facet normal 0 0 -1
    outer loop
      vertex 67.0866 64.3806 32
      vertex 69 74 32
      vertex 69 64 32
    endloop
  endfacet
  facet normal 0 0 -1
    outer loop
      vertex 67.0866 64.3806 32
      vertex 67.0866 73.6194 32
      vertex 69 74 32
    endloop
  endfacet
  facet normal 0 0 -1
    outer loop
      vertex 65.4645 65.4645 32
      vertex 67.0866 73.6194 32
      vertex 67.0866 64.3806 32
    endloop
  endfacet
  facet normal 0 0 -1
    outer loop
      vertex 65.4645 65.4645 32
      vertex 65.4645 72.5355 32
      vertex 67.0866 73.6194 32
    endloop
  endfacet
  facet normal 0 0 -1
    outer loop
      vertex 64.3806 67.0866 32
      vertex 65.4645 72.5355 32
      vertex 65.4645 65.4645 32
    endloop
  endfacet
  facet normal 0 0 -1
    outer loop
      vertex 64.3806 67.0866 32
      vertex 64.3806 70.9134 32
      vertex 65.4645 72.5355 32
    endloop
  endfacet
  facet normal 0 -0 -1
    outer loop
      vertex 64.3806 70.9134 32
      vertex 64.3806 67.0866 32
      vertex 64 69 32
    endloop
  endfacet
  facet normal -0.831458 -0.555587 0
    outer loop
      vertex 65.4645 65.4645 32
      vertex 64.3806 67.0866 36
      vertex 64.3806 67.0866 32
    endloop
  endfacet
  facet normal -0.831458 -0.555587 0
    outer loop
      vertex 64.3806 67.0866 36
      vertex 65.4645 65.4645 32
      vertex 65.4645 65.4645 36
    endloop
  endfacet
  facet normal -0.195091 -0.980785 0
    outer loop
      vertex 67.0866 64.3806 32
      vertex 69 64 36
      vertex 67.0866 64.3806 36
    endloop
  endfacet
  facet normal -0.195091 -0.980785 -0
    outer loop
      vertex 69 64 36
      vertex 67.0866 64.3806 32
      vertex 69 64 32
    endloop
  endfacet
  facet normal -0.555587 -0.831458 0
    outer loop
      vertex 65.4645 65.4645 32
      vertex 67.0866 64.3806 36
      vertex 65.4645 65.4645 36
    endloop
  endfacet
  facet normal -0.555587 -0.831458 -0
    outer loop
      vertex 67.0866 64.3806 36
      vertex 65.4645 65.4645 32
      vertex 67.0866 64.3806 32
    endloop
  endfacet
  facet normal -1 0 0
    outer loop
      vertex -59 67 36.5
      vertex -59 71 37
      vertex -59 71 36.5
    endloop
  endfacet
  facet normal -1 -0 0
    outer loop
      vertex -59 71 37
      vertex -59 67 36.5
      vertex -59 67 37
    endloop
  endfacet
  facet normal 0.0293991 0 -0.999568
    outer loop
      vertex -53 67 36.5
      vertex -36 65.625 37
      vertex -36 64 37
    endloop
  endfacet
  facet normal 0.0293991 0 -0.999568
    outer loop
      vertex -36 65.625 37
      vertex -53 67 36.5
      vertex -53 67.1429 36.5
    endloop
  endfacet
  facet normal 0.0293991 0 -0.999568
    outer loop
      vertex -53 71 36.5
      vertex -36 72.375 37
      vertex -53 70.8571 36.5
    endloop
  endfacet
  facet normal 0.0293991 0 -0.999568
    outer loop
      vertex -36 72.375 37
      vertex -53 71 36.5
      vertex -36 74 37
    endloop
  endfacet
  facet normal -0.196116 0.980581 0
    outer loop
      vertex -44 74 37
      vertex -59 71 37
      vertex -44 74 37.5
    endloop
  endfacet
  facet normal -0.196116 0.980581 0
    outer loop
      vertex -59 71 37
      vertex -44 74 37
      vertex -59 71 36.5
    endloop
  endfacet
  facet normal 0 0 -1
    outer loop
      vertex -53 67 36.5
      vertex -57 67.5 36.5
      vertex -53 67.1429 36.5
    endloop
  endfacet
  facet normal -0 0 -1
    outer loop
      vertex -57 67.5 36.5
      vertex -59 67 36.5
      vertex -57 70.5 36.5
    endloop
  endfacet
  facet normal 0 0 -1
    outer loop
      vertex -59 67 36.5
      vertex -57 67.5 36.5
      vertex -53 67 36.5
    endloop
  endfacet
  facet normal 0 0 -1
    outer loop
      vertex -57 70.5 36.5
      vertex -53 71 36.5
      vertex -53 70.8571 36.5
    endloop
  endfacet
  facet normal 0 0 -1
    outer loop
      vertex -57 70.5 36.5
      vertex -59 71 36.5
      vertex -53 71 36.5
    endloop
  endfacet
  facet normal 0 0 -1
    outer loop
      vertex -59 71 36.5
      vertex -57 70.5 36.5
      vertex -59 67 36.5
    endloop
  endfacet
  facet normal 0 0.164399 -0.986394
    outer loop
      vertex -53 71 36.5
      vertex -44 74 37
      vertex -36 74 37
    endloop
  endfacet
  facet normal 0 0.164399 -0.986394
    outer loop
      vertex -44 74 37
      vertex -53 71 36.5
      vertex -59 71 36.5
    endloop
  endfacet
  facet normal 0 -0.164399 -0.986394
    outer loop
      vertex -44 64 37
      vertex -53 67 36.5
      vertex -36 64 37
    endloop
  endfacet
  facet normal -0 -0.164399 -0.986394
    outer loop
      vertex -53 67 36.5
      vertex -44 64 37
      vertex -59 67 36.5
    endloop
  endfacet
  facet normal -0.0333123 0 0.999445
    outer loop
      vertex -44 74 37.5
      vertex -57 70.5 37.0667
      vertex -44 71.6607 37.5
    endloop
  endfacet
  facet normal -0.0333315 0 0.999444
    outer loop
      vertex -57 70.5 37.0667
      vertex -59 71 37
      vertex -57 67.5 37.0667
    endloop
  endfacet
  facet normal -0.0333222 3.70165e-05 0.999445
    outer loop
      vertex -59 71 37
      vertex -57 70.5 37.0667
      vertex -44 74 37.5
    endloop
  endfacet
  facet normal -0.0333123 0 0.999445
    outer loop
      vertex -57 67.5 37.0667
      vertex -44 64 37.5
      vertex -44 66.3393 37.5
    endloop
  endfacet
  facet normal -0.0333222 -3.70165e-05 0.999445
    outer loop
      vertex -57 67.5 37.0667
      vertex -59 67 37
      vertex -44 64 37.5
    endloop
  endfacet
  facet normal -0.0333315 0 0.999444
    outer loop
      vertex -59 67 37
      vertex -57 67.5 37.0667
      vertex -59 71 37
    endloop
  endfacet
  facet normal -0.196116 -0.980581 0
    outer loop
      vertex -59 67 37
      vertex -44 64 37
      vertex -44 64 37.5
    endloop
  endfacet
  facet normal -0.196116 -0.980581 0
    outer loop
      vertex -44 64 37
      vertex -59 67 37
      vertex -59 67 36.5
    endloop
  endfacet
  facet normal 0 -1 0
    outer loop
      vertex -27 62 37.5
      vertex -21 62 38
      vertex -27 62 38
    endloop
  endfacet
  facet normal 0 -1 -0
    outer loop
      vertex -21 62 38
      vertex -27 62 37.5
      vertex -21 62 37.5
    endloop
  endfacet
  facet normal 0 0.242536 -0.970143
    outer loop
      vertex -36 74 37
      vertex -27 76 37.5
      vertex -21 76 37.5
    endloop
  endfacet
  facet normal 0 0.242536 -0.970143
    outer loop
      vertex -27 76 37.5
      vertex -36 74 37
      vertex -44 74 37
    endloop
  endfacet
  facet normal 0.0333065 0 -0.999445
    outer loop
      vertex -21 62 37.5
      vertex -25 65 37.3667
      vertex -21 76 37.5
    endloop
  endfacet
  facet normal 0.0333315 3.33148e-05 -0.999444
    outer loop
      vertex -21 62 37.5
      vertex -29 65 37.2333
      vertex -25 65 37.3667
    endloop
  endfacet
  facet normal 0.0333125 -1.72318e-05 -0.999445
    outer loop
      vertex -36 64 37
      vertex -29 65 37.2333
      vertex -21 62 37.5
    endloop
  endfacet
  facet normal 0.0333101 0 -0.999445
    outer loop
      vertex -29 65 37.2333
      vertex -36 64 37
      vertex -36 65.625 37
    endloop
  endfacet
  facet normal 0.0333065 0 -0.999445
    outer loop
      vertex -25 73 37.3667
      vertex -21 76 37.5
      vertex -25 65 37.3667
    endloop
  endfacet
  facet normal 0.0333315 -3.33148e-05 -0.999444
    outer loop
      vertex -29 73 37.2333
      vertex -21 76 37.5
      vertex -25 73 37.3667
    endloop
  endfacet
  facet normal 0.0333101 0 -0.999445
    outer loop
      vertex -36 74 37
      vertex -29 73 37.2333
      vertex -36 72.375 37
    endloop
  endfacet
  facet normal 0.0333125 1.72318e-05 -0.999445
    outer loop
      vertex -29 73 37.2333
      vertex -36 74 37
      vertex -21 76 37.5
    endloop
  endfacet
  facet normal -0.116841 0.993151 0
    outer loop
      vertex -27 76 37.5
      vertex -44 74 37.5
      vertex -27 76 38
    endloop
  endfacet
  facet normal -0.116841 0.993151 0
    outer loop
      vertex -44 74 37.5
      vertex -27 76 37.5
      vertex -44 74 37
    endloop
  endfacet
  facet normal -0.0293873 0 0.999568
    outer loop
      vertex -27 76 38
      vertex -29 73 37.9412
      vertex -27 73 38
    endloop
  endfacet
  facet normal -0.0294001 8.50696e-06 0.999568
    outer loop
      vertex -44 74 37.5
      vertex -29 73 37.9412
      vertex -27 76 38
    endloop
  endfacet
  facet normal -0.0294006 0 0.999568
    outer loop
      vertex -29 73 37.9412
      vertex -44 74 37.5
      vertex -44 71.6607 37.5
    endloop
  endfacet
  facet normal -0.0293873 0 0.999568
    outer loop
      vertex -29 65 37.9412
      vertex -27 62 38
      vertex -27 65 38
    endloop
  endfacet
  facet normal -0.0294006 0 0.999568
    outer loop
      vertex -44 64 37.5
      vertex -29 65 37.9412
      vertex -44 66.3393 37.5
    endloop
  endfacet
  facet normal -0.0294001 -8.50696e-06 0.999568
    outer loop
      vertex -29 65 37.9412
      vertex -44 64 37.5
      vertex -27 62 38
    endloop
  endfacet
  facet normal 0 -0.242536 -0.970143
    outer loop
      vertex -27 62 37.5
      vertex -36 64 37
      vertex -21 62 37.5
    endloop
  endfacet
  facet normal -0 -0.242536 -0.970143
    outer loop
      vertex -36 64 37
      vertex -27 62 37.5
      vertex -44 64 37
    endloop
  endfacet
  facet normal 0 1 -0
    outer loop
      vertex -21 76 37.5
      vertex -27 76 38
      vertex -21 76 38
    endloop
  endfacet
  facet normal 0 1 0
    outer loop
      vertex -27 76 38
      vertex -21 76 37.5
      vertex -27 76 37.5
    endloop
  endfacet
  facet normal -0.116841 -0.993151 0
    outer loop
      vertex -44 64 37.5
      vertex -27 62 37.5
      vertex -27 62 38
    endloop
  endfacet
  facet normal -0.116841 -0.993151 0
    outer loop
      vertex -27 62 37.5
      vertex -44 64 37.5
      vertex -44 64 37
    endloop
  endfacet
  facet normal 0.164399 0 -0.986394
    outer loop
      vertex -21 62 37.5
      vertex -18 74 38
      vertex -18 64 38
    endloop
  endfacet
  facet normal 0.164399 0 -0.986394
    outer loop
      vertex -18 74 38
      vertex -21 62 37.5
      vertex -21 76 37.5
    endloop
  endfacet
  facet normal 0 -0.14834 0.988936
    outer loop
      vertex -20 64 38.3
      vertex -21 62 38
      vertex -18 64 38.3
    endloop
  endfacet
  facet normal 0 -0.14834 0.988936
    outer loop
      vertex -21 62 38
      vertex -20 64 38.3
      vertex -27 62 38
    endloop
  endfacet
  facet normal 1 -0 0
    outer loop
      vertex -18 64 38.3
      vertex -18 74 38
      vertex -18 74 38.3
    endloop
  endfacet
  facet normal 1 0 0
    outer loop
      vertex -18 74 38
      vertex -18 64 38.3
      vertex -18 64 38
    endloop
  endfacet
  facet normal 0.5547 0.83205 -0
    outer loop
      vertex -18 74 38
      vertex -21 76 38
      vertex -18 74 38.3
    endloop
  endfacet
  facet normal 0.5547 0.83205 0
    outer loop
      vertex -21 76 38
      vertex -18 74 38
      vertex -21 76 37.5
    endloop
  endfacet
  facet normal -0.0428207 0 0.999083
    outer loop
      vertex -20 74 38.3
      vertex -25 73 38.0857
      vertex -20 64 38.3
    endloop
  endfacet
  facet normal -0.0428195 -5.87696e-06 0.999083
    outer loop
      vertex -27 76 38
      vertex -25 73 38.0857
      vertex -20 74 38.3
    endloop
  endfacet
  facet normal -0.0428107 0 0.999083
    outer loop
      vertex -25 73 38.0857
      vertex -27 76 38
      vertex -27 73 38
    endloop
  endfacet
  facet normal -0.0428207 0 0.999083
    outer loop
      vertex -25 65 38.0857
      vertex -20 64 38.3
      vertex -25 73 38.0857
    endloop
  endfacet
  facet normal -0.0428107 0 0.999083
    outer loop
      vertex -27 62 38
      vertex -25 65 38.0857
      vertex -27 65 38
    endloop
  endfacet
  facet normal -0.0428195 5.87696e-06 0.999083
    outer loop
      vertex -25 65 38.0857
      vertex -27 62 38
      vertex -20 64 38.3
    endloop
  endfacet
  facet normal -0 0 1
    outer loop
      vertex -20 74 38.3
      vertex -18 64 38.3
      vertex -18 74 38.3
    endloop
  endfacet
  facet normal 0 0 1
    outer loop
      vertex -18 64 38.3
      vertex -20 74 38.3
      vertex -20 64 38.3
    endloop
  endfacet
  facet normal 0.5547 -0.83205 0
    outer loop
      vertex -21 62 38
      vertex -18 64 38
      vertex -18 64 38.3
    endloop
  endfacet
  facet normal 0.5547 -0.83205 0
    outer loop
      vertex -18 64 38
      vertex -21 62 38
      vertex -21 62 37.5
    endloop
  endfacet
  facet normal 0 0.14834 0.988936
    outer loop
      vertex -21 76 38
      vertex -20 74 38.3
      vertex -18 74 38.3
    endloop
  endfacet
  facet normal 0 0.14834 0.988936
    outer loop
      vertex -20 74 38.3
      vertex -21 76 38
      vertex -27 76 38
    endloop
  endfacet
  facet normal 1 -0 0
    outer loop
      vertex -25 65 37.3667
      vertex -25 73 37
      vertex -25 73 37.3667
    endloop
  endfacet
  facet normal 1 0 0
    outer loop
      vertex -25 73 37
      vertex -25 65 37.3667
      vertex -25 65 37
    endloop
  endfacet
  facet normal 1 -0 0
    outer loop
      vertex -25 65 39
      vertex -25 73 38.0857
      vertex -25 73 39
    endloop
  endfacet
  facet normal 1 0 0
    outer loop
      vertex -25 73 38.0857
      vertex -25 65 39
      vertex -25 65 38.0857
    endloop
  endfacet
  facet normal -0.0889319 0.996038 0
    outer loop
      vertex -29 73 37
      vertex -36 72.375 37
      vertex -29 73 37.2333
    endloop
  endfacet
  facet normal -0.0889319 0.996038 0
    outer loop
      vertex -57 70.5 36
      vertex -36 72.375 37
      vertex -29 73 37
    endloop
  endfacet
  facet normal -0.0889214 0.996039 0
    outer loop
      vertex -53 70.8571 36.5
      vertex -57 70.5 36
      vertex -57 70.5 36.5
    endloop
  endfacet
  facet normal -0.0889385 0.996037 0.000137913
    outer loop
      vertex -36 72.375 37
      vertex -57 70.5 36
      vertex -53 70.8571 36.5
    endloop
  endfacet
  facet normal -0.0889329 0.996038 0
    outer loop
      vertex -44 71.6607 37.5
      vertex -29 73 39
      vertex -29 73 37.9412
    endloop
  endfacet
  facet normal -0.0889309 0.996038 -2.04315e-05
    outer loop
      vertex -44 71.6607 37.5
      vertex -57 70.5 37.5
      vertex -29 73 39
    endloop
  endfacet
  facet normal -0.0889309 0.996038 0
    outer loop
      vertex -57 70.5 37.5
      vertex -44 71.6607 37.5
      vertex -57 70.5 37.0667
    endloop
  endfacet
  facet normal -1 0 0
    outer loop
      vertex -57 67.5 36
      vertex -57 70.5 36.5
      vertex -57 70.5 36
    endloop
  endfacet
  facet normal -1 -0 0
    outer loop
      vertex -57 70.5 36.5
      vertex -57 67.5 36
      vertex -57 67.5 36.5
    endloop
  endfacet
  facet normal -1 0 0
    outer loop
      vertex -57 67.5 37.0667
      vertex -57 70.5 37.5
      vertex -57 70.5 37.0667
    endloop
  endfacet
  facet normal -1 -0 0
    outer loop
      vertex -57 70.5 37.5
      vertex -57 67.5 37.0667
      vertex -57 67.5 37.5
    endloop
  endfacet
  facet normal -0.0534947 0 0.998568
    outer loop
      vertex -57 70.5 37.5
      vertex -29 65 39
      vertex -29 73 39
    endloop
  endfacet
  facet normal -0.0534947 0 0.998568
    outer loop
      vertex -29 65 39
      vertex -57 70.5 37.5
      vertex -57 67.5 37.5
    endloop
  endfacet
  facet normal 0 -1 0
    outer loop
      vertex -27 65 38
      vertex -25 65 39
      vertex -29 65 39
    endloop
  endfacet
  facet normal 0 -1 -0
    outer loop
      vertex -25 65 39
      vertex -27 65 38
      vertex -25 65 38.0857
    endloop
  endfacet
  facet normal -0 -1 0
    outer loop
      vertex -27 65 38
      vertex -29 65 39
      vertex -29 65 37.9412
    endloop
  endfacet
  facet normal 0 -1 0
    outer loop
      vertex -25 65 37
      vertex -29 65 37.2333
      vertex -29 65 37
    endloop
  endfacet
  facet normal 0 -1 0
    outer loop
      vertex -29 65 37.2333
      vertex -25 65 37
      vertex -25 65 37.3667
    endloop
  endfacet
  facet normal 0 0.371391 -0.928477
    outer loop
      vertex -53 70.5 36
      vertex -29 73 37
      vertex -25 73 37
    endloop
  endfacet
  facet normal 0 0.371391 -0.928477
    outer loop
      vertex -29 73 37
      vertex -53 70.5 36
      vertex -57 70.5 36
    endloop
  endfacet
  facet normal -0.0889214 -0.996039 -0
    outer loop
      vertex -57 67.5 36.5
      vertex -57 67.5 36
      vertex -53 67.1429 36.5
    endloop
  endfacet
  facet normal -0.0889319 -0.996038 0
    outer loop
      vertex -36 65.625 37
      vertex -29 65 37
      vertex -29 65 37.2333
    endloop
  endfacet
  facet normal -0.0889385 -0.996037 0.000137913
    outer loop
      vertex -57 67.5 36
      vertex -36 65.625 37
      vertex -53 67.1429 36.5
    endloop
  endfacet
  facet normal -0.0889319 -0.996038 0
    outer loop
      vertex -36 65.625 37
      vertex -57 67.5 36
      vertex -29 65 37
    endloop
  endfacet
  facet normal -0.0889309 -0.996038 -2.04315e-05
    outer loop
      vertex -44 66.3393 37.5
      vertex -29 65 39
      vertex -57 67.5 37.5
    endloop
  endfacet
  facet normal -0.0889329 -0.996038 -0
    outer loop
      vertex -29 65 39
      vertex -44 66.3393 37.5
      vertex -29 65 37.9412
    endloop
  endfacet
  facet normal -0.0889309 -0.996038 0
    outer loop
      vertex -44 66.3393 37.5
      vertex -57 67.5 37.5
      vertex -57 67.5 37.0667
    endloop
  endfacet
  facet normal -0 0 1
    outer loop
      vertex -29 73 39
      vertex -25 65 39
      vertex -25 73 39
    endloop
  endfacet
  facet normal 0 0 1
    outer loop
      vertex -25 65 39
      vertex -29 73 39
      vertex -29 65 39
    endloop
  endfacet
  facet normal 0 0 -1
    outer loop
      vertex -57 67.5 36
      vertex -53 70.5 36
      vertex -53 67.5 36
    endloop
  endfacet
  facet normal -0 0 -1
    outer loop
      vertex -53 70.5 36
      vertex -57 67.5 36
      vertex -57 70.5 36
    endloop
  endfacet
  facet normal 0 -0.371391 -0.928477
    outer loop
      vertex -29 65 37
      vertex -53 67.5 36
      vertex -25 65 37
    endloop
  endfacet
  facet normal -0 -0.371391 -0.928477
    outer loop
      vertex -53 67.5 36
      vertex -29 65 37
      vertex -57 67.5 36
    endloop
  endfacet
  facet normal 0 1 -0
    outer loop
      vertex -25 73 37
      vertex -29 73 37.2333
      vertex -25 73 37.3667
    endloop
  endfacet
  facet normal 0 1 0
    outer loop
      vertex -29 73 37.2333
      vertex -25 73 37
      vertex -29 73 37
    endloop
  endfacet
  facet normal 0 1 0
    outer loop
      vertex -27 73 38
      vertex -25 73 39
      vertex -25 73 38.0857
    endloop
  endfacet
  facet normal 0 1 0
    outer loop
      vertex -25 73 39
      vertex -27 73 38
      vertex -29 73 39
    endloop
  endfacet
  facet normal 0 1 0
    outer loop
      vertex -29 73 39
      vertex -27 73 38
      vertex -29 73 37.9412
    endloop
  endfacet
  facet normal 0.0356915 0 -0.999363
    outer loop
      vertex -53 67.5 36
      vertex -25 73 37
      vertex -25 65 37
    endloop
  endfacet
  facet normal 0.0356915 0 -0.999363
    outer loop
      vertex -25 73 37
      vertex -53 67.5 36
      vertex -53 70.5 36
    endloop
  endfacet
  facet normal 1 -0 0
    outer loop
      vertex -79 67 37
      vertex -79 71 36.5
      vertex -79 71 37
    endloop
  endfacet
  facet normal 1 0 0
    outer loop
      vertex -79 71 36.5
      vertex -79 67 37
      vertex -79 67 36.5
    endloop
  endfacet
  facet normal -0.0293991 0 -0.999568
    outer loop
      vertex -102 72.375 37
      vertex -85 71 36.5
      vertex -85 70.8571 36.5
    endloop
  endfacet
  facet normal -0.0293991 0 -0.999568
    outer loop
      vertex -85 71 36.5
      vertex -102 72.375 37
      vertex -102 74 37
    endloop
  endfacet
  facet normal -0.0293991 -0 -0.999568
    outer loop
      vertex -102 65.625 37
      vertex -85 67 36.5
      vertex -102 64 37
    endloop
  endfacet
  facet normal -0.0293991 0 -0.999568
    outer loop
      vertex -85 67 36.5
      vertex -102 65.625 37
      vertex -85 67.1429 36.5
    endloop
  endfacet
  facet normal 0.196116 -0.980581 0
    outer loop
      vertex -94 64 37
      vertex -79 67 37
      vertex -94 64 37.5
    endloop
  endfacet
  facet normal 0.196116 -0.980581 0
    outer loop
      vertex -79 67 37
      vertex -94 64 37
      vertex -79 67 36.5
    endloop
  endfacet
  facet normal 0 0 -1
    outer loop
      vertex -79 67 36.5
      vertex -81 67.5 36.5
      vertex -79 71 36.5
    endloop
  endfacet
  facet normal 0 0 -1
    outer loop
      vertex -85 67 36.5
      vertex -81 67.5 36.5
      vertex -79 67 36.5
    endloop
  endfacet
  facet normal 0 0 -1
    outer loop
      vertex -81 67.5 36.5
      vertex -85 67 36.5
      vertex -85 67.1429 36.5
    endloop
  endfacet
  facet normal 0 0 -1
    outer loop
      vertex -81 70.5 36.5
      vertex -79 71 36.5
      vertex -81 67.5 36.5
    endloop
  endfacet
  facet normal 0 0 -1
    outer loop
      vertex -85 71 36.5
      vertex -81 70.5 36.5
      vertex -85 70.8571 36.5
    endloop
  endfacet
  facet normal 0 0 -1
    outer loop
      vertex -81 70.5 36.5
      vertex -85 71 36.5
      vertex -79 71 36.5
    endloop
  endfacet
  facet normal 0 -0.164399 -0.986394
    outer loop
      vertex -94 64 37
      vertex -85 67 36.5
      vertex -79 67 36.5
    endloop
  endfacet
  facet normal 0 -0.164399 -0.986394
    outer loop
      vertex -85 67 36.5
      vertex -94 64 37
      vertex -102 64 37
    endloop
  endfacet
  facet normal 0 0.164399 -0.986394
    outer loop
      vertex -85 71 36.5
      vertex -94 74 37
      vertex -79 71 36.5
    endloop
  endfacet
  facet normal 0 0.164399 -0.986394
    outer loop
      vertex -94 74 37
      vertex -85 71 36.5
      vertex -102 74 37
    endloop
  endfacet
  facet normal 0.0333315 0 0.999444
    outer loop
      vertex -79 71 37
      vertex -81 70.5 37.0667
      vertex -79 67 37
    endloop
  endfacet
  facet normal 0.0333222 3.70165e-05 0.999445
    outer loop
      vertex -94 74 37.5
      vertex -81 70.5 37.0667
      vertex -79 71 37
    endloop
  endfacet
  facet normal 0.0333123 0 0.999445
    outer loop
      vertex -81 70.5 37.0667
      vertex -94 74 37.5
      vertex -94 71.6607 37.5
    endloop
  endfacet
  facet normal 0.0333315 -0 0.999444
    outer loop
      vertex -81 67.5 37.0667
      vertex -79 67 37
      vertex -81 70.5 37.0667
    endloop
  endfacet
  facet normal 0.0333123 -0 0.999445
    outer loop
      vertex -94 64 37.5
      vertex -81 67.5 37.0667
      vertex -94 66.3393 37.5
    endloop
  endfacet
  facet normal 0.0333222 -3.70165e-05 0.999445
    outer loop
      vertex -81 67.5 37.0667
      vertex -94 64 37.5
      vertex -79 67 37
    endloop
  endfacet
  facet normal 0.196116 0.980581 0
    outer loop
      vertex -79 71 37
      vertex -94 74 37
      vertex -94 74 37.5
    endloop
  endfacet
  facet normal 0.196116 0.980581 0
    outer loop
      vertex -94 74 37
      vertex -79 71 37
      vertex -79 71 36.5
    endloop
  endfacet
  facet normal 0 1 -0
    outer loop
      vertex -111 76 37.5
      vertex -117 76 38
      vertex -111 76 38
    endloop
  endfacet
  facet normal 0 1 0
    outer loop
      vertex -117 76 38
      vertex -111 76 37.5
      vertex -117 76 37.5
    endloop
  endfacet
  facet normal 0 -0.242536 -0.970143
    outer loop
      vertex -111 62 37.5
      vertex -102 64 37
      vertex -94 64 37
    endloop
  endfacet
  facet normal 0 -0.242536 -0.970143
    outer loop
      vertex -102 64 37
      vertex -111 62 37.5
      vertex -117 62 37.5
    endloop
  endfacet
  facet normal -0.0333101 0 -0.999445
    outer loop
      vertex -102 64 37
      vertex -109 65 37.2333
      vertex -102 65.625 37
    endloop
  endfacet
  facet normal -0.0333125 -1.72318e-05 -0.999445
    outer loop
      vertex -117 62 37.5
      vertex -109 65 37.2333
      vertex -102 64 37
    endloop
  endfacet
  facet normal -0.0333065 0 -0.999445
    outer loop
      vertex -113 65 37.3667
      vertex -117 62 37.5
      vertex -113 73 37.3667
    endloop
  endfacet
  facet normal -0.0333315 3.33148e-05 -0.999444
    outer loop
      vertex -109 65 37.2333
      vertex -117 62 37.5
      vertex -113 65 37.3667
    endloop
  endfacet
  facet normal -0.0333101 0 -0.999445
    outer loop
      vertex -109 73 37.2333
      vertex -102 74 37
      vertex -102 72.375 37
    endloop
  endfacet
  facet normal -0.0333315 -3.33148e-05 -0.999444
    outer loop
      vertex -117 76 37.5
      vertex -109 73 37.2333
      vertex -113 73 37.3667
    endloop
  endfacet
  facet normal -0.0333125 1.72318e-05 -0.999445
    outer loop
      vertex -109 73 37.2333
      vertex -117 76 37.5
      vertex -102 74 37
    endloop
  endfacet
  facet normal -0.0333065 -0 -0.999445
    outer loop
      vertex -117 76 37.5
      vertex -113 73 37.3667
      vertex -117 62 37.5
    endloop
  endfacet
  facet normal 0.116841 -0.993151 0
    outer loop
      vertex -111 62 37.5
      vertex -94 64 37.5
      vertex -111 62 38
    endloop
  endfacet
  facet normal 0.116841 -0.993151 0
    outer loop
      vertex -94 64 37.5
      vertex -111 62 37.5
      vertex -94 64 37
    endloop
  endfacet
  facet normal 0.0294006 0 0.999568
    outer loop
      vertex -109 65 37.9412
      vertex -94 64 37.5
      vertex -94 66.3393 37.5
    endloop
  endfacet
  facet normal 0.0293873 -0 0.999568
    outer loop
      vertex -111 62 38
      vertex -109 65 37.9412
      vertex -111 65 38
    endloop
  endfacet
  facet normal 0.0294001 -8.50696e-06 0.999568
    outer loop
      vertex -109 65 37.9412
      vertex -111 62 38
      vertex -94 64 37.5
    endloop
  endfacet
  facet normal 0.0294006 0 0.999568
    outer loop
      vertex -94 74 37.5
      vertex -109 73 37.9412
      vertex -94 71.6607 37.5
    endloop
  endfacet
  facet normal 0.0294001 8.50696e-06 0.999568
    outer loop
      vertex -111 76 38
      vertex -109 73 37.9412
      vertex -94 74 37.5
    endloop
  endfacet
  facet normal 0.0293873 0 0.999568
    outer loop
      vertex -109 73 37.9412
      vertex -111 76 38
      vertex -111 73 38
    endloop
  endfacet
  facet normal 0 0.242536 -0.970143
    outer loop
      vertex -102 74 37
      vertex -111 76 37.5
      vertex -94 74 37
    endloop
  endfacet
  facet normal 0 0.242536 -0.970143
    outer loop
      vertex -111 76 37.5
      vertex -102 74 37
      vertex -117 76 37.5
    endloop
  endfacet
  facet normal 0.116841 0.993151 0
    outer loop
      vertex -94 74 37.5
      vertex -111 76 37.5
      vertex -111 76 38
    endloop
  endfacet
  facet normal 0.116841 0.993151 0
    outer loop
      vertex -111 76 37.5
      vertex -94 74 37.5
      vertex -94 74 37
    endloop
  endfacet
  facet normal 0 -1 0
    outer loop
      vertex -117 62 37.5
      vertex -111 62 38
      vertex -117 62 38
    endloop
  endfacet
  facet normal 0 -1 -0
    outer loop
      vertex -111 62 38
      vertex -117 62 37.5
      vertex -111 62 37.5
    endloop
  endfacet
  facet normal -0.164399 0 -0.986394
    outer loop
      vertex -120 64 38
      vertex -117 76 37.5
      vertex -117 62 37.5
    endloop
  endfacet
  facet normal -0.164399 0 -0.986394
    outer loop
      vertex -117 76 37.5
      vertex -120 64 38
      vertex -120 74 38
    endloop
  endfacet
  facet normal -0 0.14834 0.988936
    outer loop
      vertex -117 76 38
      vertex -118 74 38.3
      vertex -111 76 38
    endloop
  endfacet
  facet normal 0 0.14834 0.988936
    outer loop
      vertex -118 74 38.3
      vertex -117 76 38
      vertex -120 74 38.3
    endloop
  endfacet
  facet normal -1 0 0
    outer loop
      vertex -120 64 38
      vertex -120 74 38.3
      vertex -120 74 38
    endloop
  endfacet
  facet normal -1 -0 0
    outer loop
      vertex -120 74 38.3
      vertex -120 64 38
      vertex -120 64 38.3
    endloop
  endfacet
  facet normal -0.5547 -0.83205 0
    outer loop
      vertex -120 64 38
      vertex -117 62 38
      vertex -120 64 38.3
    endloop
  endfacet
  facet normal -0.5547 -0.83205 -0
    outer loop
      vertex -117 62 38
      vertex -120 64 38
      vertex -117 62 37.5
    endloop
  endfacet
  facet normal 0.0428107 0 0.999083
    outer loop
      vertex -111 76 38
      vertex -113 73 38.0857
      vertex -111 73 38
    endloop
  endfacet
  facet normal 0.0428207 0 0.999083
    outer loop
      vertex -113 73 38.0857
      vertex -118 74 38.3
      vertex -113 65 38.0857
    endloop
  endfacet
  facet normal 0.0428195 -5.87696e-06 0.999083
    outer loop
      vertex -118 74 38.3
      vertex -113 73 38.0857
      vertex -111 76 38
    endloop
  endfacet
  facet normal 0.0428107 0 0.999083
    outer loop
      vertex -113 65 38.0857
      vertex -111 62 38
      vertex -111 65 38
    endloop
  endfacet
  facet normal 0.0428195 5.87696e-06 0.999083
    outer loop
      vertex -113 65 38.0857
      vertex -118 64 38.3
      vertex -111 62 38
    endloop
  endfacet
  facet normal 0.0428207 -0 0.999083
    outer loop
      vertex -118 64 38.3
      vertex -113 65 38.0857
      vertex -118 74 38.3
    endloop
  endfacet
  facet normal -0 0 1
    outer loop
      vertex -120 74 38.3
      vertex -118 64 38.3
      vertex -118 74 38.3
    endloop
  endfacet
  facet normal 0 0 1
    outer loop
      vertex -118 64 38.3
      vertex -120 74 38.3
      vertex -120 64 38.3
    endloop
  endfacet
  facet normal -0.5547 0.83205 0
    outer loop
      vertex -117 76 38
      vertex -120 74 38
      vertex -120 74 38.3
    endloop
  endfacet
  facet normal -0.5547 0.83205 0
    outer loop
      vertex -120 74 38
      vertex -117 76 38
      vertex -117 76 37.5
    endloop
  endfacet
  facet normal 0 -0.14834 0.988936
    outer loop
      vertex -118 64 38.3
      vertex -117 62 38
      vertex -111 62 38
    endloop
  endfacet
  facet normal 0 -0.14834 0.988936
    outer loop
      vertex -117 62 38
      vertex -118 64 38.3
      vertex -120 64 38.3
    endloop
  endfacet
  facet normal -1 0 0
    outer loop
      vertex -113 65 37
      vertex -113 73 37.3667
      vertex -113 73 37
    endloop
  endfacet
  facet normal -1 -0 0
    outer loop
      vertex -113 73 37.3667
      vertex -113 65 37
      vertex -113 65 37.3667
    endloop
  endfacet
  facet normal -1 0 0
    outer loop
      vertex -113 65 38.0857
      vertex -113 73 39
      vertex -113 73 38.0857
    endloop
  endfacet
  facet normal -1 -0 0
    outer loop
      vertex -113 73 39
      vertex -113 65 38.0857
      vertex -113 65 39
    endloop
  endfacet
  facet normal 0.0889319 -0.996038 0
    outer loop
      vertex -109 65 37
      vertex -102 65.625 37
      vertex -109 65 37.2333
    endloop
  endfacet
  facet normal 0.0889319 -0.996038 0
    outer loop
      vertex -81 67.5 36
      vertex -102 65.625 37
      vertex -109 65 37
    endloop
  endfacet
  facet normal 0.0889214 -0.996039 0
    outer loop
      vertex -85 67.1429 36.5
      vertex -81 67.5 36
      vertex -81 67.5 36.5
    endloop
  endfacet
  facet normal 0.0889385 -0.996037 0.000137913
    outer loop
      vertex -102 65.625 37
      vertex -81 67.5 36
      vertex -85 67.1429 36.5
    endloop
  endfacet
  facet normal 0.0889329 -0.996038 0
    outer loop
      vertex -94 66.3393 37.5
      vertex -109 65 39
      vertex -109 65 37.9412
    endloop
  endfacet
  facet normal 0.0889309 -0.996038 -2.04315e-05
    outer loop
      vertex -94 66.3393 37.5
      vertex -81 67.5 37.5
      vertex -109 65 39
    endloop
  endfacet
  facet normal 0.0889309 -0.996038 0
    outer loop
      vertex -81 67.5 37.5
      vertex -94 66.3393 37.5
      vertex -81 67.5 37.0667
    endloop
  endfacet
  facet normal 1 -0 0
    outer loop
      vertex -81 67.5 36.5
      vertex -81 70.5 36
      vertex -81 70.5 36.5
    endloop
  endfacet
  facet normal 1 0 0
    outer loop
      vertex -81 70.5 36
      vertex -81 67.5 36.5
      vertex -81 67.5 36
    endloop
  endfacet
  facet normal 1 -0 0
    outer loop
      vertex -81 67.5 37.5
      vertex -81 70.5 37.0667
      vertex -81 70.5 37.5
    endloop
  endfacet
  facet normal 1 0 0
    outer loop
      vertex -81 70.5 37.0667
      vertex -81 67.5 37.5
      vertex -81 67.5 37.0667
    endloop
  endfacet
  facet normal 0.0534947 0 0.998568
    outer loop
      vertex -109 73 39
      vertex -81 67.5 37.5
      vertex -81 70.5 37.5
    endloop
  endfacet
  facet normal 0.0534947 0 0.998568
    outer loop
      vertex -81 67.5 37.5
      vertex -109 73 39
      vertex -109 65 39
    endloop
  endfacet
  facet normal 0 1 -0
    outer loop
      vertex -111 73 38
      vertex -113 73 39
      vertex -109 73 39
    endloop
  endfacet
  facet normal 0 1 0
    outer loop
      vertex -113 73 39
      vertex -111 73 38
      vertex -113 73 38.0857
    endloop
  endfacet
  facet normal -0 1 0
    outer loop
      vertex -111 73 38
      vertex -109 73 39
      vertex -109 73 37.9412
    endloop
  endfacet
  facet normal 0 1 0
    outer loop
      vertex -113 73 37
      vertex -109 73 37.2333
      vertex -109 73 37
    endloop
  endfacet
  facet normal 0 1 0
    outer loop
      vertex -109 73 37.2333
      vertex -113 73 37
      vertex -113 73 37.3667
    endloop
  endfacet
  facet normal 0 -0.371391 -0.928477
    outer loop
      vertex -109 65 37
      vertex -85 67.5 36
      vertex -81 67.5 36
    endloop
  endfacet
  facet normal 0 -0.371391 -0.928477
    outer loop
      vertex -85 67.5 36
      vertex -109 65 37
      vertex -113 65 37
    endloop
  endfacet
  facet normal 0.0889214 0.996039 0
    outer loop
      vertex -81 70.5 36.5
      vertex -81 70.5 36
      vertex -85 70.8571 36.5
    endloop
  endfacet
  facet normal 0.0889319 0.996038 0
    outer loop
      vertex -102 72.375 37
      vertex -109 73 37
      vertex -109 73 37.2333
    endloop
  endfacet
  facet normal 0.0889385 0.996037 0.000137913
    outer loop
      vertex -81 70.5 36
      vertex -102 72.375 37
      vertex -85 70.8571 36.5
    endloop
  endfacet
  facet normal 0.0889319 0.996038 0
    outer loop
      vertex -102 72.375 37
      vertex -81 70.5 36
      vertex -109 73 37
    endloop
  endfacet
  facet normal 0.0889309 0.996038 -2.04315e-05
    outer loop
      vertex -94 71.6607 37.5
      vertex -109 73 39
      vertex -81 70.5 37.5
    endloop
  endfacet
  facet normal 0.0889329 0.996038 0
    outer loop
      vertex -109 73 39
      vertex -94 71.6607 37.5
      vertex -109 73 37.9412
    endloop
  endfacet
  facet normal 0.0889309 0.996038 0
    outer loop
      vertex -94 71.6607 37.5
      vertex -81 70.5 37.5
      vertex -81 70.5 37.0667
    endloop
  endfacet
  facet normal -0 0 1
    outer loop
      vertex -113 73 39
      vertex -109 65 39
      vertex -109 73 39
    endloop
  endfacet
  facet normal 0 0 1
    outer loop
      vertex -109 65 39
      vertex -113 73 39
      vertex -113 65 39
    endloop
  endfacet
  facet normal 0 0 -1
    outer loop
      vertex -85 67.5 36
      vertex -81 70.5 36
      vertex -81 67.5 36
    endloop
  endfacet
  facet normal -0 0 -1
    outer loop
      vertex -81 70.5 36
      vertex -85 67.5 36
      vertex -85 70.5 36
    endloop
  endfacet
  facet normal 0 0.371391 -0.928477
    outer loop
      vertex -85 70.5 36
      vertex -109 73 37
      vertex -81 70.5 36
    endloop
  endfacet
  facet normal 0 0.371391 -0.928477
    outer loop
      vertex -109 73 37
      vertex -85 70.5 36
      vertex -113 73 37
    endloop
  endfacet
  facet normal 0 -1 0
    outer loop
      vertex -113 65 37
      vertex -109 65 37.2333
      vertex -113 65 37.3667
    endloop
  endfacet
  facet normal 0 -1 -0
    outer loop
      vertex -109 65 37.2333
      vertex -113 65 37
      vertex -109 65 37
    endloop
  endfacet
  facet normal 0 -1 0
    outer loop
      vertex -111 65 38
      vertex -113 65 39
      vertex -113 65 38.0857
    endloop
  endfacet
  facet normal 0 -1 0
    outer loop
      vertex -113 65 39
      vertex -111 65 38
      vertex -109 65 39
    endloop
  endfacet
  facet normal 0 -1 -0
    outer loop
      vertex -109 65 39
      vertex -111 65 38
      vertex -109 65 37.9412
    endloop
  endfacet
  facet normal -0.0356915 0 -0.999363
    outer loop
      vertex -113 65 37
      vertex -85 70.5 36
      vertex -85 67.5 36
    endloop
  endfacet
  facet normal -0.0356915 0 -0.999363
    outer loop
      vertex -85 70.5 36
      vertex -113 65 37
      vertex -113 73 37
    endloop
  endfacet
  facet normal 0.784886 0.193466 0.588664
    outer loop
      vertex -65.4582 70.8589 36
      vertex -66.5 69 38
      vertex -65 69 36
    endloop
  endfacet
  facet normal 0.605112 0.536001 0.588678
    outer loop
      vertex -65.4582 70.8589 36
      vertex -67.5798 71.0575 38
      vertex -66.7864 70.1618 38
    endloop
  endfacet
  facet normal 0.784886 -0.193466 0.588664
    outer loop
      vertex -65 69 36
      vertex -66.5 69 38
      vertex -65.4582 67.1411 36
    endloop
  endfacet
  facet normal -0.459224 0.665276 0.58866
    outer loop
      vertex -70.4184 72.7401 36
      vertex -71.994 71.6525 36
      vertex -70.8713 70.6578 38
    endloop
  endfacet
  facet normal -0.0974142 0.802496 0.588652
    outer loop
      vertex -68.5179 72.9708 36
      vertex -70.4184 72.7401 36
      vertex -68.6987 71.4818 38
    endloop
  endfacet
  facet normal -0.0974142 -0.802496 0.588652
    outer loop
      vertex -68.6987 66.5182 38
      vertex -70.4184 65.2599 36
      vertex -68.5179 65.0292 36
    endloop
  endfacet
  facet normal -0.459176 0.665288 0.588684
    outer loop
      vertex -70.4184 72.7401 36
      vertex -70.8713 70.6578 38
      vertex -69.8865 71.3375 38
    endloop
  endfacet
  facet normal 0.784875 -0.193483 0.588674
    outer loop
      vertex -66.5 69 38
      vertex -66.7864 67.8382 38
      vertex -65.4582 67.1411 36
    endloop
  endfacet
  facet normal 0.605092 0.536053 0.588652
    outer loop
      vertex -66.7277 72.2919 36
      vertex -67.5798 71.0575 38
      vertex -65.4582 70.8589 36
    endloop
  endfacet
  facet normal 0.286635 -0.75587 0.588644
    outer loop
      vertex -67.5798 66.9425 38
      vertex -68.6987 66.5182 38
      vertex -66.7277 65.7081 36
    endloop
  endfacet
  facet normal -0.715773 -0.375705 0.588656
    outer loop
      vertex -70.8713 67.3422 38
      vertex -72.8838 68.0427 36
      vertex -71.994 66.3475 36
    endloop
  endfacet
  facet normal 0.605092 -0.536053 0.588652
    outer loop
      vertex -65.4582 67.1411 36
      vertex -67.5798 66.9425 38
      vertex -66.7277 65.7081 36
    endloop
  endfacet
  facet normal 0 0 1
    outer loop
      vertex -65 69 36
      vertex -64 69 36
      vertex -64.3806 70.9134 36
    endloop
  endfacet
  facet normal 0 0 1
    outer loop
      vertex -64 69 36
      vertex -65 69 36
      vertex -64.3806 67.0866 36
    endloop
  endfacet
  facet normal 0 0 1
    outer loop
      vertex -64.3806 70.9134 36
      vertex -65.4582 70.8589 36
      vertex -65 69 36
    endloop
  endfacet
  facet normal 0 0 1
    outer loop
      vertex -65.4645 72.5355 36
      vertex -65.4582 70.8589 36
      vertex -64.3806 70.9134 36
    endloop
  endfacet
  facet normal 0 0 1
    outer loop
      vertex -65.4645 72.5355 36
      vertex -66.7277 72.2919 36
      vertex -65.4582 70.8589 36
    endloop
  endfacet
  facet normal 0 0 1
    outer loop
      vertex -67.0866 73.6194 36
      vertex -66.7277 72.2919 36
      vertex -65.4645 72.5355 36
    endloop
  endfacet
  facet normal 0 0 1
    outer loop
      vertex -67.0866 73.6194 36
      vertex -68.5179 72.9708 36
      vertex -66.7277 72.2919 36
    endloop
  endfacet
  facet normal 0 0 1
    outer loop
      vertex -69 74 36
      vertex -68.5179 72.9708 36
      vertex -67.0866 73.6194 36
    endloop
  endfacet
  facet normal 0 0 1
    outer loop
      vertex -69 74 36
      vertex -70.4184 72.7401 36
      vertex -68.5179 72.9708 36
    endloop
  endfacet
  facet normal -0 0 1
    outer loop
      vertex -70.9134 73.6194 36
      vertex -70.4184 72.7401 36
      vertex -69 74 36
    endloop
  endfacet
  facet normal 0 0 1
    outer loop
      vertex -72.5355 72.5355 36
      vertex -70.4184 72.7401 36
      vertex -70.9134 73.6194 36
    endloop
  endfacet
  facet normal 0 0 1
    outer loop
      vertex -70.4184 72.7401 36
      vertex -72.5355 72.5355 36
      vertex -71.994 71.6525 36
    endloop
  endfacet
  facet normal 0 0 1
    outer loop
      vertex -73.6194 70.9134 36
      vertex -71.994 71.6525 36
      vertex -72.5355 72.5355 36
    endloop
  endfacet
  facet normal 0 0 1
    outer loop
      vertex -74 69 36
      vertex -72.8838 69.9573 36
      vertex -73.6194 70.9134 36
    endloop
  endfacet
  facet normal 0 0 1
    outer loop
      vertex -71.994 71.6525 36
      vertex -73.6194 70.9134 36
      vertex -72.8838 69.9573 36
    endloop
  endfacet
  facet normal -0 0 1
    outer loop
      vertex -65.4582 67.1411 36
      vertex -64.3806 67.0866 36
      vertex -65 69 36
    endloop
  endfacet
  facet normal 0 0 1
    outer loop
      vertex -65.4582 67.1411 36
      vertex -65.4645 65.4645 36
      vertex -64.3806 67.0866 36
    endloop
  endfacet
  facet normal -0 0 1
    outer loop
      vertex -66.7277 65.7081 36
      vertex -65.4645 65.4645 36
      vertex -65.4582 67.1411 36
    endloop
  endfacet
  facet normal 0 0 1
    outer loop
      vertex -66.7277 65.7081 36
      vertex -67.0866 64.3806 36
      vertex -65.4645 65.4645 36
    endloop
  endfacet
  facet normal -0 0 1
    outer loop
      vertex -68.5179 65.0292 36
      vertex -67.0866 64.3806 36
      vertex -66.7277 65.7081 36
    endloop
  endfacet
  facet normal 0 0 1
    outer loop
      vertex -68.5179 65.0292 36
      vertex -69 64 36
      vertex -67.0866 64.3806 36
    endloop
  endfacet
  facet normal 0 0 1
    outer loop
      vertex -70.4184 65.2599 36
      vertex -69 64 36
      vertex -68.5179 65.0292 36
    endloop
  endfacet
  facet normal 0 0 1
    outer loop
      vertex -70.4184 65.2599 36
      vertex -70.9134 64.3806 36
      vertex -69 64 36
    endloop
  endfacet
  facet normal -0 0 1
    outer loop
      vertex -72.5355 65.4645 36
      vertex -70.4184 65.2599 36
      vertex -71.994 66.3475 36
    endloop
  endfacet
  facet normal 0 0 1
    outer loop
      vertex -70.4184 65.2599 36
      vertex -72.5355 65.4645 36
      vertex -70.9134 64.3806 36
    endloop
  endfacet
  facet normal -0 0 1
    outer loop
      vertex -73.6194 67.0866 36
      vertex -71.994 66.3475 36
      vertex -72.8838 68.0427 36
    endloop
  endfacet
  facet normal 0 0 1
    outer loop
      vertex -72.8838 69.9573 36
      vertex -74 69 36
      vertex -72.8838 68.0427 36
    endloop
  endfacet
  facet normal 0 0 1
    outer loop
      vertex -71.994 66.3475 36
      vertex -73.6194 67.0866 36
      vertex -72.5355 65.4645 36
    endloop
  endfacet
  facet normal 0 0 1
    outer loop
      vertex -72.8838 68.0427 36
      vertex -74 69 36
      vertex -73.6194 67.0866 36
    endloop
  endfacet
  facet normal 0.286646 -0.75586 0.588651
    outer loop
      vertex -66.7277 65.7081 36
      vertex -68.6987 66.5182 38
      vertex -68.5179 65.0292 36
    endloop
  endfacet
  facet normal 0.286635 0.75587 0.588644
    outer loop
      vertex -66.7277 72.2919 36
      vertex -68.6987 71.4818 38
      vertex -67.5798 71.0575 38
    endloop
  endfacet
  facet normal 0.605112 -0.536001 0.588678
    outer loop
      vertex -66.7864 67.8382 38
      vertex -67.5798 66.9425 38
      vertex -65.4582 67.1411 36
    endloop
  endfacet
  facet normal -0.715773 0.375705 0.588656
    outer loop
      vertex -71.994 71.6525 36
      vertex -72.8838 69.9573 36
      vertex -70.8713 70.6578 38
    endloop
  endfacet
  facet normal 0.286646 0.75586 0.588651
    outer loop
      vertex -68.5179 72.9708 36
      vertex -68.6987 71.4818 38
      vertex -66.7277 72.2919 36
    endloop
  endfacet
  facet normal -0.0974867 0.802458 0.588691
    outer loop
      vertex -68.6987 71.4818 38
      vertex -70.4184 72.7401 36
      vertex -69.8865 71.3375 38
    endloop
  endfacet
  facet normal -0.715775 0.375689 0.588663
    outer loop
      vertex -70.8713 70.6578 38
      vertex -72.8838 69.9573 36
      vertex -71.4274 69.5983 38
    endloop
  endfacet
  facet normal -0.808379 0 0.588662
    outer loop
      vertex -72.8838 69.9573 36
      vertex -71.4274 68.4017 38
      vertex -71.4274 69.5983 38
    endloop
  endfacet
  facet normal -0.808379 0 0.588662
    outer loop
      vertex -71.4274 68.4017 38
      vertex -72.8838 69.9573 36
      vertex -72.8838 68.0427 36
    endloop
  endfacet
  facet normal 0.784875 0.193483 0.588674
    outer loop
      vertex -65.4582 70.8589 36
      vertex -66.7864 70.1618 38
      vertex -66.5 69 38
    endloop
  endfacet
  facet normal 0 0 1
    outer loop
      vertex -66.7864 70.1618 38
      vertex -66.7864 67.8382 38
      vertex -66.5 69 38
    endloop
  endfacet
  facet normal 0 0 1
    outer loop
      vertex -67.5798 71.0575 38
      vertex -66.7864 67.8382 38
      vertex -66.7864 70.1618 38
    endloop
  endfacet
  facet normal 0 0 1
    outer loop
      vertex -67.5798 71.0575 38
      vertex -67.5798 66.9425 38
      vertex -66.7864 67.8382 38
    endloop
  endfacet
  facet normal 0 0 1
    outer loop
      vertex -68.6987 71.4818 38
      vertex -67.5798 66.9425 38
      vertex -67.5798 71.0575 38
    endloop
  endfacet
  facet normal 0 0 1
    outer loop
      vertex -68.6987 71.4818 38
      vertex -68.6987 66.5182 38
      vertex -67.5798 66.9425 38
    endloop
  endfacet
  facet normal -0 0 1
    outer loop
      vertex -69.8865 71.3375 38
      vertex -68.6987 66.5182 38
      vertex -68.6987 71.4818 38
    endloop
  endfacet
  facet normal 0 0 1
    outer loop
      vertex -69.8865 71.3375 38
      vertex -69.8865 66.6625 38
      vertex -68.6987 66.5182 38
    endloop
  endfacet
  facet normal -0 0 1
    outer loop
      vertex -70.8713 70.6578 38
      vertex -69.8865 66.6625 38
      vertex -69.8865 71.3375 38
    endloop
  endfacet
  facet normal 0 0 1
    outer loop
      vertex -70.8713 70.6578 38
      vertex -70.8713 67.3422 38
      vertex -69.8865 66.6625 38
    endloop
  endfacet
  facet normal -0 0 1
    outer loop
      vertex -71.4274 69.5983 38
      vertex -70.8713 67.3422 38
      vertex -70.8713 70.6578 38
    endloop
  endfacet
  facet normal 0 0 1
    outer loop
      vertex -70.8713 67.3422 38
      vertex -71.4274 69.5983 38
      vertex -71.4274 68.4017 38
    endloop
  endfacet
  facet normal -0.459224 -0.665276 0.58866
    outer loop
      vertex -70.8713 67.3422 38
      vertex -71.994 66.3475 36
      vertex -70.4184 65.2599 36
    endloop
  endfacet
  facet normal -0.715775 -0.375689 0.588663
    outer loop
      vertex -71.4274 68.4017 38
      vertex -72.8838 68.0427 36
      vertex -70.8713 67.3422 38
    endloop
  endfacet
  facet normal -0.459176 -0.665288 0.588684
    outer loop
      vertex -69.8865 66.6625 38
      vertex -70.8713 67.3422 38
      vertex -70.4184 65.2599 36
    endloop
  endfacet
  facet normal -0.0974867 -0.802458 0.588691
    outer loop
      vertex -69.8865 66.6625 38
      vertex -70.4184 65.2599 36
      vertex -68.6987 66.5182 38
    endloop
  endfacet
  facet normal 0.831458 0.555587 0
    outer loop
      vertex -64.3806 70.9134 36
      vertex -65.4645 72.5355 32
      vertex -65.4645 72.5355 36
    endloop
  endfacet
  facet normal 0.831458 0.555587 0
    outer loop
      vertex -65.4645 72.5355 32
      vertex -64.3806 70.9134 36
      vertex -64.3806 70.9134 32
    endloop
  endfacet
  facet normal 0.980785 0.195091 0
    outer loop
      vertex -64 69 36
      vertex -64.3806 70.9134 32
      vertex -64.3806 70.9134 36
    endloop
  endfacet
  facet normal 0.980785 0.195091 0
    outer loop
      vertex -64.3806 70.9134 32
      vertex -64 69 36
      vertex -64 69 32
    endloop
  endfacet
  facet normal -0.980785 0.195091 0
    outer loop
      vertex -74 69 32
      vertex -73.6194 70.9134 36
      vertex -73.6194 70.9134 32
    endloop
  endfacet
  facet normal -0.980785 0.195091 0
    outer loop
      vertex -73.6194 70.9134 36
      vertex -74 69 32
      vertex -74 69 36
    endloop
  endfacet
  facet normal -0.980785 -0.195091 0
    outer loop
      vertex -73.6194 67.0866 32
      vertex -74 69 36
      vertex -74 69 32
    endloop
  endfacet
  facet normal -0.980785 -0.195091 0
    outer loop
      vertex -74 69 36
      vertex -73.6194 67.0866 32
      vertex -73.6194 67.0866 36
    endloop
  endfacet
  facet normal -0.195091 0.980785 0
    outer loop
      vertex -69 74 32
      vertex -70.9134 73.6194 36
      vertex -69 74 36
    endloop
  endfacet
  facet normal -0.195091 0.980785 0
    outer loop
      vertex -70.9134 73.6194 36
      vertex -69 74 32
      vertex -70.9134 73.6194 32
    endloop
  endfacet
  facet normal 0.195091 -0.980785 0
    outer loop
      vertex -69 64 32
      vertex -67.0866 64.3806 36
      vertex -69 64 36
    endloop
  endfacet
  facet normal 0.195091 -0.980785 0
    outer loop
      vertex -67.0866 64.3806 36
      vertex -69 64 32
      vertex -67.0866 64.3806 32
    endloop
  endfacet
  facet normal 0.831458 -0.555587 0
    outer loop
      vertex -65.4645 65.4645 36
      vertex -64.3806 67.0866 32
      vertex -64.3806 67.0866 36
    endloop
  endfacet
  facet normal 0.831458 -0.555587 0
    outer loop
      vertex -64.3806 67.0866 32
      vertex -65.4645 65.4645 36
      vertex -65.4645 65.4645 32
    endloop
  endfacet
  facet normal 0.555587 0.831458 -0
    outer loop
      vertex -65.4645 72.5355 32
      vertex -67.0866 73.6194 36
      vertex -65.4645 72.5355 36
    endloop
  endfacet
  facet normal 0.555587 0.831458 0
    outer loop
      vertex -67.0866 73.6194 36
      vertex -65.4645 72.5355 32
      vertex -67.0866 73.6194 32
    endloop
  endfacet
  facet normal 0.980785 -0.195091 0
    outer loop
      vertex -64.3806 67.0866 36
      vertex -64 69 32
      vertex -64 69 36
    endloop
  endfacet
  facet normal 0.980785 -0.195091 0
    outer loop
      vertex -64 69 32
      vertex -64.3806 67.0866 36
      vertex -64.3806 67.0866 32
    endloop
  endfacet
  facet normal -0.831458 0.555587 0
    outer loop
      vertex -73.6194 70.9134 32
      vertex -72.5355 72.5355 36
      vertex -72.5355 72.5355 32
    endloop
  endfacet
  facet normal -0.831458 0.555587 0
    outer loop
      vertex -72.5355 72.5355 36
      vertex -73.6194 70.9134 32
      vertex -73.6194 70.9134 36
    endloop
  endfacet
  facet normal 0.555587 -0.831458 0
    outer loop
      vertex -67.0866 64.3806 32
      vertex -65.4645 65.4645 36
      vertex -67.0866 64.3806 36
    endloop
  endfacet
  facet normal 0.555587 -0.831458 0
    outer loop
      vertex -65.4645 65.4645 36
      vertex -67.0866 64.3806 32
      vertex -65.4645 65.4645 32
    endloop
  endfacet
  facet normal 0.195091 0.980785 -0
    outer loop
      vertex -67.0866 73.6194 32
      vertex -69 74 36
      vertex -67.0866 73.6194 36
    endloop
  endfacet
  facet normal 0.195091 0.980785 0
    outer loop
      vertex -69 74 36
      vertex -67.0866 73.6194 32
      vertex -69 74 32
    endloop
  endfacet
  facet normal -0.555587 0.831458 0
    outer loop
      vertex -70.9134 73.6194 32
      vertex -72.5355 72.5355 36
      vertex -70.9134 73.6194 36
    endloop
  endfacet
  facet normal -0.555587 0.831458 0
    outer loop
      vertex -72.5355 72.5355 36
      vertex -70.9134 73.6194 32
      vertex -72.5355 72.5355 32
    endloop
  endfacet
  facet normal 0 0 -1
    outer loop
      vertex -64.3806 67.0866 32
      vertex -64.3806 70.9134 32
      vertex -64 69 32
    endloop
  endfacet
  facet normal 0 0 -1
    outer loop
      vertex -65.4645 65.4645 32
      vertex -64.3806 70.9134 32
      vertex -64.3806 67.0866 32
    endloop
  endfacet
  facet normal 0 0 -1
    outer loop
      vertex -65.4645 65.4645 32
      vertex -65.4645 72.5355 32
      vertex -64.3806 70.9134 32
    endloop
  endfacet
  facet normal 0 0 -1
    outer loop
      vertex -67.0866 64.3806 32
      vertex -65.4645 72.5355 32
      vertex -65.4645 65.4645 32
    endloop
  endfacet
  facet normal 0 0 -1
    outer loop
      vertex -67.0866 64.3806 32
      vertex -67.0866 73.6194 32
      vertex -65.4645 72.5355 32
    endloop
  endfacet
  facet normal 0 0 -1
    outer loop
      vertex -69 64 32
      vertex -67.0866 73.6194 32
      vertex -67.0866 64.3806 32
    endloop
  endfacet
  facet normal 0 0 -1
    outer loop
      vertex -69 64 32
      vertex -69 74 32
      vertex -67.0866 73.6194 32
    endloop
  endfacet
  facet normal 0 0 -1
    outer loop
      vertex -70.9134 64.3806 32
      vertex -69 74 32
      vertex -69 64 32
    endloop
  endfacet
  facet normal 0 0 -1
    outer loop
      vertex -70.9134 64.3806 32
      vertex -70.9134 73.6194 32
      vertex -69 74 32
    endloop
  endfacet
  facet normal 0 0 -1
    outer loop
      vertex -72.5355 65.4645 32
      vertex -70.9134 73.6194 32
      vertex -70.9134 64.3806 32
    endloop
  endfacet
  facet normal 0 0 -1
    outer loop
      vertex -72.5355 65.4645 32
      vertex -72.5355 72.5355 32
      vertex -70.9134 73.6194 32
    endloop
  endfacet
  facet normal 0 0 -1
    outer loop
      vertex -73.6194 67.0866 32
      vertex -72.5355 72.5355 32
      vertex -72.5355 65.4645 32
    endloop
  endfacet
  facet normal 0 0 -1
    outer loop
      vertex -73.6194 67.0866 32
      vertex -73.6194 70.9134 32
      vertex -72.5355 72.5355 32
    endloop
  endfacet
  facet normal 0 -0 -1
    outer loop
      vertex -73.6194 70.9134 32
      vertex -73.6194 67.0866 32
      vertex -74 69 32
    endloop
  endfacet
  facet normal -0.831458 -0.555587 0
    outer loop
      vertex -72.5355 65.4645 32
      vertex -73.6194 67.0866 36
      vertex -73.6194 67.0866 32
    endloop
  endfacet
  facet normal -0.831458 -0.555587 0
    outer loop
      vertex -73.6194 67.0866 36
      vertex -72.5355 65.4645 32
      vertex -72.5355 65.4645 36
    endloop
  endfacet
  facet normal -0.195091 -0.980785 0
    outer loop
      vertex -70.9134 64.3806 32
      vertex -69 64 36
      vertex -70.9134 64.3806 36
    endloop
  endfacet
  facet normal -0.195091 -0.980785 -0
    outer loop
      vertex -69 64 36
      vertex -70.9134 64.3806 32
      vertex -69 64 32
    endloop
  endfacet
  facet normal -0.555587 -0.831458 0
    outer loop
      vertex -72.5355 65.4645 32
      vertex -70.9134 64.3806 36
      vertex -72.5355 65.4645 36
    endloop
  endfacet
  facet normal -0.555587 -0.831458 -0
    outer loop
      vertex -70.9134 64.3806 36
      vertex -72.5355 65.4645 32
      vertex -70.9134 64.3806 32
    endloop
  endfacet
endsolid OpenSCAD_Model
